isin|yf_ticker|name|currency|Price|Volatiliteit (%)|Max Drawdown (%)|Sharpe Ratio|Rendement 1J (%)|P/E Ratio|Assets (Mln)
IE00BK5BQT80|VWCE.DE|Vanguard FTSE All-World UCITS - (USD) Accumulating ETF|EUR|171.62|11.75|-6.55|1.67|21.66||85316.7
IE00B4L5Y983|EUNL.DE|iShares Core MSCI World UCITS ETF USD (Acc)|EUR|130.41|11.17|-6.5|1.64|20.28||
IE00B5BMR087|SXR8.DE|iShares Core S&P 500 UCITS ETF USD (Acc)|EUR|741.8|11.62|-7.13|1.65|21.14||
IE00B4ND3602|PPFB.DE|iShares Physical Gold ETC|EUR|72.26|26.18|-22.56|0.44|13.62||
IE00BMC38736|VVSM.DE|VanEck Semiconductor UCITS ETF USD A|EUR|105.38|39.66|-23.17|2.9|117.05||8581.2
IE00B53SZB19|SXRV.DE|iShares NASDAQ 100 UCITS ETF USD (Acc)|EUR|1578.4|17.58|-10.03|1.58|29.72||
IE000I8KRLL9|SEC0.DE|iShares MSCI Global Semiconductors UCITS ETF USD A|EUR|19.75|41.97|-28.43|3.06|130.37||5891.3
IE00B3WJKG14|QDVE.DE|iShares S&P 500 Info Technolg Sctr UCITS ETF USD A|EUR|48.74|22.63|-15.59|1.55|36.97||19526.9
DE000A0S9GB0|4GLD.DE|Deutsche Boerse Commodities Xetra-Gold ETC|EUR|119.67|26.12|-22.49|0.45|13.65||
IE0003XJA0J9|WEBN.DE|Amundi Prime All Country World UCITS Acc ETF|EUR|13.24|24.33|-15.77|0.81|21.65||
IE00B3YLTY66|SPYI.DE|StSt SPDR MSCI All Cntry Wld Inv Mkt UCITS ETF Acc|EUR|11.8|11.61|-6.41|1.74|22.18||8763.7
IE00BFMXXD54|VUAA.DE|Vanguard S&P 500 UCITS ETF USD Acc|EUR|133.02|11.66|-7.16|1.65|21.18||89225.8
IE000YYE6WK5|DFEN.DE|VanEck Defense UCITS ETF|EUR|52.41|26.22|-23.39|-0.35|-7.12||7440.0
DE0002635307|EXSA.DE|iShares STOXX Europe 600 UCITS (DE) EUR (Dist) ETF|EUR|62.5|12.85|-9.64|0.94|14.05|17.39|10606.7
IE000RHYOR04|ERNX.DE|iShares EUR Ultrashort Bond UCITS EUR (Acc) ETF|EUR|5.62|0.76|-0.2|0.28|2.21||
LU1190417599|LYOR.DE|Amundi Smart Overnight Rtn UCITS ETF Acc|EUR|110.14|0.36|-0.08|1.28|2.46|28.66|
LU0908500753|LYP6.DE|Amundi Core Stoxx Europe 600 UCITS ETF A|EUR|311.6|12.89|-9.45|0.95|14.31|17.51|
IE00BF4RFH31|IUSN.DE|iShares MSCI World Small Cap UCITS ETF USD (Acc)|EUR|9.1|13.63|-7.12|1.38|20.77||8986.0
IE00BKM4GZ66|IS3N.DE|iShares Core MSCI EM IMI UCITS ETF USD Acc|EUR|49.26|21.16|-13.1|1.41|31.74||46559.5
IE00B6R52259|IUSQ.DE|Ishrs Msci Cntry Wrld Ucits Etf Usd|EUR|109.92|11.8|-6.48|1.67|21.73||
IE0006WW1TQ4|EXUS.DE|Xtrackers MSCI World ex USA UCITS ETF|EUR|40.04|24.48|-15.37|0.7|19.06||8192.4
DE000A0F5UH1|ISPA.DE|iShares STOXX Global Select Dividend 100 UCITS (DE) ETF|EUR|39.29|8.71|-3.63|2.82|26.52|12.76|5227.9
IE00BGV5VN51|XAIX.DE|Xtrackers Artificial Intelligence & Big Data UCITS 1C ETF|EUR|225.4|32.42|-21.51|1.47|49.55||9102.4
IE00BP3QZB59|IS3S.DE|iShares Edge MSCI Wld Val Fctr UCITS ETF USD A|EUR|72.37|15.68|-6.09|3.32|54.04||7642.9
IE0032077012|EQQQ.DE|Invesco EQQQ NASDAQ-100 UCITS ETF Dist|EUR|672.0|17.74|-10.05|1.57|29.8||
LU0274211480|DBXD.DE|Xtrackers DAX UCITS 1C ETF|EUR|235.8|15.98|-12.28|0.06|2.97|17.89|7278.0
IE00BP3QZ825|IS3R.DE|iShares Edge MSCI World Momentum Factor UCITS USD (Acc) ETF|EUR|107.04|21.22|-12.86|1.35|30.66||6022.5
IE00BQQP9F84|G2X.DE|VanEck Gold Miners UCITS ETF USD A|EUR|88.76|48.88|-35.81|0.45|24.0||4463.6
DE0005933931|EXS1.DE|iShares Core DAX UCITS (DE) EUR (Acc) ETF|EUR|208.05|15.95|-12.35|0.05|2.84|17.87|8852.5
IE00BJ0KDQ92|XDWD.DE|Xtrackers MSCI World UCITS 1C ETF|EUR|142.81|11.18|-6.54|1.65|20.45|28.56|
IE00B44Z5B48|SPYY.DE|StSt SPDR MSCI All Cntry World UCITS ETF Acc|EUR|292.2|11.81|-6.49|1.69|21.93||
IE00BTJRMP35|XMME.DE|Xtrackers MSCI Emerging Markets UCITS 1C ETF|EUR|83.77|29.87|-16.84|1.05|33.39||15064.8
IE00BMDKNW35|DAVV.DE|VanEck Crypto and Blckchn Innvtrs UCITS ETF USD A|EUR|12.32|61.44|-45.68|-0.2|-10.47||594.8
IE00BYVQ9F29|NQSE.DE|iShares Nasdaq-100 UCITS EUR Hedged (Acc) ETF|EUR|17.9|18.51|-11.87|1.08|22.07||
DE000A0F5UF5|EXXT.DE|iShares Nasdaq-100 UCITS (DE) ETF|EUR|267.2|28.05|-20.19|0.99|29.73||6184.1
DE0005933956|EXW1.DE|iShares Core EURO STOXX 50 UCITS (DE) ETF|EUR|62.83|15.49|-10.76|0.74|13.4|17.96|9367.2
IE00B4K48X80|EUNK.DE|iShares Core MSCI Europe UCITS ETF EUR (Acc)|EUR|102.72|12.8|-9.52|0.95|14.16|17.58|16135.6
IE00BYZK4552|2B76.DE|iShares Automation & Robotics UCITS ETF USD A|EUR|20.1|34.01|-22.42|1.3|46.22||5642.2
IE0003UVYC20|JGPI.DE|JPM Global Eq Prem Inc Active UCITS ETF USD (dist)|EUR|22.86|7.73|-8.18|0.84|8.49||
IE000UL6CLP7|SLVR.DE|Global X Silver Miners UCITS ETF USD Acc|EUR|36.81|56.84|-37.55|0.54|32.75||1728.4
FR0010510800|L8I3.DE|Amundi EUR Overnight Return UCITS ETF Acc|EUR|114.58|0.3|-0.05|0.15|2.05||3245.5
IE00BK5BR626|VGWE.DE|Vanguard FTSE All-Wld Hgh Div Yld UCITS ETF USD A|EUR|92.84|9.04|-6.0|2.33|23.03||14834.4
IE00BGBN6P67|BNXG.DE|Invesco CoinShares Global Blockchain UCITS ETF Acc|EUR|170.6|41.18|-29.72|0.39|18.23||1137.1
IE00BM67HT60|XDWT.DE|Xtrackers MSCI World Information Technology UCITS 1C ETF|EUR|137.76|22.84|-15.59|1.56|37.62||6417.4
DE0006289309|EXX1.DE|iShares EURO STOXX Banks 30-15 UCITS (DE) EUR (Dist) ETF|EUR|28.7|23.99|-16.98|1.23|31.5|11.52|2809.2
IE00BYX2JD69|2B7K.DE|iShares MSCI World SRI UCITS ETF EUR (Acc)|EUR|14.27|12.75|-7.81|1.35|19.15||
IE00B5L8K969|CEBL.DE|iShares MSCI EM Asia UCITS ETF USD (Acc)|EUR|271.4|24.5|-15.75|1.4|36.27||8629.0
IE000BI8OT95|MWRE.DE|Amundi Core MSCI World UCITS ETF Acc|EUR|163.87|11.17|-6.53|1.64|20.36||
IE00BZCQB185|QDV5.DE|iShares MSCI India UCITS USD (Acc) ETF|EUR|7.35|16.58|-19.41|-0.64|-8.56||5195.9
NL0011683594|VDIV.DE|VanEck Ms Developed Markets Div Lead UCITS ETF|EUR|53.48|9.24|-4.11|2.3|23.24|13.51|9478.8
IE0002Y8CX98|EUDF.DE|WisdomTree Europe Defence UCITS - EUR Acc ETF|EUR|30.52|27.68|-19.51|-0.45|-10.42|31.98|4528.1
IE000XZSV718|SPYL.DE|StSt SPDR S&P 500 UCITS ETF Acc|EUR|17.03|11.62|-7.13|1.66|21.24||
IE000M7V94E1|NUKL.DE|VanEck Uranium and Nuclear Technologies UCITS ETF|EUR|44.35|41.29|-30.61|-0.34|-12.11||2355.5
LU2023678282|DRUP.DE|Amundi Global Memory Chips UCITS ETF Acc|EUR|22.89|43.44|-25.35|0.93|42.55||364.0
IE000U9J8HX9|JEQP.DE|JPMorgan NASDAQ Eqt Prem Inc Actv UCITS ETF USD D|EUR|24.93|13.46|-6.38|1.72|25.09||
LU1829218749|LYTR.DE|Amundi Bloomberg Equal-weight Commodity ex-Agriculture  UCITS ETF Acc|EUR|38.04|23.72|-14.43|2.25|55.27||1826.6
IE0003R87OG3|AVWS.DE|Avantis Global Small Cap Val UCITS ETF USD A ETF|EUR|25.2|13.39|-6.39|2.09|30.02||1566.1
IE00BFZXGZ54|EQQB.DE|Invesco EQQQ NASDAQ-100 UCITS ETF Acc|EUR|470.8|17.79|-10.08|1.56|29.82||
IE000X59ZHE2|AIFS.DE|iShares AI Infrastructure UCITS ETF USD (Acc)|EUR|10.74|28.73|-16.83|2.82|82.93||1268.9
IE00B6R52036|IS0E.DE|iShares Gold Producers UCITS ETF USD (Acc)|EUR|36.29|53.04|-35.49|0.42|24.37||4817.7
IE00BL25JP72|XDEM.DE|Xtrackers MSCI World Momentum UCITS 1C ETF|EUR|90.05|30.11|-16.95|0.95|30.58||2334.8
IE00BQQP9G91|G2XJ.DE|VanEck Junior Gold Miners UCITS ETF USD A|EUR|93.82|53.84|-38.1|0.45|26.19||1416.1
IE000KJPDY61|WINC.DE|iShares World Eqt High Income Actv UCITS ETF USD D|EUR|5.2|23.36|-14.05|0.86|22.0||
IE00B6YX5C33|SPY5.DE|StSt SPDR S&P 500 UCITS ETF Dist|EUR|686.88|11.59|-7.15|1.66|21.22||
IE000YU9K6K2|JEDI.DE|VanEck Space Innovators UCITS ETF|EUR|70.2|47.46|-44.05|0.67|34.02||1752.1
IE00B1XNHC34|IQQH.DE|iShares Global Clean Energy Trnstn UCITS ETF USD D|EUR|8.76|28.27|-27.07|0.4|13.34||3528.6
DE0002635299|EXSH.DE|iShares STOXX Europe Select Dividend 30 UCITS (DE) ETF|EUR|25.96|12.37|-6.65|2.13|28.33|11.18|1388.6
IE00BK5BR733|VFEA.DE|Vanguard FTSE Emerging Mkts UCITS ETF USD Acc|EUR|77.93|15.99|-8.44|0.86|15.73||6080.4
DE000A2T0VU5|XGDU.DE|Xtrackers Ie Physical Gold ETC|EUR|57.23|34.13|-22.57|0.34|13.52||
IE000OEF25S1|MWEQ.DE|Invesco MSCI World Equal Weight UCITS Acc ETF|EUR|5.95|10.9|-6.98|1.3|16.15||1972.6
IE00077FRP95|UDIV.DE|Global X Superdividend UCITS ETF USD Dist|EUR|8.41|9.42|-4.67|1.02|11.56||978.6
IE000716YHJ7|FWIA.DE|Invesco FTSE All World UCITS ETF Acc|EUR|8.45|11.67|-6.49|1.69|21.78||
IE0009HF1MK9|WEBG.DE|Amundi Prime All Country World UCITS Dist ETF|EUR|13.8|24.42|-15.74|0.81|21.77||
IE00BMFKG444|XNAS.DE|Xtrackers Nasdaq-100 UCITS 1C ETF|EUR|63.8|17.8|-10.0|1.57|29.9||2554.8
IE00BM67HK77|XDWH.DE|Xtrackers MSCI World Health Care UCITS 1C ETF|EUR|54.1|14.04|-10.32|0.99|15.86||4081.1
IE00BM67HM91|XDW0.DE|Xtrackers MSCI World Energy UCITS 1C ETF|EUR|66.36|22.97|-15.55|1.9|45.72||1952.6
IE000COQKPO9|N1ES.DE|Invesco NASDAQ-100 ESG UCITS ETF Acc|EUR|81.37|18.68|-10.86|1.6|31.97||
IE00B53L3W79|SXRT.DE|iShares Core EURO STOXX 50 UCITS ETF EUR (Acc)|EUR|242.9|15.8|-10.93|0.69|12.98|18.04|7935.4
IE00B6YX5D40|SPYD.DE|StSt SPDR S&P U.S. Div Aristocrats UCITS ETF Dist|EUR|72.64|10.35|-6.92|1.01|12.46||
IE00BG47KH54|VAGF.DE|Vanguard Global Aggregate Bond UCITS EUR Hedged Accumulating ETF|EUR|23.05|3.85|-4.82|-1.29|-2.97||
IE00BK5BCD43|XMLD.DE|L&G Artificial Intelligence UCITS ETF USD Acc|EUR|39.03|29.48|-15.8|1.86|56.77||2090.9
IE000QDFFK00|ANAV.DE|BNP PARIBAS EASY II NASDAQ 100 UCITS USD Acc ETF|EUR|23.94|17.78|-9.96|1.57|30.0||
IE00BHZPJ569|EDMW.DE|iShares MSCI World ESG Enhanced CTB UCITS USD (Acc) ETF|EUR|10.96|11.35|-7.18|1.52|19.23||
IE00BFNM3G45|SGAS.DE|iShares MSCI USA Screened UCITS ETF (ACC)|EUR|14.39|25.11|-19.08|0.76|21.07||
IE0031442068|IUSA.DE|iShares Core S&P 500 UCITS ETF USD (Dist)|EUR|68.51|11.62|-7.11|1.66|21.26||23155.2
IE00B0M62X26|IBCI.DE|iShares   Inflation Linked Govt Bd UCITS ETF EUR A|EUR|227.74|3.76|-4.72|-0.83|-1.11||1963.8
IE0003Z9E2Y3|4COP.DE|Global X Copper Miners UCITS ETF USD Acc|EUR|58.72|44.37|-26.21|1.07|49.38||1458.4
IE00BVZ6SP04|PJSR.DE|PIMCO Euro Short Maturity UCITS ETF EUR Acc|EUR|107.73|0.5|-0.39|-0.08|1.96||1695.1
IE00BLNMYC90|XDEW.DE|Xtrackers S&P 500 Equal Weight UCITS 1C ETF|EUR|104.32|10.01|-5.06|1.46|16.61||
IE00BFY0GT14|SPPW.DE|StSt SPDR MSCI World UCITS ETF Acc|EUR|47.71|11.08|-6.51|1.67|20.46||
IE00B5M1WJ87|SPYW.DE|State Street SPDR S&P Euro Dividend Aristocrats UCITS ETF|EUR|29.32|10.55|-7.99|1.16|14.2|13.19|1811.9
IE00B0M63391|IQQK.DE|iShares MSCI Korea UCITS ETF USD (Dist)|EUR|123.2|49.14|-32.87|3.0|149.43||1204.8
IE00BD3V0B10|IUS2.DE|iShares S&P U.S. Banks UCITS USD (Acc) ETF|EUR|7.08|30.57|-15.5|0.5|17.29||
IE00BKBF6H24|IWLE.DE|iShares Core MSCI World UCITS EUR Hedged (Dist) ETF|EUR|10.87|11.78|-7.85|1.08|14.68||
IE00BZ02LR44|XZW0.DE|Xtrackers MSCI World ESG UCITS ETF|EUR|50.81|25.05|-20.1|0.66|18.56|29.57|
IE00BG0J4C88|L0CK.DE|iShares Digital Security UCITS ETF USD (Acc)|EUR|11.88|23.28|-12.47|1.4|34.53||2124.5
IE00BK1PV551|XDWL.DE|Xtrackers MSCI World UCITS 1D ETF|EUR|117.62|11.14|-6.49|1.65|20.35|27.96|
IE0002PG6CA6|VVMX.DE|VanEck Rare Earth and Strategic Metals UCITS ETF|EUR|11.08|46.08|-39.69|-0.12|-3.4||1357.2
IE00BGPP6697|IBB1.DE|iShares USD Treasury Bond 7-10yr UCITS EUR Hedged (Dist) ETF|EUR|3.72|4.59|-7.43|-1.49|-4.85||
IE00B4M7GH52|IBCJ.DE|iShares MSCI Poland UCITS ETF USD (Acc)|EUR|36.3|22.08|-9.15|1.96|45.26||1120.1
IE00BGYWT403|VECA.DE|Vanguard EUR Corporate Bond UCITS ETF EUR Acc|EUR|52.57|3.39|-3.05|-0.92|-1.12||
IE00BDBRDM35|EUNA.DE|iShares Core Gl Aggregate Bd UCITS ETF EUR Hgd Acc|EUR|4.81|3.54|-4.18|-1.21|-2.28||
IE00BG0SKF03|5MVL.DE|iShares Edge MSCI EM Value Factor UCITS USD (Acc) ETF|EUR|91.82|31.25|-15.11|1.97|63.64||1697.4
IE00BFNM3J75|SNAW.DE|iShares MSCI Screened UCITS ETF (ACC)|EUR|12.3|24.68|-17.5|0.74|20.34||
DE000A0H08M3|EXH1.DE|iShares STOXX Europe 600 Oil & Gas UCITS (DE) ETF|EUR|55.49|19.61|-13.47|2.31|47.39|14.12|555.0
IE00BHZRR030|FLXK.DE|Franklin FTSE Korea UCITS ETF|EUR|95.02|48.96|-32.79|3.13|155.12||5073.3
IE000Y2JPPS4|CLOA.DE|Invesco EUR AAA CLO UCITS ETF Acc|EUR|21.13|1.3|-0.27|1.23|3.6||
IE00BJQRDN15|IQSA.DE|Invesco Global Active ESG Equity UCITS ETF Acc|EUR|98.61|12.26|-6.2|2.07|27.44||
IE00BYXG2H39|2B70.DE|iShares NASDAQ US Biotechnology UCITS ETF USD Acc|EUR|9.12|19.57|-6.69|2.27|46.51||1231.6
IE00BDFL4P12|SXRS.DE|iShares Diversified Commodity Swap UCITS ETF USD A|EUR|9.36|19.84|-12.38|2.17|44.97||2370.7
IE00B4KBBD01|2B7A.DE|iShares S&P 500 Utilities Sector UCITS ETF|EUR|8.87|28.08|-22.96|-0.19|-3.2||1323.6
IE00B23LNQ02|PSWD.DE|Invesco RAFI All-World Fundamental Val UCITS ETF D|EUR|35.92|10.73|-5.88|2.44|28.14||315.7
IE0007Y8Y157|QUTM.DE|VanEck Quantum Computing UCITS ETF|EUR|26.77|31.49|-23.74|0.58|20.13||887.6
IE000OJ5TQP4|ASWC.DE|Future of Defence UCITS - Acc ETF|EUR|18.73|30.89|-22.64|0.26|10.14||3385.6
IE0008471009|EUN2.DE|iShares Core EURO STOXX 50 UCITS ETF EUR Dist|EUR|63.48|15.74|-10.98|0.71|13.15|18.07|5792.4
IE00BSPLC413|ZPRV.DE|StSt SPDR MSCI USA Sm Cp Value Weighted UCITS ETF|EUR|79.9|14.19|-6.07|1.54|23.91||1083.6
IE00BHZPJ239|EDM2.DE|iShares MSCI EM ESG Enhanced CTB UCITS USD (Acc) ETF|EUR|8.55|29.91|-16.98|1.01|32.24||10510.5
IE00BJ5JPG56|ICGA.DE|iShares MSCI China UCITS ETF USD Acc|EUR|4.7|18.72|-20.9|-1.1|-18.61||2754.3
IE00BSPLC298|ZPRX.DE|State Street SPDR MSCI Europe Small Cap Value Weighted UCITS ETF|EUR|68.67|14.08|-11.63|0.98|15.82|13.03|792.9
IE00BK5BQX27|VWCG.DE|Vanguard FTSE Developed Europe UCITS - (EUR) Accumulating ETF|EUR|58.8|12.79|-9.58|0.95|14.15|17.52|7866.0
IE00BH04GL39|VGEA.DE|Vanguard EUR Eurozone Gvt Bd UCITS ETF EUR Acc|EUR|23.21|4.46|-5.37|-1.12|-3.0||
IE00BDFBTQ78|WMIN.DE|VanEck S&P Global Mining UCITS ETF|EUR|56.12|38.11|-24.37|0.9|36.16||2406.0
IE00BSKRJZ44|IS04.DE|iShares $ Treasury Bond 20+yr UCITS ETF USD D|EUR|2.6|9.44|-9.89|-0.74|-4.98||
IE00BM8R0J59|QYLE.DE|Global X Nasdaq 100 Covered Call UCITS ETF|EUR|15.07|9.79|-4.75|2.13|22.87||933.5
IE00BQT3WG13|36BZ.DE|iShares MSCI China A UCITS ETF USD (Acc)|EUR|5.02|18.65|-12.64|0.05|2.96||
IE00B0M63623|IQQT.DE|iShares MSCI Taiwan UCITS ETF USD (Dist)|EUR|190.5|29.89|-19.86|3.23|98.52||1741.7
LU1829221024|LYMS.DE|Amundi Core Nasdaq-100 Swap UCITS ETF Acc|EUR|111.9|17.79|-10.02|1.57|29.98|31.82|7209.9
IE00BFNM3D14|SLMC.DE|iShares MSCI Europe ESG Screened UCITS ETF EUR Acc|EUR|10.8|13.35|-10.1|0.86|13.44|17.19|5350.6
IE00082MOBL9|EVSD.DE|Global X European Superdividend UCITS EUR Distribution ETF|EUR|20.43|13.2|-8.98|3.06|42.34|9.8|73.3
IE00BD8PGZ49|IUSV.DE|Ish Trsry Bond 20 Yr Ucits Hgd Dist|EUR|2.56|9.35|-13.32|-1.31|-10.29||
IE00BYWQWR46|ESP0.DE|VanEck Video Gaming and eSports UCITS ETF USD A|EUR|57.7|18.35|-26.62|-0.91|-14.64||
LU2233156582|PRAB.DE|Amundi Prime Euro Government Bond 0-1Y UCITS Acc ETF|EUR|21.77|0.66|-0.18|-0.12|1.92||731.3
IE00BMTX1Y45|I500.DE|iShares S&P 500 Swap UCITS ETF USD (Acc)|EUR|11.53|24.68|-17.6|0.78|21.28||
IE00BGQYRS42|XUTC.DE|Xtrackers MSCI USA Information Technology UCITS 1D ETF|EUR|163.76|22.74|-16.16|1.54|36.99||2715.7
IE00BHZRQZ17|FLXI.DE|Franklin FTSE India UCITS ETF|EUR|34.72|14.84|-16.84|-0.59|-6.78||2085.3
IE000NFR7C63|CBUK.DE|iShares MSCI China Tech UCITS ETF USD (Acc)|EUR|4.02|24.47|-23.99|-1.02|-23.07||1967.5
IE000NDWFGA5|URNU.DE|Global X Uranium UCITS ETF USD Acc|EUR|21.49|49.67|-34.96|-0.33|-14.6||729.5
IE000NBRE3P7|CEBY.DE|iShares   UltraShort Bond ESG SRI UCITS ETF|EUR|5.57|0.65|-0.13|0.36|2.23||1568.6
IE00B0M62Q58|IQQW.DE|iShares MSCI World UCITS ETF USD (Dist)|EUR|93.47|11.2|-6.69|1.6|19.96||9563.9
DE000A0H08K7|EXH5.DE|iShares STOXX Europe 600 Insurance UCITS (DE) ETF|EUR|52.23|14.3|-7.4|0.64|11.08|12.81|604.9
LU0274209740|DBXJ.DE|Xtrackers MSCI Japan UCITS 1C ETF|EUR|110.24|29.01|-15.13|1.12|34.51|23.16|
IE000APK27S2|AEGE.DE|iShares Global Aggregate Bond ESG ?SRI UCITS EUR Hedged (Acc) ETF|EUR|4.49|3.81|-4.59|-1.17|-2.48||
IE00B9CQXS71|ZPRG.DE|State Street SPDR S&P Global Dividend Aristocrats UCITS ETF|EUR|34.07|9.39|-5.42|1.41|15.27||1768.0
IE00B4L5YC18|EUNM.DE|iShares MSCI EM UCITS ETF USD (Acc)|EUR|57.88|21.82|-13.46|1.44|33.49||10418.9
LU0380865021|XESC.DE|Xtrackers EURO STOXX 50 UCITS 1C ETF|EUR|111.3|15.79|-10.88|0.71|13.16|17.9|12544.2
IE00BHZPJ015|EDM4.DE|iShares MSCI EMU ESG Enhanced CTB UCITS EUR (Acc) ETF|EUR|10.28|14.83|-10.78|0.75|13.05|17.61|4079.6
IE00063FT9K6|CEBS.DE|iShares Copper Miners UCITS ETF USD (Acc)|EUR|9.89|44.74|-23.6|1.17|54.47||601.1
IE00B0M63516|IQQB.DE|iShares MSCI Brazil UCITS ETF USD (Dist)|EUR|26.75|23.02|-18.53|1.49|36.23||500.9
IE00BYZK4776|2B78.DE|iShares Healthcare Innovation UCITS USD (Acc) ETF|EUR|9.53|27.0|-16.83|1.13|32.64||1341.7
IE00BD9MMF62|JEST.DE|JPM EUR Ultra-Short Income Active UCITS EUR (acc) ETF|EUR|110.36|0.66|-0.37|-0.15|1.9||1789.1
IE00BD4TXV59|UETW.DE|UBS Core MSCI World UCITS USD acc ETF|EUR|40.63|24.17|-16.22|0.76|20.46||
LU1681038243|6AQQ.DE|Amundi Nasdaq-100 Swap UCITS ETF EUR Acc|EUR|315.2|17.7|-10.01|1.58|30.01|31.84|
IE00BJ38QD84|ZPRR.DE|StSt SPDR Russell 2000 US Small Cap UCITS ETF Acc|EUR|74.0|17.15|-8.44|1.18|22.27||
IE00B6R51Z18|IS0D.DE|iShares Oil & Gas Exploratn & Prod UCITS ETF USD A|EUR|29.94|28.32|-19.36|1.12|33.84||438.2
IE00BLPK3577|W1TB.DE|WisdomTree Cybersecurity UCITS USD Acc ETF|EUR|40.94|40.85|-31.0|1.25|52.96||502.9
IE000YPOHA39|RONS.DE|Invesco EUR Overnight Return Swap UCITS ETF Acc|EUR|5.14|1.53|-0.39|0.11|2.17||5.0
DE000A0H0728|EXXY.DE|iShares Diversified Commodity Swap UCITS (DE) ETF|EUR|36.78|19.66|-12.37|2.12|43.61||347.1
IE00BP3QZ601|IS3Q.DE|iShares Edge MSCI World Quality Factor UCITS USD (Acc) ETF|EUR|80.05|10.25|-6.33|1.81|20.52||6208.5
LU0478205379|D5BG.DE|Xtrackers II EUR Corporate Bond UCITS 1C ETF|EUR|160.68|3.33|-2.99|-0.9|-1.01||4657.9
IE00BNRQM384|EQQX.DE|Invesco NASDAQ-100 Swap UCITS ETF Acc|EUR|86.24|27.93|-20.09|1.0|30.02||3151.2
IE00BL25JL35|XDEQ.DE|Xtrackers MSCI World Quality UCITS 1C ETF|EUR|81.4|23.65|-15.79|0.78|20.36||3105.6
IE00BMW42181|ESIH.DE|iShares MSCI Europe Health Care Sector UCITS EUR (Acc) ETF|EUR|6.9|16.49|-12.82|-0.01|1.89|21.12|890.2
DE000A0F5UJ7|EXV1.DE|iShares STOXX Europe 600 Banks UCITS (DE) ETF|EUR|39.94|22.55|-16.03|1.44|34.58|11.87|3658.1
IE00BKSCBX74|UIMS.DE|UBS MSCI World Small Cap Socially Responsible UCITS USD acc ETF|EUR|11.42|26.0|-17.51|0.6|17.51||831.6
DE000A2T5DZ1|XGDE.DE|Xtrackers IE Physical Gold EUR Hedged Securities ETC|EUR|50.73|27.73|-25.78|0.18|6.98||
LU1109943388|XHYA.DE|Xtrackers II EUR High Yield Corporate Bond UCITS 1C ETF|EUR|23.87|4.09|-2.89|-0.46|0.1||2774.7
LU1841731745|L4K3.DE|Amundi MSCI China UCITS ETF Acc|EUR|17.56|27.93|-29.48|-0.73|-18.4||674.0
IE00B1YZSC51|IQQY.DE|iShares Core MSCI Europe UCITS ETF EUR Dist|EUR|39.38|12.77|-9.52|0.96|14.23|17.63|
IE00BK5BQZ41|VGEK.DE|Vanguard FTSEDvlpAsiaPacexJpn UCITS ETF USDAcc|EUR|53.02|28.46|-18.57|2.12|62.26||3190.1
IE0009DRDY20|F50A.DE|Amundi Prime Global UCITS Acc ETF|EUR|40.59|24.36|-16.39|0.76|20.48||5585.3
IE00B4L5YX21|EUNN.DE|iShares Core MSCI Japan IMI UCITS ETF USD Acc|EUR|75.47|19.5|-9.58|1.62|33.63||
IE00B43HR379|QDVG.DE|iShares S&P 500 Health Care Sctr UCITS ETF USD A|EUR|12.0|15.06|-10.74|1.4|23.11||
IE00B1TXK627|IQQQ.DE|iShares Global Water UCITS ETF USD (Dist)|EUR|65.47|12.22|-9.04|0.08|2.94||2219.4
LU1861132840|GOAI.DE|Amundi MSCI Robotics & AI UCITS ETF Acc|EUR|156.62|22.5|-14.45|1.71|40.57|36.02|1189.0
LU0629459743|UIMM.DE|UBS MSCI World Socially Responsible UClTS USD dis ETF|EUR|187.8|25.51|-19.82|0.73|20.58||7099.5
IE000F6G1DE0|IE1A.DE|iShares EUR Corp Bond 1-5yr UCITS EUR (Acc) ETF|EUR|5.46|2.3|-1.79|-0.86|0.03||
IE000G0E83X3|IART.DE|iShares AI Innovation Active UCITS ETF USD (Acc)|EUR|7.89|46.49|-28.95|1.03|50.0||304.3
IE00BF1B7389|SPP1.DE|StSt SPDR MSCI All Cntry World EURH UCITS ETF Acc|EUR|27.16|12.54|-8.19|1.2|17.02||
IE000Z9SJA06|XDPU.DE|Xtrackers S&P 500 UCITS ETF|EUR|13.35|24.7|-17.67|0.78|21.16||
IE00B441G979|IBCH.DE|iShares MSCI World EUR Hedged UCITS ETF (Acc)|EUR|119.82|11.92|-7.79|1.06|14.64|22.85|5408.2
IE00B42NKQ00|QDVF.DE|iShares S&P 500 Energy Sector UCITS ETF USD (Acc)|EUR|11.69|25.22|-17.23|1.85|48.73||1734.5
LU0378818131|DBZB.DE|Xtrackers II Global Government Bond UCITS 1C EUR Hedged ETF|EUR|203.29|4.05|-5.31|-1.37|-3.54||
IE00BMW42413|ESIT.DE|iShares MSCI Europe Information Technology Sector UCITS EUR (Acc) ETF|EUR|12.53|29.1|-17.19|1.66|50.37|34.46|243.1
LU2300295123|PRAM.DE|Amundi Prime Emerging Markets UCITS DR (C) ETF|EUR|26.74|29.7|-16.81|0.97|30.8||1008.3
IE00BMVB5P51|V60A.DE|Vanguard LifeStrategy 60% Equity UCITS ETF EUR Acc|EUR|37.29|7.67|-5.22|1.17|11.0||1093.1
IE00B66F4759|EUNW.DE|iShares   High Yield Corp Bond UCITS ETF EUR D|EUR|87.97|3.57|-2.83|-0.56|0.0||
IE00B652H904|EUNY.DE|iShares EM Dividend UCITS ETF USD (Dist)|EUR|16.92|24.43|-13.27|1.0|26.51||1491.3
IE00B1FZS467|IQQI.DE|iShares Global Infrastructure UCITS ETF USD (Dist)|EUR|32.21|11.78|-10.13|0.52|8.12||
IE00BK5BQV03|VGVF.DE|Vanguard FTSE Developed World UCITS ETF USD A|EUR|136.24|11.52|-6.28|1.78|22.45||11707.3
FR0010405431|LYMH.DE|Amundi MSCI Greece UCITS ETF Dist|EUR|2.95|22.56|-17.23|1.38|33.1|12.42|463.4
IE0006VDD4K1|FWEA.DE|Invesco FTSE All-World UCITS EUR PfHdg Acc ETF|EUR|9.06|12.22|-8.28|1.18|16.47||
IE000SB4G4I4|BCFP.DE|UBS Nasdaq-100 UCITS USD acc ETF|EUR|32.05|27.98|-20.06|1.01|30.15||
LU0592216393|XESP.DE|Xtrackers Spain UCITS 1C ETF|EUR|61.98|17.45|-10.17|1.51|28.32|15.78|298.3
IE00B3FH7618|EUN6.DE|iShares   Govt Bond 0-1yr UCITS ETF EUR D|EUR|98.86|0.61|-0.32|-0.18|1.89||
IE000J80JTL1|GRID.DE|First Trust Nasdaq Clean Edge Smart Grid lnfrastructure UCITS - A USD ETF|EUR|56.75|22.29|-14.37|1.08|26.14||2768.4
LU1781541252|LCUJ.DE|Amundi Core MSCI Japan UCITS Acc ETF|EUR|24.37|20.45|-10.08|1.59|34.56||
LU0484968812|XB4F.DE|Xtrackers II ESG EUR Corporate Bond UCITS 1D ETF|EUR|138.82|3.33|-3.09|-0.94|-1.15||2478.5
FR0010524777|LYM9.DE|Amundi MSCI New Energy UCITS ETF Dist|EUR|41.8|24.15|-17.95|1.34|34.43|23.76|1097.8
IE0009JOT9U1|IGLD.DE|iShares Physical Gold EUR Hedged ETC|EUR|72.49|27.96|-25.18|0.16|6.44||
LU0292095535|DXSA.DE|Xtrackers Euro Stoxx Quality Dividend UCITS ETF 1D|EUR|29.16|10.34|-7.57|1.44|16.92|12.97|811.6
IE0001UQQ933|GERD.DE|L&G Gerd Kommer Multifactor Equity UCITS ETF|EUR|15.21|11.96|-6.61|1.51|20.02||1921.0
LU0950674332|SEAC.DE|UBS MSCI World Socially Responsible UClTS USD acc ETF|EUR|38.14|25.42|-19.82|0.72|20.26||7099.5
IE00B466KX20|SPYA.DE|State Street SPDR MSCI EM Asia UCITS ETF|EUR|116.44|24.27|-16.1|1.37|35.29||1623.8
IE00BK5BC891|XMLC.DE|L&G Clean Water UCITS ETF USD Acc|EUR|18.2|14.76|-11.02|0.09|3.27||771.5
IE00BJ5JP105|5MVW.DE|iShares MSCI World Energy Sector UCITS ETF USD D|EUR|8.74|22.86|-15.51|1.89|45.24||1388.7
IE00BHJYDV33|DEAM.DE|Invesco MDAX UCITS ETF|EUR|50.28|18.9|-14.47|-0.17|-1.16|15.18|759.3
IE00BWBXM948|ZPDT.DE|StSt SPDR S&P US Technology Sel Sctr UCITS ETF Acc|EUR|178.26|22.44|-15.47|1.55|36.87||2108.7
IE000KHX9DX6|RARE.DE|WisdomTree Strategic Metals and Rare Earths Miners UCITS USD Acc ETF|EUR|45.89|40.47|-28.89|0.47|21.21||946.9
IE00BJZ2DD79|XRS2.DE|Xtrackers Russell 2000 UCITS 1C ETF|EUR|375.0|28.46|-19.3|0.7|21.91||2851.1
IE00BMVB5R75|V80A.DE|Vanguard LifeStrategy 80% Equity UCITS ETF EUR Acc|EUR|44.71|9.91|-5.64|1.45|16.4||1342.5
IE00B2NPKV68|IUS7.DE|iShares JP Morgan $ EM Bond UCITS ETF USD Dis|EUR|77.64|5.87|-4.34|0.36|4.09||
IE00BM67HQ30|XDWU.DE|Xtrackers MSCI World Utilities UCITS 1C ETF|EUR|39.43|13.12|-11.78|0.22|4.88||948.0
IE00BL25JM42|XDEV.DE|Xtrackers MSCI World Value UCITS 1C ETF|EUR|74.94|26.45|-13.89|2.0|54.99||4531.1
LU0490618542|D5BM.DE|Xtrackers S&P 500 Swap UCITS 1C ETF|EUR|139.2|24.66|-17.67|0.78|21.26||
LU1971906802|UET5.DE|UBS EURO STOXX 50 ESG UCITS ETF EUR dis|EUR|22.67|16.79|-11.81|0.75|14.64|18.2|4210.9
IE00BKY4W127|PCOM.DE|WisdomTree Broad Commodities UCITS ETF USD Acc|EUR|15.16|29.16|-15.18|1.47|44.86||444.1
LU2903252349|SCWX.DE|Scalable MSCI AC World Xtrackers UCITS ETF|EUR|12.32|11.77|-6.44|1.73|22.35||874.5
IE00B52XQP83|IBC4.DE|iShares MSCI South Africa UCITS ETF USD (Acc)|EUR|50.72|31.25|-21.8|0.33|12.41||285.4
IE00B53L4350|SXRU.DE|iShares Dow Jones Indust Average UCITS ETF USD A|EUR|557.1|11.78|-7.3|1.23|16.49||1961.1
IE00BYXVGZ48|FGEQ.DE|Fidelity Global Quality Income UCITS Inc-USD ETF|EUR|10.37|10.13|-5.8|2.15|23.82||
IE000RJECXS5|AVWC.DE|Avantis Global Equity UCITS ETF USD Acc ETF|EUR|25.13|11.11|-5.49|2.01|24.31||797.6
IE000BZ1HVL2|SPFH.DE|StSt SPDR MSCI World EUR Hdg UCITS ETF Acc|EUR|16.33|11.87|-7.77|1.1|15.04||
IE00BJ0KDR00|XD9U.DE|Xtrackers MSCI USA UCITS ETF 1C|EUR|203.54|11.72|-7.3|1.6|20.78||
IE000LXEN6X4|ES50.DE|iShares EURO STOXX 50 ESG UCITS EUR (Acc) ETF|EUR|8.37|16.78|-11.7|0.74|14.35|17.88|136.2
LU2089238039|PRAE.DE|Amundi Prime Europe UCITS DR (C) ETF|EUR|36.06|12.99|-9.54|0.99|14.8|17.57|
IE00BM67HN09|XDWS.DE|Xtrackers MSCI World Consumer Staples UCITS ETF 1C|EUR|47.03|13.92|-8.78|0.52|9.24||927.2
IE00B3VTML14|SXRP.DE|iShares Euro Govt Bond 3-7yr UCITS ETF EUR (Acc)|EUR|130.66|3.38|-4.11|-1.22|-2.12||1361.3
LU0292109187|DBX5.DE|Xtrackers MSCI Taiwan UCITS 1C ETF|EUR|145.9|35.83|-19.63|2.71|98.94||528.1
LU1650489385|LYQ6.DE|Amundi Euro Government Bond 10-15Y UCITS ETF Acc|EUR|189.62|6.7|-8.53|-1.06|-5.1||1048.5
IE00BYYHSM20|QDVX.DE|Ishrs Europe Quality Adv Div Eur Dist|EUR|7.05|10.72|-8.24|1.04|13.17|18.05|
IE000CM02H85|FLXT.DE|Franklin FTSE Taiwan UCITS ETF|EUR|68.32|28.81|-19.92|3.42|100.41||1231.9
LU0659580079|XMK9.DE|Xtrackers MSCI Japan UCITS 4C EUR Hedged ETF|EUR|62.44|20.71|-9.72|1.81|39.5|31.09|
IE000NXF88S1|V0IH.DE|VanEck Oil Services UCITS ETF|EUR|27.54|28.81|-18.74|1.85|55.29||333.7
DE000A0H08F7|EXV8.DE|iShares STOXX Europe 600 Construction & Materials UCITS (DE) ETF|EUR|81.62|20.22|-15.3|-0.16|-1.22|18.87|811.2
IE00B53QG562|SXR7.DE|iShares Core MSCI EMU UCITS ETF EUR (Acc)|EUR|241.25|14.69|-10.21|0.81|13.88|17.96|
IE00BGDQ0L74|IPRE.DE|iShares European Property Yield UCITS EUR (Acc) ETF|EUR|4.23|15.44|-21.62|-0.82|-10.69|8.53|1029.2
IE00BGYWFL94|VDCE.DE|Vanguard USD Corporate Bond UCITS EUR hedged - Acc ETF|EUR|53.83|4.94|-5.45|-1.16|-3.72||
IE00BMH5Y871|BUG.DE|Global X Cybersecurity UCITS ETF USD Acc|EUR|18.6|38.01|-35.2|0.97|38.88||82.7
IE00BFZPF439|XAT1.DE|Invesco USD AT1 CoCo Bond UCITS - EUR Hdg Dist ETF|EUR|15.39|5.78|-4.43|-0.6|-1.49||
IE00BM8QRZ79|S0LR.DE|Invesco Solar Energy UCITS ETF USD Acc|EUR|20.42|35.52|-40.35|-0.08|-0.83||179.9
LU0290356871|DBXP.DE|Xtrackers II Eurozone Government Bond 1-3 UCITS 1C ETF|EUR|173.49|1.33|-1.24|-1.28|0.3||
IE00BMW42520|ESIN.DE|iShares MSCI Europe Industr Sector UCITS ETF EUR A|EUR|9.56|20.21|-13.11|0.36|9.23|26.63|1313.8
IE00BMW42306|ESIF.DE|iShares MSCI Europe Financials Sector UCITS EUR (Acc) ETF|EUR|16.26|18.08|-12.38|1.14|22.68|11.3|1731.5
IE0003A512E4|AAKI.DE|ARK AI & Robotics UCITS ETF USD Acc|EUR|10.37|37.46|-31.13|0.33|14.48||325.6
IE0005YK6564|U3O8.DE|Sprott Uranium Miners UCITS ETF|EUR|10.69|47.21|-33.92|-0.21|-8.1||426.1
IE00BYPLS672|USPY.DE|L&G Cyber Security UCITS ETF USD Acc|EUR|44.16|31.83|-19.63|1.79|58.91||
IE00BJGWQN72|WTEJ.DE|WisdomTree Cloud Computing UCITS ETF USD Acc|EUR|36.64|40.94|-33.95|0.55|24.33||357.7
IE00B9M6RS56|IS3C.DE|iShares J.P. Morgan $ EM Bond EUR Hgd UCITS ETF D|EUR|64.18|6.08|-5.44|-0.6|-1.62||2148.1
NL0010408704|TSWE.DE|VanEck World Equal Weight Screened UCITS ETF|EUR|43.3|13.48|-8.03|1.65|24.26|19.21|1511.2
FR0010527275|LYM8.DE|Amundi MSCI Water UCITS ETF Dist|EUR|69.48|12.44|-10.22|0.08|2.97|22.56|1576.0
IE00BZ0PKT83|IBCZ.DE|iShares Edge MSCI World Multifactor UCITS USD (Acc) ETF|EUR|14.63|24.3|-15.18|0.98|25.82||
IE000IHURBR0|29GI.DE|iShares iBonds Dec 2029 Term Corp UCITS EUR (Dist) ETF|EUR|5.04|2.58|-2.22|-0.75|0.08||941.6
IE000G6GSP88|H4Z7.DE|HSBC FTSE EPRA Nareit Developed UCITS ETF USD Acc|EUR|25.03|11.54|-9.62|0.37|6.28||
IE00BFNM3P36|AYEM.DE|iShares MSCI EM IMI ESG Screened UCITS ETF USD A|EUR|9.49|30.58|-17.18|1.0|32.71||8021.5
IE00BD1F4N50|QDVA.DE|iShares Edge MSCI USA Mmntm Fctr UCITS ETF USDA|EUR|20.08|24.94|-16.6|1.32|34.86||753.0
IE00B44T3H88|H4ZY.DE|HSBC MSCI China UCITS ETF USD|EUR|42.89|11.18|-6.55|1.65|20.39||
DE000A0Q4RZ9|EXVM.DE|iShares eb.rexx Government Germany 0-1yr UCITS (DE) EUR (Dist) ETF|EUR|76.77|0.55|-0.28|-0.88|1.51||1793.4
IE0002L5QB31|XY7D.DE|Global X S&P 500 Covered Call UCITS ETF USD Dist|EUR|14.08|8.39|-3.73|2.51|23.01||215.8
LU0514695690|XCS6.DE|Xtrackers MSCI China UCITS 1C ETF|EUR|15.28|18.54|-21.54|-1.14|-19.08||2042.2
IE00BYYW2V44|SPPE.DE|StSt SPDR S&P 500 EUR Hdg UCITS ETF Acc|EUR|18.74|12.34|-8.64|0.99|14.23||
IE00BGL86Z12|IEVD.DE|iShares Elctrc Vhcls and Drvng Tech UCITS ETF USDA|EUR|11.35|35.63|-21.18|1.12|41.75||590.5
IE00BRKWGL70|E500.DE|Invesco S&P 500 UCITS EUR Hedged Acc ETF|EUR|58.63|12.3|-8.73|0.98|14.0||
IE00B52SF786|SXR2.DE|iShares MSCI Canada UCITS ETF USD (Acc)|EUR|270.1|12.08|-6.38|1.72|22.74||2411.8
IE00BZ4BMM98|EHDV.DE|Invesco EURO STOXX Hi Div Low Vlty UCITS ETF Dist|EUR|34.74|10.47|-6.1|1.56|18.35|12.02|588.5
LU0839027447|XDJP.DE|Xtrackers Nikkei 225 UCITS ETF 1D|EUR|40.76|27.17|-16.02|1.87|52.83|33.69|
LU0533033667|LYPG.DE|Amundi MSCI World Information Technology UCITS EUR Acc ETF|EUR|1312.2|22.92|-15.58|1.53|37.03|36.72|
FR0014010HV4|LVWC.DE|Amundi MSCI World (2x) Leveraged UCITS ETF|EUR|5.57|23.07|-14.47|1.08|26.98||
IE00BDVPNG13|WTI2.DE|WisdomTree AI UCITS ETF USD Acc|EUR|112.82|31.47|-19.08|1.64|53.75||1441.9
IE00BMW42074|ESIS.DE|iShares MSCI Europe Consumer Staples Sector UCITS EUR (Acc) ETF|EUR|5.72|16.32|-12.66|0.05|2.84|19.79|471.4
IE00B4MCHD36|QDVK.DE|iShares S&P 500 Cnsmr Dscrtnr Sctr UCITS ETF USD A|EUR|14.07|19.6|-13.65|-0.19|-1.75||787.8
IE00BFWXDV39|FVSJ.DE|Franklin FTSE Asia ex China ex Japan UCITS ETF|EUR|40.47|26.6|-18.29|2.26|61.98||598.7
IE00B60SWX25|SC0D.DE|Invesco EURO STOXX 50 UCITS Acc ETF|EUR|162.3|15.81|-10.93|0.68|12.72|18.12|1331.8
IE00B52VJ196|IUSK.DE|iShares MSCI Europe SRI UCITS ETF EUR (Acc)|EUR|76.57|13.22|-10.12|0.56|9.39|17.61|
IE00B27YCN58|IUSD.DE|iShares MSCI World Islamic UCITS ETF USD (Dist)|EUR|63.06|14.19|-6.83|2.21|33.37||1621.6
IE000GA3D489|ARXK.DE|ARK Innovation UCITS ETF USD Acc|EUR|9.01|43.01|-35.42|0.39|18.58||313.5
LU0659579063|XB4A.DE|Xtrackers ATX UCITS 1C ETF|EUR|138.66|18.08|-10.88|2.36|44.59|13.99|148.7
LU0486851024|D5BL.DE|Xtrackers MSCI Europe Value UCITS 1C ETF|EUR|49.58|14.7|-10.02|1.42|22.81|13.44|341.0
IE00B4JNQZ49|QDVH.DE|iShares S&P 500 Financials Sector UCITS ETF USD A|EUR|14.17|14.17|-12.76|0.31|6.45||2440.2
IE0004U3TX15|MTVR.DE|L&G Metaverse UCITS USD Acc ETF|EUR|40.37|33.21|-21.21|2.87|97.14||19.1
IE00BG47KB92|VAGE.DE|Vanguard Global Aggregate Bond UCITS EUR Hedged Distributing ETF|EUR|19.66|3.79|-4.73|-1.35|-3.13||
DE000A0Q4R02|EXH9.DE|iShares STOXX Europe 600 Utilities UCITS (DE) ETF|EUR|55.28|15.58|-9.33|1.33|22.74|17.97|800.1
IE00B2QWCY14|IUS3.DE|iShares S&P SmallCap 600 UCITS ETF USD (Dist)|EUR|99.61|15.3|-8.03|1.27|21.49||3198.1
FR0010717090|18M2.DE|Amundi MSCI EMU High Dividend UCITS ETF Acc|EUR|206.45|10.4|-6.19|1.41|16.69|12.98|388.7
LU1681047236|V50A.DE|Amundi Core EURO STOXX 50 UCITS ETF EUR Acc|EUR|167.52|15.82|-10.92|0.71|13.3|17.91|
IE00BD4TXW66|BCFT.DE|UBS Core S&P 500 UCITS ETF USD acc|EUR|132.85|24.68|-17.65|0.78|21.24||
FR0010315770|LYYA.DE|Amundi MSCI World Swap II UCITS ETF Dist|EUR|439.13|11.22|-6.58|1.62|20.23|23.49|
IE00BGHQ0G80|XMAW.DE|Xtrackers MSCI AC World Screened UCITS 1C ETF|EUR|51.91|12.58|-7.3|1.57|21.81|22.18|
IE00B27YCK28|IUSC.DE|iShares MSCI EM Latin America UCITS ETF USD D|EUR|18.72|19.06|-13.47|1.58|32.12||2007.5
IE00BLCHJB90|XB0T.DE|Global X Robotics & AI UCITS ETF USD Acc|EUR|21.6|25.89|-16.03|0.17|6.38||163.1
IE00B53L4X51|SXRY.DE|iShares FTSE MIB UCITS ETF EUR (Acc)|EUR|249.6|16.61|-9.69|1.14|20.87|15.14|425.4
LU1681040223|AME6.DE|Amundi Stoxx Europe 600 ESG UCITS ETF Acc|EUR|159.18|13.85|-10.82|0.78|12.81|17.6|1883.7
IE00BK5BQY34|VERE.DE|Vanguard FTSE Developed Europe ex UK UCITS - (EUR) Accumulating ETF|EUR|59.45|13.7|-10.25|0.84|13.56|17.81|4878.3
LU0322250985|DX2G.DE|Xtrackers CAC 40 UCITS 1D ETF|EUR|80.34|14.32|-10.92|-0.1|0.61|16.75|115.3
IE00BYZK4669|2B77.DE|iShares Ageing Population UCITS ETF USD (Acc)|EUR|9.15|24.7|-15.01|0.65|18.11||952.6
IE00B5MTWD60|SC0U.DE|Invesco STOXX Europe 600 Optimised Banks UCITS Acc ETF|EUR|236.05|23.17|-16.7|1.32|32.58|11.59|639.3
IE00B6YX5L24|SYBL.DE|State Street SPDR Bloomberg 15+ Year Gilt UCITS ETF|EUR|37.99|13.27|-10.35|0.0|2.03||250.8
IE00BDT6FP91|SPF1.DE|State Street SPDR FTSE Global Convertible Bond UCITS ETF|EUR|52.97|13.43|-6.86|1.01|15.53||
DE000A1E0HS6|XAD6.DE|Xtrackers Physical Silver (EUR) ETC|EUR|509.3|62.17|-48.89|0.58|37.97||
IE00BSKRJX20|IS05.DE|iShares EUR Govt Bond 20yr Target Duration UCITS EUR (Dist) ETF|EUR|2.94|10.12|-12.83|-1.03|-8.45||241.2
IE00BKWQ0F09|SPYN.DE|StSt SPDR MSCI Europe Energy UCITS ETF|EUR|309.1|24.59|-17.94|2.06|52.72|12.38|554.3
IE000264WWY0|IB28.DE|iShares iBonds Dec 2028 Term EUR Corp UCITS EUR (Dist) ETF|EUR|5.1|1.92|-1.47|-0.71|0.64||
DE000A0H08Q4|EXV3.DE|iShares STOXX Europe 600 Technology UCITS (DE) EUR (Dist) EUR (Dist) ETF|EUR|102.22|24.76|-14.91|0.88|23.73|28.37|250.7
LU1169822266|UFMA.DE|UBS Core MSCI Japan UCITS hEUR acc ETF|EUR|44.52|20.88|-9.75|1.8|39.6||
LU1681045370|AMEM.DE|Amundi MSCI Em Mkts Swap UCITS ETF EUR Acc|EUR|7.99|21.81|-13.43|1.46|33.81|14.82|
DE000A0H08R2|EXV2.DE|iShares STOXX Europe 600 Telecommunications UCITS (DE) ETF|EUR|26.81|17.63|-16.7|0.64|13.21|17.3|251.6
IE00B60SWW18|SC0C.DE|Invesco STOXX Europe 600 UCITS Acc ETF|EUR|161.78|12.71|-9.28|0.94|13.99|17.56|538.5
IE000PS0J481|B41J.DE|Global X European Infra Dev UCITS ETF EUR Acc|EUR|18.5|16.2|-12.25|-0.19|-1.12|19.37|587.9
LU0524480265|XY4P.DE|Xtrackers II iBoxx Eurozone Government Bond Yield Plus UCITS 1C ETF|EUR|172.62|4.78|-6.57|-1.28|-4.1||1379.5
IE00BMWXKN31|H4ZX.DE|HSBC Hang Seng Tech UCITS ETF HKD|EUR|5.13|26.26|-35.65|-1.43|-35.65||9946.6
IE00B40B8R38|2B7D.DE|iShares S&P 500 Consumer Staples Sector UCITS ETF|EUR|8.7|26.79|-16.85|0.32|10.65||532.6
IE000D9WMGF0|IG31.DE|iShares iBonds Dec 2031 Term Corp UCITS EUR (Acc) ETF|EUR|5.17|3.69|-3.5|-0.88|-1.26||473.9
IE00BJ5JNY98|AYEW.DE|iShares MSCI Wld IT Sector Advanced UCITS ETF USDD|EUR|19.79|22.39|-14.98|1.62|38.21||1217.0
IE00BD8D5H32|EUHI.DE|PIMCO Advantage Euro Short-Term High Yield Corporate Bond UCITS - EUR Income ETF|EUR|9.03|3.3|-2.85|-0.52|0.29||635.4
IE00B48X4842|SPYX.DE|State Street SPDR MSCI Emerging Markets UCITS ETF|EUR|139.8|20.54|-12.22|0.81|18.68||647.1
IE00BNG8L278|V3AA.DE|Vanguard ESG Global All Cap UCITS ETF (USD) Acc|EUR|7.93|13.15|-8.16|1.54|22.22||1862.5
IE00BCRY6557|IS3M.DE|Ishs Eur Ultrashort Bd Ucits Etf (Dist)|EUR|100.8|0.82|-0.3|0.23|2.19||
IE00BCBJG560|ZPRS.DE|StSt SPDR MSCI World Small Cap UCITS ETF Acc|EUR|128.76|13.89|-7.22|1.35|20.77||2062.3
IE00BJ5JP329|3SUE.DE|iShares MSCI Wld Cons Stpls Sec Adv UCITS ETF USDD|EUR|5.18|13.84|-10.93|0.35|6.84||104.8
LU2573966905|AE5A.DE|Amundi Core MSCI Emerging Markets Swap UCITS Dist ETF|EUR|68.03|21.95|-13.38|1.45|33.82||12244.6
LU1109942653|XHYG.DE|Xtrackers II EUR High Yield Corporate Bond UCITS 1D ETF|EUR|15.32|4.04|-2.81|-0.46|0.16||2774.7
IE00BYMS5W68|KFTK.DE|Invesco KBW NASDAQ Fintech UCITS ETF Acc|EUR|49.44|24.73|-21.71|-0.23|-3.74||66.1
FR0010361683|LYMD.DE|Amundi MSCI India Swap UCITS ETF EUR Acc|EUR|24.34|16.23|-19.07|-0.68|-9.08|21.56|
IE00BK5BCH80|RENW.DE|L&G Clean Energy UCITS ETF USD Acc|EUR|13.96|25.76|-22.55|0.99|27.49||749.0
IE00B1FZS350|IQQ6.DE|iShares Dvlp Mrkts Prop Yld UCITS ETF USD Dist|EUR|21.16|11.25|-10.1|0.25|4.81||
IE00BF2B0L69|FLXD.DE|Franklin European Quality Dividend UCITS ETF|EUR|35.22|9.12|-5.73|1.16|12.56|14.09|646.3
IE00B1FZS574|IQQ5.DE|iShares MSCI Turkey UCITS USD (Dist) ETF|EUR|19.06|26.95|-13.68|0.43|13.46||131.3
IE00B53QDK08|SXR5.DE|iShares MSCI Japan UCITS ETF USD (Acc)|EUR|272.22|20.67|-10.14|1.58|34.57||1763.1
IE00016PSX47|MWOP.DE|Amundi MSCI World ESG Leaders UCITS Acc ETF|EUR|118.18|12.75|-9.3|1.68|23.45|28.57|
IE00B3ZW0K18|IBCF.DE|iShares S&P 500 EUR Hedged UCITS ETF (Acc)|EUR|158.74|12.47|-8.72|0.96|13.99|25.06|8911.7
LU2098179695|CHSD.DE|UBS BBG Japan Gov 1-3 UCITS ETF JPY acc|EUR|6.54|6.88|-8.11|-0.71|-2.87||
IE00BMH5Y327|V9N.DE|Global X DataCntrREITS&Dig Infra UCITS ETF USD Acc|EUR|22.03|25.58|-17.63|1.31|35.39||352.2
IE00BYZTVV78|QDVL.DE|iShares   Corp Bond 0-3Yr ESG SRI UCITS ETF EUR D|EUR|4.94|1.28|-0.93|-0.61|1.21||
IE00B0M63284|IQQP.DE|iShares European Property Yield UCITS ETF EUR D|EUR|26.19|15.29|-21.57|-0.83|-10.66|8.49|1029.2
IE00BYYHSQ67|QDVW.DE|Ishrs World Quality Div Usd Adv Dist|EUR|8.56|10.27|-5.65|2.57|28.41||2363.4
IE00BMW3QX54|IROB.DE|L&G ROBO Global Robotics and Auto UCITS ETF USDAcc|EUR|29.7|24.85|-13.81|1.11|29.64||1726.3
IE00B5MTWH09|SC0V.DE|Invesco STOXX Europe 600 Optimised Oil & Gas UCITS Acc ETF|EUR|437.2|19.81|-13.89|2.3|47.6|14.79|18.1
LU0290357846|DBXG.DE|Xtrackers II Eurozone Government Bond 25+ UCITS 1C ETF|EUR|231.04|10.66|-13.0|-0.99|-8.51||97.7
LU1681043599|AMEW.DE|Amundi MSCI World Swap UCITS ETF EUR Acc|EUR|709.32|11.13|-6.61|1.61|19.94|23.5|
IE00BD1F4M44|QDVI.DE|iShares Edge MSCI USA Val Fctr UCITS ETF USD A|EUR|17.25|18.15|-7.48|3.72|69.42||3897.7
IE00BWBXM492|ZPDE.DE|StSt SPDR S&P U.S. Energy Sel Sector UCITS ETF Acc|EUR|44.68|25.21|-17.16|1.85|48.76||1101.8
IE00B0M62S72|IQQA.DE|iShares Euro Dividend UCITS ETF EUR Dist|EUR|25.55|11.81|-7.83|1.4|18.54|12.43|
IE00BM8R0N95|GN0M.DE|Global X Genomics & Biotechnology UCITS ETF USDAcc|EUR|11.07|30.16|-16.68|2.69|83.28||67.0
IE00BFMXYX26|VJPA.DE|Vanguard FTSE Japan UCITS ETF USD Acc|EUR|44.76|19.62|-9.85|1.56|32.6||
DE0005933998|EXSD.DE|iShares STOXX Europe Mid 200 UCITS (DE) ETF|EUR|65.0|12.73|-8.81|0.98|14.41|16.97|609.8
IE00B52MJD48|SXRZ.DE|iShares Nikkei 225 UCITS ETF JPY (Acc)|EUR|403.45|27.09|-16.23|1.85|52.07||105057.3
FR0007054358|LYSX.DE|Amundi EURO STOXX 50 II UCITS ETF Acc|EUR|70.76|15.78|-10.87|0.68|12.76|17.83|
IE00BHZPJ783|EDM6.DE|iShares MSCI Europe ESG Enhanced CTB UCITS EUR (Acc) ETF|EUR|9.59|12.85|-10.01|0.97|14.51|17.25|7531.4
IE00BYSX4176|FEUI.DE|Fidelity Europe Quality Income UCITS - Inc EUR ETF|EUR|7.32|12.01|-8.42|1.6|21.23|18.1|
FR0010655746|AMES.DE|Amundi IBEX 35 UCITS ETF - Acc|EUR|490.95|16.96|-9.95|1.43|26.32|16.0|935.4
DE000A0F5UK5|EXV6.DE|iShares STOXX Europe 600 Basic Resources UCITS (DE) ETF|EUR|82.42|28.46|-18.4|1.59|47.32|15.53|552.9
IE00BQQP9H09|GMVM.DE|VanEck Morningstar US ESG Wide Moat UCITS ETF|EUR|58.64|13.6|-11.0|0.53|9.2||396.0
IE00BQN1K786|CEMR.DE|iShares Edge MSCI Eu Mmntm Fctr UCITS ETF EUR A|EUR|15.64|17.35|-11.73|0.57|11.88|17.85|761.7
IE00BQN1K901|CEMS.DE|iShares Edge MSCI Europe Val Fctr UCITS ETF EUR A|EUR|13.34|14.24|-9.99|1.48|23.08|13.56|2735.5
IE00B0M63177|IQQE.DE|iShares MSCI EM UCITS ETF USD (Dist)|EUR|59.63|21.89|-13.64|1.41|32.82||10343.9
IE00B52MJY50|SXR1.DE|iShares Core MSCI Pacific ex-Japan UCITS ETF USD A|EUR|214.3|12.19|-6.21|0.98|13.97||4173.4
IE0008GRJRO8|DFSV.DE|State Street SPDR S&P Europe Defense Vision UCITS ETF|EUR|9.95|28.22|-20.63|-0.42|-9.92|32.53|27.4
IE00B5ZR2157|PJS1.DE|PIMCO Euro Short Maturity UCITS ETF EUR Inc|EUR|97.24|0.48|-0.36|0.02|2.01||1695.1
IE00BMVB5M21|V40A.DE|Vanguard LifeStrategy 40% Equity UCITS ETF EUR Acc|EUR|30.99|5.65|-4.11|0.7|5.93||290.3
IE00BYWZ0333|2B7F.DE|iShares Automation & Robotics UCITS ETF USD D|EUR|13.41|25.89|-13.1|1.71|46.35||5642.2
IE00BKPT2S34|IS3V.DE|iShares Global Inflation Linked Govt Bond UCITS EUR Hedged (Acc) ETF|EUR|4.44|4.89|-5.2|-0.78|-1.84||
IE000VA628D5|IS20.DE|iShares S&P 500 Top 20 UCITS ETF USD (Acc)|EUR|6.2|15.78|-12.73|1.2|21.0||623.4
IE00BHZRR147|FLXC.DE|Franklin FTSE China UCITS ETF|EUR|24.76|17.57|-19.54|-1.16|-18.47||1751.2
IE00BF16M727|CBRS.DE|First Trust Nasdaq Cybersecurity UCITS ETF A USD|EUR|58.36|30.38|-23.94|1.39|44.13||
IE00B7KMNP07|UBUD.DE|UBS Solactive Global Pure Gold Miners UCITS USD dis ETF|EUR|46.53|56.91|-37.53|0.4|24.56||547.8
IE00BLCHJN13|LI7U.DE|Global X Lithium and Battery Tech UCITS ETF USDAcc|EUR|10.95|31.61|-26.28|0.6|21.09||131.5
IE00B4L60045|EUNT.DE|iShares   Corp Bond 1-5 yr UCITS ETF EUR (Dist)|EUR|104.92|2.41|-1.96|-0.84|-0.03||
IE00BLRPPV00|VUCF.DE|Vanguard US Treasury 0-1Y Bd UCITS ETF USD Acc|EUR|53.03|5.45|-3.37|1.04|7.69||
IE00BK5BQW10|VNRA.DE|Vanguard FTSE North America UCITS - (USD) Accumulating ETF|EUR|173.5|11.52|-7.14|1.65|20.99||6803.1
IE00BYZTVT56|OM3F.DE|iShares   Corp Bond ESG SRI UCITS ETF EUR Dis|EUR|4.62|3.48|-3.04|-0.85|-0.95||
IE000AWRDWI7|CNFY.DE|Invesco ChiNext 50 UCITS Acc ETF|EUR|9.01|37.59|-29.13|0.05|3.7||222.0
IE0005042456|IUSZ.DE|iShares Core FTSE 100 UCITS ETF GBP Dist|EUR|11.98|12.3|-7.77|1.26|17.54||
IE00BGYWFK87|VUCE.DE|Vanguard USD Corporate Bond UCITS ETF USD Acc|EUR|53.1|5.62|-4.48|0.01|2.04||
LU1109939865|XHY1.DE|Xtrackers II Rolling Target Maturity Sept 2027 EUR High Yield UCITS ETF|EUR|8.51|2.58|-1.43|0.24|2.63||417.5
IE000SAXJ1M1|SY7D.DE|Global X EURO STOXX 50 Covered Call UCITS - EUR Distributing ETF|EUR|14.52|11.19|-9.48|0.54|8.04|23.05|118.2
IE000ST40PX8|ES6Y.DE|L&G Cyber Security Innovation UCITS ETF USD Acc|EUR|25.73|31.8|-15.05|2.1|68.82||37.4
IE00BH3YZ803|SMLK.DE|Invesco S&P SmallCap 600 UCITS ETF Acc|EUR|72.02|27.3|-18.6|0.74|22.19||461.1
IE00BYXYYK40|IS02.DE|iShares JP Morgan $ EM Bond UCITS ETF USD Acc|EUR|5.62|5.88|-4.61|0.39|4.28||
IE00BYXVGY31|FUSA.DE|Fidelity US Quality Income UCITS ETF Acc|EUR|14.81|9.95|-5.24|1.78|19.71||
IE00B3VTN290|SXRQ.DE|iShares EUR Govt Bond 7-10yr UCITS EUR (Acc) ETF|EUR|146.96|5.12|-6.57|-1.11|-3.7||851.9
IE000U58J0M1|Q8Y0.DE|iShares Global Clean Energy Trnstn UCITS ETF USD A|EUR|22.47|28.39|-26.93|0.4|13.4||3528.6
LU0476289466|D5BI.DE|Xtrackers MSCI Mexico UCITS 1C ETF|EUR|7.51|28.85|-12.97|0.51|16.72||324.9
LU2178481649|XZE5.DE|Xtrackers II EURCorpBdShortDurSRI PAB UCITS ETF 1C|EUR|47.54|2.07|-1.66|-0.86|0.22||2047.3
LU1861138961|AMEI.DE|Amundi MSCI EM SRI Cl Paris Aligned UCITS ETF DRA|EUR|73.89|20.05|-11.67|0.99|21.85||
IE00BHXMHL11|4UBQ.DE|UBS S&P 500 Scored & Screened UCITS ETF USD acc|EUR|51.15|11.49|-6.93|1.86|23.43||
LU0496786574|LYPS.DE|Amundi Core S&P 500 Swap UCITS EUR Dist ETF|EUR|71.06|11.52|-7.12|1.68|21.4|25.81|
IE000K975W13|AVEM.DE|Avantis Emerging Markets Eq UCITS ETF USD Acc ETF|EUR|28.79|20.92|-13.21|1.32|29.66||302.4
IE000NVVIF88|H41E.DE|HSBC MSCI Emerging Markets Value Screened UCITS USD Acc ETF|EUR|24.3|22.22|-13.17|2.41|55.65||126.3
IE00BDS67326|EM1C.DE|VanEck J.P. Morgan EM LC Bond UCITS ETF USD A|EUR|60.97|5.31|-3.42|1.03|7.48||238.7
IE00BF4G6Y48|JREG.DE|JPM Global Research Enhanced Index Equity Active UCITS USD (acc) ETF|EUR|60.2|10.9|-6.09|1.69|20.38||
IE00BL0BMZ89|VVGM.DE|VanEck Morningstar Gl Wide Moat UCITS ETF USD A|EUR|32.44|12.81|-10.92|0.28|5.56||168.0
IE00B60SX170|SC0H.DE|Invesco MSCI USA UCITS Acc ETF|EUR|202.61|24.62|-17.96|0.77|20.94||
LU0496786657|6TVM.DE|Amundi Core S&P 500 Swap Etf|EUR|71.03|11.65|-7.1|1.66|21.38|25.85|
IE00BNGJJT35|SP2Q.DE|Invesco S&P 500 Equal Weight UCITS ETF Acc|EUR|64.14|9.98|-5.11|1.48|16.77||1794.3
IE000O8KMPM1|WRNA.DE|WisdomTree Biorevolution UCITS ETF USD Acc|EUR|23.85|27.65|-13.42|1.96|56.24||41.5
IE00BMYDM794|HTMW.DE|L&G Hydrogen Economy UCITS ETF USD Acc|EUR|6.68|32.97|-25.72|0.7|25.04||463.7
IE00BMDH1538|HDR0.DE|VanEck Hydrogen Economy UCITS ETF USD A|EUR|7.7|38.57|-35.49|0.39|17.15||114.8
DE000A0H08H3|EXH3.DE|iShares STOXX Europe 600 Food & Beverage UCITS (DE) ETF|EUR|61.04|17.05|-12.77|0.11|3.94|21.1|319.2
IE00B3VWM098|SXRG.DE|iShares MSCI USA Small Cap CTB Enhanced ESG UCITS ETF|EUR|600.0|14.91|-6.79|1.34|21.99||3234.7
LU0446734872|UIM9.DE|UBS MSCI Canada UCITS ETF CAD dis|EUR|57.18|75.64|-40.08|0.28|22.96||
XS2115336336|RM8U.DE|The Royal Mint Physical Gold ETC |EUR|36.03|152.15|-22.62|0.89|138.15||
IE00036F4K40|XDG3.DE|Xtrackers MSCI Global SDG 3 Good Health UCITS ETF|EUR|34.47|26.3|-19.82|0.41|12.85||28.9
IE00BJRCLL96|JPGL.DE|JPM Global Equity Multi-Factor UCITS - USD (acc) ETF|EUR|45.53|8.19|-4.75|2.14|19.53||299.5
IE000Q8N7WY1|3DGL.DE|Robeco 3D Global Equity UCITS ETF USD Acc|EUR|6.34|11.58|-6.08|1.72|21.95||
LU0252633754|LYY7.DE|Amundi DAX II UCITS Acc ETF|EUR|229.75|16.0|-12.31|0.05|2.87|19.87|1068.6
IE00BMX0B631|VDTE.DE|Vanguard USD Treasury Bond UCITS EUR hedged - Acc ETF|EUR|24.65|3.51|-5.44|-1.58|-3.56||
IE00BKWD3B81|EHBA.DE|Invesco Euro Corporate Hybrid Bond UCITS Acc ETF|EUR|44.75|4.62|-3.72|-0.69|-1.17||379.7
IE00BHXMHK04|S5SD.DE|UBS S&P 500 Scored & Screened UCITS USD dis ETF|EUR|47.04|24.61|-16.77|0.84|22.64||
NL0009690239|TRET.DE|VanEck Global Real Estate UCITS ETF|EUR|38.87|12.55|-10.02|0.34|6.21|20.02|442.2
LU0292100046|DBX8.DE|Xtrackers MSCI Korea UCITS 1C ETF|EUR|217.8|53.45|-32.71|2.74|148.35||656.2
IE00BF0M2Z96|BATE.DE|L&G Battery Value-Chain UCITS ETF USD Acc|EUR|26.26|32.63|-28.82|0.61|21.8||820.2
LU1900067601|LTUR.DE|Amundi MSCI Turkey UCITS ETF Acc|EUR|49.65|32.79|-18.76|0.45|16.78|11.63|87.4
LU0779800910|XCHA.DE|Xtrackers CSI300 Swap UCITS 1C ETF|EUR|17.8|28.1|-16.43|0.24|8.81||2051.9
LU1681044480|AMEA.DE|Amundi MSCI Em Asia UCITS ETF - EUR (C)|EUR|60.41|24.36|-15.91|1.4|36.17|15.74|
IE0006FM6MI8|WELS.DE|Amundi S&P World Health Care Screened UCITS Acc ETF|EUR|11.93|15.0|-12.35|0.69|12.31|26.56|692.4
LU0592217524|XMKA.DE|Xtrackers MSCI Africa Top 50 Swap UCITS 1C ETF|EUR|8.98|20.33|-16.2|0.09|3.81||93.1
DE000A2UDH55|XSLE.DE|Xtrackers IE Physical Silver EUR Hedged ETC |EUR|64.87|60.75|-52.17|0.42|27.41||
IE00B3VWMM18|SXRJ.DE|iShares MSCI EMU Small Cap UCITS ETF EUR (Acc)|EUR|355.7|14.34|-10.68|0.48|8.84|14.32|893.2
IE00BG370F43|XZEM.DE|Xtrackers MSCI Emerging Markets ESG UCITS ETF|EUR|60.9|20.64|-13.42|0.52|12.76||1579.1
IE00BCHWNS19|XUEN.DE|Xtrackers MSCI USA Energy UCITS 1D ETF|EUR|57.16|32.22|-17.12|1.41|47.3||139.6
LU1650487413|LYQ2.DE|Amundi Euro Government Bond 1-3Y UCITS ETF Acc|EUR|127.35|1.4|-1.22|-1.34|0.13||2239.2
IE00BYVJRR92|QDVR.DE|iShares MSCI USA SRI UCITS ETF USD (Acc)|EUR|18.66|13.13|-7.24|1.58|22.7||
IE00B4WXJJ64|EUNH.DE|iShares Core   Govt Bond UCITS ETF EUR D|EUR|104.41|4.49|-5.44|-1.11|-2.97||
LU2244387457|ASRE.DE|BNPP Easy JPM Tilted EMU GovBd IG 3-5Y UCITS ETF C|EUR|9.61|2.8|-3.33|-1.33|-1.72||3905.9
IE00BHZRQY00|FLXB.DE|Franklin FTSE Brazil UCITS ETF|EUR|32.8|24.1|-18.46|1.57|39.81||206.1
IE000MINO564|ENDH.DE|L&G Emerging Markets Government Bond (USD) 0-5 Year Screened UCITS EUR Acc Hedged ETF|EUR|11.73|6.23|-2.71|-0.15|1.05||
IE00B5377D42|IBC6.DE|iShares MSCI Australia UCITS ETF USD (Acc)|EUR|54.69|14.28|-7.49|0.72|12.33||631.7
LU0659578842|XBAS.DE|Xtrackers MSCI Singapore UCITS 1C ETF|EUR|2.42|13.86|-7.08|1.44|22.01||236.5
IE00B3F81K65|EUN3.DE|iShares Global Govt Bond UCITS ETF USD Dist|EUR|75.27|21.77|-17.62|-0.2|-2.37||
IE00BWTN6Y99|HDLV.DE|Invesco S&P 500 High Div Low Vlty UCITS ETF Dist|EUR|32.11|11.82|-9.01|0.33|5.92||
IE00B57X3V84|IUSL.DE|Ishrs Dw Jnes Glb Screened Etf Usd Acc|EUR|90.62|11.86|-7.24|1.65|21.62||2266.6
IE000DD75KQ5|SPSA.DE|State Street SPDR MSCI All Country World Investable Market UCITS ETF|EUR|12.6|12.18|-6.41|1.66|22.17||8763.7
IE00B1FZS913|IBCL.DE|iShares Govt Bond 15-30yr UCITS ETF EUR (Dist)|EUR|150.84|9.11|-11.45|-1.01|-7.22||972.8
IE00BJSFR200|HYLE.DE|iShares Global High Yield Corp Bond UCITS EUR Hedged (Dist) ETF|EUR|4.13|3.73|-2.83|-0.62|-0.33||
LU1287023185|LYXD.DE|Amundi Euro Government Bond 7-10Y UCITS ETF Acc|EUR|162.72|5.12|-6.66|-1.13|-3.79||1597.2
LU1681047319|V50D.DE|Amundi Core EURO STOXX 50 UCITS ETF EUR Dist|EUR|100.98|15.81|-10.89|0.72|13.36|17.92|
DE0006289382|EXI2.DE|iShares Dow Jones Global Titans 50 UCITS (DE) EUR (Dist) ETF|EUR|119.08|13.62|-8.07|1.67|24.7|26.07|2871.9
LU1681046931|GC40.DE|Amundi CAC 40 ESG UCITS ETF DR - EUR C|EUR|138.84|15.56|-12.68|-0.3|-2.7|17.09|764.3
IE000Z0FC0G5|EXU1.DE|Xtrackers MSCI World ex USA UCITS ETF|EUR|11.15|12.5|-8.56|1.38|19.2||8192.4
IE00B02KXK85|IQQC.DE|iShares China Large Cap UCITS ETF USD (Dist)|EUR|84.22|18.41|-20.97|-0.96|-15.7||889.8
IE00BM67HL84|XDWF.DE|Xtrackers MSCI World Financials UCITS 1C ETF|EUR|40.81|13.23|-9.65|1.01|15.4||1490.3
DE000A1EK0G3|XAD1.DE|Xtrackers Physical Gold Euro Hedged ETC|EUR|234.36|27.75|-25.33|0.14|5.9||
IE00BFMXYY33|VJPE.DE|Vanguard FTSE Japan UCITS EUR Hedged Accumulating ETF|EUR|74.49|20.25|-9.72|1.76|37.59||
IE0008UEVOE0|IVOA.DE|iShs V-iBds Dec 2028 Term EO CReg.Shs () EUR Dis. oN|EUR|5.67|2.01|-1.71|-0.66|0.67||2494.8
DE000A0H08E0|EXV7.DE|iShares STOXX Europe 600 Chemicals UCITS (DE) ETF|EUR|125.68|15.2|-9.88|0.69|12.45|21.78|103.3
LU1772333404|XSXE.DE|Xtrackers STOXX Europe 600 UCITS 2C EUR Hedged ETF|EUR|156.66|12.45|-9.56|0.9|13.26|17.46|5658.6
IE0000QLH0G6|FTWD.DE|Invesco FTSE All World UCITS ETF Dist|EUR|8.03|11.81|-6.56|1.65|21.48||
LU1834983477|LBNK.DE|Amundi STOXX Europe 600 Banks UCITS ETF Acc|EUR|70.2|22.52|-15.83|1.45|34.77|11.91|3480.8
IE00BDDRF478|IU5C.DE|iShares S&P 500 Communication Sctr UCITS ETF USD A|EUR|12.39|18.13|-10.65|0.27|6.92||1332.9
IE000WIQIPT2|CBUL.DE|iShares USD TIPS 0-5 UCITS EUR Hedged (Dist) UCITS ETF|EUR|4.28|2.08|-1.93|-1.16|-0.41||
IE00BYYXBF44|EHDL.DE|Invesco FTSE EM High Div Low Vlty UCITS ETF Dist|EUR|26.02|11.08|-5.26|1.9|23.07||292.9
IE00BG0J4B71|EH1Y.DE|iShares Broad EUR High Yield Corp Bond UCITS EUR (Dist) ETF|EUR|4.7|3.91|-3.31|-0.56|-0.2||
IE000LX17BP9|30IG.DE|iShares iBonds Dec 2030 Term Corp UCITS EUR (Dist) ETF|EUR|4.99|3.28|-2.82|-0.83|-0.73||1152.3
IE00BYXVGX24|FUSD.DE|Fidelity US Quality Income UCITS Inc-USD ETF|EUR|12.13|9.96|-5.26|1.94|21.36||
IE00BFNM3B99|SLMA.DE|iShares MSCI EMU Screened UCITS ETF EUR Acc|EUR|11.09|14.43|-10.24|0.81|13.63|17.57|2137.8
LU1484799769|UIMC.DE|UBS BBG MSCI Euro Area Liquid Corp Sustainable UCITS EUR dis ETF|EUR|12.55|3.63|-3.48|-0.92|-1.34||
IE00BJQRDP39|IQSE.DE|Invesco Gl Active ESG Eq UCITS ETF EUR PfHdg Acc|EUR|102.64|13.07|-8.11|1.55|22.22||
IE0008119MO8|H41X.DE|HSBC S&P India Tech UCITS ETF EUR Acc|EUR|15.34|19.7|-26.74|-0.78|-13.43|22.84|14.2
LU1931974262|PR1E.DE|Amundi Prime Europe - UCITS ETF DR (D)|EUR|36.39|12.77|-9.39|1.01|14.85|17.6|
IE00BJK3WF00|BBLL.DE|JPM BetaBuilders US Treasury Bond 0-1yr UCITS - USD (acc) ETF|EUR|108.08|5.49|-3.38|1.09|7.97||
LU0533032859|LYPD.DE|Amundi MSCI World Financials UCITS EUR Acc ETF|EUR|395.4|13.58|-9.63|0.97|15.11|15.04|
IE00B5M4WH52|IUSP.DE|iShares JPM EM Local Govt Bond UCITS ETF USD D|EUR|39.96|6.58|-5.02|0.28|3.84||5571.4
LU1048313891|UEF5.DE|UBS MSCI EM Socially Responsible UCITS USD dis ETF|EUR|21.13|30.52|-15.55|1.52|48.46||3496.4
IE00BYSZ5V04|SPPX.DE|StSt SPDR BBG 10+ Y U.S. Treas Bd UCITS ETF Dist|EUR|16.92|8.72|-9.06|-0.66|-3.76||135.4
IE00BM8QS095|ICNT.DE|Invesco MSCI China TechAllShr StkCon UCITS ETF Acc|EUR|24.26|30.19|-29.61|-0.85|-23.57||152.1
IE00BWBXMB69|ZPDU.DE|StSt SPDR S&P US Utilities Sel Sctr UCITS ETF Acc|EUR|45.12|16.11|-15.12|-0.32|-3.21||189.4
IE00BVGC6645|NS4E.DE|Invesco JPX-Nikkei 400 UCITS EUR Hdg Acc ETF|EUR|47.21|19.43|-9.59|1.81|37.24||
IE000B9PQW54|CURE.DE|VanEck Genomics & Hlth Cr Innvtrs UCITS ETF USD A|EUR|25.1|23.22|-19.07|1.44|35.32||17.7
IE000I7E6HL0|8RMY.DE|Future of European Defence Screened UCITS ETF Acc|EUR|9.64|37.48|-31.75|-0.63|-21.46|33.54|164.8
DE000A2QP4B6|EXIE.DE|iShares STOXX Europe 600 UCITS (DE) EUR (Acc) ETF|EUR|7.62|12.94|-9.58|0.94|14.1|17.55|10606.7
IE00BLCHJ534|94VE.DE|Global X U.S. Infra Developments UCITS ETF USD Acc|EUR|44.47|18.21|-12.96|0.86|17.74||768.6
IE00BM67HV82|XDWI.DE|Xtrackers MSCI World Industrials UCITS 1C ETF|EUR|74.92|15.15|-9.28|0.93|16.12||1376.5
IE00B3F81G20|EUNI.DE|iShares MSCI EM Small Cap UCITS ETF USD (Dist)|EUR|101.58|20.1|-12.97|0.77|17.54||344.6
IE00B6SPMN59|IBCK.DE|iShares Edge S&P 500 Min Vol UCITS ETF USD A|EUR|104.86|23.14|-16.51|0.57|15.08||
IE00BNDS1P30|V3GF.DE|Vanguard ESG Global Corporate Bond UCITS EUR Hedged - Acc ETF|EUR|4.67|3.93|-4.54|-1.29|-3.08||
IE00B43QJJ40|SYBZ.DE|StSt SPDR BBG Global Aggregate Bond UCITS ETF Dis|EUR|21.97|3.63|-2.73|-0.12|1.57||
IE000W8WMSL2|WQTM.DE|WisdomTree Quantum Computing UCITS - USD Acc ETF|EUR|34.42|38.79|-26.09|0.63|26.36||333.9
DE000A1E0HR8|XAD5.DE|Xtrackers Physical Gold (EUR) ETC|EUR|356.34|34.14|-22.62|0.33|13.36||
IE00BKWQ0P07|SPYU.DE|StSt SPDR MSCI Europe Utilities UCITS ETF|EUR|251.9|15.63|-9.59|1.38|23.51|18.27|802.7
LU2109787049|SBIM.DE|Amundi MSCI Emerging Markets ESG Broad Transition UCITS DR (C) ETF|EUR|78.9|22.21|-13.49|1.38|32.67||
IE000JJPY166|YCSH.DE|iShares EUR Cash UCITS ETF EUR (Acc)|EUR|15.63|0.15|-0.03|0.7|2.1||1105.1
IE00BCRY6003|IS3K.DE|iShares $ Sht Duration HY Crp Bd UCITS ETF USD D|EUR|75.16|5.06|-3.09|0.89|6.5||
LU0489337690|D5BK.DE|Xtrackers FTSE Developed Europe Real Estate UCITS 1C ETF|EUR|22.27|15.91|-16.54|-0.48|-5.61|9.05|653.8
LU0514695187|XCS5.DE|Xtrackers MSCI India Swap UCITS 1C ETF|EUR|15.81|16.76|-18.56|-0.61|-8.23||600.2
IE00BSPLC306|ZPRW.DE|State Street SPDR MSCI Europe Value UCITS ETF|EUR|75.86|13.62|-9.27|1.64|24.32|12.46|82.8
IE00B0M63060|IQQD.DE|iShares UK Dividend UCITS ETF GBP (Dist)|EUR|11.54|12.72|-9.06|1.72|23.82||1345.8
LU0476289623|XAIN.DE|Xtrackers MSCI Indonesia Swap UCITS 1C ETF|EUR|7.29|28.17|-46.74|-1.27|-33.84||55.3
IE000PMX0MW6|WELD.DE|Amundi S&P World Utilities Screened UCITS Acc ETF|EUR|13.21|12.66|-9.02|0.64|10.14|20.03|153.3
IE00B8FHGS14|IQQ0.DE|iShares Edge MSCI Wld Min Vol UCITS ETF USD A|EUR|67.46|22.75|-15.64|0.25|7.75||
IE00BF540Z61|GFEA.DE|VanEck Global Fallen Angel High Yield Bond UCITS ETF|EUR|65.14|6.74|-3.21|0.4|4.71||57.6
IE000U7LIXH5|CLOD.DE|Invesco EUR AAA CLO UCITS ETF Dist|EUR|20.11|0.97|-0.32|1.54|3.5||
IE00BFXR6159|EN4C.DE|L&G Multi-Strategy Enh Comms UCITS ETF USD Acc|EUR|17.49|18.07|-11.27|2.0|38.16||
IE00BF5GB717|EFRN.DE|iShares Floating Rate Bond Advanced UCITS ETF|EUR|5.08|1.0|-0.31|0.5|2.49||1540.5
IE00B5SSQT16|H414.DE|HSBC MSCI Emerging Markets UCITS ETF USD|EUR|12.33|22.08|-14.58|1.45|34.06||
LU1681048804|AUM5.DE|Amundi S&P 500 Swap UCITS ETF EUR Acc|EUR|137.62|11.67|-7.15|1.65|21.27|25.84|
IE00B4PY7Y77|IS0R.DE|iShares $ High Yield Corp Bond UCITS ETF USD D|EUR|81.38|5.1|-3.11|0.6|5.06||
LU1834987973|LIRU.DE|Amundi STOXX Europe 600 Insurance UCITS ETF Acc|EUR|93.24|14.15|-7.52|0.63|10.89|12.79|164.6
IE00B4WXJH41|EUN8.DE|iShares   Govt Bond 10-15yr UCITS ETF EUR (Dist)|EUR|136.46|6.9|-9.1|-1.07|-5.35||504.2
IE00BYPC1H27|ICGB.DE|iShares China CNY Bond UCITS ETF USD (Dist)|EUR|5.13|21.79|-14.01|0.56|14.1||
IE00BF1QPL78|SPFE.DE|StSt SPDR BBG Gl Aggrt Bd EUR Hdg UCITS ETF Dist|EUR|24.88|3.5|-4.1|-1.18|-2.11||
IE000O5M6XO1|AAKG.DE|ARK Genomic Revolution UCITS ETF USD Acc|EUR|8.94|51.72|-30.77|1.72|90.74||94.6
DE000A0Q4R28|EXV5.DE|iShares STOXX Europe 600 Automobiles & Parts UCITS (DE) EUR (Dist) ETF|EUR|37.85|22.26|-20.54|-0.98|-19.72|11.3|196.6
LU2182388749|PR1H.DE|Amundi US Treasury Bond 0-1Y UCITS EUR Hedged Acc ETF|EUR|21.49|0.48|-0.12|-0.32|1.85||
IE00BYM31M36|QDVQ.DE|iShares Fallen Angels HY Corp Bd UCITS ETF USD D|EUR|4.6|4.85|-2.9|0.26|3.25||
IE000T9EOCL3|CBUG.DE|iShares MSCI World SC ESG Enh CTB UCITS ETF USD A|EUR|6.1|13.61|-7.21|1.35|20.32||471.5
IE00BH4GR342|SPY2.DE|StSt SPDR Dow Jones Gl Real Estate UCITS ETF Acc|EUR|19.36|11.8|-9.17|0.62|9.3||432.7
LU0950668524|CHSU.DE|UBS Core MSCI Europe UCITS EUR acc ETF|EUR|11.57|12.81|-9.52|0.94|14.07|17.84|
IE00B6YX5B26|SPYV.DE|State Street SPDR S&P Emerging Markets Dividend Aristocrats UCITS ETF|EUR|15.26|11.42|-8.15|0.86|11.84||214.6
IE00BM8QRY62|SP2D.DE|Invesco S&P 500 Equal Weight UCITS ETF Dist|EUR|59.26|10.07|-5.1|1.45|16.55||1794.3
IE000WHL2ZK1|INCU.DE|iShares US Equity High Income Actv UCITS ETF USD D|EUR|5.21|23.56|-16.82|0.74|19.5||
IE00072RHT03|IVCS.DE|Invesco Cybersecurity UCITS ETF|EUR|7.28|36.62|-35.13|0.85|33.23||11.1
LU1650488494|LYQ3.DE|Amundi Euro Government Bond 3-5Y UCITS ETF Acc|EUR|149.3|2.77|-3.38|-1.32|-1.66||2086.0
IE000IQQEL77|ASWD.DE|Sprott Pure Play Copper Miners UCITS ETF Acc|EUR|20.83|49.43|-27.32|0.93|47.98||129.8
IE000IISJT64|QDEV.DE|State Street SPDR S&P Developed Quality Aristocrats UCITS ETF|EUR|11.65|13.26|-10.64|1.04|15.85||39.6
LU2037748774|ECR3.DE|Amundi EUR Corporate Bond 0-3Y ESG UCITS ETF DR C|EUR|54.34|1.19|-0.88|-0.75|1.11||3786.8
LU1861137484|MIVB.DE|Amundi MSCI Eu SRI Cl Paris Aligned UCITS ETF DR A|EUR|90.27|13.43|-10.2|0.29|5.94|21.39|
IE00BM67HR47|XWTS.DE|Xtrackers MSCI World Communication Services UCITS 1C ETF|EUR|29.72|17.41|-10.25|0.46|9.97||420.3
IE00BF2FN869|TRDE.DE|Invesco US Treasury Bond 7-10 Year UCITS - EUR Hdg Dist ETF|EUR|28.58|5.11|-7.42|-1.42|-5.24||
IE00BYZK4883|2B79.DE|iShares Digitalisation UCITS ETF USD (Acc)|EUR|10.52|28.92|-32.04|0.16|6.6||813.4
IE000S67ID55|DEGT.DE|Dimensional Global Targeted Value UCITS ETF USD (Acc)|EUR|25.84|11.28|-7.06|1.52|19.13||187.3
IE000BRM9046|IVDF.DE|Invesco Defence Innovation UCITS ETF Acc|EUR|8.54|34.88|-22.0|0.47|18.5||160.9
IE00BGV5VR99|XMOV.DE|Xtrackers Future Mobility UCITS 1C ETF|EUR|119.88|23.42|-15.87|0.88|22.55||210.8
LU1650491282|LYQ7.DE|Amundi Euro Gov Inflation-Linked Bond UCITS ETF A|EUR|164.43|3.76|-4.58|-0.86|-1.23||1376.4
IE000E7EI9P0|WELU.DE|Amundi S&P World Information Technology Screened UCITS DR - EUR (A) ETF|EUR|29.48|21.66|-16.26|1.52|34.96|35.69|1941.4
IE00B7WK2W23|UIQI.DE|UBS MSCI AC Asia ex Japan SF UCITS USD acc ETF|EUR|258.5|23.23|-14.03|1.44|35.44||1060.4
IE00BZ0PKV06|IBC0.DE|iShares Edge MSCI Europe Multifactor UCITS EUR (Acc) ETF|EUR|12.9|13.24|-7.87|1.24|18.37|14.81|901.5
IE00BFNM3F38|SLMD.DE|iShares MSCI Europe ESG Screened UCITS ETF EUR Dis|EUR|8.8|13.3|-10.12|0.87|13.54|17.21|5350.6
IE000OVF8Q66|EGEE.DE|iShares Emerg Mkts Equity Enh Actv UCITS ETF USD A|EUR|7.7|22.22|-14.22|1.56|36.74||1714.2
IE00BQ70R696|NBTK.DE|Invesco Nasdaq Biotech UCITS ETF Acc|EUR|65.07|19.48|-6.64|2.27|46.27||482.1
LU2089239193|PRAS.DE|Amundi Core US Treasury Bond UCITS ETF Acc|EUR|17.71|22.1|-16.6|0.01|2.19||26.0
IE00B1TXHL60|IQQL.DE|iShares Listed Private Equity UCITS ETF USD D|EUR|26.68|19.88|-20.93|-0.7|-11.9||
IE00BMFNW783|7RIP.DE|US Global Investors Travel UCITS ETF Acc|EUR|9.02|23.4|-13.92|0.39|11.02||24.6
IE0004CIQ1O4|MWOS.DE|Amundi MSCI World ESG Selection UCITS Hedged EUR Acc ETF|EUR|14.59|13.42|-10.25|1.17|17.72|27.71|
IE00091SR7N7|CEBR.DE|iShares Global High Yield Corp Bond UCITS EUR Hedged (Acc) ETF|EUR|5.83|3.73|-2.7|-0.68|-0.55||
IE00BGR7L912|IBCC.DE|iShares $ Treasury Bond 0-1yr UCITS ETF USD D|EUR|4.39|5.51|-3.39|1.07|7.87||
IE000YUTMIU2|FGEA.DE|Fidelity Global Quality Income UCITS - Acc ETF|EUR|5.87|10.05|-5.81|1.94|21.52||
IE00BM67HS53|XDWM.DE|Xtrackers MSCI World Materials UCITS 1C ETF|EUR|68.51|20.02|-13.67|1.01|22.12||846.7
FR0010754200|18M1.DE|Amundi Euro Government Bond 0-6 M UCITS ETF Acc|EUR|127.37|0.33|-0.06|-0.15|1.95||913.2
IE000AP27VA7|JGPD.DE|JPM Global Equity Premium Income Active UCITS EUR Dist ETF|EUR|21.73|8.29|-8.08|0.64|7.3||
IE000940RNE6|WBKN.DE|WisdomTree Blockchain UCITS - USD Acc ETF|EUR|48.33|48.69|-39.68|-0.32|-13.77||48.0
IE000KEFZYE7|GQEM.DE|Goldman Sachs Alp Enh EM Eq Actv UCITS ETF USD Acc|EUR|27.16|21.64|-13.63|1.61|36.95||432.1
LU0292109690|DBX7.DE|Xtrackers Nifty 50 Swap UCITS 1C ETF|EUR|199.24|25.91|-30.2|-0.57|-12.81||181.0
IE00075IVKF9|U8NJ.DE|Sprott Junior Uranium Miners UCITS ETF|EUR|6.31|61.79|-44.51|-0.39|-22.19||69.8
LU1287022708|LGQM.DE|Amundi Pan Africa UCITS Acc ETF|EUR|14.56|33.08|-19.41|0.23|9.74||112.9
IE00B3F81R35|EUN5.DE|iShares Core   Corp Bond UCITS ETF EUR D|EUR|115.92|3.43|-2.97|-0.87|-0.99||
IE00B2QWDY88|IUS4.DE|iShares MSCI Japan Small Cap UCITS ETF USD (Dist)|EUR|55.46|27.2|-15.5|0.99|29.02||674.6
IE000XAGSCY5|BLCH.DE|Global X Blockchain UCITS - USD Accumulating ETF|EUR|14.72|70.13|-54.12|-0.22|-13.14||100.5
IE000TB15RC6|BCFI.DE|UBS Core MSCI World UCITS hEUR acc ETF|EUR|5.44|11.7|-7.86|1.12|15.12||
IE000F354Q61|XSWC.DE|Xtrackers MSCI World Small Cap UCITS 1C ETF Acc|EUR|28.45|25.38|-17.19|0.73|20.55||180.8
IE00BYV1YH46|FGEU.DE|Fidelity Global Quality Income UCITS - EUR hedged Inc ETF|EUR|9.91|11.04|-8.27|1.44|17.86||
IE000AZOUN82|FLXA.DE|Franklin MSCI World Catholic Principles UCITS ETF|EUR|35.38|26.95|-19.44|0.68|20.34||190.5
IE000611IJM3|WENH.DE|WisdomTree Strategic Metals UCITS ETF EUR Hedged Acc|EUR|13.46|25.94|-17.24|0.62|18.15||
IE00B5MTY309|SC01.DE|Invesco STOXX Europe 600 Optimised Construction & Materials UCITS Acc ETF|EUR|689.1|20.48|-15.23|-0.16|-1.23|19.02|31.8
IE00B5WHFQ43|CEBG.DE|iShares MSCI Mexico Capped UCITS ETF USD (Acc)|EUR|183.32|21.3|-11.78|0.69|16.7||125.1
IE00B3T9LM79|SYBC.DE|State Street SPDR Bloomberg Euro Corporate Bond UCITS ETF|EUR|51.55|3.66|-3.06|-0.83|-1.05||756.7
IE00BK5BC677|XMLH.DE|L&G Healthcare Tech & Innovation UCITS ETF USD Acc|EUR|16.23|21.5|-15.45|2.01|45.14||334.6
IE00BCLWRD08|IS3H.DE|iShares MSCI EMU Mid Cap UCITS ETF EUR (Acc)|EUR|79.28|11.95|-8.11|1.19|16.21|16.01|556.7
IE00BG0J4957|UDHY.DE|iShares Broad $ High Yield Corp Bd UCITS ETF USD D|EUR|4.06|22.18|-18.01|-0.01|1.75||
LU2196470426|XNKY.DE|Xtrackers Nikkei 225 UCITS ETF 1C|EUR|130.98|27.23|-16.11|1.87|52.91|34.09|
IE00BGV5VM45|XUEK.DE|Xtrackers S&P Europe ex UK UCITS ETF 1D|EUR|87.53|13.33|-9.85|0.84|13.25|17.98|643.5
IE000Q0IU5T1|WDTE.DE|Invesco S&P Wld Information Tech ESG UCITS ETF Acc|EUR|12.61|22.52|-15.79|1.25|30.13||38.1
IE000QMIHY81|H41H.DE|HSBC MSCI World UCITS ETF EUR Hedged Acc|EUR|42.89|12.03|-7.78|1.05|14.64||
IE000P3D0W60|WRNW.DE|WisdomTree Renewable Energy UCITS - USD Acc ETF|EUR|24.0|31.83|-28.38|0.14|6.5||36.7
LU3047998896|BJL8.DE|BNPPE Bloomberg Europe Defense UCITS ETF Cap|EUR|11.06|27.04|-20.22|-0.33|-6.85||562.7
IE00B9M6SJ31|IBCQ.DE|iShares Global Corp Bond EUR Hedged UCITS (Dist) ETF|EUR|81.93|5.39|-4.63|-0.92|-2.98||1110.0
IE00BNH72088|ZPRC.DE|StSt SPDR FTSE Gl Conv Bond UCITS ETF Dist|EUR|60.45|12.6|-5.85|1.43|19.97||
LU2611731667|AK8G.DE|Amundi MDAX ESG UCITS ETF|EUR|10.35|1.21|-0.7|-0.62|1.25||7.5
IE00B5V94313|IS0L.DE|iShares Germany Govt Bond UCITS EUR (Dist) ETF|EUR|115.61|3.67|-4.44|-1.06|-1.88||152.9
IE00BHZPJ676|EMNU.DE|iShares MSCI Europe ESG Enhanced UCITS ETF EUR Dis|EUR|8.12|12.85|-10.0|0.96|14.28|17.22|7531.4
LU1691909508|VOOM.DE|Amundi Global Gender Equality|EUR|17.96|24.48|-16.58|0.43|12.6||43.2
IE000J0LN0R5|WELN.DE|Amundi S&P World Energy Screened UCITS Acc ETF|EUR|15.17|20.74|-13.04|1.69|37.01|21.62|310.7
IE00BGYWFS63|VAGT.DE|Vanguard USD Treasury Bond UCITS ETF Acc|EUR|23.64|5.28|-4.04|0.06|2.31||
IE00B4MKCJ84|2B7B.DE|iShares S&P 500 Materials Sector UCITS ETF|EUR|9.82|27.17|-17.29|0.5|15.67||218.0
IE00BYVJRP78|QDVS.DE|iShares MSCI EM SRI UCITS ETF USD (Acc)|EUR|10.06|22.63|-11.03|1.16|28.3||3916.5
LU2673523309|XB29.DE|Xtrackers II Target Maturity Sept 2029 EUR Corporate Bond UCITS ETF|EUR|25.82|2.31|-2.04|-0.77|0.21||236.5
IE000FSN19U2|WEBH.DE|Amundi Core MSCI USA UCITS Acc ETF|EUR|44.83|24.68|-18.04|0.77|20.88||
IE00B78JSG98|UBU5.DE|UBS MSCI USA Value UCITS USD dis ETF|EUR|125.28|23.6|-16.39|0.87|22.52||819.3
IE00B14X4S71|IUSU.DE|iShares $ Treasury Bd 1-3yr UCITS ETF USD Dist|EUR|111.47|5.09|-3.54|0.77|5.9||
IE00BM97MR69|XT01.DE|Xtrackers US Treasuries Ultrashort Bond UCITS 1C ETF|EUR|56.78|5.39|-3.4|1.05|7.63||
IE00BG0J4841|IS4S.DE|iShares Digital Security UCITS ETF USD (Dist)|EUR|13.0|22.8|-12.15|1.42|34.31||2124.5
IE000Q9W2IR3|AIAA.DE|iShares AI Adopters & Applications UCITS ETF USD (Acc)|EUR|5.45|14.28|-13.31|0.86|14.34||187.5
IE0000UJ3480|CBU5.DE|iShares iBond Dec 2028 Term $ Corp UCITS ETF USD A|EUR|104.46|22.0|-15.82|0.21|6.55||
IE0008RX29L5|WDEY.DE|Invesco Wind Energy UCITS Acc ETF|EUR|6.43|22.43|-16.92|1.36|32.58||17.8
IE00B6X2VY59|IS0Y.DE|iShares   Cp Bd IntRt Hedg ESG SRI UCITS ETF EURD|EUR|98.51|2.27|-1.02|-0.16|1.63||232.8
IE00B5MTY077|SC00.DE|Invesco STOXX Europe 600 Optimised Chemicals UCITS Acc ETF|EUR|631.4|15.71|-11.35|0.69|12.85|23.3|264.8
IE00B9MRHC27|XDN0.DE|Xtrackers MSCI Nordic UCITS 1D ETF|EUR|52.51|14.86|-9.65|0.69|12.27|15.16|
LU1834986900|LHTC.DE|Amundi STOXX Europe 600 Healthcare UCITS ETF Acc|EUR|146.84|16.01|-12.43|-0.01|1.8|23.4|
IE00BZ56RN96|WTEQ.DE|WisdomTree Global Quality Div Growth UCITS ETF USD|EUR|36.22|10.8|-7.84|1.16|14.58||
IE00BKFB6K94|CNUA.DE|UBS MSCI China A SF UCITS USD acc ETF|EUR|148.4|29.47|-16.76|0.24|9.17||145.4
IE00BD8D5G25|EUHA.DE|PIMCO Advantage Euro Short-Term High Yield Corporate Bond UCITS - EUR Accumulation ETF|EUR|12.18|3.41|-3.03|-0.51|0.26||635.4
IE00BMVB5K07|V20A.DE|Vanguard LifeStrategy 20% Equity UCITS ETF EUR Acc|EUR|25.78|4.61|-3.61|-0.07|1.66||118.1
IE0003B4BV34|CSYU.DE|UBS MSCI USA Tech 125 Universal UCITS USD acc ETF|EUR|20.51|18.15|-14.66|1.18|23.51||35.5
LU1324516308|FRCK.DE|UBS BBG USD EM Sovereign UCITS ETF hEUR acc|EUR|12.64|5.62|-4.85|-0.32|0.18||
IE00BKWD3966|EHBD.DE|Invesco Euro Corporate Hybrid Bond UCITS Dist ETF|EUR|37.84|4.15|-3.51|-0.8|-1.3||379.7
IE00BL25JN58|XDEB.DE|Xtrackers MSCI World Minimum Volatility UCITS 1C ETF|EUR|45.24|22.76|-15.63|0.26|7.83||1402.9
LU1324516050|UEFS.DE|UBS BBG USD EM Sovereign UCITS USD dis ETF|EUR|7.98|5.53|-3.95|0.69|5.8||
DE000A0D8QZ7|EXSE.DE|iShares STOXX Europe Small 200 UCITS (DE) ETF|EUR|38.99|13.65|-10.36|0.95|14.91|15.48|634.8
LU0274208692|DBXW.DE|Xtrackers MSCI World Swap UCITS 1C ETF|EUR|139.8|24.33|-16.41|0.75|20.17||
IE000ROSD5J6|CEBT.DE|iShares Essential Metals Producers UCITS ETF USD (Acc)|EUR|8.73|38.83|-23.3|0.94|38.32||306.1
IE000D8XC064|WOEE.DE|iShares World Equity Enhanced Active UCITS ETF USD (Acc)|EUR|6.54|24.35|-15.6|0.86|22.96||
IE00BF2FN646|TRDX.DE|Invesco US Treasury Bond 7-10 Year UCITS ETF Dist|EUR|29.8|5.84|-4.74|-0.23|0.64||
IE00BLRPRR04|WRLD.DE|Rize Environmental Impact 100 UCITS ETF USD Acc|EUR|5.47|15.28|-7.9|0.73|13.16||119.1
IE00BWBXM617|ZPDH.DE|StSt SPDR S&P US Health Cr Sel Sctr UCITS ETF Acc|EUR|46.28|15.03|-10.77|1.41|23.13||553.9
LU0322250712|DX2D.DE|Xtrackers LPX Private Equity Swap UCITS 1C ETF|EUR|108.78|21.01|-23.82|-0.82|-15.13||288.8
IE00BQN1K562|CEMQ.DE|iShares Edge MSCI Europe Qual Fctr UCITS ETF EUR A|EUR|11.95|11.45|-8.4|0.67|9.65|17.54|681.0
LU0533033238|LYPE.DE|Amundi MSCI World Health Care UCITS EUR Acc ETF|EUR|521.4|14.15|-10.21|0.97|15.75|28.14|
IE00BYSX4739|FYEQ.DE|Fidelity Emerging Markets Quality Income UCITS - Inc USD ETF|EUR|7.59|22.11|-16.05|2.24|51.57||226.3
LU0328476410|DX2Z.DE|Xtrackers S&P Select Frontier Swap UCITS 1C ETF|EUR|26.08|27.01|-15.75|0.79|23.37||166.0
LU0274212538|DBXI.DE|Xtrackers FTSE MIB UCITS 1D ETF|EUR|48.9|15.91|-9.62|1.2|21.06|14.54|101.0
LU1681041973|EHF1.DE|Amundi MSCI Europe Hgh Dvdnd Factor UCITS ETF EURA|EUR|235.6|10.38|-6.24|1.11|13.57|14.2|493.7
IE00B7452L46|SPYF.DE|State Street SPDR FTSE UK All Share UCITS ETF|EUR|107.56|12.18|-7.6|1.28|17.54||738.2
IE000JZYIUN0|XDG7.DE|Xtrackers MSCI Global SDG 7 Affordable and Clean Energy UCITS ETF|EUR|24.49|32.12|-22.22|0.5|18.05||32.7
IE000Z7P04F4|HX60.DE|iShares Nasdaq 100 Top 30 UCITS ETF USD Acc|EUR|6.58|19.73|-10.94|1.56|32.8||46.9
IE00BBQ2W338|H412.DE|HSBC MSCI AC Far East ex Japan UCITS ETF USD|EUR|39.42|11.41|-5.54|2.66|32.32||1067.8
IE00BYQCZJ13|WTIF.DE|WisdomTree Japan Equity UCITS ETF EUR Hedged Acc|EUR|56.48|20.93|-10.42|1.88|41.39||
IE000CK5G8J7|CBUX.DE|iShares Global Infrastructure UCITS USD (Acc) ETF|EUR|5.83|11.59|-10.02|0.53|8.11||
IE000FP52WM7|D6AT.DE|Global X Disruptive Materials UCITS ETF USD Acc|EUR|20.54|38.05|-26.48|0.47|20.0||53.2
IE00BDFK1573|2B7S.DE|iShares $ Treasury Bd 1-3yr UCITS ETF EUR Hgd Acc|EUR|5.06|1.33|-1.32|-1.49|0.02||
LU2089238112|PRAZ.DE|Amundi Prime Eurozone UCITS ETF DR C|EUR|38.1|15.08|-10.45|0.82|14.31|17.89|
IE00BKLTRN76|DELF.DE|L&G MSCI Europe Select UCITS ETF EUR Acc|EUR|19.4|12.45|-10.17|0.71|10.83|18.54|1260.0
IE00BP3QZD73|IS3T.DE|iShares Edge MSCI World Size Factor UCITS USD (Acc) ETF|EUR|52.3|11.46|-7.09|1.03|13.82||463.2
IE000UZZ5D45|WMFS.DE|Amundi MSCI World Small Cap ESG Broad Transition UCITS ACC ETF|EUR|11.75|13.36|-7.26|1.41|20.89||565.0
DE000A0Q4R36|EXV4.DE|iShares STOXX Europe 600 Health Care UCITS (DE) ETF|EUR|108.62|16.26|-12.57|-0.03|1.55|21.42|708.9
IE00B979GK47|SPPD.DE|State Street SPDR S&P U.S. Dividend Aristocrats UCITS ETF|EUR|8.78|10.09|-7.72|0.39|5.94||
IE00BF2B0K52|FLXE.DE|Franklin EM Multi-Factor Equity UCITS ETF|EUR|35.89|14.04|-8.39|1.8|27.27||94.6
IE000AQ7A2X6|SPFF.DE|State Street SPDR Bloomberg Global Aggregate Bond UCITS ETF|EUR|31.42|3.34|-4.17|-1.27|-2.23||
LU2611732475|AK8E.DE|Amundi SDAX UCITS Dist ETF|EUR|10.26|1.66|-1.42|-1.08|0.21||36.4
IE00BFNM3N12|OM3Y.DE|iShares MSCI EM IMI ESG Screened UCITS ETF USD D|EUR|8.09|30.59|-17.11|1.01|32.9||8021.5
IE000OBK3UE0|ASWL.DE|Rex Tech Innovation Inc & Growth UCITS ETF USD Dis|EUR|26.37|20.2|-17.57|1.13|24.9||23.3
IE000CYTPBT0|CMOC.DE|Invesco BBG Commodity Carbon Tilted UCITS ETF USD|EUR|7.36|30.08|-14.93|1.7|53.09||109.1
DE000A0H08S0|EXV9.DE|iShares STOXX Europe 600 Travel & Leisure UCITS (DE) ETF|EUR|24.6|22.03|-14.06|0.13|4.84|16.09|71.9
IE00BJK55C48|AYE2.DE|iShares   Corp Bond Interest Rate Hedged ESG SRI UCITS ETF|EUR|5.74|4.17|-3.34|-0.71|-0.95||
LU0952581584|XJSE.DE|Xtrackers II Japan Government Bond UCITS 1C ETF|EUR|6.0|10.07|-15.1|-1.32|-11.26||
LU2133056387|JNHD.DE|Amundi Core MSCI Japan UCITS EUR Hedged Dist ETF|EUR|43.94|20.77|-9.61|1.81|39.67||
IE00094FRAA6|CAUT.DE|Globel X China Electric Vehicle And Battery UCITS ETF|EUR|20.39|28.23|-32.36|-1.01|-26.47||22.5
IE00B14X4T88|IQQX.DE|iShares Asia Pacific Dividend UCITS ETF USD (Dist)|EUR|27.96|11.28|-6.17|2.34|28.36||740.1
LU0925589839|XYP1.DE|Xtrackers II iBoxx Eurozone Government Bond Yield Plus 1-3 UCITS 1C ETF|EUR|149.37|1.56|-1.39|-1.44|-0.25||231.3
LU1291099718|EEUX.DE|BNP Paribas Easy MSCI Europe Min TE UCITS ETF C|EUR|20.25|12.85|-9.75|0.94|14.03|18.07|
IE00BDZZTM54|2B7J.DE|iShares MSCI World SRI UCITS ETF USD (Dist)|EUR|10.5|12.85|-7.8|1.34|19.26||
IE000CNSFAR2|MWOE.DE|Amundi Core MSCI World UCITS Dist ETF|EUR|16.39|24.32|-16.32|0.75|20.34||
IE0001J5A2T9|REUS.DE|VanEck Circular Economy UCITS ETF USD A|EUR|24.33|12.2|-9.25|0.73|10.89||19.4
IE0032895942|IBCD.DE|iShares $ Corp Bond UCITS ETF USD Dist|EUR|84.7|6.05|-5.63|-0.34|-0.05||
LU2673523218|XB27.DE|Xtrackers II Target Maturity Sept 2027 EUR Corporate Bond UCITS ETF|EUR|25.95|0.7|-0.47|-0.28|1.8||152.2
IE00B60SX394|SC0J.DE|Invesco MSCI World UCITS Acc ETF|EUR|140.09|24.31|-16.33|0.76|20.47||9887.1
LU2089238971|PRAG.DE|Amundi Prime Global Government Bond UCITS Acc ETF|EUR|17.16|4.4|-3.43|-0.58|-0.54||
IE000Y6ZXZ48|XG12.DE|Xtrackers MSCI Gl Circular Economy UCITS ETF 1C|EUR|41.26|28.9|-19.16|1.17|35.72||8.1
LU0875160326|RQFI.DE|Xtrackers Harvest CSI300 UCITS 1D ETF|EUR|11.15|27.48|-16.6|0.09|4.5||309.9
IE00BKWD3C98|TRD1.DE|Invesco US Treasury Bond 0-1 Year UCITS ETF Dist|EUR|36.03|5.98|-3.69|0.97|7.77||
LU2023679090|ELCR.DE|Amundi MSCI Smart Mobility UCITS ETF A|EUR|25.53|32.77|-18.28|0.53|19.21||195.2
IE00BHXMHQ65|S5SG.DE|UBS S&P 500 Scored & Screened UCITS hEUR acc ETF|EUR|42.96|12.31|-9.15|1.12|15.78||
IE00BDDRDY39|JMBE.DE|JPM USD Emerging Markets Sovereign Bond UCITS - EUR Hedged (acc) ETF|EUR|93.09|5.59|-5.05|-0.79|-2.4||
IE00BGDPWV87|AYEP.DE|iShares Asia Property Yield UCITS USD (Acc) ETF|EUR|4.52|11.18|-12.71|-0.53|-3.95||220.6
IE0004YRJHW4|BCFD.DE|UBS MSCI Canada Universal UCITS ETF CAD acc|EUR|8.71|75.99|-40.12|0.23|19.49||616.4
IE00BKWQ0G16|SPYZ.DE|StSt SPDR MSCI Europe Financials UCITS ETF|EUR|152.98|18.01|-12.28|1.18|23.21|12.14|823.0
IE00BSJCQV56|ZPRP.DE|State Street SPDR FTSE EPRA Europe ex UK Real Estate UCITS ETF|EUR|25.4|15.62|-22.18|-0.89|-11.9|8.08|115.1
IE00B23D8S39|6PSA.DE|Invesco RAFI US Fundamental Value UCITS ETF Dist|EUR|39.97|23.84|-15.25|1.1|28.2||1165.8
LU0643975591|X03F.DE|Xtrackers II Eurozone Government Bond UCITS 1D ETF|EUR|162.73|4.48|-5.41|-1.11|-2.96||
LU2182388236|PR10.DE|Amundi Euro Aggregate Bond ESG UCITS ETF DR C|EUR|44.44|4.0|-4.68|-1.07|-2.3||
IE00BKM4H312|QDVD.DE|iShares MSCI USA Quality Dividend Advanced UCITS ETF|EUR|59.2|10.7|-4.84|1.98|23.19||
IE00BF4G7183|JREE.DE|JPM Europe Research Enhanced Index Equity Active UCITS EUR (acc) ETF|EUR|55.08|12.91|-9.97|1.04|15.44|18.08|2986.6
DE0005933949|EXW3.DE|iShares STOXX Europe 600 Top 20 UCITS ETF (DE)|EUR|54.78|14.07|-9.51|1.2|18.87|20.96|141.1
IE000NM0ALX6|WELJ.DE|Amundi S&P World Consumer Discretionary Screened UCITS Acc ETF|EUR|12.88|17.97|-14.62|-0.31|-3.61|23.19|283.2
LU0292106084|DXSL.DE|Xtrackers MSCI Europe Industrials Screened UCITS ETF|EUR|213.35|19.54|-13.21|0.52|12.08|25.29|39.7
LU1686832277|DFOB.DE|Amundi Euro Government Bond 25+Y UCITS Dist ETF|EUR|116.08|10.46|-12.56|-1.02|-8.7||
IE00BLDGH553|SECA.DE|iShares EUR Govt Bond Climate UCITS EUR (Acc) ETF|EUR|4.23|4.45|-5.5|-1.14|-3.08||
IE00B3Q19T94|S7XE.DE|Invesco EURO STOXX Optimised Banks UCITS Acc ETF|EUR|226.25|24.31|-17.42|1.12|29.15|11.34|213.1
IE00BZ048462|QDVY.DE|iShares $ Floating Rate Bd UCITS ETF USD Dist|EUR|4.53|5.41|-3.3|1.22|8.58||
IE00BLRB0242|G1CE.DE|Invesco Global Clean Energy UCITS ETF Acc|EUR|20.84|23.74|-23.28|0.57|15.47||128.1
IE000WYTQSF9|INQQ.DE|Inqq India Internet Ucits Etf Acc|EUR|7.29|28.95|-38.73|-0.52|-12.98||10.3
IE00B14X4N27|IQQU.DE|iShares MSCI Europe ex-UK UCITS ETF EUR (Dist)|EUR|54.05|13.53|-9.97|0.8|12.76|18.29|1531.1
IE00BYYR0489|IUSS.DE|iShares MSCI Saudi Arabia Capped UCITS ETF USD A|EUR|5.56|13.87|-11.9|-0.13|0.14||549.0
IE000IZO7033|CBUP.DE|iShares EUR Green Bond UCITS EUR (Acc) ETF|EUR|240.37|4.34|-4.78|-1.02|-2.42||125.4
IE00BHZPJ908|EDMU.DE|iShares MSCI USA ESG Enhanced CTB UCITS USD (Acc) ETF|EUR|12.3|11.96|-8.15|1.42|19.02||
IE00B14X4Q57|IBCA.DE|iShares   Govt Bond 1-3yr UCITS ETF EUR Dist|EUR|139.04|1.54|-1.14|-1.01|0.45||
IE0002RPS3K2|HYCN.DE|Global X Hydrogen UCITS ETF|EUR|9.22|57.5|-53.87|0.49|30.06||39.2
LU3038520774|EDFS.DE|Amundi Stoxx Europe Defense UCITS ETF A|EUR|5.78|27.55|-21.85|-0.4|-9.08|30.63|568.1
IE00BYTH5S21|ZPD3.DE|State Street SPDR S&P Global Dividend Aristocrats Screened UCITS ETF|EUR|20.83|9.62|-5.77|1.75|18.83||24.6
DE0006289465|EXHA.DE|iShares eb.rexx Government Germany UCITS (DE) ETF|EUR|121.68|3.17|-3.87|-1.04|-1.31||215.6
IE00BKY58G26|H4Z2.DE|HSBC ASIA PACIFIC EX JAPAN SCRND EQ UCITS ETF USD|EUR|27.3|21.88|-13.72|1.92|43.93||684.4
IE00B60SX402|SC0K.DE|Invesco Russell 2000 UCITS Acc ETF|EUR|129.94|28.57|-19.32|0.72|22.54||343.1
IE00BCHWNQ94|XDWY.DE|Xtrackers MSCI World Screened UCITS 1D ETF|EUR|28.53|11.62|-7.37|1.55|19.99||778.6
IE000AON7ET1|ARXX.DE|ARK Space & Defence Innovation UCITS ETF USD Acc|EUR|4.89|29.85|-19.11|0.55|18.51||48.2
IE00BLLZQ805|MAGR.DE|iShares Growth Portfolio UCITS ETF EUR Acc|EUR|8.61|11.82|-7.53|1.32|17.56|22.17|
DE000A0D8Q07|EXSI.DE|iShares EURO STOXX UCITS (DE) ETF|EUR|65.58|14.53|-10.46|0.78|13.33|17.41|2886.0
IE00B74DQ490|IBC9.DE|iShares Global HY Corp Bond UCITS ETF USD Dist|EUR|75.54|3.88|-2.13|0.26|2.99||
LU0321464652|DXS1.DE|Xtrackers II GBP Overnight Rate Swap UCITS 1D ETF|EUR|212.5|19.82|-13.22|0.22|6.45||195.6
IE000HARJEE2|CEB4.DE|iShares Core FTSE 100 UCITS EUR Hedged (Acc) ETF|EUR|6.51|11.94|-9.08|0.87|12.35||
IE00B1FZSF77|IQQ7.DE|iShares US Property Yield UCITS ETF USD (Dist)|EUR|27.19|13.33|-11.1|0.6|9.95||674.1
LU0136234068|UIM1.DE|UBS Core EURO STOXX 50 UCITS EUR dis ETF|EUR|62.73|15.73|-10.84|0.71|13.13|18.18|791.3
LU1834988609|LTCM.DE|Amundi STOXX Europe 600 Telecom UCITS ETF A|EUR|50.73|17.55|-16.69|0.64|13.16|20.22|
IE00BYXPXL17|SXR0.DE|iShares Edge MSCI World Minimum Volatility UCITS EUR Hedged (Acc) ETF|EUR|8.63|8.55|-5.27|0.18|3.54||
DE000A2UDH63|XPPE.DE|Xtrackers IE Physical Platinum EUR Hedged Securities ETC|EUR|31.38|48.53|-46.22|0.1|6.92||
IE0008LRGGP4|ASWN.DE|Infrastructure Capital Prfrd Inc UCITS ETF USD Dis|EUR|16.48|8.41|-3.74|0.29|4.41||16.1
IE00BKWQ0Q14|SPYE.DE|State Street SPDR MSCI Europe UCITS ETF|EUR|402.8|12.81|-9.45|0.96|14.29|17.87|398.1
IE00B4WPHX27|ETL2.DE|L&G Longer Dated All Commodities UCITS ETF USD Acc|EUR|29.08|15.46|-9.8|2.18|35.73||955.3
LU0192223062|IM2A.DE|BNPPE FTSEEPRA/NAREITEurozone Capped UCITS ETF QDD|EUR|5.72|16.64|-21.68|-0.95|-13.82|6.93|187.3
IE00BF2B0M76|FLXX.DE|Franklin Global Quality Dividend UCITS ETF|EUR|38.62|9.43|-4.69|1.86|19.56||127.2
IE000EBPC0Z7|FVCH.DE|Franklin MSCI China Paris Aligned Climate UCITS ETF|EUR|19.81|18.05|-23.64|-1.34|-22.19||9.5
IE000YGEAK03|QGRW.DE|WisdomTree US Quality Growth UCITS - USD Acc ETF|EUR|39.47|19.32|-14.56|1.16|24.39||47.1
IE00BKWQ0L68|SPYP.DE|StSt SPDR MSCI Europe Materials UCITS ETF|EUR|378.1|18.5|-13.07|1.21|24.35|21.02|110.7
XS2425848053|NRGT.DE|WisdomTree Energy Transition Metals Securities ETC|EUR|23.91|22.43|-14.1|1.15|27.74||
IE00B1FZS798|IUSM.DE|iShares $ Treasury Bd 7-10y UCITS ETF USD Dist|EUR|146.26|5.63|-4.78|-0.24|0.62||
IE00BMCZLH06|UEEG.DE|iShares USD Development Bank Bonds UCITS EUR Hedged (Acc) ETF|EUR|4.62|3.39|-3.89|-1.18|-1.99||
IE0003NQ0IY5|XWEQ.DE|Xtrackers MSCI World Quality ESG UCITS ETF|EUR|50.5|24.37|-15.49|0.86|23.01||256.2
LU2089238385|PRAJ.DE|Amundi Prime Japan UCITS DR (C) ETF|EUR|39.24|19.73|-9.73|1.58|33.09||
IE0009Y1MQJ2|FCRN.DE|iShares World Eqt Factor Rota Actv UCITS ETF USD A|EUR|5.96|46.45|-29.54|0.33|17.49||257.4
LU0629460089|UIMP.DE|UBS MSCI USA Socially Responsible UClTS USD dis ETF|EUR|266.4|25.86|-20.25|0.82|23.26||
LU1437018598|A4HC.DE|Amundi Core Euro Government Bond UCITS ETF Acc|EUR|47.87|4.36|-5.41|-1.17|-3.11||1723.4
LU2240851688|DECD.DE|Amundi MSCI EMU Screened UCITS ETF Acc|EUR|90.26|14.95|-11.75|0.56|10.4|17.89|48.5
IE0007WJ6B10|XDG6.DE|Xtrackers MSCI Global Clean Water & Sanitation UCITS ETF|EUR|31.71|25.41|-19.18|-0.19|-2.85||7.8
IE000GHXL2Q3|CEB1.DE|iShares Govt Bond 20yr Target Duration UCITS EUR (Acc) ETF|EUR|4.25|10.12|-12.66|-1.02|-8.35||241.2
LU0721552544|UEFF.DE|UBS Core BBG US Treasury 1-3 UCITS USD dis ETF|EUR|21.33|22.03|-15.93|0.17|5.84||
IE00BF541080|HY3M.DE|VanEck Emerging Markets HY Bond UCITS ETF USD A|EUR|122.3|7.16|-3.07|0.91|8.55||62.1
IE00BDZVH966|IBC5.DE|iShares USD TIPS UCITS EUR Hedged (Acc) ETF|EUR|5.23|4.04|-5.09|-1.37|-3.53||
LU1291109616|GSDE.DE|BNPP Easy Engy&Metals Enhcd Roll UCITS ETF EUR C|EUR|21.67|19.48|-11.91|2.01|41.23||
LU2195226068|ZPAB.DE|Amundi S&P Eurozone Cl Paris Aligned UCITS ETF A|EUR|41.99|16.1|-11.18|0.57|11.19|17.79|3232.7
IE000GE4QIR1|TRXL.DE|Invesco US Treasury Bond 10+ Year UCITS Acc ETF|EUR|3.99|8.86|-8.97|-0.65|-3.79||
DE000A2T0VT7|XPPT.DE|Xtrackers IE Physical Platinum ETC |EUR|37.38|50.92|-43.05|0.26|15.4||
LU2265794276|UIC2.DE|UBS Solactive China Technology UCITS USD acc ETF|EUR|5.87|33.0|-36.78|-1.05|-32.79||
IE00B6YX5F63|SYB3.DE|State Street SPDR Bloomberg 1-3 Year Euro Government Bond UCITS ETF|EUR|51.42|1.49|-1.28|-1.27|0.1||722.9
LU0496786905|LYPU.DE|Amundi Australia S&P/ASX 200 UCITS ETF Dist|EUR|56.02|14.74|-8.5|0.6|10.84|19.87|70.6
IE00BLLZQS08|MODR.DE|iShares Moderate Portfolio UCITS ETF EUR Acc|EUR|6.79|7.9|-5.29|0.74|7.86|21.85|
IE00B86MWN23|EUN0.DE|iShares Edge MSCI Europe Min Vol UCITS ETF EUR Acc|EUR|73.1|8.95|-7.16|0.82|9.35|17.77|941.1
IE000V93BNU0|PAUD.DE|Invesco MSCI World ESG Climate PA UCITS ETF Acc|EUR|6.09|11.58|-8.82|1.22|16.19||
IE00BDBRT036|QCLN.DE|First Trust Nasdaq Cln Edge Grn En UCITS ETF A USD|EUR|16.93|39.49|-31.2|0.46|20.2||44.2
LU0328474803|DX2S.DE|Xtrackers S&P ASX 200 UCITS 1D ETF|EUR|44.42|90.61|-47.24|0.09|10.49||105.4
IE00B459R192|SYBU.DE|StSt SPDR BBG U.S. Aggregate Bond UCITS ETF Dist|EUR|80.38|5.57|-4.4|0.0|2.02||173.8
LU0514694701|XCS4.DE|Xtrackers MSCI Thailand UCITS 1C ETF|EUR|24.66|21.26|-10.32|1.26|28.88||132.1
IE000L4EH2K5|WH2E.DE|Invesco S&P World Health Care ESG UCITS ETF Acc|EUR|6.0|15.55|-12.23|0.83|14.92||11.8
DE000A2QP331|EXIC.DE|iShares Core DAX UCITS (DE) EUR (Dist) ETF|EUR|7.09|15.99|-12.34|0.05|2.72|17.66|8852.5
LU1645380442|CHSN.DE|UBS Core Euro Infl Linked 1-10 ETF|EUR|8.59|2.59|-2.8|-0.61|0.42||416.0
IE000RITWOD4|GQEU.DE|Goldman Sachs Alp Enh Eur Eq Actv UCITS EURAcc ETF|EUR|11.14|12.95|-10.14|1.03|15.37|18.19|523.9
IE00BD1F4K20|QDVC.DE|Ishs MSCI USA MID CAP EW UCTS ETF|EUR|11.65|11.86|-7.7|0.85|12.04||303.5
IE0007UE04X9|WENU.DE|WisdomTree Strategic Metals UCITS - USD Acc ETC ETF|EUR|12.67|23.5|-14.45|1.12|28.29||
IE000MAO75G5|CEBZ.DE|iShares Core MSCI Europe UCITS EUR (Acc) ETF|EUR|6.74|12.86|-9.57|0.95|14.19|17.63|
IE000BLN64M9|ENTR.DE|L&G New Energy Commodities UCITS ETF USD Acc|EUR|12.64|19.24|-9.72|1.4|28.86||14.6
IE0007WLHX89|3D3D.DE|Robeco 3D European Equity UCITS ETF EUR Acc|EUR|6.56|12.71|-9.25|1.17|16.91||21.0
IE0005B8WVT6|VE6I.DE|VanEck Sustainable Future of Food UCITS ETF|EUR|18.9|13.31|-9.31|-0.25|-1.33||14.2
IE0000XTDDA8|QAIU.DE|Global X Artificial Intelligence UCITS ETF USD Acc|EUR|26.48|25.8|-17.09|1.38|37.5||88.0
IE00B5MTWZ80|SC0X.DE|Invesco STOXX Europe 600 Optimised Technology UCITS Acc ETF|EUR|159.82|23.11|-18.06|0.29|8.81|25.08|6.7
LU0690964092|XGVD.DE|Xtrackers II Global Government Bond UCITS 1D EUR Hedged ETF|EUR|164.45|3.59|-5.36|-1.6|-3.76||
IE00BKPTXQ89|JMLP.DE|Alerian Midstream Energy Dividend UCITS ETF Dist|EUR|17.47|20.19|-11.02|1.09|24.09||81.5
LU3047998979|EDEF.DE|BNP Paribas Easy Bloomberg Europe Defense UCITS Distribution ETF|EUR|11.04|26.86|-20.3|-0.34|-7.1||562.7
IE00BDVPNV63|EXAG.DE|WisdomTree Enhanced Commodity ex-Agriculture UCITS EUR Hedged Acc ETF|EUR|17.3|22.19|-17.66|1.92|44.69||
IE000MJIXFE0|WEBC.DE|Amundi MSCI North America ESG Broad Transition UCITS Dist ETF|EUR|145.54|11.74|-8.07|1.51|19.73||563.3
LU0322253732|DX2I.DE|Xtrackers MSCI Europe Screened UCITS 1C ETF|EUR|204.4|25.08|-16.43|0.46|13.54||99.7
IE00BWBXM500|ZPDF.DE|StSt SPDR S&P US Financials Sel Sctr UCITS ETF Acc|EUR|56.94|14.17|-12.75|0.32|6.53||739.6
IE00BP3QZJ36|IS3U.DE|iShares MSCI France UCITS EUR (Acc) ETF|EUR|62.23|14.02|-10.86|-0.05|1.3|17.51|224.8
IE000SBU19F7|SMTV.DE|VanEck Morningstar US SMID Moat UCITS ETF USD A|EUR|22.02|12.12|-8.09|0.68|10.2||13.3
LU3061478973|XDEF.DE|Xtrackers Europe Defence Technologies UCITS ETF 1C|EUR|29.9|25.0|-18.49|-0.27|-4.85|30.98|41.7
IE00BS7K8821|SYB4.DE|StSt SPDR BBG 3-5 Year Euro Govt Bd UCITS ETF Dis|EUR|28.16|3.05|-3.27|-1.19|-1.62||30.3
IE00BLCHJT74|SN5R.DE|Global X Internet of Things UCITS ETF USD Acc|EUR|17.28|24.45|-15.34|1.3|33.84||2.7
IE000MRIQ479|LDGA.DE|L&G Global Quality Dividends UCITS ETF USD Acc|EUR|10.45|17.33|-12.75|0.27|6.72||426.1
IE000893FCN6|H417.DE|HSBC PLUS EM Eq Inc Quant Active UCITS ETF USD Dis|EUR|12.22|29.59|-15.61|1.17|36.72||107.0
IE00B3F81409|EUNU.DE|iShares Core Gl Aggregate Bd UCITS ETF USD Dis|EUR|3.75|4.0|-3.82|-0.53|-0.13||
IE000O58J820|V3YA.DE|Vanguard ESG N America All Cap UCITS ETF USD Acc|EUR|8.27|13.19|-9.6|1.44|20.98||337.0
IE000E0V65D8|XBI0.DE|Xtrackers World Biodiversity Focus SRI UCITS 1C ETF|EUR|58.87|24.63|-17.99|0.74|20.19||20.4
IE000N70F6V6|CNUB.DE|UBS MSCI India SF ETF ETF|EUR|7.48|22.66|-28.45|-1.17|-24.49||208.7
IE00BF3N7102|IBC2.DE|iShares USD High Yield Corp Bond UCITS EUR Hedged (Dist) ETF|EUR|3.75|3.85|-2.98|-0.72|-0.78||
IE000HARFTG3|VEGE.DE|Vanguard EUR Eurozone Government 1-3 Year Bond UCITS EUR Distributing ETF|EUR|4.93|1.42|-1.26|-1.28|0.19||164.6
LU2300294316|ECR1.DE|Amundi EUR Corporate Bond 0-1Y ESG - UCITS DR (C) ETF|EUR|55.34|0.55|-0.11|0.06|2.03||512.6
IE00BK8JH525|SPFD.DE|StSt SPDR BBG EM Loc Bd USD BCCYHEUR UCITS ETF Acc|EUR|27.54|7.57|-6.7|-0.4|-1.05||
LU0468897110|D5BC.DE|Xtrackers II Germany Government Bond 1-3 UCITS 1D ETF|EUR|137.74|1.33|-1.08|-1.05|0.61||25.8
IE00BMDBMT65|ESGP.DE|Invesco MSCI Pac ex Japan Univ Scrnd UCITS ETF Acc|EUR|52.12|11.83|-6.31|0.87|12.28||86.6
LU0592215403|XPQP.DE|Xtrackers MSCI Philippines UCITS 1C ETF|EUR|1.24|29.51|-19.19|-0.2|-3.77||43.7
LU1215452928|UIMZ.DE|UBS Factor MSCI EMU Prime Value Screened UCITS EUR dis ETF|EUR|25.43|11.82|-8.7|1.76|22.81|14.67|75.2
IE00BZ036J45|XDGE.DE|Xtrackers USD Corporate Bond UCITS 2D EUR Hedged ETF|EUR|9.63|5.48|-7.1|-1.35|-5.41||
IE00BRB36B93|XDNE.DE|Xtrackers MSCI Japan ESG Screened UCITS 3C EUR Hedged ETF|EUR|45.65|20.99|-9.96|1.75|38.63||
IE0005TF96I9|CIB0.DE|Vaneck Medical Robotics Bionic Ucits Etf|EUR|16.41|19.52|-23.47|-0.29|-3.74||14.0
IE0007M3MLF3|WGRU.DE|WisdomTree Global Qual Div Gro UCITS ETF EURH Acc|EUR|21.99|11.91|-9.45|0.55|8.54||
DE000A0F5UG3|EXXV.DE|iShares Dow Jones Eurozone Sustainability Screened UCITS (DE) ETF|EUR|22.58|16.03|-11.09|0.58|11.32|18.24|214.3
IE00BMDWYZ92|JPCT.DE|JPM Carbon Transition Global Equity (CTB) UCITS - USD (acc) ETF|EUR|48.35|12.12|-8.78|1.28|17.56||
LU1737652823|10AJ.DE|Amundi FTSE EPRA NAREIT Global UCITS Dist ETF|EUR|53.62|11.28|-9.75|0.38|6.26|20.56|
LU0629460675|UIMR.DE|UBS MSCI EMU Socially Responsible UCITS EUR dis ETF|EUR|141.32|14.4|-11.17|0.34|6.94|18.29|
IE00BD0B9B76|OPEN.DE|iShares Inclusion and Diversity UCITS ETF USD A|EUR|10.8|13.31|-8.16|2.2|31.21||87.9
IE00BNDS1Q47|V3GE.DE|Vanguard ESG Global Corporate Bond UCITS EUR Hedged - Dist ETF|EUR|3.84|3.88|-4.32|-1.31|-3.09||
IE00BMP3HG27|UBUM.DE|UBS S&P Dividend Aristocrats ESG Elite UCITS USD dis ETF|EUR|11.04|24.1|-15.81|0.63|17.06||
IE00BDZCKK11|QVMP.DE|Invesco S&P 500 QVM UCITS ETF Dist|EUR|68.51|12.84|-8.04|1.45|20.67||66.6
IE00023EZQ82|CBUN.DE|ishares Digital Entertainment and Education Ucits Etf Usd Acc|EUR|13.48|21.76|-17.83|1.29|30.17||68.3
IE00BMDPBZ72|FLX5.DE|Franklin S&P 500 Paris Aligned Climate UCITS ETF|EUR|57.24|12.06|-9.43|1.47|19.76||352.3
LU1812091194|LEEU.DE|Amundi FTSE EPRA Europ Real Estate UCITS ETF EUR D|EUR|27.68|15.9|-16.88|-0.48|-5.62||25.9
IE00B02KXH56|IQQJ.DE|iShares MSCI Japan UCITS ETF USD (Dist)|EUR|23.02|28.56|-16.38|1.14|34.67||5092.7
DE000A1EK0H1|XAD3.DE|Xtrackers Physical Platinum Euro Hedged ETC|EUR|89.47|48.32|-46.28|0.14|8.65||
IE00BLCHJH52|R4RU.DE|Global X Renw Energy Producers UCITS ETF USD Acc|EUR|10.12|21.33|-20.03|0.16|5.42||11.3
LU0659579147|XBAK.DE|Xtrackers MSCI Pakistan Swap UCITS 1C ETF|EUR|1.5|36.38|-24.86|-0.04|0.48||22.6
LU1291098827|EMUX.DE|BNP Paribas Easy MSCI EMU Min TE UCITS ETF C|EUR|20.26|14.75|-10.23|0.8|13.76|17.81|1933.4
LU2082999132|6TVL.DE|Amundi STOXX Europe 600 Consumer Discretionary UCITS Dist ETF|EUR|35.21|18.55|-18.82|-0.58|-8.83|14.89|94.6
IE000Y83YZ44|QGRG.DE|WisdomTree Global Quality Growth UCITS - USD Acc ETF|EUR|28.85|16.61|-12.22|1.12|20.64||5.1
IE00BYV1Y969|FUSU.DE|Fidelity US Quality Income UCITS - Acc-EUR Hedged ETF|EUR|12.18|10.58|-8.28|0.98|12.32||
IE00BMDBMN04|GRON.DE|iShares EUR Green Bond UCITS EUR (Dist) ETF|EUR|3.83|4.33|-4.78|-1.04|-2.5||125.4
LU0599613147|OSX6.DE|OSSIAM Stoxx Europe 600 EqualWeightNR UCITS ETF 1C|EUR|154.02|12.72|-10.3|0.76|11.72||212.2
LU1834985845|LFOD.DE|Amundi STOXX Europe 600 Consum Staples UCITS ETF A|EUR|90.5|15.66|-11.84|0.08|3.25|19.73|95.0
IE000HFBJ0U0|QJUN.DE|First Trust Vest NASDAQ100ModBffr UCITS ETFJunAUSD|EUR|20.59|8.47|-4.97|1.39|13.78||105.7
IE00BMDBMV87|ESGJ.DE|Invesco MSCI Japan Univ Screened UCITS ETF Acc|EUR|62.22|20.16|-10.4|1.57|33.73||13.7
IE0001FQFU60|WMSE.DE|Amundi MSCI World Momentum Advanced UCITS ACC ETF|EUR|13.32|17.3|-8.74|1.25|23.59||642.9
IE000XD7KCJ7|RA7Z.DE|Global X Solar UCITS ETF USD Acc|EUR|7.97|32.02|-37.14|-0.51|-14.48||10.1
IE00BMVB5N38|V40D.DE|Vanguard LifeStrategy 40% Equity UCITS ETF EUR Dis|EUR|26.94|5.39|-4.12|0.73|5.94||290.3
IE00BMYMHS24|ASWE.DE|Saturna Al Kawthar Gl Focused Equity UCITS ETF Acc|EUR|10.86|14.42|-6.91|1.08|17.6||21.9
LU2018762653|UCT2.DE|Amundi US Curve steepening 2-10Y UCITS ETF Acc|EUR|89.16|5.84|-3.52|0.59|5.43||
IE00BLRPQH31|RIZF.DE|Rize Sustainable Future of Food UCITS ETF USD Acc|EUR|3.28|15.25|-11.4|0.07|3.08||61.4
IE000VMAR5O6|XBEE.DE|Xtrackers Europe Biodiversity Focus SRI UCITS 1C ETF|EUR|43.56|13.35|-10.0|0.92|14.24|18.08|10.2
IE000MO2MB07|WTRE.DE|WisdomTree New Economy Real Est UCITS ETF USD Acc|EUR|25.76|19.61|-13.63|0.12|4.42||23.4
IE000CR3ZDF9|CBU2.DE|iShares Aggregate Bond ESG SRI UCITS ETF|EUR|5.31|3.98|-4.65|-1.11|-2.44||1681.2
IE00B469F816|SPYM.DE|State Street SPDR MSCI Emerging Markets UCITS ETF|EUR|94.05|21.91|-13.54|1.44|33.52||2266.4
FR0010790980|AE50.DE|Amundi Stoxx Europe 50 UCITS ETF Acc|EUR|149.38|12.94|-9.54|1.0|14.89|18.87|510.5
LU0480132876|UIMI.DE|UBS Core MSCI EM UCITS ETF USD dis|EUR|152.2|30.56|-17.2|1.05|34.08||12689.2
IE00BMH5XY61|E61Z.DE|Global X E-commerce UCITS ETF USD Acc|EUR|11.65|20.94|-25.08|-0.92|-17.25||4.4
LU1615092217|EMWE.DE|BNPP Easy MSCI World SRI PAB UCITS ETF|EUR|24.43|11.69|-8.26|1.28|17.0||
FR0011857234|MD4X.DE|Amundi MDAX UCITS Dist ETF|EUR|142.9|18.48|-14.63|-0.19|-1.5|15.63|198.9
IE0000VKUF67|FEIA.DE|Fidelity EUR Corp Bd Rs Enh PAB UCITS ETF Acc EUR|EUR|5.28|3.22|-2.97|-0.95|-1.05||
IE00BZ0G8977|SYBY.DE|StSt SPDR Bloomberg U.S. TIPS UCITS ETF Dist|EUR|24.06|5.58|-3.98|0.0|2.02||
IE00B87G8S03|IS0Z.DE|iShares Global AAA-AA Govt Bd UCITS ETF USD D|EUR|68.28|21.59|-15.37|-0.06|0.8||230.5
IE00BZ0G8B96|ZPDJ.DE|StSt SPDR MSCI Japan UCITS ETF|EUR|81.87|20.28|-9.98|1.61|34.75||
IE00079EUF59|BSE8.DE|Invesco BulletShares 2028 EUR Corporate Bond UCITS - Acc ETF|EUR|5.57|2.17|-1.7|-0.56|0.78||16.3
IE00B5MTZ595|SC04.DE|Invesco STOXX Europe 600 Optimised Personal & Household Goods UCITS Acc ETF|EUR|660.5|17.87|-15.34|-0.51|-7.12|18.94|5.6
IE000GDU4WA8|ZINS.DE|Jupiter Global Government Bd Active UCITS ETF Acc|EUR|9.06|22.55|-16.65|0.04|2.8||18.4
IE000J6CHW80|EM1A.DE|VanEck US Fallen Angel High Yield Bond UCITS ETF|EUR|21.64|5.85|-3.31|0.24|3.38||68.7
LU2823896811|BJLW.DE|BNPPE ESG Enh EUR Crp Bd December 2029 UCITS ETF C|EUR|10.68|2.59|-2.21|-0.73|0.11||35.5
LU2037749152|PR1P.DE|Amundi Core USD Corporate Bond UCITS Dist ETF|EUR|15.12|22.2|-16.84|-0.08|0.22||
IE00BF2B0P08|FLXU.DE|Franklin U.S. Equity UCITS ETF|EUR|69.41|12.7|-5.76|1.55|21.64||77.0
IE000RLUE8E9|PAUS.DE|Invesco MSCI USA ESG Climate PA UCITS ETF Acc|EUR|6.54|14.44|-15.54|1.06|17.27||1.7
IE00BKT1CS59|SNAZ.DE|iShares J.P. Morgan USD EM Corp Bond UCITS EUR Hedged (Acc) ETF|EUR|4.99|3.53|-3.31|-0.98|-1.46||
IE000Q9IHH10|EUCL.DE|iShares   AAA CLO Active UCITS ETF EUR (Acc)|EUR|1043.5|0.77|-0.3|1.8|3.39||
IE00BKFB6L02|UEQC.DE|UBS CMCI Commodity Carry SF UCITS USD acc ETF|EUR|121.0|30.93|-35.52|-0.52|-13.98||
IE0006FIW9Z0|JEQE.DE|JPM Nasdaq Equity Premium Income Active UCITS EUR Hedged dist ETF|EUR|22.76|14.34|-8.52|0.99|16.17||
IE00BMX0B524|VGUE.DE|Vanguard U.K. Gilt UCITS EUR hedged - Acc ETF|EUR|19.81|6.66|-6.23|-0.43|-0.88||
LU2099992187|CHST.DE|UBS BBG MSCI Gl Liq Crp Sust UCITS ETF hEUR dis|EUR|8.75|4.1|-5.05|-1.35|-3.51||
IE000GEHNQU9|WELL.DE|Amundi S&P World Information technology Screened UCITS Dist ETF|EUR|29.12|21.53|-16.18|1.54|35.13|35.79|1941.4
LU1310477036|AH50.DE|Xtrackers Harvest CSI A500 UCITS 1D ETF|EUR|28.75|21.08|-14.58|0.15|5.12||13.9
IE000PYEKKW0|CEML.DE|iShares MSCI Europe Quality Dividend Advanced UCITS EUR (Acc) ETF|EUR|5.69|10.51|-8.21|1.04|12.97|18.08|
IE000RN036E0|FTGT.DE|First Trust Alerian Dsrptv Tech RE UCITS ETF A USD|EUR|18.34|13.13|-8.27|0.42|7.52||1.1
LU2859392081|GTIL.DE|Xtrackers World Green Tech Innovators UCITS ETF 1C|EUR|35.04|11.62|-8.69|1.27|16.74||18.7
IE000RSCXLM4|JAUS.DE|JPM US Equity Active UCITS ETF - USD (acc)|EUR|33.84|11.62|-8.35|1.08|14.6||
IE0004TFW0R5|MWOU.DE|Amundi MSCI USA ESG Leaders Extra UCITS Acc EUR Hedged ETF|EUR|13.17|14.08|-11.99|0.86|14.06||
LU1377381717|VLEU.DE|BNP Paribas Easy Low Vol Europe UCITS ETF C|EUR|216.75|11.47|-10.14|0.78|10.96|17.29|62.6
LU0643975161|X03G.DE|Xtrackers II Germany Government Bond UCITS 1C ETF|EUR|173.05|3.84|-4.44|-0.97|-1.73||
IE000PWGE381|BCFM.DE|UBS Nasdaq-100 ESG Enhanced UCITS ETF USD acc|EUR|18.84|29.22|-20.14|1.28|39.38||3.2
IE000AN3AFZ1|JOGS.DE|Jupiter Origin Global Smaller Companies Active UCITS Accumulating ETF|EUR|10.01|23.22|-16.71|-0.08|0.08||19.7
IE000ZUTO1I5|GQJY.DE|Goldman Sachs Alpha Enhanced Japan Equity Active UCITS Class JPY Acc ETF|EUR|27.02|19.63|-10.49|1.72|35.69||120579.7
LU2641054122|XE01.DE|Xtrackers II Eurozone Government Bond 0-1 UCITS ETF|EUR|35.63|0.25|-0.08|-0.23|1.94||18.8
IE00BD34DK07|UEQD.DE|UBS Core S&P 500 UCITS hEUR acc ETF|EUR|36.09|12.43|-8.71|0.98|14.13||
IE00005YSIA4|JREI.DE|JPM Japan Rsrch Enh Idx Equity Actv UCITS ETF USDD|EUR|36.15|20.38|-9.65|1.57|33.94||
LU2023678878|EBUY.DE|Amundi MSCI Digital Economy UCITS ETF Acc|EUR|22.61|30.68|-29.99|0.86|28.25||124.0
IE00BC7GZX26|SYBF.DE|State Street SPDR Bloomberg 0-3 Year U.S. Corporate Bond UCITS ETF|EUR|43.62|5.33|-3.17|0.93|6.95||103.6
FR0010261198|LYY5.DE|Amundi MSCI Europe UCITS ETF Acc|EUR|242.1|12.79|-9.61|0.96|14.33|17.76|621.2
LU1753045845|QUEJ.DE|BNP Paribas Easy MSCI Japan SRI PAB UCITS ETF|EUR|32.35|18.42|-10.45|1.23|24.66|23.45|36.6
IE000CR424L6|CBUD.DE|iShares MSCI Europe SRI UCITS EUR Hedged (Dist) ETF|EUR|5.59|13.14|-9.86|0.53|9.0|17.49|
LU1650488817|EGV5.DE|Amundi Euro Government Bond 3-5Y UCITS Dist ETF|EUR|128.76|2.82|-3.33|-1.32|-1.73||2086.0
IE000L0X6L81|GSXG.DE|Goldman Sachs Global Green Bond UCITS - Class EUR-Hedged (dist) ETF|EUR|46.96|3.66|-4.59|-1.16|-2.24||
IE00BWT3KL42|UBUW.DE|UBS Factor MSCI USA Prime Value Screened UCITS hEUR acc ETF|EUR|33.83|11.78|-8.66|0.61|9.13||
IE00BMZ17W23|UEEA.DE|iShares MSCI World SRI UCITS ETF EUR Hedged (Dist)|EUR|8.56|13.61|-8.96|0.92|14.58||
IE000O36LOH8|BS26.DE|Invesco BlltShs 2026 USD Crp Bd UCITS ETF Dist|EUR|4.75|5.53|-3.32|1.11|8.16||
IE0000CRTTJ9|LWCH.DE|Amundi MSCI World ESG Broad Transition UCITS EUR Hedged Acc ETF|EUR|11.61|12.02|-8.09|1.02|14.29|26.55|1657.0
NL0010731816|V3ET.DE|VanEck European Equal Weight Screened UCITS ETF|EUR|92.56|14.52|-10.25|0.66|11.56|14.88|89.5
IE00B5MTYL84|SC03.DE|Invesco STOXX Europe 600 Optimised Food & Beverage UCITS Acc ETF|EUR|386.5|16.73|-13.16|0.08|3.26|20.33|5.2
IE000FO05UG4|XISP.DE|Xtrackers S&P 500 Swap II UCITS - 1D ETF|EUR|37.61|30.91|-17.59|0.62|21.19||5812.2
LU2244386053|ASRF.DE|BNPP Easy EUR HY SRI Fossil Free UCITS ETF Cap|EUR|11.0|4.39|-3.74|-0.65|-0.84||605.2
IE00B4WXJG34|EUN9.DE|iShares   Govt Bond 5-7yr UCITS ETF EUR (Dist)|EUR|137.2|4.22|-5.18|-1.18|-2.98||613.7
LU2823895847|BJLX.DE|BNPPE ESG Enh EUR Crp Bd December 2032 UCITS ETF C|EUR|10.44|4.07|-4.1|-0.9|-1.69||44.8
DE000A0H08N1|EXH7.DE|iShares STOXX Europe 600 Personal & Household Goods UCITS (DE) ETF|EUR|88.47|18.03|-15.83|-0.51|-7.21|19.43|187.7
LU0292108619|DBX3.DE|Xtrackers MSCI EM Latin America Swap UCITS ETF|EUR|51.81|29.1|-13.71|0.93|29.11||135.9
IE000ARLR807|FYUI.DE|Fidelity USD HY Crp Bd Rs Enh PAB UCITS ETFInc USD|EUR|4.27|5.95|-3.04|1.63|11.67||
IE000QF66PE6|5ESE.DE|Invesco S&P 500 Scored & Screened UCITS - EUR Hedged ETF|EUR|89.46|12.32|-9.2|1.13|15.88||
IE000U6ABUJ7|IRFT.DE|First Trust RBA Amer Indust Rnssnc UCITS ETF A USD|EUR|22.99|25.65|-22.81|0.47|14.04||249.9
LU2755521270|DXPJ.DE|Xtrackers MSCI Pacific ex Japan UCITS ETF|EUR|10.3|24.34|-16.81|0.22|7.38||1538.4
IE000LYBU7X5|H41D.DE|HSBC MSCI World Value Screened UCITS ETF USD Acc|EUR|26.27|11.41|-6.41|2.0|24.83||334.9
IE00BFMNHK08|XZEU.DE|Xtrackers MSCI Europe ESG UCITS ETF|EUR|36.6|13.37|-10.33|0.61|10.21|19.54|1214.0
LU1852211991|MDBE.DE|UBS Sustainable Dev Bank Bonds UCITS ETF hEUR acc|EUR|9.94|2.55|-3.89|-1.65|-2.19||
LU1659681313|XU6C.DE|BNPP Easy MSCI Emerging SRI PAB UCITS ETF|EUR|133.72|18.67|-10.99|1.19|24.28||
IE000EPX8KB7|SPQH.DE|Global X S&P 500 Qtr Tail Hedge UCITS ETF USD Acc|EUR|18.94|7.01|-3.16|1.21|10.47||3.6
IE000AGCIYE6|JGAD.DE|JPM Global Aggregate Bond Active UCITS - EUR Hedged (dist) ETF|EUR|8.1|3.52|-4.43|-1.22|-2.31||
IE00BKWQ0D84|SPYC.DE|StSt SPDR MSCI Europe Consumer Staples UCITS ETF|EUR|226.4|15.49|-12.47|0.08|3.19|19.16|144.5
IE000ENYES77|WELY.DE|Amundi S&P World Financials Screened UCITS Dist ETF|EUR|18.33|13.32|-9.52|1.17|17.58|15.05|1312.7
IE00B27YCF74|IUSB.DE|iShares Global Timber & Forestry UCITS ETF USD D|EUR|19.93|17.57|-20.32|-0.37|-4.43||89.2
IE000AXIKJM8|AIUT.DE|BNP PARIBAS EASY II MSCI USA PAB UCITS USD Acc ETF|EUR|14.76|13.82|-11.3|1.14|17.73||49.5
IE000CQQ22C8|JPVE.DE|JPM US Val Eq Active UCITS ETF - EUR Hedged (acc)|EUR|32.81|11.27|-8.09|1.17|15.14||
LU2697597552|BJLM.DE|BNP Paribas Easy ESG Enhcd EUR Govt Bd UCITS ETF C|EUR|10.01|4.84|-5.3|-1.04|-3.06||171.7
IE000FI414K7|UKPH.DE|iShares UK Property UCITS EUR Hedged (Acc) ETF|EUR|3.92|19.96|-17.69|0.17|5.36||
LU0950669845|AW1T.DE|UBS MSCI EMU Value UCITS EUR acc ETF|EUR|22.67|13.15|-8.88|1.27|18.77|13.43|437.9
IE00BDQYWQ65|SXRH.DE|iShares $ TIPS 0-5 UCITS ETF USD Dist|EUR|4.32|5.97|-3.74|0.46|4.77||
IE000SU1VJ03|WDSD.DE|StSt SPDR MSCI World Small Cap UCITS ETF Dist|EUR|12.07|13.7|-7.27|1.32|20.09||2062.3
IE000TGSG3Y5|GAUG.DE|First Trust Vest U.S. Equity Moderate Buffer UCITS ETF|EUR|33.7|6.01|-2.98|1.93|13.6||24.5
IE00BKP5L730|SLMG.DE|iShares JP Morgan Advanced $ EM Bond UCITS EUR Hedged (Acc) ETF|EUR|4.75|5.67|-5.43|-0.68|-1.83||
XS2284324667|WNRG.DE|WisdomTree Multi Asset Issuer PLC Energy Enhanced EUR Daily Hedged ETC|EUR|54.28|41.45|-24.77|1.74|74.18||
IE000FNVOB27|HP8E.DE|HSBC MSCI EM Climate Paris Aligned UCITS ETF USD|EUR|19.41|21.85|-13.62|1.24|29.06||
IE000KF370H3|WTEF.DE|WisdomTree US Efficient Core UCITS - USD Acc ETF|EUR|38.83|25.84|-19.77|0.58|16.91||21.4
IE00BF4G7076|JREU.DE|JPM US Research Enhanced Index Equity Active UCITS USD (acc) ETF|EUR|68.41|11.39|-6.81|1.62|20.5||
LU1645381689|FRC4.DE|UBS BBG Euro Inflation Linked 10+ UCITS EUR dis ETF|EUR|13.98|7.02|-9.25|-1.04|-5.32||14.7
LU1291104575|ENOA.DE|BNP Paribas Easy MSCI USA Min TE UCITS ETF C|EUR|31.57|11.88|-7.7|1.57|20.68|25.97|
LU1737653631|10AK.DE|Amundi Core Global Government Bond UCITS Dist ETF|EUR|42.76|4.03|-3.11|-0.66|-0.68||
IE0003JSNHV9|JEGS.DE|JPM Gbl RsrchEnhIdx Eqt SRI PA Atv UCITS ETF EURA|EUR|36.77|11.44|-8.23|1.44|18.52||
LU2533810862|BJLG.DE|BNP Paribas Easy JPMTilted EMU GovernmentBond IG - UCITS Capitalisation ETF|EUR|10.75|1.46|-1.3|-1.33|0.06||795.0
LU1852212965|MDBU.DE|UBS Sustainable Dev Bank Bonds UCITS ETF USD dis|EUR|9.34|5.08|-3.81|0.35|3.76||
LU2439734141|8OUU.DE|Amundi Global Aggregate Bond ESG UCITS DR (C) ETF|EUR|41.5|3.56|-2.86|-0.72|-0.55||
LU2611732806|AK8C.DE|Amundi Global Government Tilted Green Bond UCITS DIST ETF|EUR|17.65|21.84|-16.32|-0.11|-0.33||
LU0942970103|XBAG.DE|Xtrackers II ESG Global Aggregate Bond UCITS 1D ETF|EUR|33.25|21.66|-15.72|-0.1|-0.11||
LU1681046774|KX1G.DE|Amundi Euro Lwst Rtd IG Gov Bond UCITS ETF Acc|EUR|225.35|4.74|-5.28|-1.03|-2.88||1305.6
FR0007056841|DJAM.DE|Amundi Dow Jones Industrial Average UCITS ETF Dist|EUR|463.35|11.73|-7.34|1.22|16.33|21.53|358.4
LU0322253229|DX2E.DE|Xtrackers S&P Global Infrastructure Swap UCITS 1C ETF|EUR|66.71|23.57|-15.11|0.23|7.39||702.4
IE00BWBXM278|ZPDD.DE|StSt SPDR S&P US Con Dis Sel Sector UCITS ETF Acc|EUR|61.84|20.01|-13.91|-0.09|0.16||135.7
LU1563454823|KLMH.DE|Amundi Global Aggregate Green Bond UCITS EUR Hedged Acc ETF|EUR|45.93|5.15|-5.19|-0.92|-2.76||
LU1215451524|UIM2.DE|UBS Factor MSCI EMU Quality Screened UCITS EUR dis ETF|EUR|27.75|13.6|-10.85|0.28|5.84|21.63|
IE00BH4G7D40|36BA.DE|iShares USD Corp Bond ESG UCITS EUR Hedged (Dist) ETF|EUR|3.73|4.68|-5.63|-1.32|-4.18||
IE000ATRYEA4|CEMI.DE|iShares MSCI USA SRI UCITS EUR Hedged (Acc) ETF|EUR|5.97|13.73|-9.0|0.96|15.14||
IE000SGVQIZ9|W450.DE|HSBC MSCI Pacific ex Japan UCITS ETF USD Acc|EUR|18.61|23.71|-16.86|0.5|13.93||1415.8
LU2082997946|EGV1.DE|Amundi STOXX Europe 600 Insurance UCITS Dist ETF|EUR|107.74|14.21|-7.5|0.62|10.86|12.81|164.6
LU1750178011|M9SV.DE|Market Access STOXX China A Minimum Variance Index UCITS - EUR Share Class ETF|EUR|138.48|10.23|-7.28|-0.28|-0.82|13.73|37.2
IE00BNKF6C99|XZEC.DE|Xtrackers Stoxx European Market Leaders UCITS 1C ETF|EUR|64.01|13.57|-11.27|0.26|5.49|20.76|7.2
IE000I2WYEU9|31IG.DE|iShares iBonds Dec 2031 Term Corp UCITS EUR (Dist) ETF|EUR|4.88|3.55|-3.41|-0.9|-1.19||473.9
IE000IEGVMH6|WEBI.DE|Amundi Core MSCI USA UCITS Dist ETF|EUR|52.58|24.68|-18.04|0.76|20.82||
IE00BLDGH447|SECD.DE|iShares EUR Govt Bond Climate UCITS EUR (Dist) ETF|EUR|3.88|4.51|-5.53|-1.1|-2.95||
IE000C5Q64P6|BS29.DE|Invesco BlltShs 2029 USD Crp Bd UCITS ETF Dist|EUR|4.58|4.88|-3.21|0.68|5.31||
NL0010273801|VIGB.DE|VanEck iBoxx EUR Sov Cp AAA-AA 1-5 UC ETF|EUR|18.77|5.12|-3.06|-0.53|-0.73||50.4
IE000XNILW20|WSDG.DE|WisdomTree Global Sustainable Equity UCITS - USD Acc ETF|EUR|30.33|24.91|-16.12|0.83|22.62||86.7
LU2194447293|BJLE.DE|BNPPE ECPI Global ESG Blue Economy UCITS ETF C|EUR|18.48|10.53|-6.34|1.16|14.2|20.11|
DE000A0H08L5|EXH6.DE|iShares STOXX Europe 600 Media UCITS (DE) ETF|EUR|32.8|21.1|-24.25|-0.42|-6.79|21.41|16.8
IE00BNG8L385|V3AL.DE|Vanguard ESG Global All Cap UCITS ETF (USD) Dist|EUR|7.31|13.18|-8.14|1.51|21.94||1862.5
LU1169821029|CHSC.DE|UBS MSCI United Kingdom UCITS ETF hEUR dis|EUR|3.03|12.15|-9.02|0.85|12.37||
IE00BYX8XD24|IS31.DE|iShares Edge S&P 500 Minimum Volatility UCITS EUR Hedged (Acc) ETF|EUR|11.13|8.74|-6.68|0.73|8.37||
IE00004S2680|VEGF.DE|Vanguard EUR Eurozon Gov 1-3Y Bond UCITS ETF EUR A|EUR|5.09|1.4|-1.26|-1.31|0.17||164.6
IE00B7J7TB45|IS0X.DE|iShares Global Corp Bond UCITS ETF USD Dist|EUR|75.37|4.26|-3.65|-0.17|1.26||
LU1974693662|UIQG.DE|UBS JPM Gl Gov ESG Liquid Bond UCITS ETF USD acc|EUR|8.34|3.76|-2.92|-0.69|-0.61||
IE000ANYHV73|WELR.DE|Amundi S&P World Communication Services Screened UCITS Dist ETF|EUR|19.94|18.44|-14.7|0.03|2.51|17.58|266.3
IE000TY854T9|CEB2.DE|iShares Japan Govt Bond UCITS EUR Hedged (Acc) ETF|EUR|4.67|4.4|-6.23|-1.71|-5.51||
IE00B53H0131|UIQK.DE|UBS CMCI Composite SF UCITS ETF USD acc|EUR|133.96|25.78|-15.84|1.52|41.17||
IE000AIFGRB9|WDEE.DE|Invesco S&P World Energy Trgtd & Scr UCITS ETF Acc|EUR|7.13|29.45|-14.37|1.06|33.3||34.0
LU1834988864|LUTI.DE|Amundi STOXX Europe 600 Utilities UCITS ETF Acc|EUR|99.95|15.47|-9.2|1.34|22.73|24.11|
IE000HGH8PV2|5PAH.DE|Global X S&P 500 Annual Tail Hdg UCITS ETF USD Acc|EUR|18.25|5.96|-2.9|2.16|14.91||0.8
IE00BN4GXL63|TABC.DE|Janus Henderson EUR IG Bond Paris-aligned Climate Active Core UCITS ETF|EUR|9.77|3.31|-3.07|-0.94|-1.1||
IE00BF2FNQ44|TRD7.DE|Invesco US Treasury Bond 3-7 Year UCITS ETF Dist|EUR|32.35|5.22|-3.97|0.15|2.79||
IE000D5R9C23|AZEH.DE|iShares Asia ex Japn Eqty Enh Actv UCITS ETF USD A|EUR|8.03|30.81|-16.99|1.23|39.91||108.7
IE00BGQYRQ28|XUCS.DE|Xtrackers MSCI USA Consumer Staples UCITS ETF 1D|EUR|42.83|15.89|-8.36|0.59|11.34||107.1
LU1291097779|EMKX.DE|BNPP Easy MSCI Emerging Min TE UCITS ETF EUR C|EUR|17.75|22.04|-13.18|1.46|34.27||
LU1737652583|AEMD.DE|Amundi Core MSCI Emerging Markets UCITS EUR Dist ETF|EUR|77.66|21.9|-13.55|1.45|33.8||
IE00B02KXL92|IQQM.DE|iShares EURO STOXX Mid UCITS ETF EUR (Dist)|EUR|86.69|11.58|-8.21|1.12|15.02|15.77|595.5
LU1720938841|UEFE.DE|UBS JPM EM Mlt-Fc Enhcd LC Bond UCITS ETF USD dis|EUR|11.33|22.14|-13.91|0.27|7.91||84.7
IE000AV35A01|JESM.DE|JPM Global Emerging Markets Research Enhanced Index Equity SRI Paris Aligned Active UCITS - EUR (acc) ETF|EUR|36.99|22.98|-14.52|1.54|37.31||
IE00BDGN9Z19|XMVE.DE|Xtrackers MSCI EMU Screened UCITS - 1D ETF|EUR|38.94|14.72|-10.11|0.75|13.1|17.52|12.0
IE00BYVTMS52|EQEU.DE|Invesco EQQQ NASDAQ-100 UCITS ETF EUR Hdg Acc|EUR|530.2|18.45|-12.02|1.08|21.91||
LU2439119236|ACUU.DE|Amundi MSCI AC Far East Ex Japan ESG Selection - UCITS DR - USD (C) ETF|EUR|64.54|28.23|-17.94|0.51|16.52||
IE00BYV12Y75|SYBR.DE|StSt SPDR BBG 1-10 Y U.S. Corpo Bd UCITS ETF Dist|EUR|25.64|4.93|-3.47|0.36|3.75||698.2
IE00B7K93397|UBU9.DE|UBS Core S&P 500 UCITS ETF USD dis|EUR|111.01|24.63|-17.64|0.78|21.23||
IE00BHZPJ346|EMNJ.DE|iShares MSCI Japan CTB Enh ESG UCITS ETF USD D|EUR|8.28|20.82|-10.68|1.53|33.77||
IE000HYFO765|GQUS.DE|Goldman Sachs Alp Enh US Eq Actv UCITS ETF USD Acc|EUR|13.03|11.5|-7.3|1.57|20.02||399.6
LU1681039647|TCC4.DE|Amundi EUR Corporate Bond ESG UCITS ETF 2 DR EUR C|EUR|224.69|3.13|-2.96|-0.94|-0.94||
LU2881684745|BJL6.DE|BNP Paribas Easy ESG Enhanced Europe UCITS ETF C|EUR|12.67|13.07|-10.6|0.99|14.96||731.8
IE00BN4Q0370|AW10.DE|UBS MSCI World ex USA Climate Paris Aligned UCITS USD acc ETF|EUR|23.1|25.02|-16.56|0.51|14.78||65.8
LU0322252338|DXS6.DE|Xtrackers MSCI Pacific ex Japan Screened UCITS ETF|EUR|82.32|26.19|-16.98|0.16|6.27||1538.4
IE000RN58M26|CBUV.DE|iShares Metaverse UCITS ETF USD (Acc)|EUR|11.48|19.53|-20.3|0.52|12.15||97.2
IE00093SKUY4|CEBX.DE|iShares US Aggregate Bond UCITS EUR Hedged (Dist) ETF|EUR|4.7|3.65|-5.69|-1.61|-3.87||
LU0446734526|UIMD.DE|UBS MSCI Pacific ex Japan UCITS ETF USD dis|EUR|47.73|23.97|-16.88|0.5|13.86||124.9
LU1215454460|UIMY.DE|UBS Factor MSCI EMU Low Volatility UCITS EUR dis ETF|EUR|18.33|9.71|-7.97|0.77|9.5|15.73|8.8
LU0249326488|M9SA.DE|Market Access Jim Rogers International Commodity Index ETF|EUR|40.42|22.68|-13.59|2.15|50.69||60.1
IE0007ILCZU4|JAUD.DE|JPM US Equity Active UCITS ETF - USD (dist)|EUR|33.49|11.55|-8.49|1.09|14.59||
LU2697596745|BJLN.DE|BNP Paribas Easy ESG Enhcd EUR Corp Bd UCITS ETF C|EUR|10.7|3.37|-3.16|-0.95|-1.2||99.1
LU1931975319|PR1S.DE|Amundi Core US Treasury Bond UCITS ETF Dist|EUR|16.35|22.06|-16.68|0.01|2.21||26.0
LU0476289540|D5BH.DE|Xtrackers MSCI Canada Screened UCITS 1C ETF|EUR|110.26|25.26|-16.1|0.67|18.93||1443.3
DE000A2QP4A8|EXHG.DE|iShares STOXX Europe 600 Automobiles & Parts UCITS (DE) EUR (Acc) ETF|EUR|4.44|22.11|-20.48|-0.98|-19.65|11.31|196.6
IE000XFXBGR0|CSY8.DE|UBS MSCI USA Small Cap Selection UCITS ETF USD acc|EUR|194.16|15.13|-6.99|1.34|22.24||321.8
IE000XERHYF0|3DUS.DE|Robeco 3D US Equity UCITS ETF USD Acc|EUR|6.21|12.06|-7.3|1.69|22.34||
IE00BGPP6473|CBUE.DE|iShares USD Treasury Bond 3-7yr UCITS EUR Hedged (Dist) ETF|EUR|3.98|3.1|-4.93|-1.54|-2.79||
IE000A0RC215|BS28.DE|Invesco BlltShs 2028 USD Crp Bd UCITS ETF Dist|EUR|4.66|5.09|-3.17|0.88|6.5||
IE000N9MLVT1|XECT.DE|Xtrackers MSCI Europe Climate Transition UCITS ETF|EUR|46.56|13.4|-11.2|0.85|13.42|17.84|17.2
NL0009690247|TCBT.DE|VanEck iBoxx EUR Corporates UCITS ETF|EUR|16.37|5.33|-4.29|-0.7|-1.7||35.2
IE00B5MTXK03|SC0Z.DE|Invesco STOXX Europe 600 Optimised Utilities UCITS Acc ETF|EUR|398.85|15.68|-9.35|1.3|22.44|17.81|7.1
DE0002635265|EXHE.DE|iShares Pfandbriefe UCITS (DE) ETF|EUR|94.6|2.66|-3.06|-1.01|-0.7||422.6
IE0000EAPBT6|JEIA.DE|JPMorgan US Eqt Premium Inc Active UCITS ETF USD A|EUR|24.77|7.65|-5.05|1.21|11.22||
IE00BK72HH44|4UB9.DE|UBS MSCI World SR UCITS ETF USD dis|EUR|23.74|13.31|-9.64|1.38|20.4||
DE000A0H08J9|EXH4.DE|iShares STOXX Europe 600 Industrial Goods & Services UCITS (DE) ETF|EUR|117.82|20.24|-13.28|0.37|9.5|27.98|587.6
IE0002SCQ8X0|CEB3.DE|iShares MSCI Japan ESG Enhanced CTB UCITS EUR Hedged (Acc) ETF|EUR|8.72|21.05|-10.66|1.74|38.57||
IE00BF2FN752|TRXA.DE|Invesco US Treasury Bond 7-10 Year UCITS Acc ETF|EUR|37.73|5.78|-5.11|-0.25|0.58||
IE000G8WOLX8|US4E.DE|State Street SPDR S&P 400 U.S. Mid Cap UCITS ETF|EUR|34.84|14.39|-8.26|0.62|10.97||
LU1048316647|UEF9.DE|UBS Core BBG US Liquid Corp UCITS ETF USD dis|EUR|12.34|5.59|-5.1|-0.21|0.81||
IE00B9KNR336|ZPRA.DE|State Street SPDR S&P Pan Asia Dividend Aristocrats UCITS ETF|EUR|50.14|10.14|-5.57|1.21|14.22||250.7
IE00BYXPXK00|IS07.DE|iShares Edge MSCI World Multifactor UCITS EUR Hedged (Acc) ETF|EUR|12.29|12.54|-7.0|1.47|20.38||
IE00BKVKW020|FVD.DE|First Trust Value Line Div Index UCITS ETF A USD|EUR|25.8|10.01|-7.6|0.67|8.68||6.2
LU1834988518|LTUG.DE|Amundi STOXX Europe 600 Technology UCITS ETF Acc|EUR|124.04|24.63|-14.9|0.9|24.26|49.07|
IE00B7KQ7B66|UBU7.DE|UBS Core MSCI World UCITS USD dis ETF|EUR|109.93|24.23|-16.25|0.76|20.46||
IE00B6TLBW47|IS0Q.DE|iShares J.P. Morgan $ EM Corp Bd UCITS ETF USD D|EUR|76.69|21.73|-15.31|0.11|4.33||
LU2082998167|OIGS.DE|Amundi STOXX Europe 600 Energy Screened UCITS Dist ETF|EUR|149.1|18.12|-11.63|2.71|51.15|15.18|300.7
IE0006D3PGW3|EXCN.DE|Franklin FTSE Emerging ex China UCITS ETF|EUR|32.0|26.99|-15.96|1.23|35.19||7.2
LU1910940268|B8TQ.DE|Amundi Global Government Inflation-Linked Bond 1-10Y UCITS EUR Hedged Dist ETF|EUR|10.57|3.18|-2.96|-0.94|-1.0||
IE000P0FL8E3|GMAY.DE|First Trust Vest U.S. Equity Moderate Buffer UCITS May A USD Acc ETF|EUR|36.44|6.36|-3.0|1.75|13.13||55.0
LU0908501058|LGQG.DE|Amundi MSCI EMU ESG Broad Transition UCITS ETF A|EUR|361.8|14.9|-10.67|0.75|13.15|17.57|1425.3
IE00000EF730|EUEE.DE|iShares Europe Equity Enh Active UCITS ETF EUR Acc|EUR|6.59|12.71|-9.04|1.02|14.91|17.06|653.9
IE00BM67HW99|XDPE.DE|Xtrackers S&P 500 UCITS 1C EUR Hedged ETF|EUR|107.64|12.31|-8.64|0.96|13.84||
IE000UZTA1X0|WEBP.DE|Amundi S&P 500 Climate Paris Aligned UCITS Dist ETF|EUR|29.81|11.72|-9.24|1.46|19.08||
LU2673523481|XB31.DE|Xtrackers II Target Maturity Sept 2031 EUR Corporate Bond UCITS ETF|EUR|29.32|3.65|-3.2|-0.84|-1.07||234.3
IE000CXVOXQ1|WDGE.DE|WisdomTree US Quality Dividend Growth UCITS - EUR Hedged Acc ETF|EUR|21.12|10.12|-7.94|0.65|8.56||
IE00BCHWNT26|XUFN.DE|Xtrackers MSCI USA Financials UCITS 1D ETF|EUR|34.95|14.53|-13.24|0.24|5.56||1044.1
LU1805389258|UIQL.DE|UBS Core BBG Euro Area Liquid Corp UCITS ETF EURd|EUR|10.09|3.65|-3.74|-0.89|-1.25||43.8
LU1681042864|ACU2.DE|Amundi PEA MSCI USA ESG Selection UCITS ETF EUR|EUR|862.0|13.24|-9.95|1.71|24.62|36.78|
IE00B3W74078|SYBG.DE|State Street SPDR Bloomberg UK Gilt UCITS ETF|EUR|47.84|7.85|-5.42|0.19|3.53||921.0
IE00BYPHT736|XDEP.DE|Xtrackers iBoxx EUR Corp Bd Yld Plus UCITS ETF 1D|EUR|14.64|3.91|-3.72|-0.98|-1.82||611.4
LU1435356495|LYXE.DE|Amundi USD High Yield Corp Bd ESG UCITS ETF EURH D|EUR|72.95|4.35|-3.34|-0.79|-1.46||
IE00BP46NG52|ZPR5.DE|StSt SPDR ICE BofA 0-5Y EMUSDGvtBd UCITS ETF Dist|EUR|23.83|5.02|-3.21|0.86|6.31||
IE00BF3N7219|IBC7.DE|iShares Fallen Angels High Yield Corp Bond UCITS EUR Hedged (Dist) ETF|EUR|4.38|3.96|-3.47|-0.59|-0.34||
IE00BYSZ5R67|SPP3.DE|StSt SPDR BBG 3-7 Y U.S. Treas Bd UCITS ETF Dist|EUR|23.93|5.03|-4.06|0.17|2.83||
XS2595675641|SVLT.DE|Leverage Shares Short Volatility Long Tech ETP|EUR|44.42|25.4|-15.83|1.28|34.56||
IE00BWTNM966|FTGG.DE|First Trust Germany AlphaDEX UCITS ETF|EUR|34.01|20.03|-14.6|0.04|2.76|12.92|7.2
IE00BJ5JPJ87|IUSW.DE|iShares MSCI Saudi Arabia Capped UCITS ETF USD D|EUR|4.5|13.67|-12.0|-0.24|-1.34||549.0
IE000ZWSN3F7|GB1D.DE|Invesco Gl HY Corp Bd ESG Cl Trnstn UCITS ETF Dist|EUR|4.91|4.42|-2.32|0.31|3.37||
IE000ZC4C5Q1|BE29.DE|Invesco BulletShares 2029 EUR Corporate Bond UCITS - Dist ETF|EUR|5.06|2.69|-2.25|-0.64|0.28||8.9
IE0008YN0OY8|XWEB.DE|Xtrackers MSCI World Minimum Volatility ESG UCITS ETF|EUR|40.83|22.77|-14.73|0.35|10.04||34.9
DE000A0D8Q31|EXX6.DE|iShares eb.rexx Government Germany 10.5+yr UCITS (DE) ETF|EUR|109.63|7.99|-10.56|-0.95|-5.57||43.4
LU2089238898|PRAR.DE|Amundi Prime Euro Government Bond UCITS Acc ETF|EUR|17.46|4.5|-5.48|-1.1|-2.95||1814.7
IE000RW7V8Q4|BCFH.DE|UBS EUR Ultra-Short Bond Screened UCITS EUR acc ETF|EUR|5.38|0.4|-0.09|0.02|2.01||32.5
IE00BQWJFQ70|ZPRI.DE|StSt SPDR Mstar Mlt-Asst Gl Infra UCITS ETF Dist|EUR|32.4|6.84|-5.38|0.53|5.64||1051.7
LU0446734104|UIMA.DE|UBS Core MSCI Europe UCITS ETF EUR dis|EUR|103.52|12.73|-9.42|0.97|14.32|17.87|
IE00BX7RR706|UBUS.DE|UBS Factor MSCI USA Prime Value Screened UCITS USD dis ETF|EUR|36.9|11.1|-6.14|1.26|15.96||
LU1753045928|JSRI.DE|BNP Paribas Easy MSCI Japan SRI PAB UCITS ETF|EUR|26.2|18.62|-10.41|1.21|24.44|23.43|36.6
IE0003KQ8JX1|JPGD.DE|JPM US Gro Eq Active UCITS ETF - USD (dist)|EUR|34.74|17.23|-14.63|0.37|8.37||
LU1931975152|PR1R.DE|Amundi Prime Euro Government Bond UCITS Dist ETF|EUR|16.39|4.47|-5.4|-1.11|-2.94||1814.7
LU0290357507|DBXF.DE|Xtrackers II Eurozone Government Bond 15-30 UCITS 1C ETF|EUR|253.85|9.21|-11.42|-1.03|-7.47||51.3
IE00BJXT3G33|4UBD.DE|UBS MSCI USA SR UCITS ETF hEUR acc|EUR|23.46|14.83|-10.73|0.96|16.2||
LU2296661775|XMA1.DE|Xtrackers MSCI EM Asia Screened Swap UCITS ETF|EUR|28.42|24.86|-16.25|1.5|39.36||
LU0659579733|XWEH.DE|Xtrackers MSCI World Swap UCITS 4C EUR Hedged ETF|EUR|53.14|11.82|-7.86|1.05|14.45||
IE0006FDYJF8|XCJD.DE|Xtrackers MSCI Japan Climate Transition UCITS ETF|EUR|44.18|28.94|-15.78|1.02|31.66||5.6
IE0002PGSLZ5|XEEU.DE|Xtrackers US Equity Enhanced Active UCITS 1C ETF|EUR|36.22|24.62|-16.29|0.89|23.79||705.4
LU2008761053|ASR5.DE|BNPP Easy EUR Corp Bond SRI PAB 3-5Y UCITS ETF D|EUR|9.04|3.15|-2.68|-0.83|-0.6||2527.6
DE000A0H08G5|EXH2.DE|iShares STOXX Europe 600 Financial Services UCITS (DE) ETF|EUR|92.07|16.25|-13.11|0.42|8.77|12.05|103.5
IE000WJWZK35|CEBV.DE|iShares GBP Corp Bond 0-5yr UCITS EUR Hedged (Acc) ETF|EUR|5.6|2.36|-2.05|-0.41|1.03||
IE000PLCL3C9|CEMD.DE|iShares Global Corp Bond UCITS EUR Hedged (Acc) ETF|EUR|4.97|3.97|-4.73|-1.21|-2.81||
LU1048317025|UEF0.DE|UBS Core BBG US Liquid Corp UCITS ETF hEUR acc|EUR|16.96|4.62|-6.39|-1.46|-4.76||
LU1974696418|EMIE.DE|UBS J.P. Morgan USD EM IG Screened Diversified Bond UCITS hEUR acc ETF|EUR|10.87|3.78|-5.45|-1.59|-4.01||
IE00B8GF1M35|SPYJ.DE|State Street SPDR Dow Jones Global Real Estate UCITS ETF|EUR|31.6|11.76|-9.58|0.6|9.03||432.7
IE000ZOKLHY7|FOFD.DE|Franklin Future of Food UCITS ETF|EUR|24.85|11.72|-8.08|0.73|10.57||5.8
IE0005NYD352|WELM.DE|Amundi S&P World Consumer Staples Screened UCITS Dist ETF|EUR|9.74|14.1|-9.3|0.44|8.26|25.57|214.3
IE000EGGFVG6|DEGC.DE|Dimensional-Global Core Equity Ucits Etf|EUR|25.64|9.26|-5.49|1.85|19.15||1401.2
IE00B77D4428|UBU3.DE|UBS Core MSCI USA UCITS USD dis ETF|EUR|167.3|24.65|-18.01|0.77|20.91||
IE00BKM4H197|CEMG.DE|iShares MSCI EM Consumer Growth UCITS ETF USD Acc|EUR|29.31|25.26|-26.14|-0.61|-13.38||43.5
IE000VSFIC94|CBU1.DE|iShares Broad USD High Yield Corp Bond UCITS EUR Hedged (Acc) ETF|EUR|6.12|3.81|-3.06|-0.68|-0.61||
IE000OULL4R4|CSY1.DE|UBS MSCI USA NSL UCITS ETF USD acc|EUR|272.99|11.71|-7.39|1.57|20.37||3550.3
LU1598690169|LGWS.DE|Amundi MSCI EMU Value Factor UCITS ETF Dist|EUR|185.14|13.09|-8.88|1.21|17.89|13.37|262.0
LU1834988781|LTVL.DE|Amundi STOXX Europe 600 Cons Dscretnry UCITS ETF A|EUR|25.0|18.95|-18.9|-0.57|-8.89|15.19|94.6
IE00BMYDM802|BAT3.DE|L&G UK Quality Div Gbp Dist|EUR|14.59|15.32|-10.15|0.73|13.15||80.7
LU2402389261|APXJ.DE|Amundi MSCI Pacific Ex Japan SRI Climate Paris Aligned UCITS DR - EUR (D) ETF|EUR|9.53|12.48|-7.3|0.14|3.79|19.46|
IE00BJSFQW37|36B7.DE|iShares Global Corp Bond UCITS EUR Hedged (Dist) ETF|EUR|3.99|4.03|-4.68|-1.19|-2.78||
IE0006LBEDV2|ECMF.DE|Invesco EUR Corp Bd ESG Mlt Factor UCITS ETF Dist|EUR|4.92|3.38|-3.11|-0.92|-1.12||35.2
IE000M02BVY5|GXHY.DE|Goldman Sachs EUR HY Bond Active UCITS ETF EUR Dis|EUR|48.36|4.09|-3.58|-0.72|-0.93||101.2
IE000W6YTDH7|BD30.DE|Invesco BulletShares 2030 EUR Corporate Bond UCITS - Dist ETF|EUR|4.99|2.96|-2.75|-0.85|-0.5||23.1
IE00B60SX287|SC0I.DE|Invesco MSCI Japan UCITS Acc ETF|EUR|110.8|34.39|-15.17|0.95|34.64||9.8
IE000WGK3YY5|JRED.DE|JPM Europe Rsrch Enh Idx Eqty Actv UCITS ETF EUR D|EUR|49.76|12.98|-9.91|1.03|15.35|18.06|2986.6
DE0006289499|EXHD.DE|iShares eb.rexx Government Germany 5.5-10.5yr UCITS (DE) ETF|EUR|113.17|4.56|-5.89|-1.04|-2.76||392.4
LU0147308422|UIM4.DE|UBS Core MSCI EMU UCITS EUR dis ETF|EUR|210.3|14.67|-10.11|0.83|14.13|17.91|
IE00BKVL7778|MVEW.DE|iShares Edge MSCI Wld Min Vol Adv UCITS ETF USD A|EUR|7.52|8.22|-4.68|1.05|10.67||
LU1242369327|XIEE.DE|Xtrackers MSCI Europe UCITS 1D ETF|EUR|89.5|12.72|-9.61|0.95|14.06||
IE00B1FZSC47|IUST.DE|iShares $ TIPS UCITS ETF USD (Acc)|EUR|222.78|5.27|-4.0|-0.01|1.97||
IE00B1W57M07|IQQ9.DE|iShares BIC 50 UCITS ETF|EUR|19.48|19.5|-24.2|-1.08|-19.09||113.8
LU1931974775|PR1J.DE|Amundi Prime Japan UCITS DR (D) ETF|EUR|39.7|17741.17|-99.45|0.0|33.31||
LU0838780707|XDUK.DE|Xtrackers FTSE 100 UCITS 1C ETF|EUR|19.96|22.82|-12.47|0.68|17.62||90.6
IE000ZIJ5B20|WELW.DE|Amundi S&P World Consumer Staples Screened UCITS Acc ETF|EUR|10.62|14.32|-9.17|0.44|8.26|25.57|214.3
IE00BGDPWW94|36B3.DE|iShares MSCI Europe SRI UCITS ETF EUR (Dist)|EUR|7.94|13.13|-9.97|0.55|9.27|17.53|
IE00BK1PV445|XD9D.DE|Xtrackers MSCI USA UCITS 1D ETF|EUR|26.6|11.8|-7.36|1.59|20.77||
LU1812090543|LYQY.DE|Amundi EUR High Yield Corporate Bond ESG UCITS ETF Dist|EUR|105.28|3.99|-3.07|-0.67|-0.66||334.5
IE00BMDFDY08|UEEF.DE|iShares $ High Yield Corp Bond ESG SRI UCITS EUR Hedged (Acc) ETF|EUR|5.66|4.59|-3.26|-0.58|-0.64||
LU2082997789|INDU.DE|Amundi STOXX Europe 600 Industrials UCITS Dist ETF|EUR|202.55|20.43|-13.1|0.26|7.3|30.11|414.3
LU1681045024|AMEL.DE|Amundi MSCI Em Latin America UCITS ETF - EUR (C)|EUR|21.59|19.17|-13.16|1.58|32.26|11.57|
IE0002FPYN09|ASHE.DE|BNP PARIBAS EASY II Short Duration Income Opportunities UCITS EUR (H) Dist ETF|EUR|9.75|1.14|-0.97|-1.08|0.77||
IE00BJXT3B87|4UBK.DE|UBS MSCI USA Socially Responsible UCITS USD dis ETF|EUR|21.83|14.04|-9.36|1.56|23.97||
IE000AZV0AS3|WMMS.DE|Amundi MSCI World IMI Value Advanced UCITS ACC ETF|EUR|13.61|11.67|-6.17|2.59|32.28||595.9
IE00BF59RW70|JER5.DE|JPM EUR 1-5 yr IG Corp Bond Active UCITS ETF EUR A|EUR|108.58|2.24|-1.98|-0.93|-0.09||132.9
LU1602144732|J1GR.DE|Amundi MSCI Jpn ESG Brd Transition UCITS ETF EURA|EUR|377.95|21.0|-11.45|1.43|32.13||
IE00B0M63730|IQQF.DE|iShares MSCI AC Far East ex-Jpn UCITS ETF USD D|EUR|87.24|25.18|-16.15|1.64|43.32||2051.8
LU1953188833|UETC.DE|UBS MSCI China Universal UCITS USD dis ETF|EUR|8.99|26.33|-25.33|-0.51|-11.45||243.0
IE00BYX8XC17|SXR6.DE|iShares MSCI Japan SRI UCITS ETF USD (Acc)|EUR|8.53|19.55|-11.4|1.23|26.02||
IE0006BDZN36|BCFQ.DE|UBS EUR Overnight Rate SF UCITS ETF EUR acc|EUR|5.17|0.37|-0.19|1.36|2.51||222.1
IE00BKPSPT20|FTGS.DE|First Trust Gl Cap Strength ESG Lds UCITS ETF AUSD|EUR|38.55|9.53|-6.47|0.29|4.76||29.8
LU1390062245|EUIN.DE|Amundi Euro Inflt Expectations 2-10Y UCITS ETF A|EUR|121.71|6.78|-3.34|0.41|4.78||
IE00BP8FKB21|XREA.DE|Xtrackers FTSE Developed Europe ex UK Real Estate UCITS 1C ETF|EUR|50.14|15.51|-21.56|-0.83|-10.83|8.16|18.5
DE000A0Q4R69|EXIA.DE|iShares DAX ESG UCITS (DE) ETF|EUR|8.01|15.71|-11.54|0.35|7.52|17.67|128.4
IE000WQ16XQ4|XZDE.DE|Xtrackers MSCI Europe High Dividend Yield ESG UCITS ETF|EUR|39.89|11.87|-9.72|1.04|14.32|16.7|42.5
LU0721552973|UEFI.DE|UBS Core BBG US Treasury 7-10 UCITS USD dis ETF|EUR|33.22|21.98|-16.26|0.08|3.85||62.1
IE00BCRY5Y77|IS3J.DE|iShares $ Short Dur Corp Bd UCITS ETF USD Dist|EUR|87.42|22.0|-15.82|0.17|5.79||
IE00B6YX5M31|SYBJ.DE|StSt SPDR Bloomberg Euro HY Bond UCITS ETF Dist|EUR|49.21|4.68|-3.19|-0.49|-0.31||531.0
LU0599612842|OSX4.DE|Ossiam Eur ESG Machine Learning UCITS ETF 1C/A EUR|EUR|300.7|9.89|-7.71|0.52|7.16||65.1
IE000YSJPNV8|JEYE.DE|JPM EUR High Yield Bond Active UCITS ETF EUR D|EUR|9.73|4.05|-3.49|-0.53|-0.16||
IE00B99FL386|SYBK.DE|StSt SPDR BBG U.S. HY Crp Scored UCITS ETF Dist|EUR|34.64|5.57|-3.17|0.5|4.78||
IE00B52SFT06|SXR4.DE|iShares MSCI USA UCITS ETF USD (Acc)|EUR|714.12|11.77|-7.36|1.6|20.79||5088.5
IE000EJ2EHO7|CSY9.DE|UBS Fc MSCI Wld Slcn Min Vlty UCITS ETF USD acc|EUR|138.0|8.05|-4.48|1.28|12.29||291.8
IE000HF69TA9|ASWK.DE|Rex Tech Innovation Premium Income UCITS ETF USD D|EUR|20.81|16.76|-16.7|0.91|17.29||57.8
IE00BJ5JP212|36BB.DE|iShares MSCI Wld Cons Dscrt Sec Adv UCITS ETF USDD|EUR|7.45|18.32|-15.07|-0.28|-3.19||116.7
IE000ONQ3X90|XWEU.DE|Xtrackers MSCI World UCITS 2C - EUR Hedged ETF|EUR|14.17|11.76|-7.82|1.1|14.92|29.44|
IE00B6YX5K17|SYB5.DE|State Street SPDR Bloomberg 1-5 Year Gilt UCITS ETF|EUR|56.35|4.34|-2.03|0.61|4.63||151.8
IE000PY7F8J9|RIZJ.DE|Rize USA Environmental Impact UCITS USD Acc ETF|EUR|5.35|33.67|-23.2|0.08|4.8||7.9
XS2399368575|NGTE.DE|Leverage Shares 1x ARK NextGen Internet|EUR|5.85|34.7|-34.34|-0.16|-3.51||
IE000LKGEZQ6|BE28.DE|Invesco BulletShares 2028 EUR Corporate Bond UCITS - Dist ETF|EUR|5.21|1.91|-1.67|-0.65|0.76||16.3
IE00B60SWY32|SC0E.DE|Invesco MSCI Europe UCITS Acc ETF|EUR|438.2|12.68|-9.43|0.95|14.01|17.84|60.0
IE00B4L5ZY03|EUNS.DE|iShares   CpBd exFin 1-5Yr ESG SRI UCITS ETF EURD|EUR|104.4|2.63|-1.87|-0.75|0.04||1349.3
IE0009WWNY77|BCFG.DE|UBS S&P 500 Climate Transition ESG UCITS hEUR acc ETF|EUR|7.97|12.02|-9.13|0.95|13.42||
LU0136240974|UIM5.DE|UBS Core MSCI Japan UCITS JPY dis ETF|EUR|72.25|17717.84|-99.44|0.0|34.22||
IE00BKVL7D31|MVEE.DE|iShares Edge MSCI Europe Minimum Volatility Advanced UCITS ETF|EUR|8.89|9.78|-7.73|1.07|12.47|17.3|29.3
LU2023678449|GENY.DE|Amundi MSCI Millennials UCITS ETF Acc|EUR|15.88|24.53|-24.67|-0.11|-0.66||21.9
LU2809864619|XB34.DE|Xtrackers II Target Maturity Sept 2034 EUR Corporate Bond UCITS ETF|EUR|33.52|4.61|-5.02|-0.99|-2.59||11.2
IE00BJ5JPH63|3SUD.DE|iShares J.P. Morgan USD EM Bond UCITS EUR Hedged (Acc) ETF|EUR|5.05|5.51|-5.53|-0.67|-1.71||
IE00BFXR5W90|ETLK.DE|L&G Asia Pacific Ex Japan Equity UCITS ETF USD Acc|EUR|15.76|13.19|-5.98|0.77|12.12||792.7
IE00BG0NY640|ICFP.DE|Invesco MSCI Europe Cath Principles UCITS ETF Dis|EUR|68.29|13.66|-9.72|0.88|14.06|19.42|46.3
IE000D0T0BO1|FLXJ.DE|Franklin FTSE Japan UCITS ETF|EUR|34.84|17733.02|-99.45|0.0|32.95||1839.8
IE0008T6IUX0|V3PL.DE|Vanguard ESG DevAsiaPacific AC UCITS ETF Dis|EUR|9.3|23.18|-14.22|1.83|44.51||481.2
LU0838782315|XDDX.DE|Xtrackers DAX ESG Screened UCITS ETF|EUR|157.82|15.35|-11.96|0.43|8.59|15.95|
IE00B5MJYY16|SC0T.DE|Invesco STOXX Europe 600 Optimised Health Care UCITS Acc ETF|EUR|402.35|15.64|-12.87|-0.12|0.07|20.94|11.4
IE00B1FZS681|IBCN.DE|iShares   Govt Bond 3-5yr UCITS ETF EUR (Dist)|EUR|156.06|2.76|-3.36|-1.36|-1.76||2160.6
LU0292100806|DXSC.DE|Xtrackers MSCI Europe Materials UCITS ETF|EUR|178.62|18.2|-14.34|0.52|11.48|21.16|44.1
IE000LH4DDC2|THFE.DE|Janus Henderson Fallen Angels Bond ESG Active Core UCITS ETF|EUR|11.12|3.49|-3.48|-0.85|-0.95||
IE00BGYWSV06|VAGY.DE|Vanguard USD Corpo 1-3 Year Bd UCITS ETF USD A|EUR|55.05|5.02|-3.2|0.89|6.45||
IE000NVDQXE1|FTGA.DE|First Trust Indxx Gl Aerospc &Dfnc UCITS ETF A USD|EUR|28.75|20.53|-13.17|0.08|3.62||155.3
LU0879397742|UEFY.DE|UBS SBI Foreign AAA-BBB 1-5 ESG UCITS CHF dis ETF|EUR|12.36|12.29|-7.93|-0.14|0.23||775.1
IE000XFP47S2|CEMB.DE|iShares Broad Global Govt Bond UCITS EUR Hedged (Acc) ETF|EUR|4.94|3.02|-4.35|-1.54|-2.66||
IE0001DKJVC2|WMMV.DE|Amundi MSCI World Minimum Volatility Advanced UCITS ACC ETF|EUR|10.16|8.22|-4.16|0.94|9.7||566.9
LU1377382368|LCEU.DE|BNPP Easy Low Crbn 100 Europe PAB UCITS ETF C|EUR|291.6|12.69|-10.37|0.71|11.02|17.75|416.7
IE000QLV3SY5|FVEM.DE|Franklin MSCI Emerging Markets Paris Aligned Climate UCITS ETF|EUR|38.9|21.86|-13.22|1.21|28.55||8.8
LU0514694370|XCS3.DE|Xtrackers MSCI Malaysia UCITS 1C ETF|EUR|12.58|14.01|-7.85|0.73|12.22||61.4
IE000ZQF1PE1|ECTD.DE|iShares MSCI Europe Climate Transition Aware UCITS EUR (Dist) ETF|EUR|5.72|12.09|-9.04|0.8|11.72|17.28|7.4
IE00BFWFPY67|SPFA.DE|State Street SPDR Bloomberg Emerging Markets Local Bond UCITS ETF|EUR|30.98|5.58|-3.96|0.6|5.33||
IE00BG88WG77|WTEH.DE|WisdomTree Enhanced Commodity UCITS ETF EUR HgdAcc|EUR|18.4|18.25|-14.06|2.18|41.75||
IE000NS5HRY9|XZDW.DE|Xtrackers MSCI World High Dividend Yield ESG UCITS ETF|EUR|40.68|23.34|-15.12|1.04|26.26||32.7
IE000YK1TO74|JYEH.DE|JPMorgan Global High Yield Corporate Bond Multi-Factor UCITS ETF EUR Hedged (dist)|EUR|88.56|3.54|-3.08|-0.33|0.83||
IE00BN4Q1675|AW12.DE|UBS MSCI EM Cl Paris Aligned UCITS ETF USD acc|EUR|16.23|22.12|-12.68|1.16|27.61||735.4
IE000H22E3N8|CBU0.DE|iShares Core GBP Corp Bond UCITS EUR Hedged (Acc) ETF|EUR|5.37|5.44|-4.2|-0.41|-0.26||
IE00063GNWK1|CSY2.DE|UBS MSCI USA Selection UCITS ETF USD acc|EUR|277.2|12.71|-9.14|1.63|22.68||
IE00BJSBCS90|GASF.DE|Goldman Sachs Access China Gv Bd UCITS ETF USD Dis|EUR|51.27|4.88|-2.69|2.34|13.42||111.7
IE000LOSV2D0|XBUZ.DE|Xtrackers USA Biodiversity Focus SRI UCITS 1C ETF|EUR|44.01|25.33|-20.2|0.65|18.5||12.7
IE00BYYLVJ24|BCFE.DE|UBS BBG Commodity CMCI SF UCITS hEUR acc ETF|EUR|19.1|15.01|-12.95|1.88|30.17||
LU2446383338|ASRX.DE|BNPP Easy EUR Corp Bond SRI PAB 3-5Y UCITS ETF C|EUR|11.56|3.02|-2.7|-0.85|-0.57||2527.6
LU1079841273|USCP.DE|Ossiam Shiller Barclays CAPE US Sector Val TR 1CE|EUR|1463.0|9.98|-7.04|0.4|5.98||
LU2082999058|INDB.DE|Amundi STOXX Europe 600 Telecommunications UCITS Dist ETF|EUR|68.16|17.96|-16.54|0.39|8.92|17.9|
IE00BFTWP510|ZPRL.DE|State Street SPDR EURO STOXX Low Volatility UCITS ETF|EUR|60.93|9.44|-7.97|0.71|8.69|14.16|30.9
IE00BZ0G8860|SYBN.DE|State Street SPDR Bloomberg 10+ Year U.S. Corporate Bond UCITS ETF|EUR|21.5|8.14|-8.37|-0.59|-2.83||63.0
LU1287023342|LYXA.DE|Amundi Euro Hghst Rtd Mcr Wght Gov Bd UCITS ETF A|EUR|123.0|4.18|-5.26|-1.13|-2.71||261.1
IE000LZ7BZW8|26TP.DE|iShares iBonds Dec 2026 Term Italy Govt Bond UCITS EUR (Dist) ETF|EUR|5.06|0.75|-0.23|-0.23|1.83||9.7
IE00BHZPJ452|EDMJ.DE|iShares MSCI Japan ESG Enhanced CTB UCITS USD (Acc) ETF|EUR|9.35|29.01|-15.27|1.1|34.03||
IE000RRCJI06|GIGU.DE|Goldman Sachs USD InvGr Crp Bd Act UCITS ETF USD D|EUR|43.18|5.72|-5.22|-0.07|1.6||
LU0962071741|XYPD.DE|Xtrackers II iBoxx Eurozone Government Bond Yield Plus UCITS 1D ETF|EUR|136.12|4.79|-6.67|-1.29|-4.17||1379.5
IE00BMW42298|ESIC.DE|iShares MSCI Europe Consumer Discretionary Sector UCITS EUR (Acc) ETF|EUR|5.54|19.48|-20.53|-0.85|-14.6|16.4|99.9
IE000I25S1V5|BSE0.DE|Invesco BulletShares 2030 EUR Corporate Bond UCITS - Acc ETF|EUR|5.36|3.18|-2.79|-0.85|-0.69||23.1
IE000YUU9UG5|H41U.DE|HSBC China Government Local Bond UCITS C H EUR ETF|EUR|11.57|2.01|-0.69|0.77|3.54||
IE00B4L5ZG21|EUNR.DE|iShares   Corp Bond ex-Financials UCITS ETF EUR D|EUR|105.75|3.24|-3.16|-0.97|-1.14||960.6
IE00BDD48R20|VUSC.DE|Vanguard USD Corpo 1-3 Year Bd UCITS ETF USD D|EUR|43.25|4.96|-3.27|0.9|6.44||
IE00BNC0MH93|AW1J.DE|UBS MSCI EM ex China SR UCITS ETF USD acc|EUR|9.93|32.72|-18.04|2.0|67.5||18.8
IE00041H4WT9|ASWG.DE|Future of Defence Screened UCITS ETF USD Acc|EUR|7.64|29.81|-21.32|-0.1|-1.06||6.8
LU1230561679|FRCJ.DE|UBS MSCI Japan Socially Responsible UCITS JPY dis ETF|EUR|32.04|19.68|-10.46|1.69|35.24||
IE00BDVPNS35|WAXG.DE|WisdomTree Enhanced Commodity ex-Agriculture UCITS USD Acc ETF|EUR|17.43|31.47|-15.4|1.65|54.07||
IE00BCLWRF22|IS3G.DE|iShares MSCI EMU Large Cap UCITS ETF EUR (Acc)|EUR|76.43|15.33|-10.55|0.72|13.08|18.42|166.4
LU2810185665|XB28.DE|Xtrackers II Target Maturity Sept 2028 EUR Corporate Bond UCITS ETF|EUR|35.79|1.8|-1.42|-0.65|0.84||36.5
IE00BF0M6N54|ETLH.DE|L&G Ecommerce Logistics UCITS ETF USD Acc|EUR|17.22|15.61|-12.61|0.29|6.59||74.0
IE000WA6L436|CEBE.DE|iShs V-iBds Dec 2026 Term EO CReg.Shs () EUR Dis. oN|EUR|5.59|1.18|-0.29|0.14|2.17||1210.2
IE000LTA2082|WELH.DE|Amundi S&P World Industrials Screened UCITS Acc ETF|EUR|18.6|15.5|-9.84|1.23|21.08|27.43|451.9
IE00BZ173V67|3SUR.DE|iShares MSCI USA SRI UCITS EUR Hedged (Dist) ETF|EUR|2239.0|13.74|-8.85|0.96|15.19||
IE00BJ5JNZ06|CBUF.DE|iShares MSCI Wld Hlth Care Sec Adv UCITS ETF USD D|EUR|7.05|14.11|-10.87|0.85|14.06||1045.1
IE0008SEV3B2|EGVD.DE|Invesco EUR Gv and Rltd Grn Bd Wghtd UCITS ETF Dis|EUR|4.72|4.3|-5.32|-1.21|-3.2||23.1
IE00B5MJYC95|SC0R.DE|Invesco STOXX Europe 600 Optimised Travel & Leisure UCITS Acc ETF|EUR|280.15|21.84|-14.16|0.19|6.1|14.78|6.6
LU1681041460|MJMT.DE|Amundi MSCI Europe Momentum Factor UCITS ETF EUR C|EUR|148.68|17.06|-11.56|0.59|12.11|17.11|132.4
IE00B23D8X81|6PSC.DE|Invesco RAFI Europe Fundamental Value UCITS ETF D|EUR|15.75|11.37|-8.23|1.39|17.8|14.84|33.6
IE000B5UZSG9|FJPI.DE|Fidelity Japan Eq Research Enh UCITS ETF Inc JPY|EUR|5.0|20.55|-10.23|1.63|35.41||41527.2
LU2504537445|XEZB.DE|Xtrackers II Eurozone Government Bond ESG Tilted UCITS ETF|EUR|39.0|4.41|-5.38|-1.09|-2.82||212.9
LU2873560481|CEUH.DE|Amundi MSCI Europe ESG Broad Transition UCITS EUR Hedged Acc (C) ETF|EUR|25.44|14.6|-10.43|0.79|13.52|17.72|2504.9
IE000YSUEJ32|TIGA.DE|L&G India INR Government Bond UCITS ETF USD Acc|EUR|9.07|9.05|-10.06|-0.46|-2.16||681.4
IE00BDT8V027|PDSE.DE|Invesco Preferred Shares UCITS EUR Hgd Dist ETF|EUR|11.53|8.54|-11.0|-1.45|-10.41||
LU0614173549|X03B.DE|Xtrackers II Eurozone Government Bond 1-3 UCITS 1D ETF|EUR|156.51|1.42|-1.28|-1.26|0.21||
IE000SIZJ2B2|IB26.DE|iShares iBonds Dec 2026 Term EUR Corp UCITS EUR (Dist) ETF|EUR|5.05|0.69|-0.18|0.07|2.05||1210.2
LU2439733507|AHYD.DE|Amundi Global Aggregate Bond ESG UCITS DR - Hedged EUR (C) ETF|EUR|50.25|4.09|-4.91|-1.26|-3.14||
IE00BMDBMY19|ESGM.DE|Invesco MSCI Em Mkts Universal Scrnd UCITS ETF Acc|EUR|52.59|29.28|-15.8|1.23|38.0||176.2
IE000E9XXE77|MCTD.DE|iShares MSCI EMU Climate Transition Aware UCITS EUR (Dist) ETF|EUR|6.31|14.91|-10.49|0.74|13.1|18.92|5.4
IE000GZD8ME7|GAEM.DE|Goldman Sachs Emerging Markets Green and Social Bond Active UCITS ETF EUR Hedged (Dist)|EUR|48.47|5.34|-3.96|-0.71|-1.78||
LU0671493277|UEFD.DE|UBS MSCI EMU Small Cap UCITS EUR dis ETF|EUR|147.36|14.95|-10.26|0.48|9.2|14.07|682.3
IE00004PGEY9|JREZ.DE|JPM Eurozone Research Enhanced Index Equity Active UCITS EUR (acc) ETF|EUR|44.66|15.06|-10.2|0.84|14.7|18.04|
LU2109787551|SADM.DE|Amundi MSCI Emerging Markets ESG Selection - UCITS DR (C) ETF|EUR|73.95|28.87|-17.65|0.51|16.68||1216.1
IE00BWBXM831|ZPDM.DE|StSt SPDR S&P US Materials Sel Sctr UCITS ETF Acc|EUR|43.95|16.65|-10.01|0.79|15.13||58.2
IE000AFVKJZ0|VCAS.DE|Vanguard EUR Cash UCITS ETF EUR Dist|EUR|15.02|0.14|-0.02|-2.09|1.7||521.0
LU2082996385|E6BR.DE|Amundi STOXX Europe 600 Basic Resources UCITS Dist ETF|EUR|165.3|28.31|-18.29|1.6|47.26|8.05|
IE00B87RLX93|IS3B.DE|iShares EUR Corp Bond Financials UCITS EUR (Dist) ETF|EUR|99.43|3.63|-2.88|-0.78|-0.83||495.8
IE00B44CND37|SYBT.DE|StSt SPDR Bloomberg U.S. Treas Bond UCITS ETF Dist|EUR|82.79|5.7|-4.22|0.08|2.45||
IE00BM67HP23|XDWC.DE|Xtrackers MSCI World Consumer Discretionary UCITS 1C ETF|EUR|57.83|18.51|-14.75|-0.23|-2.18||404.8
IE00BCBJF711|SYBQ.DE|StSt SPDR BBG 0-5 Y Strlg Corp Bd UCITS ETF Dist|EUR|33.82|4.5|-2.1|0.81|5.63||202.7
IE00BD0Q9673|FAHY.DE|Invesco US High Yield Fallen Angels UCITS ETF Dist|EUR|18.33|6.22|-3.28|0.33|4.05||
IE00BZ0G8C04|ZPDW.DE|StSt SPDR MSCI Japan EUR Hdg UCITS ETF|EUR|112.95|20.75|-9.65|1.81|39.63||
LU0962078753|XGII.DE|Xtrackers II Global Inflation-Linked Bond UCITS 1D EUR Hedged ETF|EUR|185.43|3.85|-4.73|-1.01|-1.9||
IE00BWZN1T31|CEBP.DE|iShares MSCI EMU USD Hedged UCITS ETF (Acc)|EUR|13.1|13.84|-8.28|1.36|20.83||311.4
IE00B5MTZM66|SC05.DE|Invesco STOXX Europe 600 Optimised Retail UCITS Acc ETF|EUR|247.35|19.81|-14.81|-0.08|0.37|20.19|1.3
IE00B6QGFW01|IS0S.DE|iShares Emerging Asia Local Gvt Bd UCITS ETF USD D|EUR|74.03|5.95|-7.1|-0.67|-1.98||52.4
DE0005933980|EXSC.DE|iShares STOXX Europe Large 200 UCITS (DE) ETF|EUR|65.0|13.37|-9.33|0.89|13.94|17.55|149.2
IE00BF92J153|DPGA.DE|L&G Digital Payments UCITS USD Acc ETF|EUR|6.36|22.29|-24.79|-0.53|-9.81||8.1
IE00BF11F458|SXRR.DE|iShares $ Floating Rate Bd UCITS ETF EUR Hgd Dist|EUR|4.27|0.79|-0.21|0.69|2.55||
IE00BSPLC520|ZPRU.DE|StSt SPDR MSCI USA Value UCITS ETF|EUR|89.64|14.59|-5.56|3.11|47.31||328.3
IE000TI21P14|PAUE.DE|Invesco MSCI Europe ESG Climate PA UCITS ETF Acc|EUR|6.3|12.9|-10.26|0.76|11.82||
IE00BJP26D89|EUED.DE|iShares UltraShort Bond ESG SRI UCITS EUR (Dist) ETF|EUR|5.01|0.83|-0.16|0.24|2.2||1568.6
IE0000BQ75C2|CEMH.DE|iShares $ Short Duration High Yield Corp Bond UCITS EUR Hedged (Dist) ETF|EUR|4.77|3.29|-3.19|-0.94|-1.08||
IE00BJK9H753|BBUS.DE|JPM BetaBuilders US Equity UCITS ETF USD Acc|EUR|65.41|11.72|-7.38|1.58|20.5||96.7
LU1048314949|UEF7.DE|UBS BBG US Liquid Corp 1-5 UCITS ETF USD dis|EUR|11.94|21.96|-15.89|0.12|4.56||
IE00BKWQ0H23|SPYH.DE|StSt SPDR MSCI Europe Health Care UCITS ETF|EUR|219.65|16.62|-12.58|0.03|2.42|21.31|576.1
IE000IIHLZL0|MANU.DE|L&G Market Neutral Commodities UCITS USD Acc ETF|EUR|8.54|19.74|-20.94|-0.84|-14.63||37.2
LU0950676469|CHSV.DE|UBS Core BBG US Treasury 1-10 UCITS ETF USD acc|EUR|10.85|21.99|-16.25|0.08|3.81||62.1
IE000OJ31JQ4|FTGN.DE|First Trust Vest US Eq Mod BffrUCITS ETFNovAUSDAcc|EUR|33.66|6.12|-3.25|2.46|17.08||35.7
LU1574142243|STXH.DE|Amundi Core Stoxx Europe 600 UCITS EUR Hedged Dist ETF|EUR|164.0|12.42|-9.61|0.94|13.62|17.49|
LU2468423459|XZEB.DE|Xtrackers II ESG Eurozone Government Bond UCITS ETF|EUR|26.24|4.22|-5.17|-1.18|-2.97||51.9
IE00BKKCKJ46|JGHY.DE|JPM Global High Yield Corporate Bond Multi-Factor Active UCITS USD (acc) ETF|EUR|112.87|4.29|-2.32|0.87|5.72||
LU1681038672|RS2K.DE|Amundi Russell 2000 UCITS ETF - EUR (C)|EUR|379.95|17.15|-8.5|1.16|21.95|17.25|
IE000YASIPS3|AIME.DE|BNP PARIBAS EASY II MSCI Europe PAB UCITS EUR Acc ETF|EUR|13.6|13.36|-10.71|0.62|10.3|20.75|179.7
IE000TD3TI26|JPVA.DE|JPM US Val Eq Active UCITS ETF - USD (acc)|EUR|33.37|10.63|-5.03|1.9|22.24||
LU2742532745|BJLT.DE|BNPP Easy EUR Corp Bond SRI PAB 7-10Y UCITS ETF D|EUR|9.92|4.93|-5.25|-0.95|-2.7||37.1
IE00BDGV0415|USUE.DE|UBS MSCI USA Select Factor Mix UCITS ETF USD acc|EUR|43.44|10.8|-4.86|1.89|22.36||
IE0000BH4WF5|IEXA.DE|iShares EUR Corp Bond ex-Financials UCITS EUR (Acc) ETF|EUR|5.34|3.17|-3.18|-1.01|-1.18||960.6
IE000UYVEVN3|US4D.DE|StSt SPDR S&P 400 U.S. Mid Cap UCITS ETF Dist|EUR|31.89|13.69|-6.21|1.16|17.85||
IE00BG36TC12|XZMJ.DE|Xtrackers MSCI Japan ESG UCITS ETF|EUR|31.08|30.56|-16.09|1.02|33.21||3188.0
IE000LUZJNI7|MEEQ.DE|Invesco MSCI Europe Equal Weight UCITS Acc ETF|EUR|18.42|11.66|-8.97|0.88|12.27|17.34|277.1
IE00B14X4M10|IQQN.DE|iShares MSCI North America UCITS USD (Dist) ETF|EUR|127.4|11.59|-7.22|1.6|20.56||1594.8
IE00022GJEG1|BATJ.DE|L&G Multi-Strategy Enh Comms UCITS ETF EURH Acc|EUR|13.39|17.05|-12.96|1.63|29.75||
LU0832436512|LGQI.DE|Amundi Global Equity Quality Income UCITS ETF D|EUR|154.92|9.77|-7.41|0.98|11.61||
IE0007UPSEA3|CBU8.DE|iShares iBond Dec 2026 Term $ Corp UCITS ETF USD D|EUR|4.48|22.05|-15.64|0.27|7.98||
IE0008YN55P8|IQSD.DE|Invesco Gl Active ESG Eq UCITS ETF EUR PfHdg Dist|EUR|80.09|12.52|-8.68|1.57|21.65||
LU2385068593|XZEG.DE|Xtrackers II ESG Global Government Bond UCITS 4D - EUR Hedged ETF|EUR|5.41|3.79|-5.22|-1.38|-3.25||
IE00BD6RZW23|WTDY.DE|WisdomTree US High Dividend UCITS ETF - EUR Hedged Acc|EUR|27.35|11.2|-8.66|0.89|11.93||
IE000CN8T855|JUHE.DE|JPM US Research Enhanced Index Equity Active UCITS EUR Hedged (acc) ETF|EUR|60.06|12.17|-8.56|0.9|13.0||
IE00BC7GZJ81|SYBW.DE|StSt SPDR BBG 1-3 Y U.S. Treas Bd UCITS ETF Dist|EUR|42.27|5.12|-3.51|0.46|4.35||
IE00BKS7L097|5ESG.DE|Invesco S&P 500 Scored & Screened UCITS ETF Acc|EUR|96.7|11.47|-6.93|1.87|23.48||
IE00BG5QQ390|IU0E.DE|iShares USD Corp Bond 0-3yr ESG UCITS EUR Hedged (Acc) ETF|EUR|5.42|1.66|-0.84|-0.75|0.76||
IE00BCHWNV48|XUIN.DE|Xtrackers MSCI USA Industrials UCITS 1D ETF|EUR|97.03|15.34|-10.58|0.89|15.59||334.3
LU1781541849|LCUA.DE|Amundi MSCI EM Asia ESG Broad Transition UCITS Acc ETF|EUR|17.52|32.02|-17.88|1.07|36.23|20.82|769.7
IE0005E47AH7|SDG9.DE|Xtrackers MSCI Gl SDG 9 Ind Innvtn&InfrUCITS ETF1C|EUR|29.65|19.64|-15.78|0.94|20.38||
LU0429458895|D5BE.DE|Xtrackers II US Treasuries 1-3 UCITS ETF|EUR|147.73|22.03|-15.89|0.18|5.98||217.9
IE000PYIUPH0|CEMM.DE|iShares Core UK Gilts UCITS EUR Hedged (Acc) ETF|EUR|4.98|6.16|-5.72|-0.42|-0.58||
IE000UBAW7M3|CSP5.DE|Amundi Core S&P 500 UCITS Acc ETF|EUR|6.62|11.62|-7.14|1.64|21.07||24.8
IE00B5B5TG76|S6X0.DE|Invesco EURO STOXX 50 UCITS Dist ETF|EUR|60.41|15.69|-10.88|0.71|13.16|18.18|1331.8
IE00B7LW6Y90|IS0M.DE|iShares Italy Govt Bond UCITS EUR (Dist) ETF|EUR|143.68|5.09|-5.74|-1.02|-3.19||
IE000EBFYWX3|KROP.DE|Global X Agtech and Food Innvtn UCITS ETF USD Acc|EUR|8.77|16.3|-8.13|0.82|15.43||6.8
LU2090063673|NADA.DE|Amundi Core MSCI Japan UCITS Dist ETF|EUR|95.28|20.28|-9.99|1.59|34.3||
IE00BWT3KN65|UBUX.DE|UBS Factor MSCI USA Quality Screened UCITS hEUR acc ETF|EUR|54.79|14.13|-11.57|1.12|17.75||
IE0004QWOTD5|BSE6.DE|Invesco BulletShares 2026 EUR Corporate Bond UCITS - Acc ETF|EUR|5.79|1.24|-0.28|0.13|2.16||9.8
IE00B5MTZ488|SC06.DE|Invesco STOXX Europe 600 Optimised Media UCITS Acc ETF|EUR|163.32|20.84|-23.0|-0.42|-6.65|23.79|3.8
LU2244386137|ASRG.DE|BNPP Easy EUR HY SRI Fossil Free UCITS ETF Dis|EUR|8.84|4.48|-3.83|-0.72|-1.23||605.2
IE000X5OD4M3|PTAM.DE|Performance Trust Total Rtn Bond UCITS ETF Acc|EUR|7.35|16.26|-16.22|-0.77|-10.52||
LU2823896738|BJLZ.DE|BNPPE ESG Enh EUR Crp Bd December 2029 UCITS ETF D|EUR|10.33|2.82|-2.2|-0.62|0.25||35.5
IE000BI0GCN3|CBUS.DE|iShares Core UK Gilts UCITS EUR Hedged (Dist) ETF|EUR|4.35|6.27|-5.66|-0.42|-0.62||
IE000FK14CA5|FYUE.DE|Fidelity USD HY Crp Bd Rs Enh PAB UCITS ETFIncEURH|EUR|4.61|4.82|-3.26|0.67|5.23||
IE000H5X52W8|CEBD.DE|iShares iBond Dec 2027 Term   Corp UCITS ETF EUR D|EUR|5.11|0.98|-0.74|-0.43|1.57||1287.7
IE000I8IKC59|PAUJ.DE|Invesco MSCI Japan ESG Climate PA UCITS ETF Acc|EUR|5.11|20.22|-10.98|0.78|17.84||
IE0004MFRED4|XZEW.DE|Xtrackers S&P 500 Equal Weight Score & Screened UCITS ETF|EUR|52.58|23.94|-15.71|0.75|19.87|21.8|
LU1094612022|CGB.DE|Xtrackers II Harvest China Government Bond UCITS 1D ETF|EUR|20.5|22.29|-14.16|0.58|14.85||23.1
IE0004ZJGWT9|XZEP.DE|Xtrackers MSCI Europe ESG UCITS ETF|EUR|579.1|13.41|-10.26|0.61|10.23|19.57|1214.0
IE00BFMNPS42|XZMU.DE|Xtrackers MSCI USA ESG UCITS ETF|EUR|75.03|13.22|-10.82|1.41|20.59||
IE000LSRKCB4|SPQB.DE|Global X S&P 500 Qtr Buffer UCITS ETF USD Acc|EUR|20.92|6.85|-3.1|1.87|14.82||3.5
LU1974694470|CHSP.DE|UBS J.P. Morgan Global Gov ESG Liquid Bond UCITS hEUR dis ETF|EUR|8.43|3.45|-4.95|-1.53|-3.29||
IE000FCGBU62|WELI.DE|Amundi S&P World Materials Screened UCITS Acc ETF|EUR|15.42|20.63|-14.69|1.08|24.35|18.78|407.1
IE000IAPH329|AHYT.DE|BNP PARIBAS EASY II US High Yield Opportunities UCITS USD Acc ETF|EUR|10.82|5.22|-3.22|0.71|5.7||103.1
IE000DTA2ZH9|JPVD.DE|JPM US Val Eq Active UCITS ETF - USD (dist)|EUR|32.65|10.94|-5.05|1.87|22.45||
LU2697597719|BJLQ.DE|BNP Paribas Easy ESG Enhcd EUR Govt Bd UCITS ETF D|EUR|9.59|4.48|-5.28|-1.27|-3.67||171.7
DE000A0H08P6|EXH8.DE|iShares STOXX Europe 600 Retail UCITS (DE) ETF|EUR|44.13|19.43|-12.96|0.05|2.97|21.38|11.2
IE0006OIQXE9|FFGH.DE|Fidelity Gl HY Crp Bd Rs Enh PAB UCITS ETF Inc USD|EUR|4.53|5.42|-2.27|1.4|9.61||
IE00BFNM3C07|SLMB.DE|iShares MSCI EMU Screened UCITS ETF EUR Dist|EUR|9.01|14.43|-10.16|0.76|13.02|17.5|2137.8
IE000CY30YV9|FTGM.DE|First Trust US Momentum UCITS ETF A USD|EUR|27.36|16.94|-7.36|1.74|31.41||95.0
LU1645385839|SEAA.DE|UBS J.P. Morgan USD EM Diversified Bond 1-5 UCITS USD dis ETF|EUR|9.55|4.91|-2.88|1.19|7.83||
LU1291106356|PAC.DE|BNPP Easy MSCI Pac ex Japan Min TE UCITS ETF C|EUR|17.33|12.48|-6.33|0.89|13.12|19.5|
IE000BXC49I6|JGSC.DE|JPM Gbl RsrchEnhIdx Eqt SRI PA Atv UCITS ETF USDA|EUR|36.77|11.38|-8.19|1.45|18.48||
LU2533812991|BJLF.DE|BNPP Easy EUR Agg Bd SRI Fossil Free UCITS ETF C|EUR|10.4|3.88|-4.7|-1.12|-2.35||251.8
IE0000VITHT2|CBU4.DE|iShares iBond Dec 2028 Term $ Corp UCITS ETF USD D|EUR|4.5|22.03|-15.83|0.2|6.3||
IE0003RQ9F90|BCFN.DE|UBS Nasdaq-100 UCITS ETF USD dis|EUR|31.83|27.98|-20.1|1.0|29.98||
IE00053WDH64|HYDE.DE|Invesco Hydrogen Economy UCITS Acc ETF|EUR|5.26|26.47|-21.52|2.17|59.43||
IE000UFAX9L6|GQWD.DE|Goldman Sachs Alp Enh Wld Eq Actv UCITS ETF USDAcc|EUR|12.42|11.12|-6.3|1.77|21.73||357.0
IE000BWKUES1|AKWA.DE|Global X Clean Water UCITS ETF USD Acc|EUR|26.87|14.06|-10.43|-0.3|-2.17||25.8
IE00BC7GZW19|SYBD.DE|StSt SPDR BBG 0-3 Year Euro Corp Bd UCITS ETF Dis|EUR|29.58|2.59|-0.98|-0.38|1.02||
FR0010245514|LYY4.DE|Amundi Japan TOPIX II UCITS ETF EUR Dist|EUR|232.25|19.0|-9.61|1.6|32.34||
LU1781541096|LCUK.DE|Amundi UK Equity All Cap UCITS ETF - Dist|EUR|17.55|23.41|-12.71|0.63|16.73||1630.9
IE000FZ1S3M3|CEMJ.DE|iShares $ Corp Bond ESG SRI? UCITS EUR Hedged (Acc) ETF|EUR|4.88|4.25|-5.6|-1.44|-4.13||
LU2977997381|CBDE.DE|Amundi Core USD Corporate Bond UCITS EUR Hedged Acc ETF|EUR|9.8|5.43|-7.04|-1.38|-5.5||
IE00BN2BCY94|XDRE.DE|Xtrackers Developed Green Real Estate ESG UCITS 1C ETF|EUR|28.47|11.89|-9.73|0.49|7.78||11.7
IE0000902GT6|WMGT.DE|WisdomTree Megatrends UCITS - USD Acc ETF|EUR|36.65|34.19|-22.48|0.36|14.24||68.1
IE00BJ06C044|JRUD.DE|JPM US Research Enhanced Index Equity Active UCITS USD (dist) ETF|EUR|63.36|11.39|-6.86|1.62|20.41||
IE00B4613386|SYBM.DE|StSt SPDR BBG Em Mkts Local Bond UCITS ETF Dist|EUR|50.06|5.32|-3.9|0.67|5.58||
IE00BMD8KP97|EQQJ.DE|Invesco NASDAQ Next Generation 100 UCITS ETF Acc|EUR|48.44|17.43|-9.52|1.56|29.14||56.6
IE000K9Z3SF5|C3AE.DE|Invesco S&P China A 300 Swap UCITS ETF Acc|EUR|5.97|19.66|-12.18|0.38|9.39||16.6
IE000SBJO6L2|34GI.DE|iShares iBonds Dec 2034 Term Corp UCITS EUR (Dist) ETF|EUR|4.75|4.94|-5.06|-0.95|-2.7||148.9
IE00BWT3KJ20|UBUV.DE|UBS Factor MSCI USA Low Volatility UCITS hEUR acc ETF|EUR|29.05|10.6|-9.85|-0.49|-3.25||
IE000GB2EQ90|BS30.DE|Invesco BlltShs 2030 USD Crp Bd UCITS ETF Dist|EUR|4.36|4.96|-3.32|0.4|4.01||
IE00B5MTYK77|SC02.DE|Invesco STOXX Europe 600 Optimised Financial Services UCITS Acc ETF|EUR|497.95|16.02|-12.17|0.31|6.99|12.07|6.5
IE000FL46JJ1|XEQL.DE|Xtrackers S&P 500 Equal Weight Swap UCITS 1D ETF|EUR|33.87|23.83|-16.53|0.63|16.94||39.3
IE00B3B8Q275|IUS6.DE|iShares EUR Covered Bond UCITS EUR (Dist) ETF|EUR|138.24|2.8|-3.15|-0.99|-0.77||1579.1
LU2823895763|BJLY.DE|BNPPE ESG Enh EUR Crp Bd December 2032 UCITS ETF D|EUR|10.06|4.14|-4.11|-0.89|-1.69||44.8
IE00BM9TSP27|XSOE.DE|WisdomTree Emerging Markets ex-State-Owned Enterprises UCITS Acc ETF|EUR|29.09|21.89|-13.52|1.18|27.92||23.2
IE000C692SN6|H41G.DE|HSBC MSCI World Small Cap Scrnd UCITS ETF USD Acc|EUR|23.8|13.09|-8.12|1.36|19.85||158.7
LU1645386308|SEAD.DE|UBS J.P. Morgan USD EM Diversified Bond 1-5 UCITS hEUR dis ETF|EUR|9.12|3.1|-2.15|-0.15|1.54||
IE00BKWQ0C77|SPYR.DE|StSt SPDR MSCI Europe Consumer Dis UCITS ETF|EUR|146.0|19.71|-20.59|-0.86|-14.88|16.98|136.1
IE000YELA4E3|SNPE.DE|L&G S&P 100 Equal Weight UCITS USD Acc ETF|EUR|10.64|9.69|-5.54|1.81|19.57||43.5
LU0484969463|XBAT.DE|Xtrackers II Target Maturity Sept 2029 Italy and Spain Government Bond UCITS ETF|EUR|204.16|2.29|-2.01|-1.05|-0.41||9.0
LU1459799943|CHSS.DE|UBS Core US Treasury 10+ d ETF|EUR|7.92|8.79|-8.96|-0.63|-3.56||
IE000DNSAS54|XEMC.DE|Xtrackers MSCI Emerging Markets Climate Transition UCITS ETF|EUR|50.83|21.97|-13.24|1.3|30.52||
IE00B428Z604|IS0P.DE|iShares Spain Govt Bond UCITS EUR (Dist) ETF|EUR|145.65|4.49|-4.85|-0.9|-2.01||
IE000GSIFIB0|C71P.DE|Global X 1-3 Month T-Bill UCITS ETF|EUR|15.11|5.54|-3.39|1.09|8.02||90.7
IE000BKMMHF9|BCFB.DE|UBS MSCI Pacific ex Japan IMI SR UCITS ETF USD acc|EUR|18.08|12.38|-6.89|0.52|8.38||
IE00BDQZ5152|SXRF.DE|iShares $ Intermediate Credit Bond UCITS ETF USD D|EUR|4.2|5.22|-5.38|-0.13|1.35||
LU1900067940|LHKG.DE|Amundi MSCI China ESG Selection Extra UCITS Dist ETF|EUR|22.76|19.87|-22.46|-1.03|-18.5|12.31|538.5
IE0004W4ZVJ5|INGE.DE|Amundi JP Morgan INR India Government Bond UCITS Acc ETF|EUR|8.54|7.41|-9.63|-0.49|-1.59||3.7
IE000IUNJSL2|SEUA.DE|State Street SPDR Bloomberg 0-3 Year Euro Corporate Bond UCITS ETF|EUR|10.78|2.29|-1.14|-0.38|1.13||
IE00BGQYRR35|XUCD.DE|Xtrackers MSCI USA Cons Discretionary UCITS ETF 1D|EUR|81.54|19.62|-13.88|-0.14|-0.7||153.5
LU1645380368|FRC3.DE|UBS CoreBBG Euro Inflation Linked Bond 1-10 UCITS EUR dis ETF|EUR|14.02|2.63|-2.9|-0.6|0.42||416.0
IE00B0M62V02|IQQG.DE|iShares Euro Total Market Growth Large UCITS EUR (Dist) ETF|EUR|70.18|20.11|-12.5|0.29|7.83|28.64|348.6
IE0002UMVXQ1|JSUD.DE|JPM US RschEnhIdx Eqt SRI PA Atv UCITS ETF USDD|EUR|37.51|12.13|-9.47|1.38|18.74||
LU2533810789|BJLH.DE|BNP Paribas Easy JPMTilted EMU GovernmentBond IG 1-3Y - UCITS Capitalisation ETF|EUR|10.08|1.43|-1.24|-1.32|0.11||795.0
LU1852211215|MDBA.DE|UBS Sustainable Dev Bank Bonds UCITS ETF USD acc|EUR|10.96|4.94|-3.81|0.35|3.73||
IE00BYVTMZ20|FAEU.DE|Invesco US HY Flln Angls UCITS ETF EUR Hdg Acc|EUR|27.19|5.51|-5.35|-0.72|-1.99||
IE000V6KDJC9|BCFJ.DE|UBS MSCI World Selection UCITS hEUR dis ETF|EUR|26.61|12.63|-9.39|1.08|15.59||
IE00BYSZ6062|SYBV.DE|State Street SPDR Bloomberg 10+ Year Euro Government Bond UCITS ETF|EUR|20.86|7.77|-9.89|-1.13|-6.79||134.1
IE000TAA0GK0|NA7Y.DE|YieldMax Future of Dfnc Option Inc UCITS ETF USD D|EUR|39.15|22.51|-22.34|-0.32|-5.31||0.0
IE000M86QRT4|MWOQ.DE|Amundi S&P 500 Equal Weight UCITS EUR Hedged Acc ETF|EUR|13.76|11.51|-8.76|0.68|9.78||
IE000O6GI299|GIGA.DE|Goldman Sachs EUR InvGr Crp Bd Act UCITS ETF EUR A|EUR|50.6|3.08|-2.96|-0.95|-0.93||37.8
LU1812092168|SELD.DE|Amundi Stoxx Europe Select Dividend 30 UCITS ETF D|EUR|24.13|12.24|-6.72|2.16|28.42|11.19|602.7
LU0942970798|XBAE.DE|Xtrackers II ESG Global Aggregate Bond UCITS 5C EUR Hedged ETF|EUR|20.36|3.7|-4.9|-1.27|-2.69||
IE000JLXYKJ8|E0UA.DE|iShares Govt Bond 0-3 month UCITS EUR (Acc) ETF|EUR|5.21|0.78|-0.25|0.16|2.12||34.7
IE000MY0C911|H41R.DE|HSBC Global Corporate Bond UCITS C H EUR ETF|EUR|11.06|3.66|-4.4|-1.34|-2.91||
IE000DS9ZCL4|JRDC.DE|JPM China A Research Enhanced Index Equity (ESG) UCITS ETF USD (dist)|EUR|20.45|18.54|-11.72|0.31|7.73||22.5
LU1681041114|FRNE.DE|Amundi EURFloatRateCpBdESG UCITS ETF Acc|EUR|113.33|1.03|-0.26|0.53|2.54||
LU2089239276|PRAP.DE|Amundi Core USD Corporate Bond UCITS Acc ETF|EUR|18.5|22.21|-16.85|-0.08|0.16||
IE000F472DU7|DRGE.DE|L&G China CNY Bond UCITS EUR Dist ETF|EUR|10.75|7.16|-2.84|1.61|13.52||
IE000CV0WWL4|JCPN.DE|Janus Henderson Japan High Conviction Equity UCITS (GBP) Acc ETF|EUR|0.9|21.88|-13.05|1.73|39.93||1198.8
IE000EEJLWG1|CEBW.DE|iShares US Mortgage Backed Securities UCITS EUR Hedged (Dist) ETF|EUR|4.77|4.15|-6.5|-1.31|-3.43||
IE000ANOU8J3|CEB6.DE|iShares India INR Govt Bond UCITS USD (Acc) ETF|EUR|4.24|22.63|-21.72|-0.15|-1.3||30.0
IE0009BI8Z04|WEXF.DE|Amundi MSCI World ex USA UCITS Dist ETF|EUR|11.92|12.61|-8.54|1.36|19.2|20.07|928.7
IE000BZFW5H7|JAUH.DE|JPM US Equity Active UCITS ETF - EUR Hedged (acc)|EUR|33.19|12.27|-10.19|0.45|7.53||
LU2697596828|BJLP.DE|BNP Paribas Easy ESG Enhcd EUR Corp Bd UCITS ETF D|EUR|10.14|3.55|-3.15|-0.92|-1.26||99.1
LU2082999215|LUTL.DE|Amundi STOXX Europe 600 Utilities UCITS Dist ETF|EUR|150.0|15.48|-9.04|1.35|22.87|17.98|230.7
IE00BMDBMW94|ESGX.DE|Invesco MSCI Eu Ex UK Univ Scrnd UCITS ETF Acc|EUR|73.73|13.57|-10.15|0.91|14.33|18.27|11.4
IE000W336086|CEB0.DE|iShares China CNY Bond UCITS EUR Hedged (Dist) ETF|EUR|5.32|1.72|-0.71|0.77|3.33||
LU1525418643|A4H7.DE|Amundi EUR Corporate Bond 1-5Y ESG UCITS ETF Acc|EUR|54.76|2.14|-1.86|-0.94|-0.0||
IE00028H9QJ8|XGUE.DE|Xtrackers USD Corporate Green Bond UCITS 1C - EUR Hedged ETF|EUR|24.1|4.15|-4.05|-1.16|-2.83||
IE000HPBRE54|GACL.DE|Goldman Sachs ActBeta PA Sst Wld Eq UCITS ETF USDA|EUR|46.71|11.97|-8.5|1.47|19.55||9.5
LU0494592974|XCS2.DE|Xtrackers II Australia Government Bond UCITS 1C ETF|EUR|148.13|90.29|-45.64|0.06|7.84||
IE000E0NL9T3|33GI.DE|iShares iBonds Dec 2033 Term Corp UCITS EUR (Dist) ETF|EUR|4.76|4.43|-4.66|-1.01|-2.47||115.1
IE000BMDG046|BS27.DE|Invesco BlltShs 2027 USD Crp Bd UCITS ETF Dist|EUR|4.72|5.19|-3.23|1.09|7.65||
IE000P4AYI47|XCTW.DE|Xtrackers MSCI World Climate Transition UCITS ETF|EUR|52.02|24.56|-17.52|0.7|19.18||25.5
LU2970735911|AEHY.DE|Amundi Core EUR High Yield Bond UCITS ETF Acc|EUR|10.26|3.62|-3.07|-0.3|0.9||
NL0009690254|TGBT.DE|VanEck iBoxx EUR Sovereign Diversifi 1-10|EUR|11.8|4.85|-4.98|-0.94|-2.57||29.5
DE0002635281|EXSG.DE|iShares EURO STOXX Select Dividend 30 UCITS (DE) EUR (Dist) ETF|EUR|23.17|11.79|-7.84|1.41|18.68|11.98|716.2
IE000N6I8IU2|JEQA.DE|JPMorgan NASDAQ Eqt Prem Inc Actv UCITS ETF USD A|EUR|30.51|13.58|-6.44|1.72|25.32||
IE000CR7DJI8|CBUM.DE|iShares S&P 500 Scored and Screened UCITS EUR Hedged (Acc) ETF|EUR|9.03|12.33|-9.1|1.15|16.2||
IE0007L3IJF6|FESE.DE|Fidelity ESG USD EM Bond UCITS ETF Inc EURH|EUR|4.57|5.59|-8.41|-1.49|-6.32||
LU2611732632|AK8F.DE|Amundi DJ Switzerland Titans 30 UCITS Dist ETF|EUR|10.27|1.74|-1.51|-0.95|0.34||11.8
IE00BF2FNH52|TRX3.DE|Invesco US Treasury Bond 1-3 Year UCITS Acc ETF|EUR|39.23|5.0|-3.42|0.75|5.76||
IE0032523478|IBCS.DE|iShares   Corp Bond Large Cap UCITS ETF EUR Dist|EUR|120.62|3.57|-3.04|-0.85|-1.02||1761.5
IE0000H445G8|CNIE.DE|VanEck New China UCITS ETF|EUR|13.66|15.89|-15.67|-1.0|-13.84||7.6
IE000LHP8TA1|JAGG.DE|JPM Glbl Aggrgte Bd Active UCITS ETF - USD (dist)|EUR|8.75|4.09|-3.04|-0.16|1.35||
IE00BP9F2J32|LDCE.DE|PIMCO Advantage Euro Low Duration Corporate Bond UCITS - EUR Income ETF|EUR|98.79|3.64|-2.77|-0.8|-0.9||178.9
IE0006K7DEL9|GCOR.DE|Franklin Sust Euro Green Corp 1-5 Year UCITS ETF|EUR|27.9|2.13|-1.82|-0.95|-0.02||30.3
IE00BD6GCF16|FTGI.DE|First Trust US Equity Income UCITS ETF B USD|EUR|42.47|13.31|-6.87|1.54|22.52||
IE00BK95B138|SNA2.DE|iShares $ Treasury Bond UCITS ETF USD Dist|EUR|3.61|5.21|-4.06|0.01|2.06||
IE00018LB0D8|WF1E.DE|Invesco S&P World Financials ESG UCITS ETF Acc|EUR|8.26|12.56|-8.92|1.12|16.1||5.0
IE000U7L59A3|CBUC.DE|iShares MSCI USA ESG Enhanced CTB UCITS EUR Hedged (Acc) ETF|EUR|7.68|12.57|-9.58|0.75|11.38||
IE000JNHCBM6|WNDY.DE|Global X Wind Energy UCITS ETF|EUR|10.1|21.04|-20.19|0.44|11.28||7.9
IE00BMQ5Y557|TCRS.DE|Janus Henderson HMT Global IG Credit Curve Steepener Core UCITS ETF|EUR|114.62|0.75|-0.3|0.96|2.72||54.7
IE000VML2GZ3|MWOJ.DE|Amundi MSCI USA ESG Leaders Extra UCITS DR - USD ETF|EUR|19.95|25.43|-20.06|0.75|21.04||
IE0009VWHAE6|USEE.DE|iShares US Equity Enhanced Active UCITS ETF USD Ac|EUR|6.63|24.8|-17.08|0.88|23.74||
IE00BJZ2DC62|XRSM.DE|Xtrackers MSCI USA Screened UCITS 1C ETF|EUR|60.13|25.23|-19.07|0.75|21.02||
LU2673523564|XB33.DE|Xtrackers II Target Maturity Sept 2033 EUR Corporate Bond UCITS ETF|EUR|27.91|4.45|-4.43|-0.93|-2.16||173.9
IE000XGNMWE1|HGGA.DE|HSBC Bloomberg Gl ESG Aggrt 1-3Y Bd UCITS ETF USD|EUR|9.9|3.14|-1.86|0.67|4.1||43.7
IE00BCHWNW54|XUHC.DE|Xtrackers MSCI USA Health Care UCITS ETF 1D|EUR|59.27|15.01|-11.18|1.26|20.96||959.8
LU1291102447|EJAP.DE|BNPP Easy MSCI Japan Min TE UCITS ETF C|EUR|21.89|20.59|-10.34|1.57|34.26|20.27|
IE00B02KXM00|IQQS.DE|iShares EURO STOXX Small UCITS EUR (Dist) ETF|EUR|51.64|14.33|-11.79|0.81|13.62|16.11|473.6
IE00BJQTJ848|W311.DE|Harbor Health Care UCITS ETF Acc|EUR|7.27|18.73|-16.09|0.59|13.06||15.2
LU2439113387|9E0E.DE|Amundi Euro Aggregate Bond ESG UCITS DR - EUR (D) ETF|EUR|43.61|4.07|-4.68|-1.04|-2.22||
IE00BYSZ5T81|SPP7.DE|StSt SPDR BBG 7-10 Y U.S. Treas Bd UCITS ETF Dist|EUR|21.6|5.7|-4.79|-0.26|0.51||
XS2595675724|FGA1.DE|Leverage Shares FAANG+ ETP|EUR|58.4|21.69|-17.52|0.84|20.19||
IE000XIBT2R7|LVLE.DE|Invesco Gl Act Def ESG Eq UCITS ETF EUR PfHdg Acc|EUR|8.11|9.27|-7.32|0.88|10.15||
IE00BH361H73|XDND.DE|Xtrackers MSCI North America High Dividend Yield UCITS 1C ETF|EUR|61.34|23.57|-15.17|0.71|18.71||230.9
IE000LAUZQT6|XWEV.DE|Xtrackers MSCI World Value ESG UCITS ETF|EUR|55.7|25.1|-13.85|1.41|37.41||300.6
DE000A0D8Q49|EXX5.DE|iShares Dow Jones U.S. Select Dividend UCITS (DE) ETF|EUR|97.48|32.62|-17.74|0.4|15.1||474.1
LU0446734369|UIME.DE|UBS MSCI EMU Value UCITS ETF EUR dis|EUR|61.71|13.11|-8.92|1.27|18.6|13.41|437.9
IE000LJ2O0V5|EU03.DE|iShares Govt Bond 0-3 month UCITS EUR (Dist) ETF|EUR|5.06|0.47|-0.15|0.23|2.11||34.7
IE00BX7RRJ27|UBUT.DE|UBS Factor MSCI USA Qlty Scrnd UCITS ETF USD dis|EUR|63.63|12.82|-9.2|1.81|25.24||
LU0429459356|XUTD.DE|Xtrackers II US Treasuries UCITS ETF 1D|EUR|165.53|5.31|-4.11|0.02|2.13||
LU1048315243|UEF8.DE|UBS BBG US Liquid Corp 1-5 UCITS ETF hEUR acc|EUR|15.04|2.31|-3.05|-1.48|-1.4||
IE0005CH3U28|JPGR.DE|JPM US Gro Eq Active UCITS ETF - USD (acc)|EUR|34.88|17.05|-14.63|0.37|8.36||
LU2082996542|LYX4.DE|Amundi STOXX Europe 600 Basic Materials UCITS Dist ETF|EUR|295.45|18.94|-13.27|1.43|29.1|20.21|33.6
IE000VG2WCW5|RDYN.DE|Robeco Dynamic Theme Machine UCITS ETF USD Acc|EUR|5.9|12.68|-10.74|1.18|16.91||15.3
LU2608817958|AE5B.DE|Amundi MSCI Europe Action UCITS Dist ETF|EUR|132.78|12.98|-10.52|0.75|11.76|18.51|2264.1
LU0908508814|XGIU.DE|Xtrackers II Global Inflation-Linked Bond UCITS 5C ETF|EUR|22.36|6.68|-2.87|0.0|2.03||
IE000GYDNJS5|XCUD.DE|Xtrackers MSCI USA Climate Transition UCITS ETF|EUR|52.35|24.87|-19.62|0.67|18.72||7.8
LU2082996112|INDA.DE|Amundi STOXX Europe 600 Banks UCITS Dist ETF|EUR|94.65|23.67|-15.59|1.39|34.81|11.93|3480.8
IE00B5MTXJ97|SC0Y.DE|Invesco STOXX Europe 600 Optimised Insurance UCITS Acc ETF|EUR|249.75|13.98|-7.02|0.6|10.41|12.67|53.4
IE00094GSCQ4|XEEW.DE|Xtrackers World Equity Enhanced Active UCITS 1C ETF|EUR|35.33|24.15|-15.22|0.81|21.57||499.7
LU2008763935|EEPG.DE|BNP Paribas Easy FTSE EPRA Nareit Developed Europe ex UK Green UCITS ETF|EUR|6.1|16.54|-18.37|-0.65|-8.83|9.27|87.0
IE00B4WXJD03|EUNJ.DE|iShares MSCI Pacific ex-Japan UCITS ETF USD (Dist)|EUR|49.22|12.16|-6.13|0.92|13.24||207.6
IE00BJK9HH50|BBTR.DE|JPM BetaBuilders US Trs Bond UCITS ETF USD Acc|EUR|92.88|5.37|-4.22|-0.0|1.97||
IE000WAKWCV7|JEBE.DE|JPM EUR IG Corporate Bond Active UCITS ETF EUR D|EUR|97.62|3.26|-3.06|-0.91|-0.95||
IE000WRQ9RR1|ED3F.DE|Global X Europe Focused Def Tech UCITS ETF EUR Acc|EUR|15.39|29.88|-29.57|-0.65|-17.48|36.65|22.9
LU2050966394|4UBL.DE|UBS MSCI EM ex China UCITS ETF USD acc|EUR|33.96|32.81|-17.87|1.67|56.84||102.2
IE000CO3P697|MJUN.DE|First Trust Vest U.S. Equity Max Buffer UCITS - June - A USD Acc ETF|EUR|22.83|5.29|-3.05|1.29|8.84||6.4
IE000QIF5N15|MWOL.DE|Amundi Prime Global UCITS Dist ETF|EUR|44.54|11.21|-6.58|1.66|20.65||5585.3
LU1048314196|UEF6.DE|UBS BBG Euro Area Liq Crp 1-5 UCITS ETF EUR dis|EUR|12.86|2.14|-1.94|-0.93|0.01||343.7
IE00BCLWRB83|IS3F.DE|iShares $ Corp Bd Int Rate Hgd UCITS ETF USD Dist|EUR|93.09|5.89|-2.93|1.02|8.02||
IE000I5MBLC4|JEUS.DE|JPM US Research Enhanced Index Equity SRI Paris Aligned Active UCITS EUR (acc) ETF|EUR|37.7|12.02|-9.47|1.39|18.72||
IE00BD1F4L37|QDVB.DE|iShares Edge MSCI USA Qual Fctr UCITS ETF USD A|EUR|16.88|10.69|-6.74|1.74|20.59||3189.7
IE00B910VR50|ZPRE.DE|State Street SPDR MSCI EMU UCITS ETF|EUR|103.4|14.61|-10.27|0.82|14.04|17.85|362.6
IE000CWS09Q9|XBHR.DE|L&G Crp Bd exBks Hgh Rtngs 0-2Y UCITS ETF USD Acc|EUR|9.6|3.74|-2.24|0.99|5.7||
LU1459802754|UIMB.DE|UBS BBG TIPS 10+ UCITS ETF USD dis|EUR|7.51|8.87|-10.47|-0.88|-5.84||
IE00B41RYL63|SYBA.DE|State Street SPDR Bloomberg Euro Aggregate Bond UCITS ETF|EUR|52.33|4.71|-4.67|-0.9|-2.23||589.3
IE00BMVB5Q68|V60D.DE|Vanguard LifeStrategy 60% Equity UCITS ETF EUR Dis|EUR|32.8|7.23|-4.87|1.22|10.83||1093.1
LU2470620845|AHYH.DE|Amundi Global Aggregate Bond 1-5Y ESG DR - Hedged EUR (C) ETF|EUR|53.58|2.42|-2.08|-1.08|-0.62||
IE000X8M8M80|FEBB.DE|First Trust Cboe Vest U.S. Equity Moderate Buffer UCITS ETF|EUR|35.85|6.25|-2.87|2.16|15.48||28.0
IE00BJL36X53|ZPR6.DE|State Street SPDR ICE BofA 0-5 Year EM USD Government Bond UCITS ETF|EUR|30.34|2.53|-1.8|-0.71|0.21||
IE00BQXKVQ19|XGLF.DE|Xtrackers MSCI GCC Select Swap UCITS 1C ETF|EUR|24.41|24.83|-20.58|-0.01|1.84||26.2
LU1291101555|EESM.DE|BNPPE MSCI Europe Small Caps SRI PAB UCITS ETF|EUR|331.55|13.45|-9.94|0.73|11.86|17.16|321.4
DE000A0Q4R44|EXI5.DE|iShares STOXX Europe 600 Real Estate UCITS (DE) ETF|EUR|12.72|16.11|-15.61|-0.44|-5.12|9.12|63.4
LU1681041627|MIVA.DE|Amundi MSCI Europe Minimum Volatility Factor UCITS - EUR (C) ETF|EUR|164.48|8.86|-6.94|0.76|8.75|18.25|80.1
IE00B4694Z11|SYBS.DE|State Street SPDR Bloomberg Sterling Corporate Bond UCITS ETF|EUR|58.36|6.81|-3.9|0.33|4.24||93.8
IE00BD4DX952|XQUA.DE|Xtrackers ESG USD Emerging Markets Bond Quality Weighted UCITS 1D ETF|EUR|8.83|5.77|-4.66|-0.07|1.58||
IE00BMYDMC42|LGGM.DE|L&G Em Quality Div USD Dist|EUR|11.93|13.67|-5.96|1.6|23.88||66.3
LU1407890620|DJAD.DE|Amundi US Treasury Bond Long Dated UCITS ETF Dist|EUR|83.92|8.65|-8.99|-0.69|-3.92||
IE00B9MRJJ36|XDGM.DE|Xtrackers MDAX ESG Screened UCITS ETF|EUR|22.39|18.48|-12.75|-0.01|1.83|13.92|91.6
IE000XOS4OJ6|BE27.DE|Invesco BulletShares 2027 EUR Corporate Bond UCITS - Dist ETF|EUR|5.33|1.25|-0.79|-0.28|1.65||10.3
IE00BSKRK281|IS06.DE|iShares   Corp Bond BBB-BB UCITS ETF EUR (Dist)|EUR|4.72|3.19|-2.86|-0.81|-0.58||439.7
LU2265794946|UIC1.DE|UBS Solactive China Technology UCITS hEUR acc ETF|EUR|5.19|28.12|-36.17|-1.36|-36.17||
LU2089238625|PRAC.DE|Amundi Core EUR Corporate Bond UCITS Acc ETF|EUR|19.89|3.39|-2.94|-0.9|-1.05||
IE00BMYDM919|LGGE.DE|L&G Eur X-UK Qual Div Eur Dist|EUR|17.82|11.71|-7.28|1.89|24.08|13.9|377.0
LU0322248146|DXS0.DE|Xtrackers SLI UCITS 1D ETF|EUR|249.5|16.88|-11.01|0.61|12.35||487.4
IE000IY9QFN9|FFLC.DE|Fidelity US Fundamental Large Cap Core UCITS - Acc ETF|EUR|5.29|12.79|-7.37|1.41|20.0||58.4
LU0340285161|UIM7.DE|UBS MSCI World UCITS ETF USD dis|EUR|440.67|24.33|-16.41|0.75|20.16||1698.9
IE00BX7RQY03|UBUR.DE|UBS Factor MSCI USA Low Volatility UCITS USD dis ETF|EUR|29.39|11.3|-8.63|0.08|2.87||
LU2924150282|LWGB.DE|Amundi Euro Government Low Duration Tilted Green Bond UCITS Acc ETF|EUR|20.13|3.19|-3.37|-1.13|-1.61||3.9
LU1753045415|ZSRI.DE|BNP Paribas Easy MSCI Europe SRI PAB UCITS ETF|EUR|32.88|13.33|-11.35|0.84|13.16|20.34|220.9
LU0468896575|D5BB.DE|Xtrackers II Germany Government Bond UCITS 1D ETF|EUR|162.07|3.8|-4.4|-0.99|-1.74||
IE00BGDQ0T50|36B5.DE|iShares MSCI EM SRI UCITS ETF USD (Dist)|EUR|6.79|19.81|-11.06|1.32|28.22||3916.5
LU2263803533|XWD1.DE|Xtrackers MSCI World Swap UCITS 1D ETF|EUR|26.62|11.27|-6.41|1.65|20.6||
LU1829219127|LYEB.DE|Amundi EUR Corp Bd Cl Paris Aligned UCITS ETF A|EUR|153.29|3.24|-3.02|-0.92|-0.97||1143.8
IE000PSF3A70|XDGI.DE|Xtrackers MSCI Global SDGs UCITS ETF|EUR|31.03|25.65|-17.3|0.25|8.38||7.6
LU2082998837|CSTA.DE|Amundi STOXX Europe 600 Technology UCITS Dist ETF|EUR|156.68|24.65|-14.91|0.86|23.1|48.01|
IE00B5MTWY73|SC0W.DE|Invesco STOXX Europe 600 Optimised Basic Resources UCITS Acc ETF|EUR|871.1|29.31|-17.9|1.61|49.06|16.24|47.0
IE00002ZKAP0|XEEE.DE|Xtrackers Europe Equity Enhanced Active UCITS 1C ETF|EUR|35.5|12.77|-9.7|0.86|12.99|17.49|68.6
LU2008760592|ASR3.DE|BNPP Easy EUR Corp Bond SRI PAB 1-3Y UCITS ETF D|EUR|9.6|1.88|-1.38|-0.71|0.67||2556.7
LU0292104030|DXSG.DE|Xtrackers MSCI Europe Communication Services UCITS ETF|EUR|85.39|16.62|-13.59|-0.56|-7.24|18.19|15.4
IE000AWT6D61|CEBU.DE|iShares USD Short Duration Corp Bond UCITS EUR Hedged (Acc) ETF|EUR|5.49|1.74|-1.6|-1.26|-0.2||
IE00043L4HU0|CEMC.DE|iShares $ Treasury Bond 10-20yr UCITS EUR Hedged (Acc) ETF|EUR|4.75|7.67|-10.78|-1.29|-7.87||
IE000E6TPCH9|QSPA.DE|Invesco S&P 500 Quality UCITS ETF Acc|EUR|5.52|12.61|-8.34|1.53|21.28||24.9
IE00BF4G6Z54|JREM.DE|JPM Glob EM Resrch Enh Idx Eqt Actv UCITS ETF USDA|EUR|46.19|22.28|-13.14|1.53|36.03||
LU1804202403|UIQN.DE|UBS MSCI EMU Select Factor Mix UCITS EUR acc ETF|EUR|18.37|12.73|-9.45|0.85|12.78|15.3|16.6
IE00BD4TYG73|UBUJ.DE|UBS Core MSCI USA hEUR UCITS ETF EUR acc|EUR|58.25|12.51|-8.88|0.91|13.34|25.06|806.5
IE000JBB8CR7|AIPE.DE|BNP PARIBAS EASY II EUR Credit PAB Opportunities UCITS EUR Acc ETF|EUR|11.35|3.52|-3.38|-0.94|-1.32||
IE00BF8HV717|COVR.DE|PIMCO Advantage Covered Bond UCITS - EUR Income ETF|EUR|102.19|3.03|-3.81|-1.11|-1.35||54.6
IE0003WEWAX4|FOHW.DE|Franklin Future of Health and Wellness UCITS ETF|EUR|25.74|15.04|-10.05|0.51|9.7||3.0
LU1852211645|CHSK.DE|UBS Sustainable Dev Bank Bonds UCITS ETF hEUR dis|EUR|9.45|2.68|-3.95|-1.57|-2.2||
LU1390062831|UINF.DE|Amundi US Inflation Expectations 10Y UCITS ETF A|EUR|126.16|4.7|-1.8|1.34|8.3||226.5
LU1399300455|XUTE.DE|Xtrackers II US Treasuries UCITS 2D EUR Hedged ETF|EUR|86.16|3.67|-5.52|-1.54|-3.63||
IE00BCRY6227|IS3L.DE|iShares $ Ultrashort Bond UCITS ETF USD Dist|EUR|88.68|5.43|-3.29|1.15|8.22||
IE00BNC1F287|ECLM.DE|Guinness Sustainable Energy UCITS ETF Acc|EUR|6.97|29.69|-19.77|0.31|11.31||16.2
IE00B53HP851|SXRW.DE|iShares Core FTSE 100 UCITS ETF GBP (Acc)|EUR|254.15|12.37|-7.91|1.28|17.83||3247.7
LU0846194776|XD5E.DE|Xtrackers MSCI EMU UCITS 1D ETF|EUR|67.17|14.58|-10.26|0.84|14.22|17.74|
IE000WP7CVZ7|WELV.DE|Amundi S&P World Materials Screened UCITS Dist ETF|EUR|14.46|20.32|-14.36|1.1|24.39|18.8|407.1
LU1598689153|LGWU.DE|Amundi MSCI EMU SmCp ESG Brd Trnstn UCITS ETF D|EUR|427.7|13.79|-9.39|0.76|12.52|14.59|615.8
IE000XOQ9TK4|XNGI.DE|Xtrackers MSCI Next Generation Internet Innovation UCITS ETF|EUR|72.25|20.83|-18.97|0.98|22.37||75.5
IE000NVM56L3|EFRB.DE|iShares Floating Rate Bond ESG UCITS EUR (Acc) ETF|EUR|5.22|1.03|-0.36|0.64|2.67||1540.5
LU1681048127|B500.DE|Amundi S&P 500 Buyback UCITS ETF - EUR (C)|EUR|350.95|11.71|-4.89|1.14|15.41||
DE0006289481|EXHC.DE|iShares eb.rexx Government Germany 2.5-5.5yr UCITS (DE) ETF|EUR|92.56|2.76|-3.38|-1.08|-0.97||219.6
LU1681038599|HNDX.DE|Amundi Nasdaq-100 Swap UCITS ETF EURH Acc|EUR|691.6|18.55|-11.89|1.04|21.21|30.57|
IE000QUCVEN9|RIZD.DE|Rize Global Sustainable Infrastructure UCITS USD acc ETF|EUR|5.39|23.38|-15.21|0.45|12.42||88.1
IE000FPWSL69|K0MR.DE|L&G Gerd Kommer Multifactor Equity UCITS ETF|EUR|14.42|12.67|-6.69|1.46|20.46||1921.0
LU1971906984|CHSE.DE|UBS EURO STOXX 50 ESG UCITS ETF EUR acc|EUR|20.18|16.96|-11.91|0.71|14.05|18.18|4210.9
LU1287023268|LYXF.DE|Amundi Euro Government Bond 15+Y UCITS ETF Acc|EUR|162.88|9.27|-11.48|-1.02|-7.46||188.9
IE0006B9CPY7|GUHY.DE|Goldman Sachs USD HY Bond Active UCITS ETF USD Dis|EUR|43.35|5.32|-3.18|0.65|5.44||98.6
LU1832418773|LMWE.DE|Amundi FTSE EPRA NAREIT Global II UCITS ETF Dist|EUR|40.53|11.37|-9.96|0.3|5.41|20.52|64.8
IE000P5IB8I8|BSE9.DE|Invesco BulletShares 2029 EUR Corporate Bond UCITS - Acc ETF|EUR|5.44|2.66|-2.29|-0.65|0.26||8.9
IE000HFXP0D2|JRGD.DE|JPM Global Rsrch Enh Idx Eqty Actv UCITS ETF USD D|EUR|56.36|10.88|-6.06|1.66|20.06||
IE00B3B8PX14|IUS5.DE|iShares Gl Infl Lnk Govt Bd UCITS ETF USD Acc|EUR|142.5|21.88|-15.29|0.0|2.1||
IE00BLSNMW37|BBCK.DE|Invesco Global Buyback Achievers UCITS ETF Dist|EUR|66.32|24.08|-15.3|0.76|20.2||199.9
IE000S4A5WE2|BCFF.DE|UBS S&P 500 Cl Transition ESG UCITS ETF USD acc|EUR|8.8|24.18|-17.84|0.77|20.61||
IE00BMXC7W70|WPAB.DE|iShares MSCI Wrld Par-Align Clim UCITS ETF USD Acc|EUR|7.49|11.82|-8.94|1.12|15.26||698.2
LU0136242590|UIM3.DE|UBS FTSE 100 UCITS ETF GBP dis|EUR|113.24|23.02|-12.44|0.65|17.06||77.8
LU1646360971|LMVF.DE|Amundi Core MSCI EMU UCITS ETF Dist|EUR|81.97|14.73|-10.3|0.8|13.8|17.73|1390.4
IE00BKVL7331|MVEA.DE|iShares Edge MSCI USA Min Vol Adv UCITS ETF USD A|EUR|7.96|23.42|-16.35|0.35|10.15||110.5
IE000X9TLGN8|WTER.DE|WisdomTree New Economy Real Estate UCITS ETF USD|EUR|23.62|19.84|-13.56|0.11|4.21||23.4
LU2872292086|LC33.DE|AMUNDI LIFECYCLE 2033 UCITS ETF Acc|EUR|10.74|5.6|-4.01|0.61|5.42|25.4|5.7
IE00B1FZS244|IQQ4.DE|iShares Asia Property Yield UCITS ETF USD Dist|EUR|18.28|11.33|-12.89|-0.53|-4.0||220.6
IE00BFMKQ930|XYLE.DE|Xtrackers USD Corporate Bond Short Duration SRI PAB UCITS 2C EUR Hedged ETF|EUR|19.46|2.14|-1.98|-1.22|-0.6||
LU1931974429|PR1Z.DE|Amundi Prime Eurozone UCITS ETF DR D|EUR|39.4|14.73|-10.29|0.84|14.42|17.9|
LU0290356954|DBXQ.DE|Xtrackers II Eurozone Government Bond 3-5 UCITS 1C ETF|EUR|202.8|2.84|-3.25|-1.28|-1.63||
LU1686830065|LCVB.DE|Amundi EUR Corporate Bond 0-1Y ESG - UCITS DR (D) ETF|EUR|128.41|1.56|-1.44|-0.91|0.57||
IE00BMCZLJ20|UEEH.DE|iShares Edge MSCI World Minimum Volatility UCITS USD (Dist) ETF|EUR|5.93|8.16|-5.38|0.73|7.94||
LU2082997359|DFOP.DE|Amundi STOXX Europe 600 Consumer Staples UCITS Dist ETF|EUR|126.78|15.4|-11.83|0.09|3.34|18.82|95.0
IE00B1FZS806|IBCM.DE|iShares   Govt Bond 7-10yr UCITS ETF EUR (Dist)|EUR|176.54|5.2|-6.59|-1.09|-3.68||1021.1
LU0292103222|DXSE.DE|Xtrackers MSCI Europe Health Care UCITS ETF|EUR|218.3|16.57|-12.67|-0.03|1.53|21.25|301.6
IE000JQ2IJD3|CHSB.DE|UBS S&P USA Div Arist ESG Elite UCITS ETF USD dis|EUR|3.88|12.36|-7.38|0.8|11.94||
IE000WXLHR76|TUCP.DE|Janus Henderson EUR Ultrashort IG Bond Paris-aligned Climate Core UCITS ETF|EUR|10.92|0.47|-0.1|-0.0|2.0||
IE00BJQRDM08|ESGU.DE|Invesco MSCI USA Universal Screened UCITS ETF Acc|EUR|104.1|12.2|-8.05|1.61|21.65||
IE00BH04GW44|VX6F.DE|Vanguard U.K. Gilt UCITS ETF GBP Acc|EUR|23.82|7.8|-5.35|0.19|3.52||
LU0879399441|UEFZ.DE|UBS SBI Foreign AAA-BBB 5-10 ESG UCITS CHF dis ETF|EUR|14.66|12.81|-7.96|-0.23|-1.0||410.4
IE00BPVLQD13|XDNY.DE|Xtrackers MSCI Japan Screened UCITS ETF|EUR|21.5|17693.01|-99.45|0.0|33.99||
LU1048313974|UETE.DE|UBS MSCI EM Socially Responsible UCITS USD acc ETF|EUR|28.03|30.38|-15.7|1.53|48.59||3496.4
IE000MQ5XEW1|XEXA.DE|L&G Multi-Strategy Enhanced Commodities ex-Agriculture & Livestock UCITS ETF|EUR|13.4|20.14|-14.3|1.95|41.27||92.9
LU2490201840|AHYZ.DE|Amundi MSCI Japan ESG Broad Transition UCITS - Hedged EUR (C) ETF|EUR|116.12|21.3|-11.06|1.65|37.1||
LU1452600270|TIUP.DE|Amundi US TIPS UCITS ETF Dist|EUR|101.64|5.4|-4.04|-0.01|1.94||
IE000VCBWFL8|XZDZ.DE|Xtrackers MSCI EMU High Dividend Yield ESG UCITS ETF|EUR|39.76|11.86|-9.35|0.53|8.34|17.14|21.0
LU0629460832|UIMT.DE|UBS MSCI Pacific Socially Responsible UCITS USD dis ETF|EUR|90.46|18.07|-8.46|1.39|27.18||893.0
IE00B42Z5J44|IBCG.DE|iShares MSCI Japan EUR Hedged UCITS ETF (Acc)|EUR|146.68|20.6|-9.94|1.78|38.66|19.35|1288.1
IE00B3S5XW04|SYBB.DE|State Street SPDR Bloomberg Euro Government Bond UCITS ETF|EUR|53.37|4.86|-5.31|-1.03|-3.03||1275.3
IE000T4LTZ00|JREW.DE|JPM All Cntr Rsch Enh Idx Eqt Actv UCITS EUR A ETF|EUR|29.32|11.29|-6.57|1.7|21.23||
IE000JTPK610|CBUY.DE|iShares MSCI All Country World SRI UCITS USD A ETF|EUR|7.75|25.09|-16.82|0.74|20.49||148.1
IE0009W21NT4|CSY7.DE|UBS MSCI World Selection UCITS hEUR acc ETF|EUR|265.1|12.74|-9.17|1.09|15.84||
LU2678230652|CEUE.DE|Amundi MSCI Europe ESG Broad Transition UCITS DR - EUR (D) ETF|EUR|14.69|13.04|-10.04|0.94|14.26|17.76|2504.9
IE00B6S2Z822|SPYG.DE|State Street SPDR S&P UK Dividend Aristocrats UCITS ETF|EUR|15.07|13.25|-8.78|1.2|17.93||113.9
IE0008QIFH42|JGGE.DE|JPM EUR Aggregate Bond Active UCITS ETF EUR dist|EUR|9.51|4.29|-5.18|-1.07|-2.6||
LU1287023003|LYXC.DE|Amundi Euro Government Bond 5-7Y UCITS ETF Acc|EUR|155.4|3.98|-5.14|-1.22|-2.85||788.2
IE000Q2EQ5K8|28IY.DE|iShares iBonds Dec 2028 Term Italy Govt Bond UCITS EUR (Dist) ETF|EUR|5.05|1.85|-1.66|-0.95|0.25||12.4
IE000LGHLQ71|BSE7.DE|Invesco BulletShares 2027 EUR Corporate Bond UCITS - Acc ETF|EUR|5.71|1.61|-0.73|-0.12|1.81||10.3
IE000N85G7P8|WEBU.DE|Amundi Core MSCI USA UCITS EURH Acc ETF|EUR|5.64|12.34|-9.57|0.87|12.7||
LU2194449075|LOWD.DE|BNPP Easy Low Carbon 300 World PAB UCITS ETF Cap|EUR|20.35|13.37|-7.9|1.07|16.37|24.83|162.4
IE000GGQK173|R8T.DE|abrdn Future Real Estate UCITS ETF USD Acc|EUR|9.75|24.79|-18.35|0.09|4.31||69.3
LU0136234654|UIM6.DE|UBS MSCI USA UCITS ETF USD dis|EUR|664.6|24.71|-18.11|0.75|20.5||560.7
IE000FVQW7E7|GLBD.DE|Invesco Gl Crp Bd ESG Cl Transition UCITS ETF Dist|EUR|4.4|4.34|-3.78|-0.27|0.84||
LU2932780914|EPAZ.DE|Amundi S&P Eurozone Climate Paris Aligned UCITS Dist ETF|EUR|27.05|15.81|-11.04|0.57|11.06|17.77|3232.7
LU2809864296|XB30.DE|Xtrackers II Target Maturity Sept 2030 EUR Corporate Bond UCITS ETF|EUR|35.29|2.89|-2.69|-0.88|-0.53||30.9
IE00BMVB5L14|V20D.DE|Vanguard LifeStrategy 20% Equity UCITS ETF EUR Dis|EUR|22.07|4.08|-3.54|-0.18|1.25||118.1
IE00BKWQ0N82|SPYT.DE|StSt SPDR MSCI Europe Com Services UCITS ETF|EUR|72.31|15.61|-11.18|-0.58|-7.07|18.23|57.2
IE000CVOSY02|DWLD.DE|Franklin FTSE Developed Word UCITS ETF|EUR|32.95|11.61|-6.18|1.73|22.04||22.4
LU0613540268|XBO2.DE|Xtrackers II Italy Government Bond 0-1 Swap UCITS 1C ETF|EUR|34.25|3.93|-1.22|-0.06|1.75||44.2
IE000ZOI8OK5|IB27.DE|iShares iBond Dec 2027 Term   Corp UCITS ETF EUR A|EUR|5.65|1.34|-0.67|-0.22|1.71||1287.7
IE00BLRB0028|G1CD.DE|Invesco Global Clean Energy UCITS ETF Dist|EUR|19.69|23.48|-23.25|0.56|15.07||128.1
IE0008ZGI5C1|FLPE.DE|Northern Trust Listed Private Eq UCITS ETF USD Acc|EUR|25.25|22.82|-25.89|-0.84|-17.07||309.2
LU2082997516|EHLT.DE|Amundi STOXX Europe 600 Healthcare UCITS Dist ETF|EUR|185.68|16.03|-12.46|-0.04|1.35|21.42|906.1
IE00B5MJYX09|SC0S.DE|Invesco STOXX Europe 600 Optimised Industrial Goods & Services UCITS Acc ETF|EUR|570.1|19.72|-12.63|0.33|8.53|27.66|7.6
LU1681042609|CEUG.DE|Amundi MSCI Eu ESG Brd Transition UCITS ETF EUR A|EUR|433.7|13.23|-10.05|0.92|14.13|17.78|2504.9
IE00B44CGS96|EUNX.DE|iShares US Aggregate Bond UCITS ETF USD (Dist)|EUR|80.41|5.26|-4.33|0.0|2.01||
LU2095995895|JC11.DE|UBS J.P. Morgan CNY China Gov 1-10 UCITS USD acc ETF|EUR|12.52|4.9|-2.75|2.34|13.48||12.7
IE00BLRPQL76|DRGN.DE|L&G China CNY Bond UCITS ETF USD Dist|EUR|9.4|7.25|-2.86|1.64|13.9||
IE00B23D9570|6PSK.DE|Invesco RAFI Emg Mkts Fundmntal Val UCITS ETF Dist|EUR|11.98|19.64|-10.0|1.48|31.09||92.0
IE00BYXYX521|XAAG.DE|Invesco Bloomberg Commodity ex-Agriculture UCITS Acc ETF|EUR|42.22|31.39|-15.96|1.38|45.34||603.8
IE00BZ2GV965|UEQU.DE|UBS CMCI ex-Agriculture SF UCITS USD acc ETF|EUR|277.05|16.05|-9.84|2.45|41.4||
LU0614173895|X03C.DE|Xtrackers II Eurozone Government Bond 3-5 UCITS 1D ETF|EUR|179.22|2.82|-3.24|-1.26|-1.54||
LU2470620761|AHYF.DE|Amundi Global Agg SRI 1-5 UCITS DR - USD (C) ETF|EUR|49.1|2.86|-1.78|0.14|2.39||
IE000U3XZQN5|ECTA.DE|iShares MSCI Europe Climate Transition Aware UCITS EUR (Acc) ETF|EUR|6.01|12.83|-9.09|0.76|11.73|17.28|7.4
IE000X7DRW38|DGXU.DE|WisdomTree Gl Ex-USA Qual Div Gr UCITS ETF EUR Acc|EUR|29.27|15.7|-9.61|0.87|15.62|19.72|27.6
IE000783LRG9|JRZD.DE|JPM Eurozone Research Enhanced Index Equity Active UCITS EUR (dist) ETF|EUR|39.4|14.85|-10.3|0.89|15.22|18.12|
IE00B3VWLG82|SXRD.DE|iShares MSCI UK Small Cap UCITS ETF GBP (Acc)|EUR|329.65|14.86|-11.69|0.69|12.28||102.8
FR0010429068|LYM7.DE|Amundi MSCI Em Mkts Swap II UCITS ETF EUR Acc|EUR|19.65|21.96|-13.49|1.44|33.53|14.88|
IE00BWBXM385|ZPDS.DE|StSt SPDR S&P US Con St Sel Sector UCITS ETF Acc|EUR|39.4|15.89|-8.74|0.55|10.7||270.0
IE000SOORXS0|VCAA.DE|Vanguard EUR Cash UCITS ETF (Acc)|EUR|15.26|0.18|-0.03|-1.64|1.7||521.0
IE0007BT2BH8|EGVA.DE|Invesco EUR Gv and Rltd Grn Bd Wghtd UCITS ETF Acc|EUR|5.22|5.05|-5.43|-1.02|-3.16||23.1
LU1650491795|E15H.DE|Amundi Euro Government Inflation-Linked Bond UCITS Dist ETF|EUR|139.01|3.68|-4.46|-0.85|-1.12||1376.4
IE000PJL7R74|PAUM.DE|Invesco MSCI Em Markets ESG Cl PA UCITS ETF Acc|EUR|5.53|20.62|-11.32|0.9|20.59||160.7
IE0009EDBBS3|GIGE.DE|Goldman Sachs EUR InvGr Crp Bd Act UCITS ETF EUR D|EUR|48.86|3.05|-2.98|-0.96|-0.93||37.8
IE000AYJ75E5|BE26.DE|Invesco BulletShares 2026 EUR Corporate Bond UCITS - Dist ETF|EUR|5.41|0.8|-0.27|0.13|2.11||9.8
LU2581375156|XSX7.DE|Xtrackers STOXX Europe 600 UCITS ETF|EUR|97.83|12.56|-9.32|0.97|14.18|17.5|5658.6
IE00B5NLX835|SC0P.DE|Invesco STOXX Europe 600 Optimised Automobiles & Parts UCITS Acc ETF|EUR|371.35|22.7|-23.35|-0.96|-19.9|9.83|10.2
IE000QL3QEM2|H41S.DE|HSBC Global Government Bond UCITS C H EUR ETF|EUR|10.16|3.24|-4.27|-1.37|-2.45||
LU2244387887|EGRE.DE|BNP Paribas Easy Growth Europe UCITS ETF Cap|EUR|11.67|13.98|-9.42|0.34|6.81|18.43|22.6
IE00B3DKXQ41|EUN4.DE|iShares   Aggregate Bond ESG SRI UCITS ETF EUR D|EUR|103.4|3.98|-4.73|-1.1|-2.37||1681.2
IE0007I99HX7|WMOT.DE|VanEck Morningstar US Wide Moat UCITS ETF USD A|EUR|22.92|12.97|-11.29|0.72|11.32||43.0
LU0950674928|USUP.DE|UBS MSCI Pacific Socially Responsible UCITS USD acc ETF|EUR|13.66|28.04|-15.65|0.88|26.78||893.0
IE00BFWXDY69|FVSH.DE|Franklin Euro Short Maturity UCITS ETF (Dis)|EUR|25.58|0.91|-0.35|-0.84|1.23||597.7
LU0292109856|DBX9.DE|Xtrackers MSCI China A UCITS ETF|EUR|34.05|28.03|-17.2|0.04|3.1||137.2
IE000CH3OQ51|MXUE.DE|Invesco MSCI USA UCITS EUR Hdg Acc ETF|EUR|7.25|12.52|-8.73|0.91|13.37||
IE000K1VI152|CEMF.DE|iShares $ Treasury Bond 7-10yr UCITS EUR Hedged (Acc) ETF|EUR|4.88|4.54|-7.45|-1.56|-5.09||
IE000DB78H45|EWSD.DE|Invesco EURO STOXX 50 Equal Weight UCITS Dist ETF|EUR|5.3|14.23|-10.19|0.43|8.16|15.62|2.3
IE00BZ6V7883|QDVP.DE|iShares US Mortgage Backed Sec UCITS ETF USD D|EUR|3.56|5.59|-4.74|0.0|2.01||
IE000WX7BVB0|JEGA.DE|JPM Global Eq Prem Inc Active UCITS ETF USD (acc)|EUR|28.09|7.91|-8.21|0.73|7.75||
IE000I1D7D10|CEBK.DE|iShares iBond Dec 2027 Term $ Corp UCITS ETF USD A|EUR|104.96|5.29|-3.24|1.05|7.57||
IE000JKS50V3|WELG.DE|Amundi S&P World Health Care Screened UCITS Dist ETF|EUR|11.49|14.99|-12.38|0.68|12.15|26.59|692.4
IE00B5MJYB88|SC0Q.DE|Invesco STOXX Europe 600 Optimised Telecommunications UCITS Acc ETF|EUR|136.66|17.56|-16.78|0.78|15.7|18.18|2.5
LU1681038912|JP40.DE|Amundi JPX-Nikkei 400 UCITS ETF - EUR (C)|EUR|263.7|19.51|-9.43|1.52|31.72||
IE00BMH5YF48|CL0U.DE|Global X Cloud Computing UCITS ETF USD Acc|EUR|12.86|32.9|-27.28|0.88|31.0||12.8
LU2742532828|BJLU.DE|BNPP Easy EUR Corp Bond SRI PAB 7-10Y UCITS ETF C|EUR|10.41|4.98|-5.24|-0.94|-2.7||37.1
IE000TD32PU3|MBSR.DE|Regan Total Return Income UCITS ETF USD Acc|EUR|9.49|22.13|-14.97|0.3|8.55||1.2
IE00BKY55S33|XU8Z.DE|HSBC JAPAN SCREENED EQUITY UCITS ETF USD|EUR|24.01|19.75|-12.05|1.6|33.67||360.4
IE00BFMXYP42|VUKG.DE|Vanguard FTSE 100 UCITS ETF GBP Acc|EUR|66.23|12.51|-7.78|1.2|16.99||6662.1
LU2641054551|XG01.DE|Xtrackers II Germany Government Bond 0-1 UCITS ETF|EUR|35.17|0.48|-0.1|0.03|2.02||511.0
LU1834983550|LBRE.DE|Amundi STOXX Europe 600 Basic Resource UCITS ETF A|EUR|137.36|28.15|-18.29|1.62|47.67|9.0|
IE000IAXNM41|DFNC.DE|iShares Europe Defence UCITS EUR (Acc) ETF|EUR|5.2|28.63|-20.23|-0.43|-10.3|33.5|375.5
IE000RDRMSD1|CBUT.DE|iShares Blockchain Technology UCITS ETF (Acc)|EUR|15.91|53.8|-43.09|-0.2|-8.58||304.3
LU1953136527|EMEC.DE|BNPP Easy ECPI Circular Economy Leaders UCITS ETFC|EUR|22.64|11.77|-7.95|0.98|13.54|23.89|
IE000KXTLDE2|FCHP.DE|First Trust Bloomberg Global Semiconductor Supply Chain UCITS - A USD ACC ETF|EUR|47.54|36.97|-24.98|2.78|104.69||36.8
IE000QADMYA3|V3RE.DE|Vanguard ESG EUR Corp Bond UCITS ETF EUR Acc|EUR|5.72|3.19|-3.03|-0.96|-1.06||
IE000N1ZEIG9|CTBA.DE|Invesco S&P 500 CTB Net Zero Pathway ESG UCITS ETF Acc|EUR|5.72|11.18|-7.8|1.57|19.53||2.6
IE000U5MJOZ6|JEIP.DE|JPMorgan US Eqt Premium Inc Active UCITS ETF USD D|EUR|21.68|7.82|-4.88|1.21|11.5||
LU0484968903|XB4D.DE|Xtrackers II ESG EUR Corporate Bond UCITS 1C ETF|EUR|7.05|3.36|-3.02|-0.92|-1.08||2478.5
LU0969639474|CHSF.DE|UBS Core BBG EUR Gov 1-10 UCITS ETF EUR acc|EUR|16.79|3.25|-3.72|-1.18|-1.85||1444.3
IE00BP2C1S34|HPAU.DE|HSBC MSCI USA Climate Paris Aligned UCITS ETF USD|EUR|47.62|13.79|-11.34|1.13|17.61||41.0
LU2469465822|XCNA.DE|Xtrackers MSCI China A Screened Swap UCITS ETF|EUR|18.6|27.67|-16.31|0.25|8.86||100.2
IE00BNGFMY78|FEPX.DE|Fidelity Pj Research Enhance Etf Acc|EUR|6.6|12.17|-6.9|0.81|11.89||525.6
IE00BJQRDL90|ESGE.DE|Invesco MSCI Europe Universal Scrnd UCITS ETF Acc|EUR|81.11|13.37|-10.3|1.01|15.51|18.16|192.2
IE000ON9GR24|MAXS.DE|iShares US Large CapMax Bffr Sep UCITS ETF USD Acc|EUR|4.79|22.27|-15.2|0.38|10.53||30.6
LU3025345516|EDEG.DE|BNP Paribas Easy Overnight UCITS ETF Cap|EUR|10.32|0.5|-0.21|0.87|2.44||706.1
IE000B1A2798|VGGF.DE|Vanguard Global Government Bond UCITS EUR Hedged Accumulating ETF|EUR|4.9|3.8|-5.35|-1.43|-3.43||
IE000O1FWAW6|IG35.DE|iShares iBond Dec 2035 Term   Corp UCITS ETF EUR A|EUR|4.88|5.13|-5.42|-0.79|-2.05||94.8
IE000S2QZKI8|JIGG.DE|JPM Global IG Corp Bond Active UCITS ETF USD A|EUR|9.08|4.27|-3.84|-0.29|0.75||
IE00BMDPBY65|FLXP.DE|Franklin STOXX Europe 600 Paris Aligned Climate UCITS ETF|EUR|42.16|13.96|-11.32|0.6|10.32|17.81|43.4
IE0005MWBFR7|JGIE.DE|JPM Global Research Enhanced Index Equity Active UCITS EUR acc) ETF|EUR|32.18|10.86|-6.16|1.66|20.05||
IE000G4ONBO6|FFGC.DE|Fidelity Global Government Bond Climate Aware UCITS - EUR Hedged Inc ETF|EUR|4.61|4.42|-3.11|-0.17|1.25||
IE000L2TO2T2|SUA0.DE|iShares Corp Bond ESG SRI UCITS EUR (Acc) ETF|EUR|5.32|3.26|-3.08|-0.92|-1.0||
IE00BP2C0316|HPAE.DE|HSBC MSCI Europe Cl Paris Aligned UCITS ETF EUR|EUR|28.04|13.58|-10.58|0.61|10.35|18.25|37.7
IE000HDEYKM3|FYEI.DE|Fidelity EUR HY Crp Bd Rs Enh PAB UCITS ETFInc EUR|EUR|4.82|3.72|-5.4|-1.93|-5.17||
IE0008D0AIU9|ESAE.DE|BNPPE MSCI Wld Equal Wght Select UCITS ETF EUR C|EUR|13.14|11.27|-6.7|1.26|16.16||
IE000H0TSO96|EIGC.DE|Franklin Euro IG Corporate UCITS ETF|EUR|25.75|3.16|-3.12|-1.03|-1.24||114.5
LU1563454310|KLMT.DE|Amundi Global Aggregate Green Bond UCITS ETF Acc|EUR|47.83|3.96|-4.68|-1.06|-2.21||
IE0001JABD69|JRWE.DE|JPM All Cntr Rsch Enh Idx Eqt Actv UCITS ETF EURHA|EUR|30.15|12.23|-8.2|1.11|15.56||
IE000ZBGZQM8|IG33.DE|iShares iBonds Dec 2033 Term Corp UCITS EUR (Acc) ETF|EUR|5.08|4.48|-4.63|-0.96|-2.29||115.1
IE000BNLRWE6|SAHE.DE|Schroder Global Equity Active UCITS ACC USD ETF|EUR|10.49|11.62|-6.26|1.67|21.38||1492.2
IE00BFXR5S54|LGGL.L|L&G Global Equity UCITS ETF USD Acc|EUR|27.81|12.5|-8.44|1.09|15.6|22.4|2048.3
XS2337093798|TSLA.L|Leverage Shares 1x Tesla|EUR|656.0|43.92|-38.08|-0.51|-20.58||7.8
IE00B4P11460|EMLB.SW|PIMCO Advantage EM Local Bond UCITS ETF USD Acc|EUR|129.17|5.13|-5.04|0.63|5.22||308.4
LU1459800113|UST10.SW|UBS Core BBG US Treasury 10+ UCITS ETF hEUR Adis|EUR|9.36|111.29|-52.98|-0.08|-7.37||
LU1686832194|MTH.PA|Amundi Euro Government Bond 25+Y UCITS ETF A|EUR|68.0|10.43|-12.58|-0.97|-8.09||
LU1681041544|CEM.PA|Amundi MSCI Eu SmCp ESG Brd Transition UCITS ETF A|EUR|170.49|13.24|-9.26|0.79|12.43|15.28|315.1
IE0003BJ2JS4|NCLR.PA|WisdomTree Uranium and Nuclear Energy UCITS - USD Acc ETF|EUR|41.3|44.23|-31.63|-0.32|-12.25||355.0
LU2365458145|HYDRO.PA|BNP Paribas Easy ECPI Global ESG Hydrogen Economy UCITS ETF|EUR|13.85|19.5|-9.86|1.17|24.87|17.71|
LU1589349734|MIVU.PA|Amundi MSCI USA Minimum Vol Factor - UCITS ETF (C)|EUR|101.07|22.99|-15.84|0.31|9.02||40.5
IE000YG82CF0|UCTD.L|iShares MSCI USA Clmt Trans Aware UCITS ETF USD D|USD|5.33|43.97|-30.34|0.32|16.04||7.5
