isin|yf_ticker|name|GICS Sector L1|GICS Sector L2|currency|Price|Volatiliteit (%)|Max Drawdown (%)|Sharpe Ratio|Rendement 1J (%)|P/E Ratio|Assets (Mln)|Score|Rank
IE00BD1F4M44|QDVI.DE|iShares Edge MSCI USA Val Fctr UCITS ETF USD A|Broad Market / Other|Broad Market / Other|EUR|17.25|18.15|-7.48|3.72|69.42||3897.7|3.5704000000000002|1
IE00BP3QZB59|IS3S.DE|iShares Edge MSCI Wld Val Fctr UCITS ETF USD A|Broad Market / Other|Broad Market / Other|EUR|72.37|15.68|-6.09|3.32|54.04||7642.9|3.1982|2
IE000CM02H85|FLXT.DE|Franklin FTSE Taiwan UCITS ETF|Broad Market / Other|Broad Market / Other|EUR|68.32|28.81|-19.92|3.42|100.41||1231.9|3.0216|3
IE00BSPLC520|ZPRU.DE|StSt SPDR MSCI USA Value UCITS ETF|Broad Market / Other|Broad Market / Other|EUR|89.64|14.59|-5.56|3.11|47.31||328.3|2.9987999999999997|4
IE00082MOBL9|EVSD.DE|Global X European Superdividend UCITS EUR Distribution ETF|Broad Market / Other|Broad Market / Other|EUR|20.43|13.2|-8.98|3.06|42.34|9.8|73.3|2.8804|5
IE00B0M63623|IQQT.DE|iShares MSCI Taiwan UCITS ETF USD (Dist)|Broad Market / Other|Broad Market / Other|EUR|190.5|29.89|-19.86|3.23|98.52||1741.7|2.8327999999999998|6
DE000A0F5UH1|ISPA.DE|iShares STOXX Global Select Dividend 100 UCITS (DE) ETF|Broad Market / Other|Broad Market / Other|EUR|39.29|8.71|-3.63|2.82|26.52|12.76|5227.9|2.7474|7
IE00BBQ2W338|H412.DE|HSBC MSCI AC Far East ex Japan UCITS ETF USD|Broad Market / Other|Broad Market / Other|EUR|39.42|11.41|-5.54|2.66|32.32||1067.8|2.5492000000000004|8
IE000I8KRLL9|SEC0.DE|iShares MSCI Global Semiconductors UCITS ETF USD A|Broad Market / Other|Broad Market / Other|EUR|19.75|41.97|-28.43|3.06|130.37||5891.3|2.4914|9
IE000X59ZHE2|AIFS.DE|iShares AI Infrastructure UCITS ETF USD (Acc)|Information Technology|Technology Hardware & Software|EUR|10.74|28.73|-16.83|2.82|82.93||1268.9|2.4834|10
LU2082998167|OIGS.DE|Amundi STOXX Europe 600 Energy Screened UCITS Dist ETF|Energy|Energy|EUR|149.1|18.12|-11.63|2.71|51.15|15.18|300.7|2.4774|11
IE00BHZRR030|FLXK.DE|Franklin FTSE Korea UCITS ETF|Broad Market / Other|Broad Market / Other|EUR|95.02|48.96|-32.79|3.13|155.12||5073.3|2.4741999999999997|12
IE000AZV0AS3|WMMS.DE|Amundi MSCI World IMI Value Advanced UCITS ACC ETF|Broad Market / Other|Broad Market / Other|EUR|13.61|11.67|-6.17|2.59|32.28||595.9|2.4665999999999997|13
IE00BYYHSQ67|QDVW.DE|Ishrs World Quality Div Usd Adv Dist|Broad Market / Other|Broad Market / Other|EUR|8.56|10.27|-5.65|2.57|28.41||2363.4|2.457|14
IE0004U3TX15|MTVR.DE|L&G Metaverse UCITS USD Acc ETF|Information Technology|Technology Hardware & Software|EUR|40.37|33.21|-21.21|2.87|97.14||19.1|2.4458|15
IE00BMC38736|VVSM.DE|VanEck Semiconductor UCITS ETF USD A|Information Technology|Technology Hardware & Software|EUR|105.38|39.66|-23.17|2.9|117.05||8581.2|2.4366|16
IE0002L5QB31|XY7D.DE|Global X S&P 500 Covered Call UCITS ETF USD Dist|Broad Market / Other|Broad Market / Other|EUR|14.08|8.39|-3.73|2.51|23.01||215.8|2.4353999999999996|17
IE000OJ31JQ4|FTGN.DE|First Trust Vest US Eq Mod BffrUCITS ETFNovAUSDAcc|Broad Market / Other|Broad Market / Other|EUR|33.66|6.12|-3.25|2.46|17.08||35.7|2.395|18
IE00BM8R0N95|GN0M.DE|Global X Genomics & Biotechnology UCITS ETF USDAcc|Health Care|Pharmaceuticals & Biotech|EUR|11.07|30.16|-16.68|2.69|83.28||67.0|2.3564|19
IE00B0M63391|IQQK.DE|iShares MSCI Korea UCITS ETF USD (Dist)|Broad Market / Other|Broad Market / Other|EUR|123.2|49.14|-32.87|3.0|149.43||1204.8|2.3426|20
IE00B23LNQ02|PSWD.DE|Invesco RAFI All-World Fundamental Val UCITS ETF D|Broad Market / Other|Broad Market / Other|EUR|35.92|10.73|-5.88|2.44|28.14||315.7|2.3224|21
LU0292109187|DBX5.DE|Xtrackers MSCI Taiwan UCITS 1C ETF|Broad Market / Other|Broad Market / Other|EUR|145.9|35.83|-19.63|2.71|98.94||528.1|2.3174|22
IE00BJSBCS90|GASF.DE|Goldman Sachs Access China Gv Bd UCITS ETF USD Dis|Broad Market / Other|Broad Market / Other|EUR|51.27|4.88|-2.69|2.34|13.42||111.7|2.2862|23
LU2095995895|JC11.DE|UBS J.P. Morgan CNY China Gov 1-10 UCITS USD acc ETF|Broad Market / Other|Broad Market / Other|EUR|12.52|4.9|-2.75|2.34|13.48||12.7|2.2849999999999997|24
IE000KXTLDE2|FCHP.DE|First Trust Bloomberg Global Semiconductor Supply Chain UCITS - A USD ACC ETF|Information Technology|Technology Hardware & Software|EUR|47.54|36.97|-24.98|2.78|104.69||36.8|2.2803999999999998|25
IE00BZ2GV965|UEQU.DE|UBS CMCI ex-Agriculture SF UCITS USD acc ETF|Materials|Materials|EUR|277.05|16.05|-9.84|2.45|41.4|||2.2532|26
NL0011683594|VDIV.DE|VanEck Ms Developed Markets Div Lead UCITS ETF|Broad Market / Other|Broad Market / Other|EUR|53.48|9.24|-4.11|2.3|23.24|13.51|9478.8|2.2178|27
IE00B14X4T88|IQQX.DE|iShares Asia Pacific Dividend UCITS ETF USD (Dist)|Broad Market / Other|Broad Market / Other|EUR|27.96|11.28|-6.17|2.34|28.36||740.1|2.2165999999999997|28
IE00BK5BR626|VGWE.DE|Vanguard FTSE All-Wld Hgh Div Yld UCITS ETF USD A|Broad Market / Other|Broad Market / Other|EUR|92.84|9.04|-6.0|2.33|23.03||14834.4|2.21|29
IE000NVVIF88|H41E.DE|HSBC MSCI Emerging Markets Value Screened UCITS USD Acc ETF|Broad Market / Other|Broad Market / Other|EUR|24.3|22.22|-13.17|2.41|55.65||126.3|2.1466000000000003|30
LU0659579063|XB4A.DE|Xtrackers ATX UCITS 1C ETF|Broad Market / Other|Broad Market / Other|EUR|138.66|18.08|-10.88|2.36|44.59|13.99|148.7|2.1424|31
IE00BQ70R696|NBTK.DE|Invesco Nasdaq Biotech UCITS ETF Acc|Information Technology|Technology Hardware & Software|EUR|65.07|19.48|-6.64|2.27|46.27||482.1|2.1372|32
IE00BYXG2H39|2B70.DE|iShares NASDAQ US Biotechnology UCITS ETF USD Acc|Information Technology|Technology Hardware & Software|EUR|9.12|19.57|-6.69|2.27|46.51||1231.6|2.1362|33
IE000X8M8M80|FEBB.DE|First Trust Cboe Vest U.S. Equity Moderate Buffer UCITS ETF|Broad Market / Other|Broad Market / Other|EUR|35.85|6.25|-2.87|2.16|15.48||28.0|2.1026000000000002|34
IE000HGH8PV2|5PAH.DE|Global X S&P 500 Annual Tail Hdg UCITS ETF USD Acc|Broad Market / Other|Broad Market / Other|EUR|18.25|5.96|-2.9|2.16|14.91||0.8|2.1020000000000003|35
LU0292100046|DBX8.DE|Xtrackers MSCI Korea UCITS 1C ETF|Broad Market / Other|Broad Market / Other|EUR|217.8|53.45|-32.71|2.74|148.35||656.2|2.0858000000000003|36
IE00B27YCN58|IUSD.DE|iShares MSCI World Islamic UCITS ETF USD (Dist)|Broad Market / Other|Broad Market / Other|EUR|63.06|14.19|-6.83|2.21|33.37||1621.6|2.0734|37
IE00BJRCLL96|JPGL.DE|JPM Global Equity Multi-Factor UCITS - USD (acc) ETF|Broad Market / Other|Broad Market / Other|EUR|45.53|8.19|-4.75|2.14|19.53||299.5|2.045|38
DE000A0H08M3|EXH1.DE|iShares STOXX Europe 600 Oil & Gas UCITS (DE) ETF|Energy|Energy|EUR|55.49|19.61|-13.47|2.31|47.39|14.12|555.0|2.0406|39
IE00BD0B9B76|OPEN.DE|iShares Inclusion and Diversity UCITS ETF USD A|Broad Market / Other|Broad Market / Other|EUR|10.8|13.31|-8.16|2.2|31.21||87.9|2.0368000000000004|40
IE00BM8R0J59|QYLE.DE|Global X Nasdaq 100 Covered Call UCITS ETF|Information Technology|Technology Hardware & Software|EUR|15.07|9.79|-4.75|2.13|22.87||933.5|2.0349999999999997|41
IE00BYXVGZ48|FGEQ.DE|Fidelity Global Quality Income UCITS Inc-USD ETF|Broad Market / Other|Broad Market / Other|EUR|10.37|10.13|-5.8|2.15|23.82|||2.034|42
LU1812092168|SELD.DE|Amundi Stoxx Europe Select Dividend 30 UCITS ETF D|Broad Market / Other|Broad Market / Other|EUR|24.13|12.24|-6.72|2.16|28.42|11.19|602.7|2.0256000000000003|43
IE00B5MTWH09|SC0V.DE|Invesco STOXX Europe 600 Optimised Oil & Gas UCITS Acc ETF|Energy|Energy|EUR|437.2|19.81|-13.89|2.3|47.6|14.79|18.1|2.0221999999999998|44
DE0002635299|EXSH.DE|iShares STOXX Europe Select Dividend 30 UCITS (DE) ETF|Broad Market / Other|Broad Market / Other|EUR|25.96|12.37|-6.65|2.13|28.33|11.18|1388.6|1.9969999999999999|45
IE00B4WPHX27|ETL2.DE|L&G Longer Dated All Commodities UCITS ETF USD Acc|Materials|Materials|EUR|29.08|15.46|-9.8|2.18|35.73||955.3|1.9840000000000002|46
IE0003R87OG3|AVWS.DE|Avantis Global Small Cap Val UCITS ETF USD A ETF|Broad Market / Other|Broad Market / Other|EUR|25.2|13.39|-6.39|2.09|30.02||1566.1|1.9622|47
LU1829218749|LYTR.DE|Amundi Bloomberg Equal-weight Commodity ex-Agriculture  UCITS ETF Acc|Materials|Materials|EUR|38.04|23.72|-14.43|2.25|55.27||1826.6|1.9614|48
IE00BJQRDN15|IQSA.DE|Invesco Global Active ESG Equity UCITS ETF Acc|Broad Market / Other|Broad Market / Other|EUR|98.61|12.26|-6.2|2.07|27.44|||1.9459999999999997|49
IE00BDFL4P12|SXRS.DE|iShares Diversified Commodity Swap UCITS ETF USD A|Materials|Materials|EUR|9.36|19.84|-12.38|2.17|44.97||2370.7|1.9223999999999999|50
IE00BYSX4739|FYEQ.DE|Fidelity Emerging Markets Quality Income UCITS - Inc USD ETF|Broad Market / Other|Broad Market / Other|EUR|7.59|22.11|-16.05|2.24|51.57||226.3|1.9190000000000003|51
IE000RJECXS5|AVWC.DE|Avantis Global Equity UCITS ETF USD Acc ETF|Broad Market / Other|Broad Market / Other|EUR|25.13|11.11|-5.49|2.01|24.31||797.6|1.9002|52
IE00BG88WG77|WTEH.DE|WisdomTree Enhanced Commodity UCITS ETF EUR HgdAcc|Materials|Materials|EUR|18.4|18.25|-14.06|2.18|41.75|||1.8988|53
IE00BFWXDV39|FVSJ.DE|Franklin FTSE Asia ex China ex Japan UCITS ETF|Broad Market / Other|Broad Market / Other|EUR|40.47|26.6|-18.29|2.26|61.98||598.7|1.8941999999999999|54
IE00BKM4H312|QDVD.DE|iShares MSCI USA Quality Dividend Advanced UCITS ETF|Broad Market / Other|Broad Market / Other|EUR|59.2|10.7|-4.84|1.98|23.19|||1.8832|55
LU0249326488|M9SA.DE|Market Access Jim Rogers International Commodity Index ETF|Materials|Materials|EUR|40.42|22.68|-13.59|2.15|50.69||60.1|1.8781999999999999|56
DE000A0H0728|EXXY.DE|iShares Diversified Commodity Swap UCITS (DE) ETF|Materials|Materials|EUR|36.78|19.66|-12.37|2.12|43.61||347.1|1.8726|57
IE000LYBU7X5|H41D.DE|HSBC MSCI World Value Screened UCITS ETF USD Acc|Broad Market / Other|Broad Market / Other|EUR|26.27|11.41|-6.41|2.0|24.83||334.9|1.8718|58
IE000TGSG3Y5|GAUG.DE|First Trust Vest U.S. Equity Moderate Buffer UCITS ETF|Broad Market / Other|Broad Market / Other|EUR|33.7|6.01|-2.98|1.93|13.6||24.5|1.8703999999999998|59
IE00BYXVGX24|FUSD.DE|Fidelity US Quality Income UCITS Inc-USD ETF|Broad Market / Other|Broad Market / Other|EUR|12.13|9.96|-5.26|1.94|21.36|||1.8348|60
IE000YUTMIU2|FGEA.DE|Fidelity Global Quality Income UCITS - Acc ETF|Broad Market / Other|Broad Market / Other|EUR|5.87|10.05|-5.81|1.94|21.52|||1.8237999999999999|61
IE000LSRKCB4|SPQB.DE|Global X S&P 500 Qtr Buffer UCITS ETF USD Acc|Broad Market / Other|Broad Market / Other|EUR|20.92|6.85|-3.1|1.87|14.82||3.5|1.808|62
IE000TD3TI26|JPVA.DE|JPM US Val Eq Active UCITS ETF - USD (acc)|Broad Market / Other|Broad Market / Other|EUR|33.37|10.63|-5.03|1.9|22.24|||1.7993999999999999|63
IE000ST40PX8|ES6Y.DE|L&G Cyber Security Innovation UCITS ETF USD Acc|Information Technology|Technology Hardware & Software|EUR|25.73|31.8|-15.05|2.1|68.82||37.4|1.7990000000000002|64
IE00BYYXBF44|EHDL.DE|Invesco FTSE EM High Div Low Vlty UCITS ETF Dist|Broad Market / Other|Broad Market / Other|EUR|26.02|11.08|-5.26|1.9|23.07||292.9|1.7948|65
IE000Q9IHH10|EUCL.DE|iShares   AAA CLO Active UCITS ETF EUR (Acc)|Broad Market / Other|Broad Market / Other|EUR|1043.5|0.77|-0.3|1.8|3.39|||1.794|66
IE00BDGV0415|USUE.DE|UBS MSCI USA Select Factor Mix UCITS ETF USD acc|Broad Market / Other|Broad Market / Other|EUR|43.44|10.8|-4.86|1.89|22.36|||1.7928|67
IE00B4M7GH52|IBCJ.DE|iShares MSCI Poland UCITS ETF USD (Acc)|Broad Market / Other|Broad Market / Other|EUR|36.3|22.08|-9.15|1.96|45.26||1120.1|1.777|68
IE00BFXR6159|EN4C.DE|L&G Multi-Strategy Enh Comms UCITS ETF USD Acc|Broad Market / Other|Broad Market / Other|EUR|17.49|18.07|-11.27|2.0|38.16|||1.7746|69
LU1291109616|GSDE.DE|BNPP Easy Engy&Metals Enhcd Roll UCITS ETF EUR C|Materials|Materials|EUR|21.67|19.48|-11.91|2.01|41.23|||1.7717999999999998|70
IE000DTA2ZH9|JPVD.DE|JPM US Val Eq Active UCITS ETF - USD (dist)|Broad Market / Other|Broad Market / Other|EUR|32.65|10.94|-5.05|1.87|22.45|||1.7690000000000001|71
IE00BF2B0M76|FLXX.DE|Franklin Global Quality Dividend UCITS ETF|Broad Market / Other|Broad Market / Other|EUR|38.62|9.43|-4.69|1.86|19.56||127.2|1.7662|72
IE00BK5BQZ41|VGEK.DE|Vanguard FTSEDvlpAsiaPacexJpn UCITS ETF USDAcc|Broad Market / Other|Broad Market / Other|EUR|53.02|28.46|-18.57|2.12|62.26||3190.1|1.7486000000000002|73
IE00BMYDM919|LGGE.DE|L&G Eur X-UK Qual Div Eur Dist|Broad Market / Other|Broad Market / Other|EUR|17.82|11.71|-7.28|1.89|24.08|13.9|377.0|1.7444|74
IE000EGGFVG6|DEGC.DE|Dimensional-Global Core Equity Ucits Etf|Broad Market / Other|Broad Market / Other|EUR|25.64|9.26|-5.49|1.85|19.15||1401.2|1.7402000000000002|75
IE00053WDH64|HYDE.DE|Invesco Hydrogen Economy UCITS Acc ETF|Broad Market / Other|Broad Market / Other|EUR|5.26|26.47|-21.52|2.17|59.43|||1.7395999999999998|76
IE00BKS7L097|5ESG.DE|Invesco S&P 500 Scored & Screened UCITS ETF Acc|Broad Market / Other|Broad Market / Other|EUR|96.7|11.47|-6.93|1.87|23.48|||1.7314|77
IE00BL25JM42|XDEV.DE|Xtrackers MSCI World Value UCITS 1C ETF|Broad Market / Other|Broad Market / Other|EUR|74.94|26.45|-13.89|2.0|54.99||4531.1|1.7222|78
IE00BHXMHL11|4UBQ.DE|UBS S&P 500 Scored & Screened UCITS ETF USD acc|Broad Market / Other|Broad Market / Other|EUR|51.15|11.49|-6.93|1.86|23.43|||1.7214|79
IE00BKWQ0F09|SPYN.DE|StSt SPDR MSCI Europe Energy UCITS ETF|Energy|Energy|EUR|309.1|24.59|-17.94|2.06|52.72|12.38|554.3|1.7012|80
IE00BK5BC677|XMLH.DE|L&G Healthcare Tech & Innovation UCITS ETF USD Acc|Information Technology|Technology Hardware & Software|EUR|16.23|21.5|-15.45|2.01|45.14||334.6|1.7009999999999998|81
IE000YELA4E3|SNPE.DE|L&G S&P 100 Equal Weight UCITS USD Acc ETF|Broad Market / Other|Broad Market / Other|EUR|10.64|9.69|-5.54|1.81|19.57||43.5|1.6992|82
IE000O8KMPM1|WRNA.DE|WisdomTree Biorevolution UCITS ETF USD Acc|Broad Market / Other|Broad Market / Other|EUR|23.85|27.65|-13.42|1.96|56.24||41.5|1.6916|83
IE000P0FL8E3|GMAY.DE|First Trust Vest U.S. Equity Moderate Buffer UCITS May A USD Acc ETF|Broad Market / Other|Broad Market / Other|EUR|36.44|6.36|-3.0|1.75|13.13||55.0|1.69|84
IE00BP3QZ601|IS3Q.DE|iShares Edge MSCI World Quality Factor UCITS USD (Acc) ETF|Broad Market / Other|Broad Market / Other|EUR|80.05|10.25|-6.33|1.81|20.52||6208.5|1.6834|85
IE00BYXVGY31|FUSA.DE|Fidelity US Quality Income UCITS ETF Acc|Broad Market / Other|Broad Market / Other|EUR|14.81|9.95|-5.24|1.78|19.71|||1.6752|86
IE00BYQCZJ13|WTIF.DE|WisdomTree Japan Equity UCITS ETF EUR Hedged Acc|Broad Market / Other|Broad Market / Other|EUR|56.48|20.93|-10.42|1.88|41.39|||1.6716|87
IE00BG0SKF03|5MVL.DE|iShares Edge MSCI EM Value Factor UCITS USD (Acc) ETF|Broad Market / Other|Broad Market / Other|EUR|91.82|31.25|-15.11|1.97|63.64||1697.4|1.6678|88
IE000MQ5XEW1|XEXA.DE|L&G Multi-Strategy Enhanced Commodities ex-Agriculture & Livestock UCITS ETF|Materials|Materials|EUR|13.4|20.14|-14.3|1.95|41.27||92.9|1.664|89
IE00BK5BQV03|VGVF.DE|Vanguard FTSE Developed World UCITS ETF USD A|Broad Market / Other|Broad Market / Other|EUR|136.24|11.52|-6.28|1.78|22.45||11707.3|1.6544|90
IE00BKY58G26|H4Z2.DE|HSBC ASIA PACIFIC EX JAPAN SCRND EQ UCITS ETF USD|Broad Market / Other|Broad Market / Other|EUR|27.3|21.88|-13.72|1.92|43.93||684.4|1.6456|91
IE000UFAX9L6|GQWD.DE|Goldman Sachs Alp Enh Wld Eq Actv UCITS ETF USDAcc|Broad Market / Other|Broad Market / Other|EUR|12.42|11.12|-6.3|1.77|21.73||357.0|1.6440000000000001|92
IE00BNC0MH93|AW1J.DE|UBS MSCI EM ex China SR UCITS ETF USD acc|Broad Market / Other|Broad Market / Other|EUR|9.93|32.72|-18.04|2.0|67.5||18.8|1.6392|93
IE00BYTH5S21|ZPD3.DE|State Street SPDR S&P Global Dividend Aristocrats Screened UCITS ETF|Broad Market / Other|Broad Market / Other|EUR|20.83|9.62|-5.77|1.75|18.83||24.6|1.6346|94
IE00BF2B0K52|FLXE.DE|Franklin EM Multi-Factor Equity UCITS ETF|Broad Market / Other|Broad Market / Other|EUR|35.89|14.04|-8.39|1.8|27.27||94.6|1.6322|95
IE00BX7RRJ27|UBUT.DE|UBS Factor MSCI USA Qlty Scrnd UCITS ETF USD dis|Broad Market / Other|Broad Market / Other|EUR|63.63|12.82|-9.2|1.81|25.24|||1.6260000000000001|96
IE00BYYLVJ24|BCFE.DE|UBS BBG Commodity CMCI SF UCITS hEUR acc ETF|Materials|Materials|EUR|19.1|15.01|-12.95|1.88|30.17|||1.621|97
IE00BVGC6645|NS4E.DE|Invesco JPX-Nikkei 400 UCITS EUR Hdg Acc ETF|Broad Market / Other|Broad Market / Other|EUR|47.21|19.43|-9.59|1.81|37.24|||1.6182|98
LU2133056387|JNHD.DE|Amundi Core MSCI Japan UCITS EUR Hedged Dist ETF|Broad Market / Other|Broad Market / Other|EUR|43.94|20.77|-9.61|1.81|39.67|||1.6178000000000001|99
IE00BZ0G8C04|ZPDW.DE|StSt SPDR MSCI Japan EUR Hdg UCITS ETF|Broad Market / Other|Broad Market / Other|EUR|112.95|20.75|-9.65|1.81|39.63|||1.617|100
LU0659580079|XMK9.DE|Xtrackers MSCI Japan UCITS 4C EUR Hedged ETF|Broad Market / Other|Broad Market / Other|EUR|62.44|20.71|-9.72|1.81|39.5|31.09||1.6156000000000001|101
IE00B3YLTY66|SPYI.DE|StSt SPDR MSCI All Cntry Wld Inv Mkt UCITS ETF Acc|Broad Market / Other|Broad Market / Other|EUR|11.8|11.61|-6.41|1.74|22.18||8763.7|1.6118|102
IE000CVOSY02|DWLD.DE|Franklin FTSE Developed Word UCITS ETF|Broad Market / Other|Broad Market / Other|EUR|32.95|11.61|-6.18|1.73|22.04||22.4|1.6064|103
IE00BD1F4L37|QDVB.DE|iShares Edge MSCI USA Qual Fctr UCITS ETF USD A|Broad Market / Other|Broad Market / Other|EUR|16.88|10.69|-6.74|1.74|20.59||3189.7|1.6052|104
LU1169822266|UFMA.DE|UBS Core MSCI Japan UCITS hEUR acc ETF|Broad Market / Other|Broad Market / Other|EUR|44.52|20.88|-9.75|1.8|39.6|||1.605|105
LU2903252349|SCWX.DE|Scalable MSCI AC World Xtrackers UCITS ETF|Broad Market / Other|Broad Market / Other|EUR|12.32|11.77|-6.44|1.73|22.35||874.5|1.6012|106
IE000Q8N7WY1|3DGL.DE|Robeco 3D Global Equity UCITS ETF USD Acc|Broad Market / Other|Broad Market / Other|EUR|6.34|11.58|-6.08|1.72|21.95|||1.5984|107
IE000CY30YV9|FTGM.DE|First Trust US Momentum UCITS ETF A USD|Broad Market / Other|Broad Market / Other|EUR|27.36|16.94|-7.36|1.74|31.41||95.0|1.5928|108
IE000U9J8HX9|JEQP.DE|JPMorgan NASDAQ Eqt Prem Inc Actv UCITS ETF USD D|Information Technology|Technology Hardware & Software|EUR|24.93|13.46|-6.38|1.72|25.09|||1.5924|109
IE00B52SF786|SXR2.DE|iShares MSCI Canada UCITS ETF USD (Acc)|Broad Market / Other|Broad Market / Other|EUR|270.1|12.08|-6.38|1.72|22.74||2411.8|1.5924|109
IE000N6I8IU2|JEQA.DE|JPMorgan NASDAQ Eqt Prem Inc Actv UCITS ETF USD A|Information Technology|Technology Hardware & Software|EUR|30.51|13.58|-6.44|1.72|25.32|||1.5912|111
IE00BM67HM91|XDW0.DE|Xtrackers MSCI World Energy UCITS 1C ETF|Energy|Energy|EUR|66.36|22.97|-15.55|1.9|45.72||1952.6|1.589|112
LU1215452928|UIMZ.DE|UBS Factor MSCI EMU Prime Value Screened UCITS EUR dis ETF|Broad Market / Other|Broad Market / Other|EUR|25.43|11.82|-8.7|1.76|22.81|14.67|75.2|1.586|113
IE00BLRPQL76|DRGN.DE|L&G China CNY Bond UCITS ETF USD Dist|Fixed Income|Bonds|EUR|9.4|7.25|-2.86|1.64|13.9|||1.5828|114
IE00B42Z5J44|IBCG.DE|iShares MSCI Japan EUR Hedged UCITS ETF (Acc)|Broad Market / Other|Broad Market / Other|EUR|146.68|20.6|-9.94|1.78|38.66|19.35|1288.1|1.5812|115
IE00BJ5JP105|5MVW.DE|iShares MSCI World Energy Sector UCITS ETF USD D|Energy|Energy|EUR|8.74|22.86|-15.51|1.89|45.24||1388.7|1.5797999999999999|116
IE000ARLR807|FYUI.DE|Fidelity USD HY Crp Bd Rs Enh PAB UCITS ETFInc USD|Broad Market / Other|Broad Market / Other|EUR|4.27|5.95|-3.04|1.63|11.67|||1.5692|117
IE000T4LTZ00|JREW.DE|JPM All Cntr Rsch Enh Idx Eqt Actv UCITS EUR A ETF|Broad Market / Other|Broad Market / Other|EUR|29.32|11.29|-6.57|1.7|21.23|||1.5686|118
IE00BF4G6Y48|JREG.DE|JPM Global Research Enhanced Index Equity Active UCITS USD (acc) ETF|Broad Market / Other|Broad Market / Other|EUR|60.2|10.9|-6.09|1.69|20.38|||1.5682|119
IE00BDVPNV63|EXAG.DE|WisdomTree Enhanced Commodity ex-Agriculture UCITS EUR Hedged Acc ETF|Materials|Materials|EUR|17.3|22.19|-17.66|1.92|44.69|||1.5668|120
IE00BFMXYY33|VJPE.DE|Vanguard FTSE Japan UCITS EUR Hedged Accumulating ETF|Broad Market / Other|Broad Market / Other|EUR|74.49|20.25|-9.72|1.76|37.59|||1.5655999999999999|121
IE00B44Z5B48|SPYY.DE|StSt SPDR MSCI All Cntry World UCITS ETF Acc|Broad Market / Other|Broad Market / Other|EUR|292.2|11.81|-6.49|1.69|21.93|||1.5602|122
IE000716YHJ7|FWIA.DE|Invesco FTSE All World UCITS ETF Acc|Broad Market / Other|Broad Market / Other|EUR|8.45|11.67|-6.49|1.69|21.78|||1.5602|122
IE000F472DU7|DRGE.DE|L&G China CNY Bond UCITS EUR Dist ETF|Fixed Income|Bonds|EUR|10.75|7.16|-2.84|1.61|13.52|||1.5532000000000001|124
IE00BRB36B93|XDNE.DE|Xtrackers MSCI Japan ESG Screened UCITS 3C EUR Hedged ETF|Broad Market / Other|Broad Market / Other|EUR|45.65|20.99|-9.96|1.75|38.63|||1.5508|125
LU0839027447|XDJP.DE|Xtrackers Nikkei 225 UCITS ETF 1D|Broad Market / Other|Broad Market / Other|EUR|40.76|27.17|-16.02|1.87|52.83|33.69||1.5496|126
LU2196470426|XNKY.DE|Xtrackers Nikkei 225 UCITS ETF 1C|Broad Market / Other|Broad Market / Other|EUR|130.98|27.23|-16.11|1.87|52.91|34.09||1.5478|127
IE0008T6IUX0|V3PL.DE|Vanguard ESG DevAsiaPacific AC UCITS ETF Dis|Broad Market / Other|Broad Market / Other|EUR|9.3|23.18|-14.22|1.83|44.51||481.2|1.5456|128
IE000BNLRWE6|SAHE.DE|Schroder Global Equity Active UCITS ACC USD ETF|Broad Market / Other|Broad Market / Other|EUR|10.49|11.62|-6.26|1.67|21.38||1492.2|1.5448|129
IE000XERHYF0|3DUS.DE|Robeco 3D US Equity UCITS ETF USD Acc|Broad Market / Other|Broad Market / Other|EUR|6.21|12.06|-7.3|1.69|22.34|||1.544|130
IE00BK5BCD43|XMLD.DE|L&G Artificial Intelligence UCITS ETF USD Acc|Information Technology|Technology Hardware & Software|EUR|39.03|29.48|-15.8|1.86|56.77||2090.9|1.544|130
IE00B6R52259|IUSQ.DE|Ishrs Msci Cntry Wrld Ucits Etf Usd|Broad Market / Other|Broad Market / Other|EUR|109.92|11.8|-6.48|1.67|21.73|||1.5404|132
IE00BFY0GT14|SPPW.DE|StSt SPDR MSCI World UCITS ETF Acc|Broad Market / Other|Broad Market / Other|EUR|47.71|11.08|-6.51|1.67|20.46|||1.5398|133
IE00BK5BQT80|VWCE.DE|Vanguard FTSE All-World UCITS - (USD) Accumulating ETF|Broad Market / Other|Broad Market / Other|EUR|171.62|11.75|-6.55|1.67|21.66||85316.7|1.539|134
IE00B0M63060|IQQD.DE|iShares UK Dividend UCITS ETF GBP (Dist)|Broad Market / Other|Broad Market / Other|EUR|11.54|12.72|-9.06|1.72|23.82||1345.8|1.5388|135
IE000HFXP0D2|JRGD.DE|JPM Global Rsrch Enh Idx Eqty Actv UCITS ETF USD D|Broad Market / Other|Broad Market / Other|EUR|56.36|10.88|-6.06|1.66|20.06|||1.5388|135
LU0496786574|LYPS.DE|Amundi Core S&P 500 Swap UCITS EUR Dist ETF|Broad Market / Other|Broad Market / Other|EUR|71.06|11.52|-7.12|1.68|21.4|25.81||1.5375999999999999|137
IE0005MWBFR7|JGIE.DE|JPM Global Research Enhanced Index Equity Active UCITS EUR acc) ETF|Broad Market / Other|Broad Market / Other|EUR|32.18|10.86|-6.16|1.66|20.05|||1.5368|138
IE000U7LIXH5|CLOD.DE|Invesco EUR AAA CLO UCITS ETF Dist|Broad Market / Other|Broad Market / Other|EUR|20.11|0.97|-0.32|1.54|3.5|||1.5336|139
IE000DD75KQ5|SPSA.DE|State Street SPDR MSCI All Country World Investable Market UCITS ETF|Broad Market / Other|Broad Market / Other|EUR|12.6|12.18|-6.41|1.66|22.17||8763.7|1.5317999999999998|140
IE000QIF5N15|MWOL.DE|Amundi Prime Global UCITS Dist ETF|Broad Market / Other|Broad Market / Other|EUR|44.54|11.21|-6.58|1.66|20.65||5585.3|1.5284|141
IE0002SCQ8X0|CEB3.DE|iShares MSCI Japan ESG Enhanced CTB UCITS EUR Hedged (Acc) ETF|Broad Market / Other|Broad Market / Other|EUR|8.72|21.05|-10.66|1.74|38.57|||1.5268|142
IE00B52MJD48|SXRZ.DE|iShares Nikkei 225 UCITS ETF JPY (Acc)|Broad Market / Other|Broad Market / Other|EUR|403.45|27.09|-16.23|1.85|52.07||105057.3|1.5254|143
LU2263803533|XWD1.DE|Xtrackers MSCI World Swap UCITS 1D ETF|Broad Market / Other|Broad Market / Other|EUR|26.62|11.27|-6.41|1.65|20.6|||1.5217999999999998|144
IE00BK1PV551|XDWL.DE|Xtrackers MSCI World UCITS 1D ETF|Broad Market / Other|Broad Market / Other|EUR|117.62|11.14|-6.49|1.65|20.35|27.96||1.5202|145
IE00BJ0KDQ92|XDWD.DE|Xtrackers MSCI World UCITS 1C ETF|Broad Market / Other|Broad Market / Other|EUR|142.81|11.18|-6.54|1.65|20.45|28.56||1.5191999999999999|146
IE00B44T3H88|H4ZY.DE|HSBC MSCI China UCITS ETF USD|Broad Market / Other|Broad Market / Other|EUR|42.89|11.18|-6.55|1.65|20.39|||1.519|147
IE0000QLH0G6|FTWD.DE|Invesco FTSE All World UCITS ETF Dist|Broad Market / Other|Broad Market / Other|EUR|8.03|11.81|-6.56|1.65|21.48|||1.5188|148
LU0496786657|6TVM.DE|Amundi Core S&P 500 Swap Etf|Broad Market / Other|Broad Market / Other|EUR|71.03|11.65|-7.1|1.66|21.38|25.85||1.518|149
IE0031442068|IUSA.DE|iShares Core S&P 500 UCITS ETF USD (Dist)|Broad Market / Other|Broad Market / Other|EUR|68.51|11.62|-7.11|1.66|21.26||23155.2|1.5177999999999998|150
IE000XZSV718|SPYL.DE|StSt SPDR S&P 500 UCITS ETF Acc|Broad Market / Other|Broad Market / Other|EUR|17.03|11.62|-7.13|1.66|21.24|||1.5173999999999999|151
IE00B6YX5C33|SPY5.DE|StSt SPDR S&P 500 UCITS ETF Dist|Broad Market / Other|Broad Market / Other|EUR|686.88|11.59|-7.15|1.66|21.22|||1.517|152
LU1681042864|ACU2.DE|Amundi PEA MSCI USA ESG Selection UCITS ETF EUR|Broad Market / Other|Broad Market / Other|EUR|862.0|13.24|-9.95|1.71|24.62|36.78||1.511|153
IE000ZUTO1I5|GQJY.DE|Goldman Sachs Alpha Enhanced Japan Equity Active UCITS Class JPY Acc ETF|Broad Market / Other|Broad Market / Other|EUR|27.02|19.63|-10.49|1.72|35.69||120579.7|1.5102|154
IE00B4L5Y983|EUNL.DE|iShares Core MSCI World UCITS ETF USD (Acc)|Broad Market / Other|Broad Market / Other|EUR|130.41|11.17|-6.5|1.64|20.28|||1.5099999999999998|155
IE000BI8OT95|MWRE.DE|Amundi Core MSCI World UCITS ETF Acc|Broad Market / Other|Broad Market / Other|EUR|163.87|11.17|-6.53|1.64|20.36|||1.5093999999999999|156
DE0006289382|EXI2.DE|iShares Dow Jones Global Titans 50 UCITS (DE) EUR (Dist) ETF|Broad Market / Other|Broad Market / Other|EUR|119.08|13.62|-8.07|1.67|24.7|26.07|2871.9|1.5086|157
IE00B5BMR087|SXR8.DE|iShares Core S&P 500 UCITS ETF USD (Acc)|Broad Market / Other|Broad Market / Other|EUR|741.8|11.62|-7.13|1.65|21.14|||1.5073999999999999|158
IE00BK5BQW10|VNRA.DE|Vanguard FTSE North America UCITS - (USD) Accumulating ETF|Broad Market / Other|Broad Market / Other|EUR|173.5|11.52|-7.14|1.65|20.99||6803.1|1.5071999999999999|159
LU1681048804|AUM5.DE|Amundi S&P 500 Swap UCITS ETF EUR Acc|Broad Market / Other|Broad Market / Other|EUR|137.62|11.67|-7.15|1.65|21.27|25.84||1.507|160
IE00BWBXM492|ZPDE.DE|StSt SPDR S&P U.S. Energy Sel Sector UCITS ETF Acc|Energy|Energy|EUR|44.68|25.21|-17.16|1.85|48.76||1101.8|1.5068000000000001|161
IE00BFMXXD54|VUAA.DE|Vanguard S&P 500 UCITS ETF USD Acc|Broad Market / Other|Broad Market / Other|EUR|133.02|11.66|-7.16|1.65|21.18||89225.8|1.5068|162
IE00B42NKQ00|QDVF.DE|iShares S&P 500 Energy Sector UCITS ETF USD (Acc)|Energy|Energy|EUR|11.69|25.22|-17.23|1.85|48.73||1734.5|1.5054|163
IE00B57X3V84|IUSL.DE|Ishrs Dw Jnes Glb Screened Etf Usd Acc|Broad Market / Other|Broad Market / Other|EUR|90.62|11.86|-7.24|1.65|21.62||2266.6|1.5051999999999999|164
IE000UBAW7M3|CSP5.DE|Amundi Core S&P 500 UCITS Acc ETF|Broad Market / Other|Broad Market / Other|EUR|6.62|11.62|-7.14|1.64|21.07||24.8|1.4971999999999999|165
IE00016PSX47|MWOP.DE|Amundi MSCI World ESG Leaders UCITS Acc ETF|Broad Market / Other|Broad Market / Other|EUR|118.18|12.75|-9.3|1.68|23.45|28.57||1.494|166
NL0010408704|TSWE.DE|VanEck World Equal Weight Screened UCITS ETF|Broad Market / Other|Broad Market / Other|EUR|43.3|13.48|-8.03|1.65|24.26|19.21|1511.2|1.4893999999999998|167
FR0010315770|LYYA.DE|Amundi MSCI World Swap II UCITS ETF Dist|Broad Market / Other|Broad Market / Other|EUR|439.13|11.22|-6.58|1.62|20.23|23.49||1.4884000000000002|168
IE00BF4G7076|JREU.DE|JPM US Research Enhanced Index Equity Active UCITS USD (acc) ETF|Broad Market / Other|Broad Market / Other|EUR|68.41|11.39|-6.81|1.62|20.5|||1.4838|169
IE00BJ06C044|JRUD.DE|JPM US Research Enhanced Index Equity Active UCITS USD (dist) ETF|Broad Market / Other|Broad Market / Other|EUR|63.36|11.39|-6.86|1.62|20.41|||1.4828000000000001|170
IE00BMYDMC42|LGGM.DE|L&G Em Quality Div USD Dist|Broad Market / Other|Broad Market / Other|EUR|11.93|13.67|-5.96|1.6|23.88||66.3|1.4808000000000001|171
LU1230561679|FRCJ.DE|UBS MSCI Japan Socially Responsible UCITS JPY dis ETF|Broad Market / Other|Broad Market / Other|EUR|32.04|19.68|-10.46|1.69|35.24|||1.4808|172
LU1681043599|AMEW.DE|Amundi MSCI World Swap UCITS ETF EUR Acc|Broad Market / Other|Broad Market / Other|EUR|709.32|11.13|-6.61|1.61|19.94|23.5||1.4778|173
IE000NXF88S1|V0IH.DE|VanEck Oil Services UCITS ETF|Energy|Energy|EUR|27.54|28.81|-18.74|1.85|55.29||333.7|1.4752|174
IE000CV0WWL4|JCPN.DE|Janus Henderson Japan High Conviction Equity UCITS (GBP) Acc ETF|Broad Market / Other|Broad Market / Other|EUR|0.9|21.88|-13.05|1.73|39.93||1198.8|1.4689999999999999|175
IE00B0M62Q58|IQQW.DE|iShares MSCI World UCITS ETF USD (Dist)|Broad Market / Other|Broad Market / Other|EUR|93.47|11.2|-6.69|1.6|19.96||9563.9|1.4662000000000002|176
IE00B14X4M10|IQQN.DE|iShares MSCI North America UCITS USD (Dist) ETF|Broad Market / Other|Broad Market / Other|EUR|127.4|11.59|-7.22|1.6|20.56||1594.8|1.4556|177
IE00BSPLC306|ZPRW.DE|State Street SPDR MSCI Europe Value UCITS ETF|Broad Market / Other|Broad Market / Other|EUR|75.86|13.62|-9.27|1.64|24.32|12.46|82.8|1.4546|178
IE00BJ0KDR00|XD9U.DE|Xtrackers MSCI USA UCITS ETF 1C|Broad Market / Other|Broad Market / Other|EUR|203.54|11.72|-7.3|1.6|20.78|||1.4540000000000002|179
IE00B52SFT06|SXR4.DE|iShares MSCI USA UCITS ETF USD (Acc)|Broad Market / Other|Broad Market / Other|EUR|714.12|11.77|-7.36|1.6|20.79||5088.5|1.4528|180
IE00BJQRDM08|ESGU.DE|Invesco MSCI USA Universal Screened UCITS ETF Acc|Broad Market / Other|Broad Market / Other|EUR|104.1|12.2|-8.05|1.61|21.65|||1.449|181
IE00BYWZ0333|2B7F.DE|iShares Automation & Robotics UCITS ETF USD D|Information Technology|Technology Hardware & Software|EUR|13.41|25.89|-13.1|1.71|46.35||5642.2|1.448|182
IE00063GNWK1|CSY2.DE|UBS MSCI USA Selection UCITS ETF USD acc|Broad Market / Other|Broad Market / Other|EUR|277.2|12.71|-9.14|1.63|22.68|||1.4471999999999998|183
IE00BK1PV445|XD9D.DE|Xtrackers MSCI USA UCITS 1D ETF|Broad Market / Other|Broad Market / Other|EUR|26.6|11.8|-7.36|1.59|20.77|||1.4428|184
IE00BZ4BMM98|EHDV.DE|Invesco EURO STOXX Hi Div Low Vlty UCITS ETF Dist|Broad Market / Other|Broad Market / Other|EUR|34.74|10.47|-6.1|1.56|18.35|12.02|588.5|1.4380000000000002|185
IE00BYVJRR92|QDVR.DE|iShares MSCI USA SRI UCITS ETF USD (Acc)|Broad Market / Other|Broad Market / Other|EUR|18.66|13.13|-7.24|1.58|22.7|||1.4352|186
IE00BF2B0P08|FLXU.DE|Franklin U.S. Equity UCITS ETF|Broad Market / Other|Broad Market / Other|EUR|69.41|12.7|-5.76|1.55|21.64||77.0|1.4348|187
IE00BJK9H753|BBUS.DE|JPM BetaBuilders US Equity UCITS ETF USD Acc|Broad Market / Other|Broad Market / Other|EUR|65.41|11.72|-7.38|1.58|20.5||96.7|1.4324000000000001|188
IE00BYSX4176|FEUI.DE|Fidelity Europe Quality Income UCITS - Inc EUR ETF|Broad Market / Other|Broad Market / Other|EUR|7.32|12.01|-8.42|1.6|21.23|18.1||1.4316|189
IE000J0LN0R5|WELN.DE|Amundi S&P World Energy Screened UCITS Acc ETF|Energy|Energy|EUR|15.17|20.74|-13.04|1.69|37.01|21.62|310.7|1.4292|190
LU2490201840|AHYZ.DE|Amundi MSCI Japan ESG Broad Transition UCITS - Hedged EUR (C) ETF|Broad Market / Other|Broad Market / Other|EUR|116.12|21.3|-11.06|1.65|37.1|||1.4287999999999998|191
IE00B4L5YX21|EUNN.DE|iShares Core MSCI Japan IMI UCITS ETF USD Acc|Broad Market / Other|Broad Market / Other|EUR|75.47|19.5|-9.58|1.62|33.63|||1.4284000000000001|192
IE000B5UZSG9|FJPI.DE|Fidelity Japan Eq Research Enh UCITS ETF Inc JPY|Broad Market / Other|Broad Market / Other|EUR|5.0|20.55|-10.23|1.63|35.41||41527.2|1.4253999999999998|193
IE00BGHQ0G80|XMAW.DE|Xtrackers MSCI AC World Screened UCITS 1C ETF|Broad Market / Other|Broad Market / Other|EUR|51.91|12.58|-7.3|1.57|21.81|22.18||1.4240000000000002|194
IE000HYFO765|GQUS.DE|Goldman Sachs Alp Enh US Eq Actv UCITS ETF USD Acc|Broad Market / Other|Broad Market / Other|EUR|13.03|11.5|-7.3|1.57|20.02||399.6|1.4240000000000002|194
IE000OULL4R4|CSY1.DE|UBS MSCI USA NSL UCITS ETF USD acc|Broad Market / Other|Broad Market / Other|EUR|272.99|11.71|-7.39|1.57|20.37||3550.3|1.4222000000000001|196
LU1861132840|GOAI.DE|Amundi MSCI Robotics & AI UCITS ETF Acc|Information Technology|Technology Hardware & Software|EUR|156.62|22.5|-14.45|1.71|40.57|36.02|1189.0|1.421|197
IE00BSPLC413|ZPRV.DE|StSt SPDR MSCI USA Sm Cp Value Weighted UCITS ETF|Broad Market / Other|Broad Market / Other|EUR|79.9|14.19|-6.07|1.54|23.91||1083.6|1.4186|198
LU1291104575|ENOA.DE|BNP Paribas Easy MSCI USA Min TE UCITS ETF C|Broad Market / Other|Broad Market / Other|EUR|31.57|11.88|-7.7|1.57|20.68|25.97||1.4160000000000001|199
IE000N1ZEIG9|CTBA.DE|Invesco S&P 500 CTB Net Zero Pathway ESG UCITS ETF Acc|Broad Market / Other|Broad Market / Other|EUR|5.72|11.18|-7.8|1.57|19.53||2.6|1.4140000000000001|200
IE00BZ0G8B96|ZPDJ.DE|StSt SPDR MSCI Japan UCITS ETF|Broad Market / Other|Broad Market / Other|EUR|81.87|20.28|-9.98|1.61|34.75|||1.4104|201
FR0010245514|LYY4.DE|Amundi Japan TOPIX II UCITS ETF EUR Dist|Broad Market / Other|Broad Market / Other|EUR|232.25|19.0|-9.61|1.6|32.34|||1.4078000000000002|202
IE00BCHWNQ94|XDWY.DE|Xtrackers MSCI World Screened UCITS 1D ETF|Broad Market / Other|Broad Market / Other|EUR|28.53|11.62|-7.37|1.55|19.99||778.6|1.4026|203
IE00BD6GCF16|FTGI.DE|First Trust US Equity Income UCITS ETF B USD|Broad Market / Other|Broad Market / Other|EUR|42.47|13.31|-6.87|1.54|22.52|||1.4026|203
IE000CYTPBT0|CMOC.DE|Invesco BBG Commodity Carbon Tilted UCITS ETF USD|Materials|Materials|EUR|7.36|30.08|-14.93|1.7|53.09||109.1|1.4014|205
IE00BYPLS672|USPY.DE|L&G Cyber Security UCITS ETF USD Acc|Information Technology|Technology Hardware & Software|EUR|44.16|31.83|-19.63|1.79|58.91|||1.3974|206
IE0008YN55P8|IQSD.DE|Invesco Gl Active ESG Eq UCITS ETF EUR PfHdg Dist|Broad Market / Other|Broad Market / Other|EUR|80.09|12.52|-8.68|1.57|21.65|||1.3964|207
LU2090063673|NADA.DE|Amundi Core MSCI Japan UCITS Dist ETF|Broad Market / Other|Broad Market / Other|EUR|95.28|20.28|-9.99|1.59|34.3|||1.3902|208
LU1781541252|LCUJ.DE|Amundi Core MSCI Japan UCITS Acc ETF|Broad Market / Other|Broad Market / Other|EUR|24.37|20.45|-10.08|1.59|34.56|||1.3884|209
IE00BJQRDP39|IQSE.DE|Invesco Gl Active ESG Eq UCITS ETF EUR PfHdg Acc|Broad Market / Other|Broad Market / Other|EUR|102.64|13.07|-8.11|1.55|22.22|||1.3878000000000001|210
LU2089238385|PRAJ.DE|Amundi Prime Japan UCITS DR (C) ETF|Broad Market / Other|Broad Market / Other|EUR|39.24|19.73|-9.73|1.58|33.09|||1.3854000000000002|211
IE000COQKPO9|N1ES.DE|Invesco NASDAQ-100 ESG UCITS ETF Acc|Information Technology|Technology Hardware & Software|EUR|81.37|18.68|-10.86|1.6|31.97|||1.3828|212
LU1681038243|6AQQ.DE|Amundi Nasdaq-100 Swap UCITS ETF EUR Acc|Information Technology|Technology Hardware & Software|EUR|315.2|17.7|-10.01|1.58|30.01|31.84||1.3798000000000001|213
IE00B53SZB19|SXRV.DE|iShares NASDAQ 100 UCITS ETF USD (Acc)|Information Technology|Technology Hardware & Software|EUR|1578.4|17.58|-10.03|1.58|29.72|||1.3794|214
IE000S67ID55|DEGT.DE|Dimensional Global Targeted Value UCITS ETF USD (Acc)|Broad Market / Other|Broad Market / Other|EUR|25.84|11.28|-7.06|1.52|19.13||187.3|1.3788|215
IE00BNGJJT35|SP2Q.DE|Invesco S&P 500 Equal Weight UCITS ETF Acc|Broad Market / Other|Broad Market / Other|EUR|64.14|9.98|-5.11|1.48|16.77||1794.3|1.3778|216
IE0001UQQ933|GERD.DE|L&G Gerd Kommer Multifactor Equity UCITS ETF|Broad Market / Other|Broad Market / Other|EUR|15.21|11.96|-6.61|1.51|20.02||1921.0|1.3778|216
IE00B53QDK08|SXR5.DE|iShares MSCI Japan UCITS ETF USD (Acc)|Broad Market / Other|Broad Market / Other|EUR|272.22|20.67|-10.14|1.58|34.57||1763.1|1.3772|218
IE00005YSIA4|JREI.DE|JPM Japan Rsrch Enh Idx Equity Actv UCITS ETF USDD|Broad Market / Other|Broad Market / Other|EUR|36.15|20.38|-9.65|1.57|33.94|||1.377|219
IE00BNG8L278|V3AA.DE|Vanguard ESG Global All Cap UCITS ETF (USD) Acc|Broad Market / Other|Broad Market / Other|EUR|7.93|13.15|-8.16|1.54|22.22||1862.5|1.3768|220
IE00BHZPJ569|EDMW.DE|iShares MSCI World ESG Enhanced CTB UCITS USD (Acc) ETF|Broad Market / Other|Broad Market / Other|EUR|10.96|11.35|-7.18|1.52|19.23|||1.3764|221
IE00BJXT3B87|4UBK.DE|UBS MSCI USA Socially Responsible UCITS USD dis ETF|Broad Market / Other|Broad Market / Other|EUR|21.83|14.04|-9.36|1.56|23.97|||1.3728|222
IE000QDFFK00|ANAV.DE|BNP PARIBAS EASY II NASDAQ 100 UCITS USD Acc ETF|Information Technology|Technology Hardware & Software|EUR|23.94|17.78|-9.96|1.57|30.0|||1.3708|223
IE00022GJEG1|BATJ.DE|L&G Multi-Strategy Enh Comms UCITS ETF EURH Acc|Broad Market / Other|Broad Market / Other|EUR|13.39|17.05|-12.96|1.63|29.75|||1.3707999999999998|224
IE00BMFKG444|XNAS.DE|Xtrackers Nasdaq-100 UCITS 1C ETF|Information Technology|Technology Hardware & Software|EUR|63.8|17.8|-10.0|1.57|29.9||2554.8|1.37|225
IE00BMD8KP97|EQQJ.DE|Invesco NASDAQ Next Generation 100 UCITS ETF Acc|Information Technology|Technology Hardware & Software|EUR|48.44|17.43|-9.52|1.56|29.14||56.6|1.3696000000000002|226
LU1829221024|LYMS.DE|Amundi Core Nasdaq-100 Swap UCITS ETF Acc|Information Technology|Technology Hardware & Software|EUR|111.9|17.79|-10.02|1.57|29.98|31.82|7209.9|1.3696000000000002|226
IE0032077012|EQQQ.DE|Invesco EQQQ NASDAQ-100 UCITS ETF Dist|Information Technology|Technology Hardware & Software|EUR|672.0|17.74|-10.05|1.57|29.8|||1.369|228
IE000E6TPCH9|QSPA.DE|Invesco S&P 500 Quality UCITS ETF Acc|Broad Market / Other|Broad Market / Other|EUR|5.52|12.61|-8.34|1.53|21.28||24.9|1.3632|229
LU1291102447|EJAP.DE|BNPP Easy MSCI Japan Min TE UCITS ETF C|Broad Market / Other|Broad Market / Other|EUR|21.89|20.59|-10.34|1.57|34.26|20.27||1.3632|229
IE00BFMXYX26|VJPA.DE|Vanguard FTSE Japan UCITS ETF USD Acc|Broad Market / Other|Broad Market / Other|EUR|44.76|19.62|-9.85|1.56|32.6|||1.363|231
IE00BMDBMV87|ESGJ.DE|Invesco MSCI Japan Univ Screened UCITS ETF Acc|Broad Market / Other|Broad Market / Other|EUR|62.22|20.16|-10.4|1.57|33.73||13.7|1.362|232
IE00BKY55S33|XU8Z.DE|HSBC JAPAN SCREENED EQUITY UCITS ETF USD|Broad Market / Other|Broad Market / Other|EUR|24.01|19.75|-12.05|1.6|33.67||360.4|1.359|233
IE00BLNMYC90|XDEW.DE|Xtrackers S&P 500 Equal Weight UCITS 1C ETF|Broad Market / Other|Broad Market / Other|EUR|104.32|10.01|-5.06|1.46|16.61|||1.3588|234
IE00BFZXGZ54|EQQB.DE|Invesco EQQQ NASDAQ-100 UCITS ETF Acc|Information Technology|Technology Hardware & Software|EUR|470.8|17.79|-10.08|1.56|29.82|||1.3584|235
IE0006BDZN36|BCFQ.DE|UBS EUR Overnight Rate SF UCITS ETF EUR acc|Broad Market / Other|Broad Market / Other|EUR|5.17|0.37|-0.19|1.36|2.51||222.1|1.3562|236
IE0006OIQXE9|FFGH.DE|Fidelity Gl HY Crp Bd Rs Enh PAB UCITS ETF Inc USD|Broad Market / Other|Broad Market / Other|EUR|4.53|5.42|-2.27|1.4|9.61|||1.3545999999999998|237
IE000MJIXFE0|WEBC.DE|Amundi MSCI North America ESG Broad Transition UCITS Dist ETF|Broad Market / Other|Broad Market / Other|EUR|145.54|11.74|-8.07|1.51|19.73||563.3|1.3486|238
IE00BM8QRY62|SP2D.DE|Invesco S&P 500 Equal Weight UCITS ETF Dist|Broad Market / Other|Broad Market / Other|EUR|59.26|10.07|-5.1|1.45|16.55||1794.3|1.3479999999999999|239
IE00BNG8L385|V3AL.DE|Vanguard ESG Global All Cap UCITS ETF (USD) Dist|Broad Market / Other|Broad Market / Other|EUR|7.31|13.18|-8.14|1.51|21.94||1862.5|1.3472|240
IE00BDVPNS35|WAXG.DE|WisdomTree Enhanced Commodity ex-Agriculture UCITS USD Acc ETF|Materials|Materials|EUR|17.43|31.47|-15.4|1.65|54.07|||1.3419999999999999|241
IE000Z7P04F4|HX60.DE|iShares Nasdaq 100 Top 30 UCITS ETF USD Acc|Information Technology|Technology Hardware & Software|EUR|6.58|19.73|-10.94|1.56|32.8||46.9|1.3412000000000002|242
IE000KEFZYE7|GQEM.DE|Goldman Sachs Alp Enh EM Eq Actv UCITS ETF USD Acc|Broad Market / Other|Broad Market / Other|EUR|27.16|21.64|-13.63|1.61|36.95||432.1|1.3374000000000001|243
IE00BMVB5R75|V80A.DE|Vanguard LifeStrategy 80% Equity UCITS ETF EUR Acc|Broad Market / Other|Broad Market / Other|EUR|44.71|9.91|-5.64|1.45|16.4||1342.5|1.3372|244
LU1681038912|JP40.DE|Amundi JPX-Nikkei 400 UCITS ETF - EUR (C)|Broad Market / Other|Broad Market / Other|EUR|263.7|19.51|-9.43|1.52|31.72|||1.3314|245
IE00BYXPXK00|IS07.DE|iShares Edge MSCI World Multifactor UCITS EUR Hedged (Acc) ETF|Broad Market / Other|Broad Market / Other|EUR|12.29|12.54|-7.0|1.47|20.38|||1.33|246
IE000FPWSL69|K0MR.DE|L&G Gerd Kommer Multifactor Equity UCITS ETF|Broad Market / Other|Broad Market / Other|EUR|14.42|12.67|-6.69|1.46|20.46||1921.0|1.3262|247
IE00BJ5JNY98|AYEW.DE|iShares MSCI Wld IT Sector Advanced UCITS ETF USDD|Broad Market / Other|Broad Market / Other|EUR|19.79|22.39|-14.98|1.62|38.21||1217.0|1.3204|248
IE00B0M63730|IQQF.DE|iShares MSCI AC Far East ex-Jpn UCITS ETF USD D|Broad Market / Other|Broad Market / Other|EUR|87.24|25.18|-16.15|1.64|43.32||2051.8|1.317|249
LU1681045024|AMEL.DE|Amundi MSCI Em Latin America UCITS ETF - EUR (C)|Broad Market / Other|Broad Market / Other|EUR|21.59|19.17|-13.16|1.58|32.26|11.57||1.3168000000000002|250
IE00BHZPJ346|EMNJ.DE|iShares MSCI Japan CTB Enh ESG UCITS ETF USD D|Broad Market / Other|Broad Market / Other|EUR|8.28|20.82|-10.68|1.53|33.77|||1.3164|251
IE00BMW42413|ESIT.DE|iShares MSCI Europe Information Technology Sector UCITS EUR (Acc) ETF|Information Technology|Technology Hardware & Software|EUR|12.53|29.1|-17.19|1.66|50.37|34.46|243.1|1.3161999999999998|252
IE00BNH72088|ZPRC.DE|StSt SPDR FTSE Gl Conv Bond UCITS ETF Dist|Fixed Income|Bonds|EUR|60.45|12.6|-5.85|1.43|19.97|||1.313|253
LU2050966394|4UBL.DE|UBS MSCI EM ex China UCITS ETF USD acc|Broad Market / Other|Broad Market / Other|EUR|33.96|32.81|-17.87|1.67|56.84||102.2|1.3126|254
IE00B27YCK28|IUSC.DE|iShares MSCI EM Latin America UCITS ETF USD D|Broad Market / Other|Broad Market / Other|EUR|18.72|19.06|-13.47|1.58|32.12||2007.5|1.3106|255
LU0592216393|XESP.DE|Xtrackers Spain UCITS 1C ETF|Broad Market / Other|Broad Market / Other|EUR|61.98|17.45|-10.17|1.51|28.32|15.78|298.3|1.3066|256
LU1390062831|UINF.DE|Amundi US Inflation Expectations 10Y UCITS ETF A|Broad Market / Other|Broad Market / Other|EUR|126.16|4.7|-1.8|1.34|8.3||226.5|1.304|257
IE00B9CQXS71|ZPRG.DE|State Street SPDR S&P Global Dividend Aristocrats UCITS ETF|Broad Market / Other|Broad Market / Other|EUR|34.07|9.39|-5.42|1.41|15.27||1768.0|1.3015999999999999|258
IE000HPBRE54|GACL.DE|Goldman Sachs ActBeta PA Sst Wld Eq UCITS ETF USDA|Broad Market / Other|Broad Market / Other|EUR|46.71|11.97|-8.5|1.47|19.55||9.5|1.3|259
LU0659578842|XBAS.DE|Xtrackers MSCI Singapore UCITS 1C ETF|Broad Market / Other|Broad Market / Other|EUR|2.42|13.86|-7.08|1.44|22.01||236.5|1.2984|260
IE000HFBJ0U0|QJUN.DE|First Trust Vest NASDAQ100ModBffr UCITS ETFJunAUSD|Broad Market / Other|Broad Market / Other|EUR|20.59|8.47|-4.97|1.39|13.78||105.7|1.2906|261
IE00BDZCKK11|QVMP.DE|Invesco S&P 500 QVM UCITS ETF Dist|Broad Market / Other|Broad Market / Other|EUR|68.51|12.84|-8.04|1.45|20.67||66.6|1.2892|262
LU0292095535|DXSA.DE|Xtrackers Euro Stoxx Quality Dividend UCITS ETF 1D|Broad Market / Other|Broad Market / Other|EUR|29.16|10.34|-7.57|1.44|16.92|12.97|811.6|1.2886|263
IE000BXC49I6|JGSC.DE|JPM Gbl RsrchEnhIdx Eqt SRI PA Atv UCITS ETF USDA|Broad Market / Other|Broad Market / Other|EUR|36.77|11.38|-8.19|1.45|18.48|||1.2862|264
FR0010717090|18M2.DE|Amundi MSCI EMU High Dividend UCITS ETF Acc|Broad Market / Other|Broad Market / Other|EUR|206.45|10.4|-6.19|1.41|16.69|12.98|388.7|1.2862|264
IE00BMDPBZ72|FLX5.DE|Franklin S&P 500 Paris Aligned Climate UCITS ETF|Broad Market / Other|Broad Market / Other|EUR|57.24|12.06|-9.43|1.47|19.76||352.3|1.2814|266
IE00BQN1K901|CEMS.DE|iShares Edge MSCI Europe Val Fctr UCITS ETF EUR A|Broad Market / Other|Broad Market / Other|EUR|13.34|14.24|-9.99|1.48|23.08|13.56|2735.5|1.2802|267
IE00B23D9570|6PSK.DE|Invesco RAFI Emg Mkts Fundmntal Val UCITS ETF Dist|Broad Market / Other|Broad Market / Other|EUR|11.98|19.64|-10.0|1.48|31.09||92.0|1.28|268
LU1190417599|LYOR.DE|Amundi Smart Overnight Rtn UCITS ETF Acc|Broad Market / Other|Broad Market / Other|EUR|110.14|0.36|-0.08|1.28|2.46|28.66||1.2784|269
IE000OVF8Q66|EGEE.DE|iShares Emerg Mkts Equity Enh Actv UCITS ETF USD A|Broad Market / Other|Broad Market / Other|EUR|7.7|22.22|-14.22|1.56|36.74||1714.2|1.2756|270
IE0003JSNHV9|JEGS.DE|JPM Gbl RsrchEnhIdx Eqt SRI PA Atv UCITS ETF EURA|Broad Market / Other|Broad Market / Other|EUR|36.77|11.44|-8.23|1.44|18.52|||1.2753999999999999|271
IE000UZTA1X0|WEBP.DE|Amundi S&P 500 Climate Paris Aligned UCITS Dist ETF|Broad Market / Other|Broad Market / Other|EUR|29.81|11.72|-9.24|1.46|19.08|||1.2752|272
IE00BYV1YH46|FGEU.DE|Fidelity Global Quality Income UCITS - EUR hedged Inc ETF|Broad Market / Other|Broad Market / Other|EUR|9.91|11.04|-8.27|1.44|17.86|||1.2746|273
IE00BF4G6Z54|JREM.DE|JPM Glob EM Resrch Enh Idx Eqt Actv UCITS ETF USDA|Broad Market / Other|Broad Market / Other|EUR|46.19|22.28|-13.14|1.53|36.03|||1.2671999999999999|274
IE000UZZ5D45|WMFS.DE|Amundi MSCI World Small Cap ESG Broad Transition UCITS ACC ETF|Broad Market / Other|Broad Market / Other|EUR|11.75|13.36|-7.26|1.41|20.89||565.0|1.2648|275
IE000IY9QFN9|FFLC.DE|Fidelity US Fundamental Large Cap Core UCITS - Acc ETF|Broad Market / Other|Broad Market / Other|EUR|5.29|12.79|-7.37|1.41|20.0||58.4|1.2626|276
IE00BDVPNG13|WTI2.DE|WisdomTree AI UCITS ETF USD Acc|Information Technology|Technology Hardware & Software|EUR|112.82|31.47|-19.08|1.64|53.75||1441.9|1.2584|277
IE00BHZPJ908|EDMU.DE|iShares MSCI USA ESG Enhanced CTB UCITS USD (Acc) ETF|Broad Market / Other|Broad Market / Other|EUR|12.3|11.96|-8.15|1.42|19.02|||1.257|278
LU1834983550|LBRE.DE|Amundi STOXX Europe 600 Basic Resource UCITS ETF A|Broad Market / Other|Broad Market / Other|EUR|137.36|28.15|-18.29|1.62|47.67|9.0||1.2542000000000002|279
DE0002635281|EXSG.DE|iShares EURO STOXX Select Dividend 30 UCITS (DE) EUR (Dist) ETF|Broad Market / Other|Broad Market / Other|EUR|23.17|11.79|-7.84|1.41|18.68|11.98|716.2|1.2531999999999999|280
IE00B5MTWY73|SC0W.DE|Invesco STOXX Europe 600 Optimised Basic Resources UCITS Acc ETF|Materials|Materials|EUR|871.1|29.31|-17.9|1.61|49.06|16.24|47.0|1.2520000000000002|281
IE000AV35A01|JESM.DE|JPM Global Emerging Markets Research Enhanced Index Equity SRI Paris Aligned Active UCITS - EUR (acc) ETF|Broad Market / Other|Broad Market / Other|EUR|36.99|22.98|-14.52|1.54|37.31|||1.2496|282
IE00BM67HT60|XDWT.DE|Xtrackers MSCI World Information Technology UCITS 1C ETF|Information Technology|Technology Hardware & Software|EUR|137.76|22.84|-15.59|1.56|37.62||6417.4|1.2482|283
IE000O58J820|V3YA.DE|Vanguard ESG N America All Cap UCITS ETF USD Acc|Broad Market / Other|Broad Market / Other|EUR|8.27|13.19|-9.6|1.44|20.98||337.0|1.248|284
XS2284324667|WNRG.DE|WisdomTree Multi Asset Issuer PLC Energy Enhanced EUR Daily Hedged ETC|Energy|Energy|EUR|54.28|41.45|-24.77|1.74|74.18|||1.2446|285
IE00B0M62S72|IQQA.DE|iShares Euro Dividend UCITS ETF EUR Dist|Broad Market / Other|Broad Market / Other|EUR|25.55|11.81|-7.83|1.4|18.54|12.43||1.2433999999999998|286
IE00BWBXM948|ZPDT.DE|StSt SPDR S&P US Technology Sel Sctr UCITS ETF Acc|Broad Market / Other|Broad Market / Other|EUR|178.26|22.44|-15.47|1.55|36.87||2108.7|1.2406000000000001|287
IE00B3WJKG14|QDVE.DE|iShares S&P 500 Info Technolg Sctr UCITS ETF USD A|Broad Market / Other|Broad Market / Other|EUR|48.74|22.63|-15.59|1.55|36.97||19526.9|1.2382|288
IE00BF4RFH31|IUSN.DE|iShares MSCI World Small Cap UCITS ETF USD (Acc)|Broad Market / Other|Broad Market / Other|EUR|9.1|13.63|-7.12|1.38|20.77||8986.0|1.2375999999999998|289
LU2082996385|E6BR.DE|Amundi STOXX Europe 600 Basic Resources UCITS Dist ETF|Materials|Materials|EUR|165.3|28.31|-18.29|1.6|47.26|8.05||1.2342000000000002|290
FR0010655746|AMES.DE|Amundi IBEX 35 UCITS ETF - Acc|Broad Market / Other|Broad Market / Other|EUR|490.95|16.96|-9.95|1.43|26.32|16.0|935.4|1.2309999999999999|291
IE000CO3P697|MJUN.DE|First Trust Vest U.S. Equity Max Buffer UCITS - June - A USD Acc ETF|Broad Market / Other|Broad Market / Other|EUR|22.83|5.29|-3.05|1.29|8.84||6.4|1.229|292
IE00B23D8X81|6PSC.DE|Invesco RAFI Europe Fundamental Value UCITS ETF D|Broad Market / Other|Broad Market / Other|EUR|15.75|11.37|-8.23|1.39|17.8|14.84|33.6|1.2253999999999998|293
IE000Y2JPPS4|CLOA.DE|Invesco EUR AAA CLO UCITS ETF Acc|Broad Market / Other|Broad Market / Other|EUR|21.13|1.3|-0.27|1.23|3.6|||1.2246|294
DE000A0F5UK5|EXV6.DE|iShares STOXX Europe 600 Basic Resources UCITS (DE) ETF|Materials|Materials|EUR|82.42|28.46|-18.4|1.59|47.32|15.53|552.9|1.222|295
LU0629460832|UIMT.DE|UBS MSCI Pacific Socially Responsible UCITS USD dis ETF|Broad Market / Other|Broad Market / Other|EUR|90.46|18.07|-8.46|1.39|27.18||893.0|1.2207999999999999|296
LU0486851024|D5BL.DE|Xtrackers MSCI Europe Value UCITS 1C ETF|Broad Market / Other|Broad Market / Other|EUR|49.58|14.7|-10.02|1.42|22.81|13.44|341.0|1.2196|297
LU0533033667|LYPG.DE|Amundi MSCI World Information Technology UCITS EUR Acc ETF|Information Technology|Technology Hardware & Software|EUR|1312.2|22.92|-15.58|1.53|37.03|36.72||1.2184|298
IE00BGQYRS42|XUTC.DE|Xtrackers MSCI USA Information Technology UCITS 1D ETF|Information Technology|Technology Hardware & Software|EUR|163.76|22.74|-16.16|1.54|36.99||2715.7|1.2168|299
IE000GEHNQU9|WELL.DE|Amundi S&P World Information technology Screened UCITS Dist ETF|Information Technology|Technology Hardware & Software|EUR|29.12|21.53|-16.18|1.54|35.13|35.79|1941.4|1.2164000000000001|300
LU1048313974|UETE.DE|UBS MSCI EM Socially Responsible UCITS USD acc ETF|Broad Market / Other|Broad Market / Other|EUR|28.03|30.38|-15.7|1.53|48.59||3496.4|1.216|301
LU1048313891|UEF5.DE|UBS MSCI EM Socially Responsible UCITS USD dis ETF|Broad Market / Other|Broad Market / Other|EUR|21.13|30.52|-15.55|1.52|48.46||3496.4|1.209|302
IE000Z0FC0G5|EXU1.DE|Xtrackers MSCI World ex USA UCITS ETF|Broad Market / Other|Broad Market / Other|EUR|11.15|12.5|-8.56|1.38|19.2||8192.4|1.2087999999999999|303
IE000T9EOCL3|CBUG.DE|iShares MSCI World SC ESG Enh CTB UCITS ETF USD A|Broad Market / Other|Broad Market / Other|EUR|6.1|13.61|-7.21|1.35|20.32||471.5|1.2058|304
IE000BLN64M9|ENTR.DE|L&G New Energy Commodities UCITS ETF USD Acc|Energy|Energy|EUR|12.64|19.24|-9.72|1.4|28.86||14.6|1.2056|305
IE00BCBJG560|ZPRS.DE|StSt SPDR MSCI World Small Cap UCITS ETF Acc|Broad Market / Other|Broad Market / Other|EUR|128.76|13.89|-7.22|1.35|20.77||2062.3|1.2056|305
IE00B3VWM098|SXRG.DE|iShares MSCI USA Small Cap CTB Enhanced ESG UCITS ETF|Broad Market / Other|Broad Market / Other|EUR|600.0|14.91|-6.79|1.34|21.99||3234.7|1.2042000000000002|307
IE00B53H0131|UIQK.DE|UBS CMCI Composite SF UCITS ETF USD acc|Broad Market / Other|Broad Market / Other|EUR|133.96|25.78|-15.84|1.52|41.17|||1.2032|308
LU1602144732|J1GR.DE|Amundi MSCI Jpn ESG Brd Transition UCITS ETF EURA|Broad Market / Other|Broad Market / Other|EUR|377.95|21.0|-11.45|1.43|32.13|||1.201|309
IE00BHZRQY00|FLXB.DE|Franklin FTSE Brazil UCITS ETF|Broad Market / Other|Broad Market / Other|EUR|32.8|24.1|-18.46|1.57|39.81||206.1|1.2008|310
IE000I5MBLC4|JEUS.DE|JPM US Research Enhanced Index Equity SRI Paris Aligned Active UCITS EUR (acc) ETF|Broad Market / Other|Broad Market / Other|EUR|37.7|12.02|-9.47|1.39|18.72|||1.2006|311
IE000XFXBGR0|CSY8.DE|UBS MSCI USA Small Cap Selection UCITS ETF USD acc|Broad Market / Other|Broad Market / Other|EUR|194.16|15.13|-6.99|1.34|22.24||321.8|1.2002000000000002|312
IE000C692SN6|H41G.DE|HSBC MSCI World Small Cap Scrnd UCITS ETF USD Acc|Broad Market / Other|Broad Market / Other|EUR|23.8|13.09|-8.12|1.36|19.85||158.7|1.1976|313
LU1291097779|EMKX.DE|BNPP Easy MSCI Emerging Min TE UCITS ETF EUR C|Broad Market / Other|Broad Market / Other|EUR|17.75|22.04|-13.18|1.46|34.27|||1.1964|314
IE000E7EI9P0|WELU.DE|Amundi S&P World Information Technology Screened UCITS DR - EUR (A) ETF|Information Technology|Technology Hardware & Software|EUR|29.48|21.66|-16.26|1.52|34.96|35.69|1941.4|1.1947999999999999|315
IE00BWBXM617|ZPDH.DE|StSt SPDR S&P US Health Cr Sel Sctr UCITS ETF Acc|Health Care|Pharmaceuticals & Biotech|EUR|46.28|15.03|-10.77|1.41|23.13||553.9|1.1945999999999999|316
IE00BWZN1T31|CEBP.DE|iShares MSCI EMU USD Hedged UCITS ETF (Acc)|Broad Market / Other|Broad Market / Other|EUR|13.1|13.84|-8.28|1.36|20.83||311.4|1.1944000000000001|317
IE00BYX2JD69|2B7K.DE|iShares MSCI World SRI UCITS ETF EUR (Acc)|Broad Market / Other|Broad Market / Other|EUR|14.27|12.75|-7.81|1.35|19.15|||1.1938|318
IE00BFMNPS42|XZMU.DE|Xtrackers MSCI USA ESG UCITS ETF|Broad Market / Other|Broad Market / Other|EUR|75.03|13.22|-10.82|1.41|20.59|||1.1936|319
LU1681045370|AMEM.DE|Amundi MSCI Em Mkts Swap UCITS ETF EUR Acc|Broad Market / Other|Broad Market / Other|EUR|7.99|21.81|-13.43|1.46|33.81|14.82||1.1914|320
IE0002UMVXQ1|JSUD.DE|JPM US RschEnhIdx Eqt SRI PA Atv UCITS ETF USDD|Broad Market / Other|Broad Market / Other|EUR|37.51|12.13|-9.47|1.38|18.74|||1.1905999999999999|321
IE000EJ2EHO7|CSY9.DE|UBS Fc MSCI Wld Slcn Min Vlty UCITS ETF USD acc|Broad Market / Other|Broad Market / Other|EUR|138.0|8.05|-4.48|1.28|12.29||291.8|1.1904|322
IE0009BI8Z04|WEXF.DE|Amundi MSCI World ex USA UCITS Dist ETF|Broad Market / Other|Broad Market / Other|EUR|11.92|12.61|-8.54|1.36|19.2|20.07|928.7|1.1892|323
IE00BKWQ0P07|SPYU.DE|StSt SPDR MSCI Europe Utilities UCITS ETF|Utilities|Utilities|EUR|251.9|15.63|-9.59|1.38|23.51|18.27|802.7|1.1882|324
IE00BK72HH44|4UB9.DE|UBS MSCI World SR UCITS ETF USD dis|Broad Market / Other|Broad Market / Other|EUR|23.74|13.31|-9.64|1.38|20.4|||1.1871999999999998|325
IE00B43HR379|QDVG.DE|iShares S&P 500 Health Care Sctr UCITS ETF USD A|Health Care|Pharmaceuticals & Biotech|EUR|12.0|15.06|-10.74|1.4|23.11|||1.1852|326
IE00BDZZTM54|2B7J.DE|iShares MSCI World SRI UCITS ETF USD (Dist)|Broad Market / Other|Broad Market / Other|EUR|10.5|12.85|-7.8|1.34|19.26|||1.1840000000000002|327
LU2573966905|AE5A.DE|Amundi Core MSCI Emerging Markets Swap UCITS Dist ETF|Broad Market / Other|Broad Market / Other|EUR|68.03|21.95|-13.38|1.45|33.82||12244.6|1.1824|328
LU1737652583|AEMD.DE|Amundi Core MSCI Emerging Markets UCITS EUR Dist ETF|Broad Market / Other|Broad Market / Other|EUR|77.66|21.9|-13.55|1.45|33.8|||1.1789999999999998|329
IE00BG0J4841|IS4S.DE|iShares Digital Security UCITS ETF USD (Dist)|Information Technology|Technology Hardware & Software|EUR|13.0|22.8|-12.15|1.42|34.31||2124.5|1.177|330
LU2296661775|XMA1.DE|Xtrackers MSCI EM Asia Screened Swap UCITS ETF|Broad Market / Other|Broad Market / Other|EUR|28.42|24.86|-16.25|1.5|39.36|||1.175|331
IE000SU1VJ03|WDSD.DE|StSt SPDR MSCI World Small Cap UCITS ETF Dist|Broad Market / Other|Broad Market / Other|EUR|12.07|13.7|-7.27|1.32|20.09||2062.3|1.1746|332
IE00B4L5YC18|EUNM.DE|iShares MSCI EM UCITS ETF USD (Acc)|Broad Market / Other|Broad Market / Other|EUR|57.88|21.82|-13.46|1.44|33.49||10418.9|1.1707999999999998|333
FR0010429068|LYM7.DE|Amundi MSCI Em Mkts Swap II UCITS ETF EUR Acc|Broad Market / Other|Broad Market / Other|EUR|19.65|21.96|-13.49|1.44|33.53|14.88||1.1702|334
IE00BLLZQ805|MAGR.DE|iShares Growth Portfolio UCITS ETF EUR Acc|Broad Market / Other|Broad Market / Other|EUR|8.61|11.82|-7.53|1.32|17.56|22.17||1.1694|335
LU2082999215|LUTL.DE|Amundi STOXX Europe 600 Utilities UCITS Dist ETF|Utilities|Utilities|EUR|150.0|15.48|-9.04|1.35|22.87|17.98|230.7|1.1692|336
IE00B469F816|SPYM.DE|State Street SPDR MSCI Emerging Markets UCITS ETF|Broad Market / Other|Broad Market / Other|EUR|94.05|21.91|-13.54|1.44|33.52||2266.4|1.1692|336
IE00BKY4W127|PCOM.DE|WisdomTree Broad Commodities UCITS ETF USD Acc|Materials|Materials|EUR|15.16|29.16|-15.18|1.47|44.86||444.1|1.1663999999999999|338
LU2082996542|LYX4.DE|Amundi STOXX Europe 600 Basic Materials UCITS Dist ETF|Materials|Materials|EUR|295.45|18.94|-13.27|1.43|29.1|20.21|33.6|1.1646|339
IE000OEF25S1|MWEQ.DE|Invesco MSCI World Equal Weight UCITS Acc ETF|Broad Market / Other|Broad Market / Other|EUR|5.95|10.9|-6.98|1.3|16.15||1972.6|1.1604|340
IE00B7WK2W23|UIQI.DE|UBS MSCI AC Asia ex Japan SF UCITS USD acc ETF|Broad Market / Other|Broad Market / Other|EUR|258.5|23.23|-14.03|1.44|35.44||1060.4|1.1594|341
IE00B5SSQT16|H414.DE|HSBC MSCI Emerging Markets UCITS ETF USD|Broad Market / Other|Broad Market / Other|EUR|12.33|22.08|-14.58|1.45|34.06|||1.1583999999999999|342
LU1834988864|LUTI.DE|Amundi STOXX Europe 600 Utilities UCITS ETF Acc|Utilities|Utilities|EUR|99.95|15.47|-9.2|1.34|22.73|24.11||1.1560000000000001|343
IE00BZ048462|QDVY.DE|iShares $ Floating Rate Bd UCITS ETF USD Dist|Broad Market / Other|Broad Market / Other|EUR|4.53|5.41|-3.3|1.22|8.58|||1.154|344
IE00BG0J4C88|L0CK.DE|iShares Digital Security UCITS ETF USD (Acc)|Information Technology|Technology Hardware & Software|EUR|11.88|23.28|-12.47|1.4|34.53||2124.5|1.1505999999999998|345
IE00BKM4GZ66|IS3N.DE|iShares Core MSCI EM IMI UCITS ETF USD Acc|Broad Market / Other|Broad Market / Other|EUR|49.26|21.16|-13.1|1.41|31.74||46559.5|1.148|346
IE000EPX8KB7|SPQH.DE|Global X S&P 500 Qtr Tail Hedge UCITS ETF USD Acc|Broad Market / Other|Broad Market / Other|EUR|18.94|7.01|-3.16|1.21|10.47||3.6|1.1468|347
DE000A0Q4R02|EXH9.DE|iShares STOXX Europe 600 Utilities UCITS (DE) ETF|Utilities|Utilities|EUR|55.28|15.58|-9.33|1.33|22.74|17.97|800.1|1.1434000000000002|348
IE00B0M63177|IQQE.DE|iShares MSCI EM UCITS ETF USD (Dist)|Broad Market / Other|Broad Market / Other|EUR|59.63|21.89|-13.64|1.41|32.82||10343.9|1.1372|349
IE00BX7RR706|UBUS.DE|UBS Factor MSCI USA Prime Value Screened UCITS USD dis ETF|Broad Market / Other|Broad Market / Other|EUR|36.9|11.1|-6.14|1.26|15.96|||1.1372|349
LU1834983477|LBNK.DE|Amundi STOXX Europe 600 Banks UCITS ETF Acc|Financials|Banks & Financial Services|EUR|70.2|22.52|-15.83|1.45|34.77|11.91|3480.8|1.1334|351
IE000LAUZQT6|XWEV.DE|Xtrackers MSCI World Value ESG UCITS ETF|Broad Market / Other|Broad Market / Other|EUR|55.7|25.1|-13.85|1.41|37.41||300.6|1.133|352
LU1645385839|SEAA.DE|UBS J.P. Morgan USD EM Diversified Bond 1-5 UCITS USD dis ETF|Fixed Income|Bonds|EUR|9.55|4.91|-2.88|1.19|7.83|||1.1323999999999999|353
IE00B7452L46|SPYF.DE|State Street SPDR FTSE UK All Share UCITS ETF|Broad Market / Other|Broad Market / Other|EUR|107.56|12.18|-7.6|1.28|17.54||738.2|1.1280000000000001|354
IE0008D0AIU9|ESAE.DE|BNPPE MSCI Wld Equal Wght Select UCITS ETF EUR C|Broad Market / Other|Broad Market / Other|EUR|13.14|11.27|-6.7|1.26|16.16|||1.126|355
IE00BMVB5Q68|V60D.DE|Vanguard LifeStrategy 60% Equity UCITS ETF EUR Dis|Broad Market / Other|Broad Market / Other|EUR|32.8|7.23|-4.87|1.22|10.83||1093.1|1.1226|356
IE00B53HP851|SXRW.DE|iShares Core FTSE 100 UCITS ETF GBP (Acc)|Broad Market / Other|Broad Market / Other|EUR|254.15|12.37|-7.91|1.28|17.83||3247.7|1.1218|357
DE000A0F5UJ7|EXV1.DE|iShares STOXX Europe 600 Banks UCITS (DE) ETF|Financials|Banks & Financial Services|EUR|39.94|22.55|-16.03|1.44|34.58|11.87|3658.1|1.1194|358
IE00B0M63516|IQQB.DE|iShares MSCI Brazil UCITS ETF USD (Dist)|Broad Market / Other|Broad Market / Other|EUR|26.75|23.02|-18.53|1.49|36.23||500.9|1.1194|358
LU1615092217|EMWE.DE|BNPP Easy MSCI World SRI PAB UCITS ETF|Broad Market / Other|Broad Market / Other|EUR|24.43|11.69|-8.26|1.28|17.0|||1.1148|360
IE00B5MTXK03|SC0Z.DE|Invesco STOXX Europe 600 Optimised Utilities UCITS Acc ETF|Utilities|Utilities|EUR|398.85|15.68|-9.35|1.3|22.44|17.81|7.1|1.113|361
IE000U5MJOZ6|JEIP.DE|JPMorgan US Eqt Premium Inc Active UCITS ETF USD D|Broad Market / Other|Broad Market / Other|EUR|21.68|7.82|-4.88|1.21|11.5|||1.1124|362
LU2109787049|SBIM.DE|Amundi MSCI Emerging Markets ESG Broad Transition UCITS DR (C) ETF|Broad Market / Other|Broad Market / Other|EUR|78.9|22.21|-13.49|1.38|32.67|||1.1101999999999999|363
IE00B2QWCY14|IUS3.DE|iShares S&P SmallCap 600 UCITS ETF USD (Dist)|Broad Market / Other|Broad Market / Other|EUR|99.61|15.3|-8.03|1.27|21.49||3198.1|1.1094|364
IE0000EAPBT6|JEIA.DE|JPMorgan US Eqt Premium Inc Active UCITS ETF USD A|Broad Market / Other|Broad Market / Other|EUR|24.77|7.65|-5.05|1.21|11.22|||1.109|365
IE000O5M6XO1|AAKG.DE|ARK Genomic Revolution UCITS ETF USD Acc|Broad Market / Other|Broad Market / Other|EUR|8.94|51.72|-30.77|1.72|90.74||94.6|1.1046|366
IE0005042456|IUSZ.DE|iShares Core FTSE 100 UCITS ETF GBP Dist|Broad Market / Other|Broad Market / Other|EUR|11.98|12.3|-7.77|1.26|17.54|||1.1046|366
IE00BMDWYZ92|JPCT.DE|JPM Carbon Transition Global Equity (CTB) UCITS - USD (acc) ETF|Broad Market / Other|Broad Market / Other|EUR|48.35|12.12|-8.78|1.28|17.56|||1.1044|368
IE00BGDQ0T50|36B5.DE|iShares MSCI EM SRI UCITS ETF USD (Dist)|Broad Market / Other|Broad Market / Other|EUR|6.79|19.81|-11.06|1.32|28.22||3916.5|1.0988|369
IE00B9KNR336|ZPRA.DE|State Street SPDR S&P Pan Asia Dividend Aristocrats UCITS ETF|Broad Market / Other|Broad Market / Other|EUR|50.14|10.14|-5.57|1.21|14.22||250.7|1.0986|370
LU2859392081|GTIL.DE|Xtrackers World Green Tech Innovators UCITS ETF 1C|Information Technology|Technology Hardware & Software|EUR|35.04|11.62|-8.69|1.27|16.74||18.7|1.0962|371
IE00BP3QZ825|IS3R.DE|iShares Edge MSCI World Momentum Factor UCITS USD (Acc) ETF|Broad Market / Other|Broad Market / Other|EUR|107.04|21.22|-12.86|1.35|30.66||6022.5|1.0928|372
LU0950669845|AW1T.DE|UBS MSCI EMU Value UCITS EUR acc ETF|Broad Market / Other|Broad Market / Other|EUR|22.67|13.15|-8.88|1.27|18.77|13.43|437.9|1.0924|373
LU0446734369|UIME.DE|UBS MSCI EMU Value UCITS ETF EUR dis|Broad Market / Other|Broad Market / Other|EUR|61.71|13.11|-8.92|1.27|18.6|13.41|437.9|1.0916000000000001|374
IE00B5L8K969|CEBL.DE|iShares MSCI EM Asia UCITS ETF USD (Acc)|Broad Market / Other|Broad Market / Other|EUR|271.4|24.5|-15.75|1.4|36.27||8629.0|1.085|375
IE00BCRY6227|IS3L.DE|iShares $ Ultrashort Bond UCITS ETF USD Dist|Fixed Income|Bonds|EUR|88.68|5.43|-3.29|1.15|8.22|||1.0841999999999998|376
IE00B53L4350|SXRU.DE|iShares Dow Jones Indust Average UCITS ETF USD A|Broad Market / Other|Broad Market / Other|EUR|557.1|11.78|-7.3|1.23|16.49||1961.1|1.084|377
IE00BZ0PKV06|IBC0.DE|iShares Edge MSCI Europe Multifactor UCITS EUR (Acc) ETF|Broad Market / Other|Broad Market / Other|EUR|12.9|13.24|-7.87|1.24|18.37|14.81|901.5|1.0826|378
LU1681044480|AMEA.DE|Amundi MSCI Em Asia UCITS ETF - EUR (C)|Broad Market / Other|Broad Market / Other|EUR|60.41|24.36|-15.91|1.4|36.17|15.74||1.0817999999999999|379
LU2082996112|INDA.DE|Amundi STOXX Europe 600 Banks UCITS Dist ETF|Financials|Banks & Financial Services|EUR|94.65|23.67|-15.59|1.39|34.81|11.93|3480.8|1.0781999999999998|380
IE0001FQFU60|WMSE.DE|Amundi MSCI World Momentum Advanced UCITS ACC ETF|Broad Market / Other|Broad Market / Other|EUR|13.32|17.3|-8.74|1.25|23.59||642.9|1.0752|381
FR0007056841|DJAM.DE|Amundi Dow Jones Industrial Average UCITS ETF Dist|Industrials|Industrials|EUR|463.35|11.73|-7.34|1.22|16.33|21.53|358.4|1.0732|382
IE00BCHWNS19|XUEN.DE|Xtrackers MSCI USA Energy UCITS 1D ETF|Energy|Energy|EUR|57.16|32.22|-17.12|1.41|47.3||139.6|1.0675999999999999|383
IE00BMVB5P51|V60A.DE|Vanguard LifeStrategy 60% Equity UCITS ETF EUR Acc|Broad Market / Other|Broad Market / Other|EUR|37.29|7.67|-5.22|1.17|11.0||1093.1|1.0655999999999999|384
IE00BYXYX521|XAAG.DE|Invesco Bloomberg Commodity ex-Agriculture UCITS Acc ETF|Materials|Materials|EUR|42.22|31.39|-15.96|1.38|45.34||603.8|1.0608|385
IE000B9PQW54|CURE.DE|VanEck Genomics & Hlth Cr Innvtrs UCITS ETF USD A|Health Care|Pharmaceuticals & Biotech|EUR|25.1|23.22|-19.07|1.44|35.32||17.7|1.0586|386
IE000K975W13|AVEM.DE|Avantis Emerging Markets Eq UCITS ETF USD Acc ETF|Broad Market / Other|Broad Market / Other|EUR|28.79|20.92|-13.21|1.32|29.66||302.4|1.0558|387
LU0514694701|XCS4.DE|Xtrackers MSCI Thailand UCITS 1C ETF|Broad Market / Other|Broad Market / Other|EUR|24.66|21.26|-10.32|1.26|28.88||132.1|1.0536|388
IE00B466KX20|SPYA.DE|State Street SPDR MSCI EM Asia UCITS ETF|Broad Market / Other|Broad Market / Other|EUR|116.44|24.27|-16.1|1.37|35.29||1623.8|1.048|389
IE00BF2B0L69|FLXD.DE|Franklin European Quality Dividend UCITS ETF|Broad Market / Other|Broad Market / Other|EUR|35.22|9.12|-5.73|1.16|12.56|14.09|646.3|1.0453999999999999|390
IE00BFMXYP42|VUKG.DE|Vanguard FTSE 100 UCITS ETF GBP Acc|Broad Market / Other|Broad Market / Other|EUR|66.23|12.51|-7.78|1.2|16.99||6662.1|1.0444|391
IE000V93BNU0|PAUD.DE|Invesco MSCI World ESG Climate PA UCITS ETF Acc|Broad Market / Other|Broad Market / Other|EUR|6.09|11.58|-8.82|1.22|16.19|||1.0436|392
IE000O36LOH8|BS26.DE|Invesco BlltShs 2026 USD Crp Bd UCITS ETF Dist|Broad Market / Other|Broad Market / Other|EUR|4.75|5.53|-3.32|1.11|8.16|||1.0436|392
LU1681048127|B500.DE|Amundi S&P 500 Buyback UCITS ETF - EUR (C)|Broad Market / Other|Broad Market / Other|EUR|350.95|11.71|-4.89|1.14|15.41|||1.0421999999999998|394
IE00BGV5VN51|XAIX.DE|Xtrackers Artificial Intelligence & Big Data UCITS 1C ETF|Information Technology|Technology Hardware & Software|EUR|225.4|32.42|-21.51|1.47|49.55||9102.4|1.0398|395
IE0000XTDDA8|QAIU.DE|Global X Artificial Intelligence UCITS ETF USD Acc|Information Technology|Technology Hardware & Software|EUR|26.48|25.8|-17.09|1.38|37.5||88.0|1.0381999999999998|396
IE00BCHWNW54|XUHC.DE|Xtrackers MSCI USA Health Care UCITS ETF 1D|Health Care|Pharmaceuticals & Biotech|EUR|59.27|15.01|-11.18|1.26|20.96||959.8|1.0364|397
IE00BF1B7389|SPP1.DE|StSt SPDR MSCI All Cntry World EURH UCITS ETF Acc|Broad Market / Other|Broad Market / Other|EUR|27.16|12.54|-8.19|1.2|17.02|||1.0362|398
IE000UYVEVN3|US4D.DE|StSt SPDR S&P 400 U.S. Mid Cap UCITS ETF Dist|Broad Market / Other|Broad Market / Other|EUR|31.89|13.69|-6.21|1.16|17.85|||1.0357999999999998|399
FR0010405431|LYMH.DE|Amundi MSCI Greece UCITS ETF Dist|Broad Market / Other|Broad Market / Other|EUR|2.95|22.56|-17.23|1.38|33.1|12.42|463.4|1.0353999999999999|400
IE000DNSAS54|XEMC.DE|Xtrackers MSCI Emerging Markets Climate Transition UCITS ETF|Broad Market / Other|Broad Market / Other|EUR|50.83|21.97|-13.24|1.3|30.52|||1.0352000000000001|401
IE000LTA2082|WELH.DE|Amundi S&P World Industrials Screened UCITS Acc ETF|Industrials|Industrials|EUR|18.6|15.5|-9.84|1.23|21.08|27.43|451.9|1.0332|402
LU2194447293|BJLE.DE|BNPPE ECPI Global ESG Blue Economy UCITS ETF C|Broad Market / Other|Broad Market / Other|EUR|18.48|10.53|-6.34|1.16|14.2|20.11||1.0332|402
LU1598690169|LGWS.DE|Amundi MSCI EMU Value Factor UCITS ETF Dist|Broad Market / Other|Broad Market / Other|EUR|185.14|13.09|-8.88|1.21|17.89|13.37|262.0|1.0324|404
IE00BCLWRD08|IS3H.DE|iShares MSCI EMU Mid Cap UCITS ETF EUR (Acc)|Broad Market / Other|Broad Market / Other|EUR|79.28|11.95|-8.11|1.19|16.21|16.01|556.7|1.0278|405
IE000BMDG046|BS27.DE|Invesco BlltShs 2027 USD Crp Bd UCITS ETF Dist|Broad Market / Other|Broad Market / Other|EUR|4.72|5.19|-3.23|1.09|7.65|||1.0254|406
IE00B6S2Z822|SPYG.DE|State Street SPDR S&P UK Dividend Aristocrats UCITS ETF|Broad Market / Other|Broad Market / Other|EUR|15.07|13.25|-8.78|1.2|17.93||113.9|1.0244|407
IE00BJK3WF00|BBLL.DE|JPM BetaBuilders US Treasury Bond 0-1yr UCITS - USD (acc) ETF|Fixed Income|Bonds|EUR|108.08|5.49|-3.38|1.09|7.97|||1.0224000000000002|408
IE000GSIFIB0|C71P.DE|Global X 1-3 Month T-Bill UCITS ETF|Broad Market / Other|Broad Market / Other|EUR|15.11|5.54|-3.39|1.09|8.02||90.7|1.0222|409
IE0008RX29L5|WDEY.DE|Invesco Wind Energy UCITS Acc ETF|Energy|Energy|EUR|6.43|22.43|-16.92|1.36|32.58||17.8|1.0216|410
LU1753045845|QUEJ.DE|BNP Paribas Easy MSCI Japan SRI PAB UCITS ETF|Broad Market / Other|Broad Market / Other|EUR|32.35|18.42|-10.45|1.23|24.66|23.45|36.6|1.021|411
IE0006VDD4K1|FWEA.DE|Invesco FTSE All-World UCITS EUR PfHdg Acc ETF|Broad Market / Other|Broad Market / Other|EUR|9.06|12.22|-8.28|1.18|16.47|||1.0144|412
IE00BJ38QD84|ZPRR.DE|StSt SPDR Russell 2000 US Small Cap UCITS ETF Acc|Broad Market / Other|Broad Market / Other|EUR|74.0|17.15|-8.44|1.18|22.27|||1.0111999999999999|413
DE0005933949|EXW3.DE|iShares STOXX Europe 600 Top 20 UCITS ETF (DE)|Broad Market / Other|Broad Market / Other|EUR|54.78|14.07|-9.51|1.2|18.87|20.96|141.1|1.0098|414
IE000CQQ22C8|JPVE.DE|JPM US Val Eq Active UCITS ETF - EUR Hedged (acc)|Broad Market / Other|Broad Market / Other|EUR|32.81|11.27|-8.09|1.17|15.14|||1.0082|415
LU0274212538|DBXI.DE|Xtrackers FTSE MIB UCITS 1D ETF|Broad Market / Other|Broad Market / Other|EUR|48.9|15.91|-9.62|1.2|21.06|14.54|101.0|1.0076|416
IE00BZ56RN96|WTEQ.DE|WisdomTree Global Quality Div Growth UCITS ETF USD|Broad Market / Other|Broad Market / Other|EUR|36.22|10.8|-7.84|1.16|14.58|||1.0031999999999999|417
IE00BGR7L912|IBCC.DE|iShares $ Treasury Bond 0-1yr UCITS ETF USD D|Fixed Income|Bonds|EUR|4.39|5.51|-3.39|1.07|7.87|||1.0022|418
IE00BYX8XC17|SXR6.DE|iShares MSCI Japan SRI UCITS ETF USD (Acc)|Broad Market / Other|Broad Market / Other|EUR|8.53|19.55|-11.4|1.23|26.02|||1.002|419
LU1753045928|JSRI.DE|BNP Paribas Easy MSCI Japan SRI PAB UCITS ETF|Broad Market / Other|Broad Market / Other|EUR|26.2|18.62|-10.41|1.21|24.44|23.43|36.6|1.0018|420
IE00B5M1WJ87|SPYW.DE|State Street SPDR S&P Euro Dividend Aristocrats UCITS ETF|Broad Market / Other|Broad Market / Other|EUR|29.32|10.55|-7.99|1.16|14.2|13.19|1811.9|1.0002|421
IE00BLCHJT74|SN5R.DE|Global X Internet of Things UCITS ETF USD Acc|Broad Market / Other|Broad Market / Other|EUR|17.28|24.45|-15.34|1.3|33.84||2.7|0.9932000000000001|422
LU1681038672|RS2K.DE|Amundi Russell 2000 UCITS ETF - EUR (C)|Broad Market / Other|Broad Market / Other|EUR|379.95|17.15|-8.5|1.16|21.95|17.25||0.9899999999999999|423
IE00BD1F4N50|QDVA.DE|iShares Edge MSCI USA Mmntm Fctr UCITS ETF USDA|Broad Market / Other|Broad Market / Other|EUR|20.08|24.94|-16.6|1.32|34.86||753.0|0.988|424
IE00B5MTWD60|SC0U.DE|Invesco STOXX Europe 600 Optimised Banks UCITS Acc ETF|Financials|Banks & Financial Services|EUR|236.05|23.17|-16.7|1.32|32.58|11.59|639.3|0.9860000000000001|425
IE000I1D7D10|CEBK.DE|iShares iBond Dec 2027 Term $ Corp UCITS ETF USD A|Broad Market / Other|Broad Market / Other|EUR|104.96|5.29|-3.24|1.05|7.57|||0.9852000000000001|426
LU1681041973|EHF1.DE|Amundi MSCI Europe Hgh Dvdnd Factor UCITS ETF EURA|Broad Market / Other|Broad Market / Other|EUR|235.6|10.38|-6.24|1.11|13.57|14.2|493.7|0.9852000000000001|426
IE0007WLHX89|3D3D.DE|Robeco 3D European Equity UCITS ETF EUR Acc|Broad Market / Other|Broad Market / Other|EUR|6.56|12.71|-9.25|1.17|16.91||21.0|0.9849999999999999|428
IE00BM97MR69|XT01.DE|Xtrackers US Treasuries Ultrashort Bond UCITS 1C ETF|Fixed Income|Bonds|EUR|56.78|5.39|-3.4|1.05|7.63|||0.982|429
FR0010524777|LYM9.DE|Amundi MSCI New Energy UCITS ETF Dist|Energy|Energy|EUR|41.8|24.15|-17.95|1.34|34.43|23.76|1097.8|0.9810000000000001|430
IE000ENYES77|WELY.DE|Amundi S&P World Financials Screened UCITS Dist ETF|Financials|Banks & Financial Services|EUR|18.33|13.32|-9.52|1.17|17.58|15.05|1312.7|0.9795999999999999|431
LU2365458145|HYDRO.PA|BNP Paribas Easy ECPI Global ESG Hydrogen Economy UCITS ETF|Broad Market / Other|Broad Market / Other|EUR|13.85|19.5|-9.86|1.17|24.87|17.71||0.9727999999999999|432
IE00BLRPPV00|VUCF.DE|Vanguard US Treasury 0-1Y Bd UCITS ETF USD Acc|Fixed Income|Bonds|EUR|53.03|5.45|-3.37|1.04|7.69|||0.9726|433
LU1659681313|XU6C.DE|BNPP Easy MSCI Emerging SRI PAB UCITS ETF|Broad Market / Other|Broad Market / Other|EUR|133.72|18.67|-10.99|1.19|24.28|||0.9702|434
IE000CR7DJI8|CBUM.DE|iShares S&P 500 Scored and Screened UCITS EUR Hedged (Acc) ETF|Broad Market / Other|Broad Market / Other|EUR|9.03|12.33|-9.1|1.15|16.2|||0.968|435
IE000FNVOB27|HP8E.DE|HSBC MSCI EM Climate Paris Aligned UCITS ETF USD|Broad Market / Other|Broad Market / Other|EUR|19.41|21.85|-13.62|1.24|29.06|||0.9676|436
IE000VG2WCW5|RDYN.DE|Robeco Dynamic Theme Machine UCITS ETF USD Acc|Broad Market / Other|Broad Market / Other|EUR|5.9|12.68|-10.74|1.18|16.91||15.3|0.9652|437
IE0004CIQ1O4|MWOS.DE|Amundi MSCI World ESG Selection UCITS Hedged EUR Acc ETF|Broad Market / Other|Broad Market / Other|EUR|14.59|13.42|-10.25|1.17|17.72|27.71||0.965|438
XS2595675641|SVLT.DE|Leverage Shares Short Volatility Long Tech ETP|Information Technology|Technology Hardware & Software|EUR|44.42|25.4|-15.83|1.28|34.56|||0.9634|439
IE000TB15RC6|BCFI.DE|UBS Core MSCI World UCITS hEUR acc ETF|Broad Market / Other|Broad Market / Other|EUR|5.44|11.7|-7.86|1.12|15.12|||0.9628000000000001|440
IE00BDS67326|EM1C.DE|VanEck J.P. Morgan EM LC Bond UCITS ETF USD A|Fixed Income|Bonds|EUR|60.97|5.31|-3.42|1.03|7.48||238.7|0.9616|441
IE00BCLWRB83|IS3F.DE|iShares $ Corp Bd Int Rate Hgd UCITS ETF USD Dist|Broad Market / Other|Broad Market / Other|EUR|93.09|5.89|-2.93|1.02|8.02|||0.9614|442
IE00BMH5Y327|V9N.DE|Global X DataCntrREITS&Dig Infra UCITS ETF USD Acc|Broad Market / Other|Broad Market / Other|EUR|22.03|25.58|-17.63|1.31|35.39||352.2|0.9574|443
IE00BKVL7778|MVEW.DE|iShares Edge MSCI Wld Min Vol Adv UCITS ETF USD A|Broad Market / Other|Broad Market / Other|EUR|7.52|8.22|-4.68|1.05|10.67|||0.9564|444
IE00B02KXL92|IQQM.DE|iShares EURO STOXX Mid UCITS ETF EUR (Dist)|Broad Market / Other|Broad Market / Other|EUR|86.69|11.58|-8.21|1.12|15.02|15.77|595.5|0.9558000000000001|445
IE00BMQ5Y557|TCRS.DE|Janus Henderson HMT Global IG Credit Curve Steepener Core UCITS ETF|Broad Market / Other|Broad Market / Other|EUR|114.62|0.75|-0.3|0.96|2.72||54.7|0.954|446
IE00BKWQ0L68|SPYP.DE|StSt SPDR MSCI Europe Materials UCITS ETF|Materials|Materials|EUR|378.1|18.5|-13.07|1.21|24.35|21.02|110.7|0.9485999999999999|447
IE00B53L4X51|SXRY.DE|iShares FTSE MIB UCITS ETF EUR (Acc)|Broad Market / Other|Broad Market / Other|EUR|249.6|16.61|-9.69|1.14|20.87|15.14|425.4|0.9461999999999999|448
IE0001JABD69|JRWE.DE|JPM All Cntr Rsch Enh Idx Eqt Actv UCITS ETF EURHA|Broad Market / Other|Broad Market / Other|EUR|30.15|12.23|-8.2|1.11|15.56|||0.9460000000000002|449
IE000QF66PE6|5ESE.DE|Invesco S&P 500 Scored & Screened UCITS - EUR Hedged ETF|Broad Market / Other|Broad Market / Other|EUR|89.46|12.32|-9.2|1.13|15.88|||0.946|450
IE000QLV3SY5|FVEM.DE|Franklin MSCI Emerging Markets Paris Aligned Climate UCITS ETF|Broad Market / Other|Broad Market / Other|EUR|38.9|21.86|-13.22|1.21|28.55||8.8|0.9456|451
IE000VA628D5|IS20.DE|iShares S&P 500 Top 20 UCITS ETF USD (Acc)|Broad Market / Other|Broad Market / Other|EUR|6.2|15.78|-12.73|1.2|21.0||623.4|0.9454|452
IE000CWS09Q9|XBHR.DE|L&G Crp Bd exBks Hgh Rtngs 0-2Y UCITS ETF USD Acc|Broad Market / Other|Broad Market / Other|EUR|9.6|3.74|-2.24|0.99|5.7|||0.9452|453
IE000BZ1HVL2|SPFH.DE|StSt SPDR MSCI World EUR Hdg UCITS ETF Acc|Broad Market / Other|Broad Market / Other|EUR|16.33|11.87|-7.77|1.1|15.04|||0.9446000000000001|454
IE000ONQ3X90|XWEU.DE|Xtrackers MSCI World UCITS 2C - EUR Hedged ETF|Broad Market / Other|Broad Market / Other|EUR|14.17|11.76|-7.82|1.1|14.92|29.44||0.9436000000000001|455
IE00BMYMHS24|ASWE.DE|Saturna Al Kawthar Gl Focused Equity UCITS ETF Acc|Broad Market / Other|Broad Market / Other|EUR|10.86|14.42|-6.91|1.08|17.6||21.9|0.9418000000000001|456
IE00018LB0D8|WF1E.DE|Invesco S&P World Financials ESG UCITS ETF Acc|Financials|Banks & Financial Services|EUR|8.26|12.56|-8.92|1.12|16.1||5.0|0.9416000000000001|457
IE00BMXC7W70|WPAB.DE|iShares MSCI Wrld Par-Align Clim UCITS ETF USD Acc|Broad Market / Other|Broad Market / Other|EUR|7.49|11.82|-8.94|1.12|15.26||698.2|0.9412000000000001|458
IE00BYVJRP78|QDVS.DE|iShares MSCI EM SRI UCITS ETF USD (Acc)|Broad Market / Other|Broad Market / Other|EUR|10.06|22.63|-11.03|1.16|28.3||3916.5|0.9393999999999999|459
IE00BHXMHQ65|S5SG.DE|UBS S&P 500 Scored & Screened UCITS hEUR acc ETF|Broad Market / Other|Broad Market / Other|EUR|42.96|12.31|-9.15|1.12|15.78|||0.937|460
IE00BKWQ0G16|SPYZ.DE|StSt SPDR MSCI Europe Financials UCITS ETF|Financials|Banks & Financial Services|EUR|152.98|18.01|-12.28|1.18|23.21|12.14|823.0|0.9343999999999999|461
IE000Q0IU5T1|WDTE.DE|Invesco S&P Wld Information Tech ESG UCITS ETF Acc|Information Technology|Technology Hardware & Software|EUR|12.61|22.52|-15.79|1.25|30.13||38.1|0.9342|462
IE00023EZQ82|CBUN.DE|ishares Digital Entertainment and Education Ucits Etf Usd Acc|Information Technology|Technology Hardware & Software|EUR|13.48|21.76|-17.83|1.29|30.17||68.3|0.9334|463
IE00077FRP95|UDIV.DE|Global X Superdividend UCITS ETF USD Dist|Broad Market / Other|Broad Market / Other|EUR|8.41|9.42|-4.67|1.02|11.56||978.6|0.9266|464
IE00BKBF6H24|IWLE.DE|iShares Core MSCI World UCITS EUR Hedged (Dist) ETF|Broad Market / Other|Broad Market / Other|EUR|10.87|11.78|-7.85|1.08|14.68|||0.923|465
IE00BFXR5S54|LGGL.L|L&G Global Equity UCITS ETF USD Acc|Broad Market / Other|Broad Market / Other|EUR|27.81|12.5|-8.44|1.09|15.6|22.4|2048.3|0.9212000000000001|466
IE0007ILCZU4|JAUD.DE|JPM US Equity Active UCITS ETF - USD (dist)|Broad Market / Other|Broad Market / Other|EUR|33.49|11.55|-8.49|1.09|14.59|||0.9202000000000001|467
IE00BKVL7D31|MVEE.DE|iShares Edge MSCI Europe Minimum Volatility Advanced UCITS ETF|Broad Market / Other|Broad Market / Other|EUR|8.89|9.78|-7.73|1.07|12.47|17.3|29.3|0.9154|468
IE00BMDBMY19|ESGM.DE|Invesco MSCI Em Mkts Universal Scrnd UCITS ETF Acc|Broad Market / Other|Broad Market / Other|EUR|52.59|29.28|-15.8|1.23|38.0||176.2|0.9139999999999999|469
IE000AXIKJM8|AIUT.DE|BNP PARIBAS EASY II MSCI USA PAB UCITS USD Acc ETF|Broad Market / Other|Broad Market / Other|EUR|14.76|13.82|-11.3|1.14|17.73||49.5|0.9139999999999999|469
IE000RSCXLM4|JAUS.DE|JPM US Equity Active UCITS ETF - USD (acc)|Broad Market / Other|Broad Market / Other|EUR|33.84|11.62|-8.35|1.08|14.6|||0.913|471
LU2194449075|LOWD.DE|BNPP Easy Low Carbon 300 World PAB UCITS ETF Cap|Broad Market / Other|Broad Market / Other|EUR|20.35|13.37|-7.9|1.07|16.37|24.83|162.4|0.912|472
IE00BF16M727|CBRS.DE|First Trust Nasdaq Cybersecurity UCITS ETF A USD|Information Technology|Technology Hardware & Software|EUR|58.36|30.38|-23.94|1.39|44.13|||0.9111999999999999|473
IE0006D3PGW3|EXCN.DE|Franklin FTSE Emerging ex China UCITS ETF|Broad Market / Other|Broad Market / Other|EUR|32.0|26.99|-15.96|1.23|35.19||7.2|0.9107999999999999|474
IE00BM9TSP27|XSOE.DE|WisdomTree Emerging Markets ex-State-Owned Enterprises UCITS Acc ETF|Broad Market / Other|Broad Market / Other|EUR|29.09|21.89|-13.52|1.18|27.92||23.2|0.9096|475
IE0009W21NT4|CSY7.DE|UBS MSCI World Selection UCITS hEUR acc ETF|Broad Market / Other|Broad Market / Other|EUR|265.1|12.74|-9.17|1.09|15.84|||0.9066000000000001|476
IE00BN4Q1675|AW12.DE|UBS MSCI EM Cl Paris Aligned UCITS ETF USD acc|Broad Market / Other|Broad Market / Other|EUR|16.23|22.12|-12.68|1.16|27.61||735.4|0.9063999999999999|477
IE00B441G979|IBCH.DE|iShares MSCI World EUR Hedged UCITS ETF (Acc)|Broad Market / Other|Broad Market / Other|EUR|119.82|11.92|-7.79|1.06|14.64|22.85|5408.2|0.9042000000000001|478
IE00BP2C1S34|HPAU.DE|HSBC MSCI USA Climate Paris Aligned UCITS ETF USD|Broad Market / Other|Broad Market / Other|EUR|47.62|13.79|-11.34|1.13|17.61||41.0|0.9031999999999999|479
IE00BKWD3C98|TRD1.DE|Invesco US Treasury Bond 0-1 Year UCITS ETF Dist|Fixed Income|Bonds|EUR|36.03|5.98|-3.69|0.97|7.77|||0.8962|480
IE000QMIHY81|H41H.DE|HSBC MSCI World UCITS ETF EUR Hedged Acc|Broad Market / Other|Broad Market / Other|EUR|42.89|12.03|-7.78|1.05|14.64|||0.8944000000000001|481
LU0659579733|XWEH.DE|Xtrackers MSCI World Swap UCITS 4C EUR Hedged ETF|Broad Market / Other|Broad Market / Other|EUR|53.14|11.82|-7.86|1.05|14.45|||0.8928|482
IE00BMW42306|ESIF.DE|iShares MSCI Europe Financials Sector UCITS EUR (Acc) ETF|Financials|Banks & Financial Services|EUR|16.26|18.08|-12.38|1.14|22.68|11.3|1731.5|0.8923999999999999|483
IE000V6KDJC9|BCFJ.DE|UBS MSCI World Selection UCITS hEUR dis ETF|Broad Market / Other|Broad Market / Other|EUR|26.61|12.63|-9.39|1.08|15.59|||0.8922000000000001|484
DE0006289309|EXX1.DE|iShares EURO STOXX Banks 30-15 UCITS (DE) EUR (Dist) ETF|Financials|Banks & Financial Services|EUR|28.7|23.99|-16.98|1.23|31.5|11.52|2809.2|0.8904|485
IE000D5R9C23|AZEH.DE|iShares Asia ex Japn Eqty Enh Actv UCITS ETF USD A|Broad Market / Other|Broad Market / Other|EUR|8.03|30.81|-16.99|1.23|39.91||108.7|0.8902|486
IE00BWT3KN65|UBUX.DE|UBS Factor MSCI USA Quality Screened UCITS hEUR acc ETF|Broad Market / Other|Broad Market / Other|EUR|54.79|14.13|-11.57|1.12|17.75|||0.8886000000000001|487
IE00BP3QZD73|IS3T.DE|iShares Edge MSCI World Size Factor UCITS USD (Acc) ETF|Broad Market / Other|Broad Market / Other|EUR|52.3|11.46|-7.09|1.03|13.82||463.2|0.8882|488
IE0003B4BV34|CSYU.DE|UBS MSCI USA Tech 125 Universal UCITS USD acc ETF|Information Technology|Technology Hardware & Software|EUR|20.51|18.15|-14.66|1.18|23.51||35.5|0.8867999999999999|489
IE000PWGE381|BCFM.DE|UBS Nasdaq-100 ESG Enhanced UCITS ETF USD acc|Information Technology|Technology Hardware & Software|EUR|18.84|29.22|-20.14|1.28|39.38||3.2|0.8772|490
IE000PYEKKW0|CEML.DE|iShares MSCI Europe Quality Dividend Advanced UCITS EUR (Acc) ETF|Broad Market / Other|Broad Market / Other|EUR|5.69|10.51|-8.21|1.04|12.97|18.08||0.8758|491
IE000Y83YZ44|QGRG.DE|WisdomTree Global Quality Growth UCITS - USD Acc ETF|Broad Market / Other|Broad Market / Other|EUR|28.85|16.61|-12.22|1.12|20.64||5.1|0.8756000000000002|492
IE00BYYHSM20|QDVX.DE|Ishrs Europe Quality Adv Div Eur Dist|Broad Market / Other|Broad Market / Other|EUR|7.05|10.72|-8.24|1.04|13.17|18.05||0.8752|493
IE00BDT6FP91|SPF1.DE|State Street SPDR FTSE Global Convertible Bond UCITS ETF|Fixed Income|Bonds|EUR|52.97|13.43|-6.86|1.01|15.53|||0.8728|494
IE00B6YX5D40|SPYD.DE|StSt SPDR S&P U.S. Div Aristocrats UCITS ETF Dist|Broad Market / Other|Broad Market / Other|EUR|72.64|10.35|-6.92|1.01|12.46|||0.8716|495
IE00BKPTXQ89|JMLP.DE|Alerian Midstream Energy Dividend UCITS ETF Dist|Energy|Energy|EUR|17.47|20.19|-11.02|1.09|24.09||81.5|0.8696000000000002|496
IE000YGEAK03|QGRW.DE|WisdomTree US Quality Growth UCITS - USD Acc ETF|Broad Market / Other|Broad Market / Other|EUR|39.47|19.32|-14.56|1.16|24.39||47.1|0.8687999999999999|497
XS2425848053|NRGT.DE|WisdomTree Energy Transition Metals Securities ETC|Energy|Energy|EUR|23.91|22.43|-14.1|1.15|27.74|||0.8679999999999999|498
IE00BC7GZX26|SYBF.DE|State Street SPDR Bloomberg 0-3 Year U.S. Corporate Bond UCITS ETF|Fixed Income|Bonds|EUR|43.62|5.33|-3.17|0.93|6.95||103.6|0.8666|499
LU3025345516|EDEG.DE|BNP Paribas Easy Overnight UCITS ETF Cap|Broad Market / Other|Broad Market / Other|EUR|10.32|0.5|-0.21|0.87|2.44||706.1|0.8658|500
IE0000CRTTJ9|LWCH.DE|Amundi MSCI World ESG Broad Transition UCITS EUR Hedged Acc ETF|Broad Market / Other|Broad Market / Other|EUR|11.61|12.02|-8.09|1.02|14.29|26.55|1657.0|0.8582000000000001|501
IE000893FCN6|H417.DE|HSBC PLUS EM Eq Inc Quant Active UCITS ETF USD Dis|Broad Market / Other|Broad Market / Other|EUR|12.22|29.59|-15.61|1.17|36.72||107.0|0.8577999999999999|502
IE0001DKJVC2|WMMV.DE|Amundi MSCI World Minimum Volatility Advanced UCITS ACC ETF|Broad Market / Other|Broad Market / Other|EUR|10.16|8.22|-4.16|0.94|9.7||566.9|0.8568|503
IE00B52MJY50|SXR1.DE|iShares Core MSCI Pacific ex-Japan UCITS ETF USD A|Broad Market / Other|Broad Market / Other|EUR|214.3|12.19|-6.21|0.98|13.97||4173.4|0.8558|504
IE00BYZK4552|2B76.DE|iShares Automation & Robotics UCITS ETF USD A|Information Technology|Technology Hardware & Software|EUR|20.1|34.01|-22.42|1.3|46.22||5642.2|0.8516|505
IE00BF541080|HY3M.DE|VanEck Emerging Markets HY Bond UCITS ETF USD A|Fixed Income|Bonds|EUR|122.3|7.16|-3.07|0.91|8.55||62.1|0.8486|506
IE000WQ16XQ4|XZDE.DE|Xtrackers MSCI Europe High Dividend Yield ESG UCITS ETF|Broad Market / Other|Broad Market / Other|EUR|39.89|11.87|-9.72|1.04|14.32|16.7|42.5|0.8456|507
IE00BYVQ9F29|NQSE.DE|iShares Nasdaq-100 UCITS EUR Hedged (Acc) ETF|Information Technology|Technology Hardware & Software|EUR|17.9|18.51|-11.87|1.08|22.07|||0.8426000000000001|508
IE00BF4G7183|JREE.DE|JPM Europe Research Enhanced Index Equity Active UCITS EUR (acc) ETF|Broad Market / Other|Broad Market / Other|EUR|55.08|12.91|-9.97|1.04|15.44|18.08|2986.6|0.8406|509
IE00BYVTMS52|EQEU.DE|Invesco EQQQ NASDAQ-100 UCITS ETF EUR Hdg Acc|Information Technology|Technology Hardware & Software|EUR|530.2|18.45|-12.02|1.08|21.91|||0.8396000000000001|510
IE00000EF730|EUEE.DE|iShares Europe Equity Enh Active UCITS ETF EUR Acc|Broad Market / Other|Broad Market / Other|EUR|6.59|12.71|-9.04|1.02|14.91|17.06|653.9|0.8392000000000001|511
IE00BDD48R20|VUSC.DE|Vanguard USD Corpo 1-3 Year Bd UCITS ETF USD D|Broad Market / Other|Broad Market / Other|EUR|43.25|4.96|-3.27|0.9|6.44|||0.8346|512
IE00BMW3QX54|IROB.DE|L&G ROBO Global Robotics and Auto UCITS ETF USDAcc|Information Technology|Technology Hardware & Software|EUR|29.7|24.85|-13.81|1.11|29.64||1726.3|0.8338000000000001|513
IE000WGK3YY5|JRED.DE|JPM Europe Rsrch Enh Idx Eqty Actv UCITS ETF EUR D|Broad Market / Other|Broad Market / Other|EUR|49.76|12.98|-9.91|1.03|15.35|18.06|2986.6|0.8318|514
LU0832436512|LGQI.DE|Amundi Global Equity Quality Income UCITS ETF D|Broad Market / Other|Broad Market / Other|EUR|154.92|9.77|-7.41|0.98|11.61|||0.8318|514
IE0007UE04X9|WENU.DE|WisdomTree Strategic Metals UCITS - USD Acc ETC ETF|Materials|Materials|EUR|12.67|23.5|-14.45|1.12|28.29|||0.8310000000000002|516
IE00BCRY6003|IS3K.DE|iShares $ Sht Duration HY Crp Bd UCITS ETF USD D|Broad Market / Other|Broad Market / Other|EUR|75.16|5.06|-3.09|0.89|6.5|||0.8282|517
IE000IISJT64|QDEV.DE|State Street SPDR S&P Developed Quality Aristocrats UCITS ETF|Broad Market / Other|Broad Market / Other|EUR|11.65|13.26|-10.64|1.04|15.85||39.6|0.8272|518
IE000RITWOD4|GQEU.DE|Goldman Sachs Alp Enh Eur Eq Actv UCITS EURAcc ETF|Broad Market / Other|Broad Market / Other|EUR|11.14|12.95|-10.14|1.03|15.37|18.19|523.9|0.8272|518
IE00BGYWSV06|VAGY.DE|Vanguard USD Corpo 1-3 Year Bd UCITS ETF USD A|Broad Market / Other|Broad Market / Other|EUR|55.05|5.02|-3.2|0.89|6.45|||0.8260000000000001|520
IE00BKKCKJ46|JGHY.DE|JPM Global High Yield Corporate Bond Multi-Factor Active UCITS USD (acc) ETF|Fixed Income|Bonds|EUR|112.87|4.29|-2.32|0.87|5.72|||0.8236|521
LU1931974262|PR1E.DE|Amundi Prime Europe - UCITS ETF DR (D)|Broad Market / Other|Broad Market / Other|EUR|36.39|12.77|-9.39|1.01|14.85|17.6||0.8222|522
LU1953136527|EMEC.DE|BNPP Easy ECPI Circular Economy Leaders UCITS ETFC|Broad Market / Other|Broad Market / Other|EUR|22.64|11.77|-7.95|0.98|13.54|23.89||0.821|523
IE0006FIW9Z0|JEQE.DE|JPM Nasdaq Equity Premium Income Active UCITS EUR Hedged dist ETF|Information Technology|Technology Hardware & Software|EUR|22.76|14.34|-8.52|0.99|16.17|||0.8196|524
LU0274209740|DBXJ.DE|Xtrackers MSCI Japan UCITS 1C ETF|Broad Market / Other|Broad Market / Other|EUR|110.24|29.01|-15.13|1.12|34.51|23.16||0.8174000000000001|525
IE00BYYW2V44|SPPE.DE|StSt SPDR S&P 500 EUR Hdg UCITS ETF Acc|Broad Market / Other|Broad Market / Other|EUR|18.74|12.34|-8.64|0.99|14.23|||0.8171999999999999|526
IE00BM67HL84|XDWF.DE|Xtrackers MSCI World Financials UCITS 1C ETF|Financials|Banks & Financial Services|EUR|40.81|13.23|-9.65|1.01|15.4||1490.3|0.817|527
IE000A0RC215|BS28.DE|Invesco BlltShs 2028 USD Crp Bd UCITS ETF Dist|Broad Market / Other|Broad Market / Other|EUR|4.66|5.09|-3.17|0.88|6.5|||0.8166|528
IE00BYV1Y969|FUSU.DE|Fidelity US Quality Income UCITS - Acc-EUR Hedged ETF|Broad Market / Other|Broad Market / Other|EUR|12.18|10.58|-8.28|0.98|12.32|||0.8144|529
IE000WP7CVZ7|WELV.DE|Amundi S&P World Materials Screened UCITS Dist ETF|Materials|Materials|EUR|14.46|20.32|-14.36|1.1|24.39|18.8|407.1|0.8128000000000001|530
IE00B02KXH56|IQQJ.DE|iShares MSCI Japan UCITS ETF USD (Dist)|Broad Market / Other|Broad Market / Other|EUR|23.02|28.56|-16.38|1.14|34.67||5092.7|0.8123999999999999|531
FR0010790980|AE50.DE|Amundi Stoxx Europe 50 UCITS ETF Acc|Broad Market / Other|Broad Market / Other|EUR|149.38|12.94|-9.54|1.0|14.89|18.87|510.5|0.8092|532
IE00BD34DK07|UEQD.DE|UBS Core S&P 500 UCITS hEUR acc ETF|Broad Market / Other|Broad Market / Other|EUR|36.09|12.43|-8.71|0.98|14.13|||0.8058|533
IE00BRKWGL70|E500.DE|Invesco S&P 500 UCITS EUR Hedged Acc ETF|Broad Market / Other|Broad Market / Other|EUR|58.63|12.3|-8.73|0.98|14.0|||0.8054|534
IE00BJQRDL90|ESGE.DE|Invesco MSCI Europe Universal Scrnd UCITS ETF Acc|Broad Market / Other|Broad Market / Other|EUR|81.11|13.37|-10.3|1.01|15.51|18.16|192.2|0.804|535
DE0005933998|EXSD.DE|iShares STOXX Europe Mid 200 UCITS (DE) ETF|Broad Market / Other|Broad Market / Other|EUR|65.0|12.73|-8.81|0.98|14.41|16.97|609.8|0.8038|536
LU1681038599|HNDX.DE|Amundi Nasdaq-100 Swap UCITS ETF EURH Acc|Information Technology|Technology Hardware & Software|EUR|691.6|18.55|-11.89|1.04|21.21|30.57||0.8022|537
LU2089238039|PRAE.DE|Amundi Prime Europe UCITS DR (C) ETF|Broad Market / Other|Broad Market / Other|EUR|36.06|12.99|-9.54|0.99|14.8|17.57||0.7992|538
IE00B4WXJD03|EUNJ.DE|iShares MSCI Pacific ex-Japan UCITS ETF USD (Dist)|Broad Market / Other|Broad Market / Other|EUR|49.22|12.16|-6.13|0.92|13.24||207.6|0.7974|539
IE00BP46NG52|ZPR5.DE|StSt SPDR ICE BofA 0-5Y EMUSDGvtBd UCITS ETF Dist|Broad Market / Other|Broad Market / Other|EUR|23.83|5.02|-3.21|0.86|6.31|||0.7958|540
IE00B23D8S39|6PSA.DE|Invesco RAFI US Fundamental Value UCITS ETF Dist|Broad Market / Other|Broad Market / Other|EUR|39.97|23.84|-15.25|1.1|28.2||1165.8|0.7950000000000002|541
IE00BHZPJ452|EDMJ.DE|iShares MSCI Japan ESG Enhanced CTB UCITS USD (Acc) ETF|Broad Market / Other|Broad Market / Other|EUR|9.35|29.01|-15.27|1.1|34.03|||0.7946000000000001|542
IE00BYZK4776|2B78.DE|iShares Healthcare Innovation UCITS USD (Acc) ETF|Health Care|Pharmaceuticals & Biotech|EUR|9.53|27.0|-16.83|1.13|32.64||1341.7|0.7933999999999999|543
IE000J80JTL1|GRID.DE|First Trust Nasdaq Clean Edge Smart Grid lnfrastructure UCITS - A USD ETF|Information Technology|Technology Hardware & Software|EUR|56.75|22.29|-14.37|1.08|26.14||2768.4|0.7926000000000001|544
FR0014010HV4|LVWC.DE|Amundi MSCI World (2x) Leveraged UCITS ETF|Broad Market / Other|Broad Market / Other|EUR|5.57|23.07|-14.47|1.08|26.98|||0.7906000000000001|545
IE00BM67HW99|XDPE.DE|Xtrackers S&P 500 UCITS 1C EUR Hedged ETF|Broad Market / Other|Broad Market / Other|EUR|107.64|12.31|-8.64|0.96|13.84|||0.7871999999999999|546
IE000Y6ZXZ48|XG12.DE|Xtrackers MSCI Gl Circular Economy UCITS ETF 1C|Broad Market / Other|Broad Market / Other|EUR|41.26|28.9|-19.16|1.17|35.72||8.1|0.7867999999999999|547
IE000FCGBU62|WELI.DE|Amundi S&P World Materials Screened UCITS Acc ETF|Materials|Materials|EUR|15.42|20.63|-14.69|1.08|24.35|18.78|407.1|0.7862|548
IE00B3ZW0K18|IBCF.DE|iShares S&P 500 EUR Hedged UCITS ETF (Acc)|Broad Market / Other|Broad Market / Other|EUR|158.74|12.47|-8.72|0.96|13.99|25.06|8911.7|0.7856|549
IE00BM67HK77|XDWH.DE|Xtrackers MSCI World Health Care UCITS 1C ETF|Health Care|Pharmaceuticals & Biotech|EUR|54.1|14.04|-10.32|0.99|15.86||4081.1|0.7836|550
LU2581375156|XSX7.DE|Xtrackers STOXX Europe 600 UCITS ETF|Broad Market / Other|Broad Market / Other|EUR|97.83|12.56|-9.32|0.97|14.18|17.5|5658.6|0.7836|550
IE00BZ173V67|3SUR.DE|iShares MSCI USA SRI UCITS EUR Hedged (Dist) ETF|Broad Market / Other|Broad Market / Other|EUR|2239.0|13.74|-8.85|0.96|15.19|||0.7829999999999999|552
LU0446734104|UIMA.DE|UBS Core MSCI Europe UCITS ETF EUR dis|Broad Market / Other|Broad Market / Other|EUR|103.52|12.73|-9.42|0.97|14.32|17.87||0.7816|553
IE000ATRYEA4|CEMI.DE|iShares MSCI USA SRI UCITS EUR Hedged (Acc) ETF|Broad Market / Other|Broad Market / Other|EUR|5.97|13.73|-9.0|0.96|15.14|||0.78|554
IE000OBK3UE0|ASWL.DE|Rex Tech Innovation Inc & Growth UCITS ETF USD Dis|Information Technology|Technology Hardware & Software|EUR|26.37|20.2|-17.57|1.13|24.9||23.3|0.7786|555
LU2881684745|BJL6.DE|BNP Paribas Easy ESG Enhanced Europe UCITS ETF C|Broad Market / Other|Broad Market / Other|EUR|12.67|13.07|-10.6|0.99|14.96||731.8|0.778|556
LU0533032859|LYPD.DE|Amundi MSCI World Financials UCITS EUR Acc ETF|Financials|Banks & Financial Services|EUR|395.4|13.58|-9.63|0.97|15.11|15.04||0.7774|557
IE000AIFGRB9|WDEE.DE|Invesco S&P World Energy Trgtd & Scr UCITS ETF Acc|Energy|Energy|EUR|7.13|29.45|-14.37|1.06|33.3||34.0|0.7726000000000001|558
IE00B3Q19T94|S7XE.DE|Invesco EURO STOXX Optimised Banks UCITS Acc ETF|Financials|Banks & Financial Services|EUR|226.25|24.31|-17.42|1.12|29.15|11.34|213.1|0.7716000000000001|559
IE00BKWQ0Q14|SPYE.DE|State Street SPDR MSCI Europe UCITS ETF|Broad Market / Other|Broad Market / Other|EUR|402.8|12.81|-9.45|0.96|14.29|17.87|398.1|0.771|560
IE00BHZPJ783|EDM6.DE|iShares MSCI Europe ESG Enhanced CTB UCITS EUR (Acc) ETF|Broad Market / Other|Broad Market / Other|EUR|9.59|12.85|-10.01|0.97|14.51|17.25|7531.4|0.7698|561
IE00B1YZSC51|IQQY.DE|iShares Core MSCI Europe UCITS ETF EUR Dist|Broad Market / Other|Broad Market / Other|EUR|39.38|12.77|-9.52|0.96|14.23|17.63||0.7696|562
IE00BCBJF711|SYBQ.DE|StSt SPDR BBG 0-5 Y Strlg Corp Bd UCITS ETF Dist|Broad Market / Other|Broad Market / Other|EUR|33.82|4.5|-2.1|0.81|5.63||202.7|0.768|563
FR0010261198|LYY5.DE|Amundi MSCI Europe UCITS ETF Acc|Broad Market / Other|Broad Market / Other|EUR|242.1|12.79|-9.61|0.96|14.33|17.76|621.2|0.7678|564
IE0009WWNY77|BCFG.DE|UBS S&P 500 Climate Transition ESG UCITS hEUR acc ETF|Broad Market / Other|Broad Market / Other|EUR|7.97|12.02|-9.13|0.95|13.42|||0.7674|565
LU0533033238|LYPE.DE|Amundi MSCI World Health Care UCITS EUR Acc ETF|Health Care|Pharmaceuticals & Biotech|EUR|521.4|14.15|-10.21|0.97|15.75|28.14||0.7657999999999999|566
LU1291106356|PAC.DE|BNPP Easy MSCI Pac ex Japan Min TE UCITS ETF C|Broad Market / Other|Broad Market / Other|EUR|17.33|12.48|-6.33|0.89|13.12|19.5||0.7634000000000001|567
IE00B60SWY32|SC0E.DE|Invesco MSCI Europe UCITS Acc ETF|Broad Market / Other|Broad Market / Other|EUR|438.2|12.68|-9.43|0.95|14.01|17.84|60.0|0.7614|568
LU0908500753|LYP6.DE|Amundi Core Stoxx Europe 600 UCITS ETF A|Broad Market / Other|Broad Market / Other|EUR|311.6|12.89|-9.45|0.95|14.31|17.51||0.761|569
IE00BHZPJ676|EMNU.DE|iShares MSCI Europe ESG Enhanced UCITS ETF EUR Dis|Broad Market / Other|Broad Market / Other|EUR|8.12|12.85|-10.0|0.96|14.28|17.22|7531.4|0.76|570
IE00B4K48X80|EUNK.DE|iShares Core MSCI Europe UCITS ETF EUR (Acc)|Broad Market / Other|Broad Market / Other|EUR|102.72|12.8|-9.52|0.95|14.16|17.58|16135.6|0.7595999999999999|571
IE000MAO75G5|CEBZ.DE|iShares Core MSCI Europe UCITS EUR (Acc) ETF|Broad Market / Other|Broad Market / Other|EUR|6.74|12.86|-9.57|0.95|14.19|17.63||0.7585999999999999|572
IE00BK5BQX27|VWCG.DE|Vanguard FTSE Developed Europe UCITS - (EUR) Accumulating ETF|Broad Market / Other|Broad Market / Other|EUR|58.8|12.79|-9.58|0.95|14.15|17.52|7866.0|0.7584|573
LU1242369327|XIEE.DE|Xtrackers MSCI Europe UCITS 1D ETF|Broad Market / Other|Broad Market / Other|EUR|89.5|12.72|-9.61|0.95|14.06|||0.7578|574
LU1861138961|AMEI.DE|Amundi MSCI EM SRI Cl Paris Aligned UCITS ETF DRA|Broad Market / Other|Broad Market / Other|EUR|73.89|20.05|-11.67|0.99|21.85|||0.7565999999999999|575
IE000YUU9UG5|H41U.DE|HSBC China Government Local Bond UCITS C H EUR ETF|Fixed Income|Bonds|EUR|11.57|2.01|-0.69|0.77|3.54|||0.7562|576
IE000W336086|CEB0.DE|iShares China CNY Bond UCITS EUR Hedged (Dist) ETF|Fixed Income|Bonds|EUR|5.32|1.72|-0.71|0.77|3.33|||0.7558|577
IE00B60SWW18|SC0C.DE|Invesco STOXX Europe 600 UCITS Acc ETF|Broad Market / Other|Broad Market / Other|EUR|161.78|12.71|-9.28|0.94|13.99|17.56|538.5|0.7544|578
LU0950668524|CHSU.DE|UBS Core MSCI Europe UCITS EUR acc ETF|Broad Market / Other|Broad Market / Other|EUR|11.57|12.81|-9.52|0.94|14.07|17.84||0.7495999999999999|579
IE000RLUE8E9|PAUS.DE|Invesco MSCI USA ESG Climate PA UCITS ETF Acc|Broad Market / Other|Broad Market / Other|EUR|6.54|14.44|-15.54|1.06|17.27||1.7|0.7492000000000001|580
DE000A2QP4B6|EXIE.DE|iShares STOXX Europe 600 UCITS (DE) EUR (Acc) ETF|Broad Market / Other|Broad Market / Other|EUR|7.62|12.94|-9.58|0.94|14.1|17.55|10606.7|0.7484|581
LU1574142243|STXH.DE|Amundi Core Stoxx Europe 600 UCITS EUR Hedged Dist ETF|Broad Market / Other|Broad Market / Other|EUR|164.0|12.42|-9.61|0.94|13.62|17.49||0.7478|582
IE00BSPLC298|ZPRX.DE|State Street SPDR MSCI Europe Small Cap Value Weighted UCITS ETF|Broad Market / Other|Broad Market / Other|EUR|68.67|14.08|-11.63|0.98|15.82|13.03|792.9|0.7474|583
DE0002635307|EXSA.DE|iShares STOXX Europe 600 UCITS (DE) EUR (Dist) ETF|Broad Market / Other|Broad Market / Other|EUR|62.5|12.85|-9.64|0.94|14.05|17.39|10606.7|0.7472|584
IE00BJXT3G33|4UBD.DE|UBS MSCI USA SR UCITS ETF hEUR acc|Broad Market / Other|Broad Market / Other|EUR|23.46|14.83|-10.73|0.96|16.2|||0.7454|585
LU1291099718|EEUX.DE|BNP Paribas Easy MSCI Europe Min TE UCITS ETF C|Broad Market / Other|Broad Market / Other|EUR|20.25|12.85|-9.75|0.94|14.03|18.07||0.7449999999999999|586
IE00BM67HV82|XDWI.DE|Xtrackers MSCI World Industrials UCITS 1C ETF|Industrials|Industrials|EUR|74.92|15.15|-9.28|0.93|16.12||1376.5|0.7444000000000001|587
IE00BMDBMT65|ESGP.DE|Invesco MSCI Pac ex Japan Univ Scrnd UCITS ETF Acc|Broad Market / Other|Broad Market / Other|EUR|52.12|11.83|-6.31|0.87|12.28||86.6|0.7438|588
DE000A0D8QZ7|EXSE.DE|iShares STOXX Europe Small 200 UCITS (DE) ETF|Broad Market / Other|Broad Market / Other|EUR|38.99|13.65|-10.36|0.95|14.91|15.48|634.8|0.7427999999999999|589
IE00BMZ17W23|UEEA.DE|iShares MSCI World SRI UCITS ETF EUR Hedged (Dist)|Broad Market / Other|Broad Market / Other|EUR|8.56|13.61|-8.96|0.92|14.58|||0.7408|590
LU2678230652|CEUE.DE|Amundi MSCI Europe ESG Broad Transition UCITS DR - EUR (D) ETF|Broad Market / Other|Broad Market / Other|EUR|14.69|13.04|-10.04|0.94|14.26|17.76|2504.9|0.7392|591
IE000NS5HRY9|XZDW.DE|Xtrackers MSCI World High Dividend Yield ESG UCITS ETF|Broad Market / Other|Broad Market / Other|EUR|40.68|23.34|-15.12|1.04|26.26||32.7|0.7376|592
IE00BM67HS53|XDWM.DE|Xtrackers MSCI World Materials UCITS 1C ETF|Materials|Materials|EUR|68.51|20.02|-13.67|1.01|22.12||846.7|0.7366|593
IE000CH3OQ51|MXUE.DE|Invesco MSCI USA UCITS EUR Hdg Acc ETF|Broad Market / Other|Broad Market / Other|EUR|7.25|12.52|-8.73|0.91|13.37|||0.7354|594
IE00B652H904|EUNY.DE|iShares EM Dividend UCITS ETF USD (Dist)|Broad Market / Other|Broad Market / Other|EUR|16.92|24.43|-13.27|1.0|26.51||1491.3|0.7346|595
IE000XIBT2R7|LVLE.DE|Invesco Gl Act Def ESG Eq UCITS ETF EUR PfHdg Acc|Broad Market / Other|Broad Market / Other|EUR|8.11|9.27|-7.32|0.88|10.15|||0.7336|596
IE00B6R51Z18|IS0D.DE|iShares Oil & Gas Exploratn & Prod UCITS ETF USD A|Energy|Energy|EUR|29.94|28.32|-19.36|1.12|33.84||438.2|0.7328000000000001|597
IE00BD4TYG73|UBUJ.DE|UBS Core MSCI USA hEUR UCITS ETF EUR acc|Broad Market / Other|Broad Market / Other|EUR|58.25|12.51|-8.88|0.91|13.34|25.06|806.5|0.7324|598
IE000CN8T855|JUHE.DE|JPM US Research Enhanced Index Equity Active UCITS EUR Hedged (acc) ETF|Broad Market / Other|Broad Market / Other|EUR|60.06|12.17|-8.56|0.9|13.0|||0.7288|599
IE000VMAR5O6|XBEE.DE|Xtrackers Europe Biodiversity Focus SRI UCITS 1C ETF|Broad Market / Other|Broad Market / Other|EUR|43.56|13.35|-10.0|0.92|14.24|18.08|10.2|0.72|600
LU1681042609|CEUG.DE|Amundi MSCI Eu ESG Brd Transition UCITS ETF EUR A|Broad Market / Other|Broad Market / Other|EUR|433.7|13.23|-10.05|0.92|14.13|17.78|2504.9|0.7190000000000001|601
IE00BD6RZW23|WTDY.DE|WisdomTree US High Dividend UCITS ETF - EUR Hedged Acc|Broad Market / Other|Broad Market / Other|EUR|27.35|11.2|-8.66|0.89|11.93|||0.7168|602
IE00BTJRMP35|XMME.DE|Xtrackers MSCI Emerging Markets UCITS 1C ETF|Broad Market / Other|Broad Market / Other|EUR|83.77|29.87|-16.84|1.05|33.39||15064.8|0.7132000000000001|603
LU1781541849|LCUA.DE|Amundi MSCI EM Asia ESG Broad Transition UCITS Acc ETF|Broad Market / Other|Broad Market / Other|EUR|17.52|32.02|-17.88|1.07|36.23|20.82|769.7|0.7124000000000001|604
LU1772333404|XSXE.DE|Xtrackers STOXX Europe 600 UCITS 2C EUR Hedged ETF|Broad Market / Other|Broad Market / Other|EUR|156.66|12.45|-9.56|0.9|13.26|17.46|5658.6|0.7088|605
IE00BMDBMW94|ESGX.DE|Invesco MSCI Eu Ex UK Univ Scrnd UCITS ETF Acc|Broad Market / Other|Broad Market / Other|EUR|73.73|13.57|-10.15|0.91|14.33|18.27|11.4|0.7070000000000001|606
LU0480132876|UIMI.DE|UBS Core MSCI EM UCITS ETF USD dis|Broad Market / Other|Broad Market / Other|EUR|152.2|30.56|-17.2|1.05|34.08||12689.2|0.7060000000000001|607
IE0006FDYJF8|XCJD.DE|Xtrackers MSCI Japan Climate Transition UCITS ETF|Broad Market / Other|Broad Market / Other|EUR|44.18|28.94|-15.78|1.02|31.66||5.6|0.7044|608
DE0005933980|EXSC.DE|iShares STOXX Europe Large 200 UCITS (DE) ETF|Broad Market / Other|Broad Market / Other|EUR|65.0|13.37|-9.33|0.89|13.94|17.55|149.2|0.7034|609
IE000LUZJNI7|MEEQ.DE|Invesco MSCI Europe Equal Weight UCITS Acc ETF|Broad Market / Other|Broad Market / Other|EUR|18.42|11.66|-8.97|0.88|12.27|17.34|277.1|0.7006|610
IE000JJPY166|YCSH.DE|iShares EUR Cash UCITS ETF EUR (Acc)|Broad Market / Other|Broad Market / Other|EUR|15.63|0.15|-0.03|0.7|2.1||1105.1|0.6993999999999999|611
IE00B14X4S71|IUSU.DE|iShares $ Treasury Bd 1-3yr UCITS ETF USD Dist|Fixed Income|Bonds|EUR|111.47|5.09|-3.54|0.77|5.9|||0.6992|612
IE00BG36TC12|XZMJ.DE|Xtrackers MSCI Japan ESG UCITS ETF|Broad Market / Other|Broad Market / Other|EUR|31.08|30.56|-16.09|1.02|33.21||3188.0|0.6982|613
IE00063FT9K6|CEBS.DE|iShares Copper Miners UCITS ETF USD (Acc)|Materials|Materials|EUR|9.89|44.74|-23.6|1.17|54.47||601.1|0.698|614
IE00B6YX5B26|SPYV.DE|State Street SPDR S&P Emerging Markets Dividend Aristocrats UCITS ETF|Broad Market / Other|Broad Market / Other|EUR|15.26|11.42|-8.15|0.86|11.84||214.6|0.697|615
IE00BGL86Z12|IEVD.DE|iShares Elctrc Vhcls and Drvng Tech UCITS ETF USDA|Information Technology|Technology Hardware & Software|EUR|11.35|35.63|-21.18|1.12|41.75||590.5|0.6964000000000001|616
IE00BD1F4K20|QDVC.DE|Ishs MSCI USA MID CAP EW UCTS ETF|Broad Market / Other|Broad Market / Other|EUR|11.65|11.86|-7.7|0.85|12.04||303.5|0.696|617
IE00BK5BR733|VFEA.DE|Vanguard FTSE Emerging Mkts UCITS ETF USD Acc|Broad Market / Other|Broad Market / Other|EUR|77.93|15.99|-8.44|0.86|15.73||6080.4|0.6912|618
IE000HARJEE2|CEB4.DE|iShares Core FTSE 100 UCITS EUR Hedged (Acc) ETF|Broad Market / Other|Broad Market / Other|EUR|6.51|11.94|-9.08|0.87|12.35|||0.6884|619
IE00BF11F458|SXRR.DE|iShares $ Floating Rate Bd UCITS ETF EUR Hgd Dist|Broad Market / Other|Broad Market / Other|EUR|4.27|0.79|-0.21|0.69|2.55|||0.6858|620
IE00BG0NY640|ICFP.DE|Invesco MSCI Europe Cath Principles UCITS ETF Dis|Broad Market / Other|Broad Market / Other|EUR|68.29|13.66|-9.72|0.88|14.06|19.42|46.3|0.6856|621
IE000783LRG9|JRZD.DE|JPM Eurozone Research Enhanced Index Equity Active UCITS EUR (dist) ETF|Broad Market / Other|Broad Market / Other|EUR|39.4|14.85|-10.3|0.89|15.22|18.12||0.6839999999999999|622
IE00BF2FNH52|TRX3.DE|Invesco US Treasury Bond 1-3 Year UCITS Acc ETF|Fixed Income|Bonds|EUR|39.23|5.0|-3.42|0.75|5.76|||0.6816|623
IE00B2QWDY88|IUS4.DE|iShares MSCI Japan Small Cap UCITS ETF USD (Dist)|Broad Market / Other|Broad Market / Other|EUR|55.46|27.2|-15.5|0.99|29.02||674.6|0.6799999999999999|624
IE000N85G7P8|WEBU.DE|Amundi Core MSCI USA UCITS EURH Acc ETF|Broad Market / Other|Broad Market / Other|EUR|5.64|12.34|-9.57|0.87|12.7|||0.6786|625
IE00BCHWNV48|XUIN.DE|Xtrackers MSCI USA Industrials UCITS 1D ETF|Industrials|Industrials|EUR|97.03|15.34|-10.58|0.89|15.59||334.3|0.6784|626
IE000X7DRW38|DGXU.DE|WisdomTree Gl Ex-USA Qual Div Gr UCITS ETF EUR Acc|Broad Market / Other|Broad Market / Other|EUR|29.27|15.7|-9.61|0.87|15.62|19.72|27.6|0.6778|627
IE00B86MWN23|EUN0.DE|iShares Edge MSCI Europe Min Vol UCITS ETF EUR Acc|Broad Market / Other|Broad Market / Other|EUR|73.1|8.95|-7.16|0.82|9.35|17.77|941.1|0.6768|628
IE00BZ0PKT83|IBCZ.DE|iShares Edge MSCI World Multifactor UCITS USD (Acc) ETF|Broad Market / Other|Broad Market / Other|EUR|14.63|24.3|-15.18|0.98|25.82|||0.6764|629
IE0003UVYC20|JGPI.DE|JPM Global Eq Prem Inc Active UCITS ETF USD (dist)|Broad Market / Other|Broad Market / Other|EUR|22.86|7.73|-8.18|0.84|8.49|||0.6764|629
IE000PJL7R74|PAUM.DE|Invesco MSCI Em Markets ESG Cl PA UCITS ETF Acc|Broad Market / Other|Broad Market / Other|EUR|5.53|20.62|-11.32|0.9|20.59||160.7|0.6736|631
IE00BNGFMY78|FEPX.DE|Fidelity Pj Research Enhance Etf Acc|Broad Market / Other|Broad Market / Other|EUR|6.6|12.17|-6.9|0.81|11.89||525.6|0.672|632
IE00BHZPJ239|EDM2.DE|iShares MSCI EM ESG Enhanced CTB UCITS USD (Acc) ETF|Broad Market / Other|Broad Market / Other|EUR|8.55|29.91|-16.98|1.01|32.24||10510.5|0.6704|633
LU1169821029|CHSC.DE|UBS MSCI United Kingdom UCITS ETF hEUR dis|Broad Market / Other|Broad Market / Other|EUR|3.03|12.15|-9.02|0.85|12.37|||0.6696|634
IE00BFNM3N12|OM3Y.DE|iShares MSCI EM IMI ESG Screened UCITS ETF USD D|Broad Market / Other|Broad Market / Other|EUR|8.09|30.59|-17.11|1.01|32.9||8021.5|0.6678|635
IE00BFNM3F38|SLMD.DE|iShares MSCI Europe ESG Screened UCITS ETF EUR Dis|Broad Market / Other|Broad Market / Other|EUR|8.8|13.3|-10.12|0.87|13.54|17.21|5350.6|0.6676|636
IE00002ZKAP0|XEEE.DE|Xtrackers Europe Equity Enhanced Active UCITS 1C ETF|Broad Market / Other|Broad Market / Other|EUR|35.5|12.77|-9.7|0.86|12.99|17.49|68.6|0.666|637
LU1804202403|UIQN.DE|UBS MSCI EMU Select Factor Mix UCITS EUR acc ETF|Broad Market / Other|Broad Market / Other|EUR|18.37|12.73|-9.45|0.85|12.78|15.3|16.6|0.661|638
IE00BFNM3D14|SLMC.DE|iShares MSCI Europe ESG Screened UCITS ETF EUR Acc|Broad Market / Other|Broad Market / Other|EUR|10.8|13.35|-10.1|0.86|13.44|17.19|5350.6|0.658|639
IE000EBFYWX3|KROP.DE|Global X Agtech and Food Innvtn UCITS ETF USD Acc|Consumer Staples|Consumer Staples|EUR|8.77|16.3|-8.13|0.82|15.43||6.8|0.6574|640
IE00BFNM3P36|AYEM.DE|iShares MSCI EM IMI ESG Screened UCITS ETF USD A|Broad Market / Other|Broad Market / Other|EUR|9.49|30.58|-17.18|1.0|32.71||8021.5|0.6564|641
LU0292108619|DBX3.DE|Xtrackers MSCI EM Latin America Swap UCITS ETF|Broad Market / Other|Broad Market / Other|EUR|51.81|29.1|-13.71|0.93|29.11||135.9|0.6558|642
IE000JQ2IJD3|CHSB.DE|UBS S&P USA Div Arist ESG Elite UCITS ETF USD dis|Broad Market / Other|Broad Market / Other|EUR|3.88|12.36|-7.38|0.8|11.94|||0.6524000000000001|643
IE00BFXR5W90|ETLK.DE|L&G Asia Pacific Ex Japan Equity UCITS ETF USD Acc|Broad Market / Other|Broad Market / Other|EUR|15.76|13.19|-5.98|0.77|12.12||792.7|0.6504|644
IE00BMVB5N38|V40D.DE|Vanguard LifeStrategy 40% Equity UCITS ETF EUR Dis|Broad Market / Other|Broad Market / Other|EUR|26.94|5.39|-4.12|0.73|5.94||290.3|0.6476|645
IE00B60SX287|SC0I.DE|Invesco MSCI Japan UCITS Acc ETF|Broad Market / Other|Broad Market / Other|EUR|110.8|34.39|-15.17|0.95|34.64||9.8|0.6466|646
IE000IAPH329|AHYT.DE|BNP PARIBAS EASY II US High Yield Opportunities UCITS USD Acc ETF|Fixed Income|Bonds|EUR|10.82|5.22|-3.22|0.71|5.7||103.1|0.6456|647
IE00BGV5VM45|XUEK.DE|Xtrackers S&P Europe ex UK UCITS ETF 1D|Broad Market / Other|Broad Market / Other|EUR|87.53|13.33|-9.85|0.84|13.25|17.98|643.5|0.643|648
IE00004PGEY9|JREZ.DE|JPM Eurozone Research Enhanced Index Equity Active UCITS EUR (acc) ETF|Broad Market / Other|Broad Market / Other|EUR|44.66|15.06|-10.2|0.84|14.7|18.04||0.636|649
IE00BK5BQY34|VERE.DE|Vanguard FTSE Developed Europe ex UK UCITS - (EUR) Accumulating ETF|Broad Market / Other|Broad Market / Other|EUR|59.45|13.7|-10.25|0.84|13.56|17.81|4878.3|0.635|650
LU0846194776|XD5E.DE|Xtrackers MSCI EMU UCITS 1D ETF|Broad Market / Other|Broad Market / Other|EUR|67.17|14.58|-10.26|0.84|14.22|17.74||0.6348|651
LU1931974429|PR1Z.DE|Amundi Prime Eurozone UCITS ETF DR D|Broad Market / Other|Broad Market / Other|EUR|39.4|14.73|-10.29|0.84|14.42|17.9||0.6342|652
IE00BLLZQS08|MODR.DE|iShares Moderate Portfolio UCITS ETF EUR Acc|Broad Market / Other|Broad Market / Other|EUR|6.79|7.9|-5.29|0.74|7.86|21.85||0.6342|652
LU2300295123|PRAM.DE|Amundi Prime Emerging Markets UCITS DR (C) ETF|Broad Market / Other|Broad Market / Other|EUR|26.74|29.7|-16.81|0.97|30.8||1008.3|0.6337999999999999|654
IE000NVM56L3|EFRB.DE|iShares Floating Rate Bond ESG UCITS EUR (Acc) ETF|Fixed Income|Bonds|EUR|5.22|1.03|-0.36|0.64|2.67||1540.5|0.6328|655
IE000XGNMWE1|HGGA.DE|HSBC Bloomberg Gl ESG Aggrt 1-3Y Bd UCITS ETF USD|Broad Market / Other|Broad Market / Other|EUR|9.9|3.14|-1.86|0.67|4.1||43.7|0.6328|655
IE00BJ5JNZ06|CBUF.DE|iShares MSCI Wld Hlth Care Sec Adv UCITS ETF USD D|Broad Market / Other|Broad Market / Other|EUR|7.05|14.11|-10.87|0.85|14.06||1045.1|0.6326|657
IE00BLPK3577|W1TB.DE|WisdomTree Cybersecurity UCITS USD Acc ETF|Broad Market / Other|Broad Market / Other|EUR|40.94|40.85|-31.0|1.25|52.96||502.9|0.63|658
LU0147308422|UIM4.DE|UBS Core MSCI EMU UCITS EUR dis ETF|Broad Market / Other|Broad Market / Other|EUR|210.3|14.67|-10.11|0.83|14.13|17.91||0.6277999999999999|659
IE000N9MLVT1|XECT.DE|Xtrackers MSCI Europe Climate Transition UCITS ETF|Broad Market / Other|Broad Market / Other|EUR|46.56|13.4|-11.2|0.85|13.42|17.84|17.2|0.626|660
IE0005E47AH7|SDG9.DE|Xtrackers MSCI Gl SDG 9 Ind Innvtn&InfrUCITS ETF1C|Broad Market / Other|Broad Market / Other|EUR|29.65|19.64|-15.78|0.94|20.38|||0.6244|661
IE00BMCZLJ20|UEEH.DE|iShares Edge MSCI World Minimum Volatility UCITS USD (Dist) ETF|Broad Market / Other|Broad Market / Other|EUR|5.93|8.16|-5.38|0.73|7.94|||0.6224|662
LU1681041627|MIVA.DE|Amundi MSCI Europe Minimum Volatility Factor UCITS - EUR (C) ETF|Broad Market / Other|Broad Market / Other|EUR|164.48|8.86|-6.94|0.76|8.75|18.25|80.1|0.6212|663
IE0004TFW0R5|MWOU.DE|Amundi MSCI USA ESG Leaders Extra UCITS Acc EUR Hedged ETF|Broad Market / Other|Broad Market / Other|EUR|13.17|14.08|-11.99|0.86|14.06|||0.6202|664
IE000ZQF1PE1|ECTD.DE|iShares MSCI Europe Climate Transition Aware UCITS EUR (Dist) ETF|Broad Market / Other|Broad Market / Other|EUR|5.72|12.09|-9.04|0.8|11.72|17.28|7.4|0.6192000000000001|665
IE00BMVB5M21|V40A.DE|Vanguard LifeStrategy 40% Equity UCITS ETF EUR Acc|Broad Market / Other|Broad Market / Other|EUR|30.99|5.65|-4.11|0.7|5.93||290.3|0.6177999999999999|666
IE000C5Q64P6|BS29.DE|Invesco BlltShs 2029 USD Crp Bd UCITS ETF Dist|Broad Market / Other|Broad Market / Other|EUR|4.58|4.88|-3.21|0.68|5.31|||0.6158|667
IE00B910VR50|ZPRE.DE|State Street SPDR MSCI EMU UCITS ETF|Broad Market / Other|Broad Market / Other|EUR|103.4|14.61|-10.27|0.82|14.04|17.85|362.6|0.6145999999999999|668
LU1753045415|ZSRI.DE|BNP Paribas Easy MSCI Europe SRI PAB UCITS ETF|Broad Market / Other|Broad Market / Other|EUR|32.88|13.33|-11.35|0.84|13.16|20.34|220.9|0.613|669
LU1324516050|UEFS.DE|UBS BBG USD EM Sovereign UCITS USD dis ETF|Fixed Income|Bonds|EUR|7.98|5.53|-3.95|0.69|5.8|||0.611|670
LU2089238112|PRAZ.DE|Amundi Prime Eurozone UCITS ETF DR C|Broad Market / Other|Broad Market / Other|EUR|38.1|15.08|-10.45|0.82|14.31|17.89||0.611|670
IE00BL25JP72|XDEM.DE|Xtrackers MSCI World Momentum UCITS 1C ETF|Broad Market / Other|Broad Market / Other|EUR|90.05|30.11|-16.95|0.95|30.58||2334.8|0.611|670
LU1215454460|UIMY.DE|UBS Factor MSCI EMU Low Volatility UCITS EUR dis ETF|Broad Market / Other|Broad Market / Other|EUR|18.33|9.71|-7.97|0.77|9.5|15.73|8.8|0.6106|673
IE000SB4G4I4|BCFP.DE|UBS Nasdaq-100 UCITS USD acc ETF|Information Technology|Technology Hardware & Software|EUR|32.05|27.98|-20.06|1.01|30.15|||0.6088|674
IE00B53QG562|SXR7.DE|iShares Core MSCI EMU UCITS ETF EUR (Acc)|Broad Market / Other|Broad Market / Other|EUR|241.25|14.69|-10.21|0.81|13.88|17.96||0.6058|675
IE00BFNM3B99|SLMA.DE|iShares MSCI EMU Screened UCITS ETF EUR Acc|Broad Market / Other|Broad Market / Other|EUR|11.09|14.43|-10.24|0.81|13.63|17.57|2137.8|0.6052000000000001|676
IE000FK14CA5|FYUE.DE|Fidelity USD HY Crp Bd Rs Enh PAB UCITS ETFIncEURH|Broad Market / Other|Broad Market / Other|EUR|4.61|4.82|-3.26|0.67|5.23|||0.6048|677
LU1681041544|CEM.PA|Amundi MSCI Eu SmCp ESG Brd Transition UCITS ETF A|Broad Market / Other|Broad Market / Other|EUR|170.49|13.24|-9.26|0.79|12.43|15.28|315.1|0.6048|677
LU1834988518|LTUG.DE|Amundi STOXX Europe 600 Technology UCITS ETF Acc|Broad Market / Other|Broad Market / Other|EUR|124.04|24.63|-14.9|0.9|24.26|49.07||0.6020000000000001|679
IE00BLCHJ534|94VE.DE|Global X U.S. Infra Developments UCITS ETF USD Acc|Broad Market / Other|Broad Market / Other|EUR|44.47|18.21|-12.96|0.86|17.74||768.6|0.6008|680
IE00B14X4N27|IQQU.DE|iShares MSCI Europe ex-UK UCITS ETF EUR (Dist)|Broad Market / Other|Broad Market / Other|EUR|54.05|13.53|-9.97|0.8|12.76|18.29|1531.1|0.6006|681
IE000XOQ9TK4|XNGI.DE|Xtrackers MSCI Next Generation Internet Innovation UCITS ETF|Broad Market / Other|Broad Market / Other|EUR|72.25|20.83|-18.97|0.98|22.37||75.5|0.6006|681
IE00BNRQM384|EQQX.DE|Invesco NASDAQ-100 Swap UCITS ETF Acc|Information Technology|Technology Hardware & Software|EUR|86.24|27.93|-20.09|1.0|30.02||3151.2|0.5982000000000001|683
IE0003RQ9F90|BCFN.DE|UBS Nasdaq-100 UCITS ETF USD dis|Information Technology|Technology Hardware & Software|EUR|31.83|27.98|-20.1|1.0|29.98|||0.598|684
IE00BYX8XD24|IS31.DE|iShares Edge S&P 500 Minimum Volatility UCITS EUR Hedged (Acc) ETF|Broad Market / Other|Broad Market / Other|EUR|11.13|8.74|-6.68|0.73|8.37|||0.5964|685
LU1291098827|EMUX.DE|BNP Paribas Easy MSCI EMU Min TE UCITS ETF C|Broad Market / Other|Broad Market / Other|EUR|20.26|14.75|-10.23|0.8|13.76|17.81|1933.4|0.5954|686
LU1646360971|LMVF.DE|Amundi Core MSCI EMU UCITS ETF Dist|Broad Market / Other|Broad Market / Other|EUR|81.97|14.73|-10.3|0.8|13.8|17.73|1390.4|0.5940000000000001|687
IE000Q9W2IR3|AIAA.DE|iShares AI Adopters & Applications UCITS ETF USD (Acc)|Information Technology|Technology Hardware & Software|EUR|5.45|14.28|-13.31|0.86|14.34||187.5|0.5938|688
IE00B4613386|SYBM.DE|StSt SPDR BBG Em Mkts Local Bond UCITS ETF Dist|Fixed Income|Bonds|EUR|50.06|5.32|-3.9|0.67|5.58|||0.5920000000000001|689
IE00BWBXM831|ZPDM.DE|StSt SPDR S&P US Materials Sel Sctr UCITS ETF Acc|Materials|Materials|EUR|43.95|16.65|-10.01|0.79|15.13||58.2|0.5898000000000001|690
IE0006B9CPY7|GUHY.DE|Goldman Sachs USD HY Bond Active UCITS ETF USD Dis|Fixed Income|Bonds|EUR|43.35|5.32|-3.18|0.65|5.44||98.6|0.5864|691
DE000A0F5UF5|EXXT.DE|iShares Nasdaq-100 UCITS (DE) ETF|Information Technology|Technology Hardware & Software|EUR|267.2|28.05|-20.19|0.99|29.73||6184.1|0.5861999999999999|692
IE000L4EH2K5|WH2E.DE|Invesco S&P World Health Care ESG UCITS ETF Acc|Health Care|Pharmaceuticals & Biotech|EUR|6.0|15.55|-12.23|0.83|14.92||11.8|0.5853999999999999|693
DE000A0H08Q4|EXV3.DE|iShares STOXX Europe 600 Technology UCITS (DE) EUR (Dist) EUR (Dist) ETF|Broad Market / Other|Broad Market / Other|EUR|102.22|24.76|-14.91|0.88|23.73|28.37|250.7|0.5818|694
LU2873560481|CEUH.DE|Amundi MSCI Europe ESG Broad Transition UCITS EUR Hedged Acc (C) ETF|Broad Market / Other|Broad Market / Other|EUR|25.44|14.6|-10.43|0.79|13.52|17.72|2504.9|0.5814|695
IE000KJPDY61|WINC.DE|iShares World Eqt High Income Actv UCITS ETF USD D|Broad Market / Other|Broad Market / Other|EUR|5.2|23.36|-14.05|0.86|22.0|||0.579|696
IE000U3XZQN5|ECTA.DE|iShares MSCI Europe Climate Transition Aware UCITS EUR (Acc) ETF|Broad Market / Other|Broad Market / Other|EUR|6.01|12.83|-9.09|0.76|11.73|17.28|7.4|0.5782|697
LU1377381717|VLEU.DE|BNP Paribas Easy Low Vol Europe UCITS ETF C|Broad Market / Other|Broad Market / Other|EUR|216.75|11.47|-10.14|0.78|10.96|17.29|62.6|0.5772|698
IE000HF69TA9|ASWK.DE|Rex Tech Innovation Premium Income UCITS ETF USD D|Information Technology|Technology Hardware & Software|EUR|20.81|16.76|-16.7|0.91|17.29||57.8|0.5760000000000001|699
IE00B02KXM00|IQQS.DE|iShares EURO STOXX Small UCITS EUR (Dist) ETF|Broad Market / Other|Broad Market / Other|EUR|51.64|14.33|-11.79|0.81|13.62|16.11|473.6|0.5742|700
LU0514694370|XCS3.DE|Xtrackers MSCI Malaysia UCITS 1C ETF|Broad Market / Other|Broad Market / Other|EUR|12.58|14.01|-7.85|0.73|12.22||61.4|0.573|701
LU1598689153|LGWU.DE|Amundi MSCI EMU SmCp ESG Brd Trnstn UCITS ETF D|Broad Market / Other|Broad Market / Other|EUR|427.7|13.79|-9.39|0.76|12.52|14.59|615.8|0.5722|702
IE00BLRPRR04|WRLD.DE|Rize Environmental Impact 100 UCITS ETF USD Acc|Broad Market / Other|Broad Market / Other|EUR|5.47|15.28|-7.9|0.73|13.16||119.1|0.572|703
DE000A0D8Q07|EXSI.DE|iShares EURO STOXX UCITS (DE) ETF|Broad Market / Other|Broad Market / Other|EUR|65.58|14.53|-10.46|0.78|13.33|17.41|2886.0|0.5708|704
IE00B5377D42|IBC6.DE|iShares MSCI Australia UCITS ETF USD (Acc)|Broad Market / Other|Broad Market / Other|EUR|54.69|14.28|-7.49|0.72|12.33||631.7|0.5701999999999999|705
IE00B6YX5K17|SYB5.DE|State Street SPDR Bloomberg 1-5 Year Gilt UCITS ETF|Fixed Income|Bonds|EUR|56.35|4.34|-2.03|0.61|4.63||151.8|0.5694|706
IE000ZOKLHY7|FOFD.DE|Franklin Future of Food UCITS ETF|Consumer Staples|Consumer Staples|EUR|24.85|11.72|-8.08|0.73|10.57||5.8|0.5684|707
LU0950674928|USUP.DE|UBS MSCI Pacific Socially Responsible UCITS USD acc ETF|Broad Market / Other|Broad Market / Other|EUR|13.66|28.04|-15.65|0.88|26.78||893.0|0.567|708
IE000WX7BVB0|JEGA.DE|JPM Global Eq Prem Inc Active UCITS ETF USD (acc)|Broad Market / Other|Broad Market / Other|EUR|28.09|7.91|-8.21|0.73|7.75|||0.5658|709
IE00B48X4842|SPYX.DE|State Street SPDR MSCI Emerging Markets UCITS ETF|Broad Market / Other|Broad Market / Other|EUR|139.8|20.54|-12.22|0.81|18.68||647.1|0.5656000000000001|710
IE0002PGSLZ5|XEEU.DE|Xtrackers US Equity Enhanced Active UCITS 1C ETF|Broad Market / Other|Broad Market / Other|EUR|36.22|24.62|-16.29|0.89|23.79||705.4|0.5642|711
LU1681040223|AME6.DE|Amundi Stoxx Europe 600 ESG UCITS ETF Acc|Broad Market / Other|Broad Market / Other|EUR|159.18|13.85|-10.82|0.78|12.81|17.6|1883.7|0.5636|712
IE00BGV5VR99|XMOV.DE|Xtrackers Future Mobility UCITS 1C ETF|Broad Market / Other|Broad Market / Other|EUR|119.88|23.42|-15.87|0.88|22.55||210.8|0.5626|713
LU2082998837|CSTA.DE|Amundi STOXX Europe 600 Technology UCITS Dist ETF|Broad Market / Other|Broad Market / Other|EUR|156.68|24.65|-14.91|0.86|23.1|48.01||0.5618|714
IE000I8IKC59|PAUJ.DE|Invesco MSCI Japan ESG Climate PA UCITS ETF Acc|Broad Market / Other|Broad Market / Other|EUR|5.11|20.22|-10.98|0.78|17.84|||0.5604|715
IE000U7L59A3|CBUC.DE|iShares MSCI USA ESG Enhanced CTB UCITS EUR Hedged (Acc) ETF|Broad Market / Other|Broad Market / Other|EUR|7.68|12.57|-9.58|0.75|11.38|||0.5584|716
IE00BFNM3C07|SLMB.DE|iShares MSCI EMU Screened UCITS ETF EUR Dist|Broad Market / Other|Broad Market / Other|EUR|9.01|14.43|-10.16|0.76|13.02|17.5|2137.8|0.5568|717
IE000TI21P14|PAUE.DE|Invesco MSCI Europe ESG Climate PA UCITS ETF Acc|Broad Market / Other|Broad Market / Other|EUR|6.3|12.9|-10.26|0.76|11.82|||0.5548|718
LU0599613147|OSX6.DE|OSSIAM Stoxx Europe 600 EqualWeightNR UCITS ETF 1C|Broad Market / Other|Broad Market / Other|EUR|154.02|12.72|-10.3|0.76|11.72||212.2|0.554|719
IE00BFTWP510|ZPRL.DE|State Street SPDR EURO STOXX Low Volatility UCITS ETF|Broad Market / Other|Broad Market / Other|EUR|60.93|9.44|-7.97|0.71|8.69|14.16|30.9|0.5506|720
IE0003NQ0IY5|XWEQ.DE|Xtrackers MSCI World Quality ESG UCITS ETF|Broad Market / Other|Broad Market / Other|EUR|50.5|24.37|-15.49|0.86|23.01||256.2|0.5502|721
IE000D8XC064|WOEE.DE|iShares World Equity Enhanced Active UCITS ETF USD (Acc)|Broad Market / Other|Broad Market / Other|EUR|6.54|24.35|-15.6|0.86|22.96|||0.548|722
IE00BDGN9Z19|XMVE.DE|Xtrackers MSCI EMU Screened UCITS - 1D ETF|Broad Market / Other|Broad Market / Other|EUR|38.94|14.72|-10.11|0.75|13.1|17.52|12.0|0.5478000000000001|723
IE0003Z9E2Y3|4COP.DE|Global X Copper Miners UCITS ETF USD Acc|Materials|Materials|EUR|58.72|44.37|-26.21|1.07|49.38||1458.4|0.5458000000000001|724
IE0001J5A2T9|REUS.DE|VanEck Circular Economy UCITS ETF USD A|Broad Market / Other|Broad Market / Other|EUR|24.33|12.2|-9.25|0.73|10.89||19.4|0.5449999999999999|725
IE00B78JSG98|UBU5.DE|UBS MSCI USA Value UCITS USD dis ETF|Broad Market / Other|Broad Market / Other|EUR|125.28|23.6|-16.39|0.87|22.52||819.3|0.5422|726
LU2608817958|AE5B.DE|Amundi MSCI Europe Action UCITS Dist ETF|Broad Market / Other|Broad Market / Other|EUR|132.78|12.98|-10.52|0.75|11.76|18.51|2264.1|0.5396|727
IE00BK5BCH80|RENW.DE|L&G Clean Energy UCITS ETF USD Acc|Energy|Energy|EUR|13.96|25.76|-22.55|0.99|27.49||749.0|0.5389999999999999|728
IE0009VWHAE6|USEE.DE|iShares US Equity Enhanced Active UCITS ETF USD Ac|Broad Market / Other|Broad Market / Other|EUR|6.63|24.8|-17.08|0.88|23.74|||0.5384|729
IE00B4PY7Y77|IS0R.DE|iShares $ High Yield Corp Bond UCITS ETF USD D|Fixed Income|Bonds|EUR|81.38|5.1|-3.11|0.6|5.06|||0.5378|730
LU0908501058|LGQG.DE|Amundi MSCI EMU ESG Broad Transition UCITS ETF A|Broad Market / Other|Broad Market / Other|EUR|361.8|14.9|-10.67|0.75|13.15|17.57|1425.3|0.5366|731
IE00BHZPJ015|EDM4.DE|iShares MSCI EMU ESG Enhanced CTB UCITS EUR (Acc) ETF|Broad Market / Other|Broad Market / Other|EUR|10.28|14.83|-10.78|0.75|13.05|17.61|4079.6|0.5344|732
LU1291101555|EESM.DE|BNPPE MSCI Europe Small Caps SRI PAB UCITS ETF|Broad Market / Other|Broad Market / Other|EUR|331.55|13.45|-9.94|0.73|11.86|17.16|321.4|0.5312|733
IE000E9XXE77|MCTD.DE|iShares MSCI EMU Climate Transition Aware UCITS EUR (Dist) ETF|Broad Market / Other|Broad Market / Other|EUR|6.31|14.91|-10.49|0.74|13.1|18.92|5.4|0.5302|734
LU2872292086|LC33.DE|AMUNDI LIFECYCLE 2033 UCITS ETF Acc|Broad Market / Other|Broad Market / Other|EUR|10.74|5.6|-4.01|0.61|5.42|25.4|5.7|0.5298|735
IE00B4P11460|EMLB.SW|PIMCO Advantage EM Local Bond UCITS ETF USD Acc|Fixed Income|Bonds|EUR|129.17|5.13|-5.04|0.63|5.22||308.4|0.5292|736
IE00BMYDM802|BAT3.DE|L&G UK Quality Div Gbp Dist|Broad Market / Other|Broad Market / Other|EUR|14.59|15.32|-10.15|0.73|13.15||80.7|0.5269999999999999|737
LU1681041114|FRNE.DE|Amundi EURFloatRateCpBdESG UCITS ETF Acc|Broad Market / Other|Broad Market / Other|EUR|113.33|1.03|-0.26|0.53|2.54|||0.5248|738
DE0005933956|EXW1.DE|iShares Core EURO STOXX 50 UCITS (DE) ETF|Broad Market / Other|Broad Market / Other|EUR|62.83|15.49|-10.76|0.74|13.4|17.96|9367.2|0.5247999999999999|739
IE00BFWFPY67|SPFA.DE|State Street SPDR Bloomberg Emerging Markets Local Bond UCITS ETF|Fixed Income|Bonds|EUR|30.98|5.58|-3.96|0.6|5.33|||0.5207999999999999|740
LU2018762653|UCT2.DE|Amundi US Curve steepening 2-10Y UCITS ETF Acc|Broad Market / Other|Broad Market / Other|EUR|89.16|5.84|-3.52|0.59|5.43|||0.5196|741
IE000SBU19F7|SMTV.DE|VanEck Morningstar US SMID Moat UCITS ETF USD A|Broad Market / Other|Broad Market / Other|EUR|22.02|12.12|-8.09|0.68|10.2||13.3|0.5182|742
IE00BKVKW020|FVD.DE|First Trust Value Line Div Index UCITS ETF A USD|Broad Market / Other|Broad Market / Other|EUR|25.8|10.01|-7.6|0.67|8.68||6.2|0.518|743
LU1971906802|UET5.DE|UBS EURO STOXX 50 ESG UCITS ETF EUR dis|Broad Market / Other|Broad Market / Other|EUR|22.67|16.79|-11.81|0.75|14.64|18.2|4210.9|0.5138|744
IE00B3F81G20|EUNI.DE|iShares MSCI EM Small Cap UCITS ETF USD (Dist)|Broad Market / Other|Broad Market / Other|EUR|101.58|20.1|-12.97|0.77|17.54||344.6|0.5105999999999999|745
IE00BCLWRF22|IS3G.DE|iShares MSCI EMU Large Cap UCITS ETF EUR (Acc)|Broad Market / Other|Broad Market / Other|EUR|76.43|15.33|-10.55|0.72|13.08|18.42|166.4|0.5089999999999999|746
IE000XNILW20|WSDG.DE|WisdomTree Global Sustainable Equity UCITS - USD Acc ETF|Broad Market / Other|Broad Market / Other|EUR|30.33|24.91|-16.12|0.83|22.62||86.7|0.5075999999999999|747
IE00BKLTRN76|DELF.DE|L&G MSCI Europe Select UCITS ETF EUR Acc|Broad Market / Other|Broad Market / Other|EUR|19.4|12.45|-10.17|0.71|10.83|18.54|1260.0|0.5065999999999999|748
IE000LXEN6X4|ES50.DE|iShares EURO STOXX 50 ESG UCITS EUR (Acc) ETF|Broad Market / Other|Broad Market / Other|EUR|8.37|16.78|-11.7|0.74|14.35|17.88|136.2|0.506|749
IE00094GSCQ4|XEEW.DE|Xtrackers World Equity Enhanced Active UCITS 1C ETF|Broad Market / Other|Broad Market / Other|EUR|35.33|24.15|-15.22|0.81|21.57||499.7|0.5056|750
IE000M86QRT4|MWOQ.DE|Amundi S&P 500 Equal Weight UCITS EUR Hedged Acc ETF|Broad Market / Other|Broad Market / Other|EUR|13.76|11.51|-8.76|0.68|9.78|||0.5048|751
IE00BHXMHK04|S5SD.DE|UBS S&P 500 Scored & Screened UCITS USD dis ETF|Broad Market / Other|Broad Market / Other|EUR|47.04|24.61|-16.77|0.84|22.64|||0.5045999999999999|752
LU1377382368|LCEU.DE|BNPP Easy Low Crbn 100 Europe PAB UCITS ETF C|Broad Market / Other|Broad Market / Other|EUR|291.6|12.69|-10.37|0.71|11.02|17.75|416.7|0.5025999999999999|753
LU1681047319|V50D.DE|Amundi Core EURO STOXX 50 UCITS ETF EUR Dist|Broad Market / Other|Broad Market / Other|EUR|100.98|15.81|-10.89|0.72|13.36|17.92||0.5022|754
IE00BQN1K562|CEMQ.DE|iShares Edge MSCI Europe Qual Fctr UCITS ETF EUR A|Broad Market / Other|Broad Market / Other|EUR|11.95|11.45|-8.4|0.67|9.65|17.54|681.0|0.502|755
IE00B9MRHC27|XDN0.DE|Xtrackers MSCI Nordic UCITS 1D ETF|Broad Market / Other|Broad Market / Other|EUR|52.51|14.86|-9.65|0.69|12.27|15.16||0.49699999999999994|756
IE0009HF1MK9|WEBG.DE|Amundi Prime All Country World UCITS Dist ETF|Broad Market / Other|Broad Market / Other|EUR|13.8|24.42|-15.74|0.81|21.77|||0.49520000000000003|757
IE0003XJA0J9|WEBN.DE|Amundi Prime All Country World UCITS Acc ETF|Broad Market / Other|Broad Market / Other|EUR|13.24|24.33|-15.77|0.81|21.65|||0.49460000000000004|758
IE0007I99HX7|WMOT.DE|VanEck Morningstar US Wide Moat UCITS ETF USD A|Broad Market / Other|Broad Market / Other|EUR|22.92|12.97|-11.29|0.72|11.32||43.0|0.4942|759
IE00BF5GB717|EFRN.DE|iShares Floating Rate Bond Advanced UCITS ETF|Fixed Income|Bonds|EUR|5.08|1.0|-0.31|0.5|2.49||1540.5|0.4938|760
LU0136234068|UIM1.DE|UBS Core EURO STOXX 50 UCITS EUR dis ETF|Broad Market / Other|Broad Market / Other|EUR|62.73|15.73|-10.84|0.71|13.13|18.18|791.3|0.49319999999999997|761
DE000A0H08E0|EXV7.DE|iShares STOXX Europe 600 Chemicals UCITS (DE) ETF|Broad Market / Other|Broad Market / Other|EUR|125.68|15.2|-9.88|0.69|12.45|21.78|103.3|0.49239999999999995|762
LU0380865021|XESC.DE|Xtrackers EURO STOXX 50 UCITS 1C ETF|Broad Market / Other|Broad Market / Other|EUR|111.3|15.79|-10.88|0.71|13.16|17.9|12544.2|0.49239999999999995|762
IE00B5B5TG76|S6X0.DE|Invesco EURO STOXX 50 UCITS Dist ETF|Broad Market / Other|Broad Market / Other|EUR|60.41|15.69|-10.88|0.71|13.16|18.18|1331.8|0.49239999999999995|762
DE000A0H08K7|EXH5.DE|iShares STOXX Europe 600 Insurance UCITS (DE) ETF|Financials|Banks & Financial Services|EUR|52.23|14.3|-7.4|0.64|11.08|12.81|604.9|0.492|765
LU1681047236|V50A.DE|Amundi Core EURO STOXX 50 UCITS ETF EUR Acc|Broad Market / Other|Broad Market / Other|EUR|167.52|15.82|-10.92|0.71|13.3|17.91||0.4915999999999999|766
IE000CXVOXQ1|WDGE.DE|WisdomTree US Quality Dividend Growth UCITS - EUR Hedged Acc ETF|Broad Market / Other|Broad Market / Other|EUR|21.12|10.12|-7.94|0.65|8.56|||0.4912|767
IE0008471009|EUN2.DE|iShares Core EURO STOXX 50 UCITS ETF EUR Dist|Broad Market / Other|Broad Market / Other|EUR|63.48|15.74|-10.98|0.71|13.15|18.07|5792.4|0.49039999999999995|768
XS2595675724|FGA1.DE|Leverage Shares FAANG+ ETP|Broad Market / Other|Broad Market / Other|EUR|58.4|21.69|-17.52|0.84|20.19|||0.4896|769
LU1834987973|LIRU.DE|Amundi STOXX Europe 600 Insurance UCITS ETF Acc|Financials|Banks & Financial Services|EUR|93.24|14.15|-7.52|0.63|10.89|12.79|164.6|0.4796|770
IE000AP27VA7|JGPD.DE|JPM Global Equity Premium Income Active UCITS EUR Dist ETF|Broad Market / Other|Broad Market / Other|EUR|21.73|8.29|-8.08|0.64|7.3|||0.47840000000000005|771
LU0328476410|DX2Z.DE|Xtrackers S&P Select Frontier Swap UCITS 1C ETF|Broad Market / Other|Broad Market / Other|EUR|26.08|27.01|-15.75|0.79|23.37||166.0|0.47500000000000003|772
IE000ROSD5J6|CEBT.DE|iShares Essential Metals Producers UCITS ETF USD (Acc)|Materials|Materials|EUR|8.73|38.83|-23.3|0.94|38.32||306.1|0.4739999999999999|773
LU1971906984|CHSE.DE|UBS EURO STOXX 50 ESG UCITS ETF EUR acc|Broad Market / Other|Broad Market / Other|EUR|20.18|16.96|-11.91|0.71|14.05|18.18|4210.9|0.4718|774
IE00B53L3W79|SXRT.DE|iShares Core EURO STOXX 50 UCITS ETF EUR (Acc)|Broad Market / Other|Broad Market / Other|EUR|242.9|15.8|-10.93|0.69|12.98|18.04|7935.4|0.47139999999999993|775
LU2082997946|EGV1.DE|Amundi STOXX Europe 600 Insurance UCITS Dist ETF|Financials|Banks & Financial Services|EUR|107.74|14.21|-7.5|0.62|10.86|12.81|164.6|0.47|776
IE00BL25JL35|XDEQ.DE|Xtrackers MSCI World Quality UCITS 1C ETF|Broad Market / Other|Broad Market / Other|EUR|81.4|23.65|-15.79|0.78|20.36||3105.6|0.46420000000000006|777
IE00B5MTY077|SC00.DE|Invesco STOXX Europe 600 Optimised Chemicals UCITS Acc ETF|Broad Market / Other|Broad Market / Other|EUR|631.4|15.71|-11.35|0.69|12.85|23.3|264.8|0.46299999999999997|778
FR0007054358|LYSX.DE|Amundi EURO STOXX 50 II UCITS ETF Acc|Broad Market / Other|Broad Market / Other|EUR|70.76|15.78|-10.87|0.68|12.76|17.83||0.46260000000000007|779
IE00B60SWX25|SC0D.DE|Invesco EURO STOXX 50 UCITS Acc ETF|Broad Market / Other|Broad Market / Other|EUR|162.3|15.81|-10.93|0.68|12.72|18.12|1331.8|0.46140000000000003|780
IE000PMX0MW6|WELD.DE|Amundi S&P World Utilities Screened UCITS Acc ETF|Utilities|Utilities|EUR|13.21|12.66|-9.02|0.64|10.14|20.03|153.3|0.4596|781
IE00B5MTXJ97|SC0Y.DE|Invesco STOXX Europe 600 Optimised Insurance UCITS Acc ETF|Financials|Banks & Financial Services|EUR|249.75|13.98|-7.02|0.6|10.41|12.67|53.4|0.4596|781
IE00B3VWLG82|SXRD.DE|iShares MSCI UK Small Cap UCITS ETF GBP (Acc)|Broad Market / Other|Broad Market / Other|EUR|329.65|14.86|-11.69|0.69|12.28||102.8|0.45619999999999994|783
NL0010731816|V3ET.DE|VanEck European Equal Weight Screened UCITS ETF|Broad Market / Other|Broad Market / Other|EUR|92.56|14.52|-10.25|0.66|11.56|14.88|89.5|0.45500000000000007|784
IE000G8WOLX8|US4E.DE|State Street SPDR S&P 400 U.S. Mid Cap UCITS ETF|Broad Market / Other|Broad Market / Other|EUR|34.84|14.39|-8.26|0.62|10.97|||0.4548|785
IE00B5WHFQ43|CEBG.DE|iShares MSCI Mexico Capped UCITS ETF USD (Acc)|Broad Market / Other|Broad Market / Other|EUR|183.32|21.3|-11.78|0.69|16.7||125.1|0.45439999999999997|786
IE00BLSNMW37|BBCK.DE|Invesco Global Buyback Achievers UCITS ETF Dist|Broad Market / Other|Broad Market / Other|EUR|66.32|24.08|-15.3|0.76|20.2||199.9|0.454|787
IE000G0E83X3|IART.DE|iShares AI Innovation Active UCITS ETF USD (Acc)|Information Technology|Technology Hardware & Software|EUR|7.89|46.49|-28.95|1.03|50.0||304.3|0.45100000000000007|788
IE00B5MJYB88|SC0Q.DE|Invesco STOXX Europe 600 Optimised Telecommunications UCITS Acc ETF|Broad Market / Other|Broad Market / Other|EUR|136.66|17.56|-16.78|0.78|15.7|18.18|2.5|0.4444|789
IE0006FM6MI8|WELS.DE|Amundi S&P World Health Care Screened UCITS Acc ETF|Health Care|Pharmaceuticals & Biotech|EUR|11.93|15.0|-12.35|0.69|12.31|26.56|692.4|0.44299999999999995|790
XS2115336336|RM8U.DE|The Royal Mint Physical Gold ETC |Materials|Materials|EUR|36.03|152.15|-22.62|0.89|138.15|||0.4376|791
IE00BWT3KL42|UBUW.DE|UBS Factor MSCI USA Prime Value Screened UCITS hEUR acc ETF|Broad Market / Other|Broad Market / Other|EUR|33.83|11.78|-8.66|0.61|9.13|||0.43679999999999997|792
IE00B99FL386|SYBK.DE|StSt SPDR BBG U.S. HY Crp Scored UCITS ETF Dist|Broad Market / Other|Broad Market / Other|EUR|34.64|5.57|-3.17|0.5|4.78|||0.4366|793
IE00BH4GR342|SPY2.DE|StSt SPDR Dow Jones Gl Real Estate UCITS ETF Acc|Real Estate|Real Estate|EUR|19.36|11.8|-9.17|0.62|9.3||432.7|0.4366|793
IE0004MFRED4|XZEW.DE|Xtrackers S&P 500 Equal Weight Score & Screened UCITS ETF|Broad Market / Other|Broad Market / Other|EUR|52.58|23.94|-15.71|0.75|19.87|21.8||0.43579999999999997|795
IE00BD4TXV59|UETW.DE|UBS Core MSCI World UCITS USD acc ETF|Broad Market / Other|Broad Market / Other|EUR|40.63|24.17|-16.22|0.76|20.46|||0.43560000000000004|796
IE00B7KQ7B66|UBU7.DE|UBS Core MSCI World UCITS USD dis ETF|Broad Market / Other|Broad Market / Other|EUR|109.93|24.23|-16.25|0.76|20.46|||0.435|797
IE00B60SX394|SC0J.DE|Invesco MSCI World UCITS Acc ETF|Broad Market / Other|Broad Market / Other|EUR|140.09|24.31|-16.33|0.76|20.47||9887.1|0.43340000000000006|798
IE000JKS50V3|WELG.DE|Amundi S&P World Health Care Screened UCITS Dist ETF|Health Care|Pharmaceuticals & Biotech|EUR|11.49|14.99|-12.38|0.68|12.15|26.59|692.4|0.4324|799
IE0009DRDY20|F50A.DE|Amundi Prime Global UCITS Acc ETF|Broad Market / Other|Broad Market / Other|EUR|40.59|24.36|-16.39|0.76|20.48||5585.3|0.4322|800
LU0838780707|XDUK.DE|Xtrackers FTSE 100 UCITS 1C ETF|Broad Market / Other|Broad Market / Other|EUR|19.96|22.82|-12.47|0.68|17.62||90.6|0.43060000000000004|801
LU0496786905|LYPU.DE|Amundi Australia S&P/ASX 200 UCITS ETF Dist|Broad Market / Other|Broad Market / Other|EUR|56.02|14.74|-8.5|0.6|10.84|19.87|70.6|0.42999999999999994|802
IE00BMTX1Y45|I500.DE|iShares S&P 500 Swap UCITS ETF USD (Acc)|Broad Market / Other|Broad Market / Other|EUR|11.53|24.68|-17.6|0.78|21.28|||0.428|803
IE00B7K93397|UBU9.DE|UBS Core S&P 500 UCITS ETF USD dis|Broad Market / Other|Broad Market / Other|EUR|111.01|24.63|-17.64|0.78|21.23|||0.4272|804
IE00BD4TXW66|BCFT.DE|UBS Core S&P 500 UCITS ETF USD acc|Broad Market / Other|Broad Market / Other|EUR|132.85|24.68|-17.65|0.78|21.24|||0.42700000000000005|805
IE000Z9SJA06|XDPU.DE|Xtrackers S&P 500 UCITS ETF|Broad Market / Other|Broad Market / Other|EUR|13.35|24.7|-17.67|0.78|21.16|||0.4266|806
LU0490618542|D5BM.DE|Xtrackers S&P 500 Swap UCITS 1C ETF|Broad Market / Other|Broad Market / Other|EUR|139.2|24.66|-17.67|0.78|21.26|||0.4266|806
IE000CNSFAR2|MWOE.DE|Amundi Core MSCI World UCITS Dist ETF|Broad Market / Other|Broad Market / Other|EUR|16.39|24.32|-16.32|0.75|20.34|||0.4236|808
LU2023678282|DRUP.DE|Amundi Global Memory Chips UCITS ETF Acc|Information Technology|Technology Hardware & Software|EUR|22.89|43.44|-25.35|0.93|42.55||364.0|0.42300000000000004|809
IE00BGQYRQ28|XUCS.DE|Xtrackers MSCI USA Consumer Staples UCITS ETF 1D|Consumer Staples|Consumer Staples|EUR|42.83|15.89|-8.36|0.59|11.34||107.1|0.42279999999999995|810
IE00BQWJFQ70|ZPRI.DE|StSt SPDR Mstar Mlt-Asst Gl Infra UCITS ETF Dist|Broad Market / Other|Broad Market / Other|EUR|32.4|6.84|-5.38|0.53|5.64||1051.7|0.4224|811
LU0340285161|UIM7.DE|UBS MSCI World UCITS ETF USD dis|Broad Market / Other|Broad Market / Other|EUR|440.67|24.33|-16.41|0.75|20.16||1698.9|0.4218|812
LU0274208692|DBXW.DE|Xtrackers MSCI World Swap UCITS 1C ETF|Broad Market / Other|Broad Market / Other|EUR|139.8|24.33|-16.41|0.75|20.17|||0.4218|812
LU0629460089|UIMP.DE|UBS MSCI USA Socially Responsible UClTS USD dis ETF|Broad Market / Other|Broad Market / Other|EUR|266.4|25.86|-20.25|0.82|23.26|||0.4149999999999999|814
IE000S4A5WE2|BCFF.DE|UBS S&P 500 Cl Transition ESG UCITS ETF USD acc|Broad Market / Other|Broad Market / Other|EUR|8.8|24.18|-17.84|0.77|20.61|||0.4132|815
IE00BDFBTQ78|WMIN.DE|VanEck S&P Global Mining UCITS ETF|Materials|Materials|EUR|56.12|38.11|-24.37|0.9|36.16||2406.0|0.4126|816
IE00B60SX170|SC0H.DE|Invesco MSCI USA UCITS Acc ETF|Broad Market / Other|Broad Market / Other|EUR|202.61|24.62|-17.96|0.77|20.94|||0.4108|817
IE00B77D4428|UBU3.DE|UBS Core MSCI USA UCITS USD dis ETF|Broad Market / Other|Broad Market / Other|EUR|167.3|24.65|-18.01|0.77|20.91|||0.4098|818
IE000FSN19U2|WEBH.DE|Amundi Core MSCI USA UCITS Acc ETF|Broad Market / Other|Broad Market / Other|EUR|44.83|24.68|-18.04|0.77|20.88|||0.4092|819
IE00B8GF1M35|SPYJ.DE|State Street SPDR Dow Jones Global Real Estate UCITS ETF|Real Estate|Real Estate|EUR|31.6|11.76|-9.58|0.6|9.03||432.7|0.4084|820
IE00BH361H73|XDND.DE|Xtrackers MSCI North America High Dividend Yield UCITS 1C ETF|Broad Market / Other|Broad Market / Other|EUR|61.34|23.57|-15.17|0.71|18.71||230.9|0.40659999999999996|821
IE000YASIPS3|AIME.DE|BNP PARIBAS EASY II MSCI Europe PAB UCITS EUR Acc ETF|Broad Market / Other|Broad Market / Other|EUR|13.6|13.36|-10.71|0.62|10.3|20.75|179.7|0.40579999999999994|822
IE0004ZJGWT9|XZEP.DE|Xtrackers MSCI Europe ESG UCITS ETF|Broad Market / Other|Broad Market / Other|EUR|579.1|13.41|-10.26|0.61|10.23|19.57|1214.0|0.4048|823
IE000JTPK610|CBUY.DE|iShares MSCI All Country World SRI UCITS USD A ETF|Broad Market / Other|Broad Market / Other|EUR|7.75|25.09|-16.82|0.74|20.49||148.1|0.40359999999999996|824
IE000WHL2ZK1|INCU.DE|iShares US Equity High Income Actv UCITS ETF USD D|Broad Market / Other|Broad Market / Other|EUR|5.21|23.56|-16.82|0.74|19.5|||0.40359999999999996|824
IE00BFMNHK08|XZEU.DE|Xtrackers MSCI Europe ESG UCITS ETF|Broad Market / Other|Broad Market / Other|EUR|36.6|13.37|-10.33|0.61|10.21|19.54|1214.0|0.4034|826
LU0136242590|UIM3.DE|UBS FTSE 100 UCITS ETF GBP dis|Broad Market / Other|Broad Market / Other|EUR|113.24|23.02|-12.44|0.65|17.06||77.8|0.4012|827
IE000IEGVMH6|WEBI.DE|Amundi Core MSCI USA UCITS Dist ETF|Broad Market / Other|Broad Market / Other|EUR|52.58|24.68|-18.04|0.76|20.82|||0.3992|828
IE00BP2C0316|HPAE.DE|HSBC MSCI Europe Cl Paris Aligned UCITS ETF EUR|Broad Market / Other|Broad Market / Other|EUR|28.04|13.58|-10.58|0.61|10.35|18.25|37.7|0.3984|829
IE0006WW1TQ4|EXUS.DE|Xtrackers MSCI World ex USA UCITS ETF|Broad Market / Other|Broad Market / Other|EUR|40.04|24.48|-15.37|0.7|19.06||8192.4|0.39259999999999995|830
IE00BFNM3J75|SNAW.DE|iShares MSCI Screened UCITS ETF (ACC)|Broad Market / Other|Broad Market / Other|EUR|12.3|24.68|-17.5|0.74|20.34|||0.39|831
IE00BC7GZJ81|SYBW.DE|StSt SPDR BBG 1-3 Y U.S. Treas Bd UCITS ETF Dist|Broad Market / Other|Broad Market / Other|EUR|42.27|5.12|-3.51|0.46|4.35|||0.38980000000000004|832
LU0322248146|DXS0.DE|Xtrackers SLI UCITS 1D ETF|Broad Market / Other|Broad Market / Other|EUR|249.5|16.88|-11.01|0.61|12.35||487.4|0.3898|833
LU0136234654|UIM6.DE|UBS MSCI USA UCITS ETF USD dis|Broad Market / Other|Broad Market / Other|EUR|664.6|24.71|-18.11|0.75|20.5||560.7|0.38780000000000003|834
IE000F354Q61|XSWC.DE|Xtrackers MSCI World Small Cap UCITS 1C ETF Acc|Broad Market / Other|Broad Market / Other|EUR|28.45|25.38|-17.19|0.73|20.55||180.8|0.38619999999999993|835
IE00BDQYWQ65|SXRH.DE|iShares $ TIPS 0-5 UCITS ETF USD Dist|Broad Market / Other|Broad Market / Other|EUR|4.32|5.97|-3.74|0.46|4.77|||0.3852|836
IE000IQQEL77|ASWD.DE|Sprott Pure Play Copper Miners UCITS ETF Acc|Materials|Materials|EUR|20.83|49.43|-27.32|0.93|47.98||129.8|0.38360000000000005|837
IE000BKMMHF9|BCFB.DE|UBS MSCI Pacific ex Japan IMI SR UCITS ETF USD acc|Broad Market / Other|Broad Market / Other|EUR|18.08|12.38|-6.89|0.52|8.38|||0.3822|838
IE000E0V65D8|XBI0.DE|Xtrackers World Biodiversity Focus SRI UCITS 1C ETF|Broad Market / Other|Broad Market / Other|EUR|58.87|24.63|-17.99|0.74|20.19||20.4|0.38020000000000004|839
IE00BFNM3G45|SGAS.DE|iShares MSCI USA Screened UCITS ETF (ACC)|Broad Market / Other|Broad Market / Other|EUR|14.39|25.11|-19.08|0.76|21.07|||0.37840000000000007|840
IE00B1FZSF77|IQQ7.DE|iShares US Property Yield UCITS ETF USD (Dist)|Real Estate|Real Estate|EUR|27.19|13.33|-11.1|0.6|9.95||674.1|0.378|841
LU1781541096|LCUK.DE|Amundi UK Equity All Cap UCITS ETF - Dist|Broad Market / Other|Broad Market / Other|EUR|17.55|23.41|-12.71|0.63|16.73||1630.9|0.37579999999999997|842
IE00BWBXM385|ZPDS.DE|StSt SPDR S&P US Con St Sel Sector UCITS ETF Acc|Broad Market / Other|Broad Market / Other|EUR|39.4|15.89|-8.74|0.55|10.7||270.0|0.37520000000000003|843
IE00BMDPBY65|FLXP.DE|Franklin STOXX Europe 600 Paris Aligned Climate UCITS ETF|Broad Market / Other|Broad Market / Other|EUR|42.16|13.96|-11.32|0.6|10.32|17.81|43.4|0.37359999999999993|844
IE00BJZ2DC62|XRSM.DE|Xtrackers MSCI USA Screened UCITS 1C ETF|Broad Market / Other|Broad Market / Other|EUR|60.13|25.23|-19.07|0.75|21.02|||0.3686|845
IE00BH3YZ803|SMLK.DE|Invesco S&P SmallCap 600 UCITS ETF Acc|Broad Market / Other|Broad Market / Other|EUR|72.02|27.3|-18.6|0.74|22.19||461.1|0.36799999999999994|846
LU0599612842|OSX4.DE|Ossiam Eur ESG Machine Learning UCITS ETF 1C/A EUR|Broad Market / Other|Broad Market / Other|EUR|300.7|9.89|-7.71|0.52|7.16||65.1|0.3658|847
IE0007M3MLF3|WGRU.DE|WisdomTree Global Qual Div Gro UCITS ETF EURH Acc|Broad Market / Other|Broad Market / Other|EUR|21.99|11.91|-9.45|0.55|8.54|||0.3610000000000001|848
LU1681041460|MJMT.DE|Amundi MSCI Europe Momentum Factor UCITS ETF EUR C|Broad Market / Other|Broad Market / Other|EUR|148.68|17.06|-11.56|0.59|12.11|17.11|132.4|0.35879999999999995|849
DE000A0F5UG3|EXXV.DE|iShares Dow Jones Eurozone Sustainability Screened UCITS (DE) ETF|Broad Market / Other|Broad Market / Other|EUR|22.58|16.03|-11.09|0.58|11.32|18.24|214.3|0.35819999999999996|850
IE00B52VJ196|IUSK.DE|iShares MSCI Europe SRI UCITS ETF EUR (Acc)|Broad Market / Other|Broad Market / Other|EUR|76.57|13.22|-10.12|0.56|9.39|17.61||0.35760000000000003|851
IE000NBRE3P7|CEBY.DE|iShares   UltraShort Bond ESG SRI UCITS ETF|Fixed Income|Bonds|EUR|5.57|0.65|-0.13|0.36|2.23||1568.6|0.3574|852
IE00BGDPWW94|36B3.DE|iShares MSCI Europe SRI UCITS ETF EUR (Dist)|Broad Market / Other|Broad Market / Other|EUR|7.94|13.13|-9.97|0.55|9.27|17.53||0.3506|853
IE000SAXJ1M1|SY7D.DE|Global X EURO STOXX 50 Covered Call UCITS - EUR Distributing ETF|Broad Market / Other|Broad Market / Other|EUR|14.52|11.19|-9.48|0.54|8.04|23.05|118.2|0.35040000000000004|854
IE00BYZK4669|2B77.DE|iShares Ageing Population UCITS ETF USD (Acc)|Broad Market / Other|Broad Market / Other|EUR|9.15|24.7|-15.01|0.65|18.11||952.6|0.3498|855
IE000P4AYI47|XCTW.DE|Xtrackers MSCI World Climate Transition UCITS ETF|Broad Market / Other|Broad Market / Other|EUR|52.02|24.56|-17.52|0.7|19.18||25.5|0.34959999999999997|856
LU2932780914|EPAZ.DE|Amundi S&P Eurozone Climate Paris Aligned UCITS Dist ETF|Broad Market / Other|Broad Market / Other|EUR|27.05|15.81|-11.04|0.57|11.06|17.77|3232.7|0.34919999999999995|857
IE000VML2GZ3|MWOJ.DE|Amundi MSCI USA ESG Leaders Extra UCITS DR - USD ETF|Broad Market / Other|Broad Market / Other|EUR|19.95|25.43|-20.06|0.75|21.04|||0.3488|858
LU0476289540|D5BH.DE|Xtrackers MSCI Canada Screened UCITS 1C ETF|Broad Market / Other|Broad Market / Other|EUR|110.26|25.26|-16.1|0.67|18.93||1443.3|0.34800000000000003|859
LU2195226068|ZPAB.DE|Amundi S&P Eurozone Cl Paris Aligned UCITS ETF A|Broad Market / Other|Broad Market / Other|EUR|41.99|16.1|-11.18|0.57|11.19|17.79|3232.7|0.34639999999999993|860
IE00BM67HN09|XDWS.DE|Xtrackers MSCI World Consumer Staples UCITS ETF 1C|Consumer Staples|Consumer Staples|EUR|47.03|13.92|-8.78|0.52|9.24||927.2|0.34440000000000004|861
LU1390062245|EUIN.DE|Amundi Euro Inflt Expectations 2-10Y UCITS ETF A|Broad Market / Other|Broad Market / Other|EUR|121.71|6.78|-3.34|0.41|4.78|||0.34319999999999995|862
IE000VCBWFL8|XZDZ.DE|Xtrackers MSCI EMU High Dividend Yield ESG UCITS ETF|Broad Market / Other|Broad Market / Other|EUR|39.76|11.86|-9.35|0.53|8.34|17.14|21.0|0.343|863
IE00BF540Z61|GFEA.DE|VanEck Global Fallen Angel High Yield Bond UCITS ETF|Fixed Income|Bonds|EUR|65.14|6.74|-3.21|0.4|4.71||57.6|0.33580000000000004|864
IE00BQN1K786|CEMR.DE|iShares Edge MSCI Eu Mmntm Fctr UCITS ETF EUR A|Broad Market / Other|Broad Market / Other|EUR|15.64|17.35|-11.73|0.57|11.88|17.85|761.7|0.3353999999999999|865
IE00BMH5YF48|CL0U.DE|Global X Cloud Computing UCITS ETF USD Acc|Information Technology|Technology Hardware & Software|EUR|12.86|32.9|-27.28|0.88|31.0||12.8|0.33440000000000003|866
IE000GB2EQ90|BS30.DE|Invesco BlltShs 2030 USD Crp Bd UCITS ETF Dist|Broad Market / Other|Broad Market / Other|EUR|4.36|4.96|-3.32|0.4|4.01|||0.3336|867
IE00B60SX402|SC0K.DE|Invesco Russell 2000 UCITS Acc ETF|Broad Market / Other|Broad Market / Other|EUR|129.94|28.57|-19.32|0.72|22.54||343.1|0.33359999999999995|868
LU0629459743|UIMM.DE|UBS MSCI World Socially Responsible UClTS USD dis ETF|Broad Market / Other|Broad Market / Other|EUR|187.8|25.51|-19.82|0.73|20.58||7099.5|0.33359999999999995|868
IE000CR424L6|CBUD.DE|iShares MSCI Europe SRI UCITS EUR Hedged (Dist) ETF|Broad Market / Other|Broad Market / Other|EUR|5.59|13.14|-9.86|0.53|9.0|17.49||0.33280000000000004|870
IE000CK5G8J7|CBUX.DE|iShares Global Infrastructure UCITS USD (Acc) ETF|Utilities|Utilities|EUR|5.83|11.59|-10.02|0.53|8.11|||0.3296|871
LU2240851688|DECD.DE|Amundi MSCI EMU Screened UCITS ETF Acc|Broad Market / Other|Broad Market / Other|EUR|90.26|14.95|-11.75|0.56|10.4|17.89|48.5|0.32500000000000007|872
LU0950674332|SEAC.DE|UBS MSCI World Socially Responsible UClTS USD acc ETF|Broad Market / Other|Broad Market / Other|EUR|38.14|25.42|-19.82|0.72|20.26||7099.5|0.32359999999999994|873
IE00B1FZS467|IQQI.DE|iShares Global Infrastructure UCITS ETF USD (Dist)|Utilities|Utilities|EUR|32.21|11.78|-10.13|0.52|8.12|||0.3174|874
IE00BJZ2DD79|XRS2.DE|Xtrackers Russell 2000 UCITS 1C ETF|Broad Market / Other|Broad Market / Other|EUR|375.0|28.46|-19.3|0.7|21.91||2851.1|0.31399999999999995|875
IE00BMP3HG27|UBUM.DE|UBS S&P Dividend Aristocrats ESG Elite UCITS USD dis ETF|Broad Market / Other|Broad Market / Other|EUR|11.04|24.1|-15.81|0.63|17.06|||0.31379999999999997|876
IE00BQQP9H09|GMVM.DE|VanEck Morningstar US ESG Wide Moat UCITS ETF|Broad Market / Other|Broad Market / Other|EUR|58.64|13.6|-11.0|0.53|9.2||396.0|0.31000000000000005|877
IE0003WEWAX4|FOHW.DE|Franklin Future of Health and Wellness UCITS ETF|Health Care|Pharmaceuticals & Biotech|EUR|25.74|15.04|-10.05|0.51|9.7||3.0|0.309|878
LU1834988609|LTCM.DE|Amundi STOXX Europe 600 Telecom UCITS ETF A|Communication Services|Communication Services|EUR|50.73|17.55|-16.69|0.64|13.16|20.22||0.30619999999999997|879
DE000A0H08R2|EXV2.DE|iShares STOXX Europe 600 Telecommunications UCITS (DE) ETF|Broad Market / Other|Broad Market / Other|EUR|26.81|17.63|-16.7|0.64|13.21|17.3|251.6|0.30600000000000005|880
IE000FL46JJ1|XEQL.DE|Xtrackers S&P 500 Equal Weight Swap UCITS 1D ETF|Broad Market / Other|Broad Market / Other|EUR|33.87|23.83|-16.53|0.63|16.94||39.3|0.2994|881
IE00BYXYYK40|IS02.DE|iShares JP Morgan $ EM Bond UCITS ETF USD Acc|Fixed Income|Bonds|EUR|5.62|5.88|-4.61|0.39|4.28|||0.2978|882
LU1094612022|CGB.DE|Xtrackers II Harvest China Government Bond UCITS 1D ETF|Fixed Income|Bonds|EUR|20.5|22.29|-14.16|0.58|14.85||23.1|0.29679999999999995|883
IE00BN2BCY94|XDRE.DE|Xtrackers Developed Green Real Estate ESG UCITS 1C ETF|Real Estate|Real Estate|EUR|28.47|11.89|-9.73|0.49|7.78||11.7|0.2954|884
IE000AZOUN82|FLXA.DE|Franklin MSCI World Catholic Principles UCITS ETF|Broad Market / Other|Broad Market / Other|EUR|35.38|26.95|-19.44|0.68|20.34||190.5|0.2912|885
IE00BYV12Y75|SYBR.DE|StSt SPDR BBG 1-10 Y U.S. Corpo Bd UCITS ETF Dist|Broad Market / Other|Broad Market / Other|EUR|25.64|4.93|-3.47|0.36|3.75||698.2|0.29059999999999997|886
IE00BYPC1H27|ICGB.DE|iShares China CNY Bond UCITS ETF USD (Dist)|Fixed Income|Bonds|EUR|5.13|21.79|-14.01|0.56|14.1|||0.27980000000000005|887
IE000GYDNJS5|XCUD.DE|Xtrackers MSCI USA Climate Transition UCITS ETF|Broad Market / Other|Broad Market / Other|EUR|52.35|24.87|-19.62|0.67|18.72||7.8|0.2776|888
IE000RHYOR04|ERNX.DE|iShares EUR Ultrashort Bond UCITS EUR (Acc) ETF|Fixed Income|Bonds|EUR|5.62|0.76|-0.2|0.28|2.21|||0.276|889
IE000611IJM3|WENH.DE|WisdomTree Strategic Metals UCITS ETF EUR Hedged Acc|Materials|Materials|EUR|13.46|25.94|-17.24|0.62|18.15|||0.2752|890
LU0671493277|UEFD.DE|UBS MSCI EMU Small Cap UCITS EUR dis ETF|Broad Market / Other|Broad Market / Other|EUR|147.36|14.95|-10.26|0.48|9.2|14.07|682.3|0.2748|891
LU1852211215|MDBA.DE|UBS Sustainable Dev Bank Bonds UCITS ETF USD acc|Financials|Banks & Financial Services|EUR|10.96|4.94|-3.81|0.35|3.73|||0.2738|892
LU1852212965|MDBU.DE|UBS Sustainable Dev Bank Bonds UCITS ETF USD dis|Financials|Banks & Financial Services|EUR|9.34|5.08|-3.81|0.35|3.76|||0.2738|892
IE00B2NPKV68|IUS7.DE|iShares JP Morgan $ EM Bond UCITS ETF USD Dis|Fixed Income|Bonds|EUR|77.64|5.87|-4.34|0.36|4.09|||0.2732|894
IE000FO05UG4|XISP.DE|Xtrackers S&P 500 Swap II UCITS - 1D ETF|Broad Market / Other|Broad Market / Other|EUR|37.61|30.91|-17.59|0.62|21.19||5812.2|0.2682|895
IE00BJQTJ848|W311.DE|Harbor Health Care UCITS ETF Acc|Health Care|Pharmaceuticals & Biotech|EUR|7.27|18.73|-16.09|0.59|13.06||15.2|0.2682|895
IE00B3VWMM18|SXRJ.DE|iShares MSCI EMU Small Cap UCITS ETF EUR (Acc)|Broad Market / Other|Broad Market / Other|EUR|355.7|14.34|-10.68|0.48|8.84|14.32|893.2|0.26639999999999997|897
IE00BMH5Y871|BUG.DE|Global X Cybersecurity UCITS ETF USD Acc|Broad Market / Other|Broad Market / Other|EUR|18.6|38.01|-35.2|0.97|38.88||82.7|0.2659999999999999|898
IE00BD0Q9673|FAHY.DE|Invesco US High Yield Fallen Angels UCITS ETF Dist|Fixed Income|Bonds|EUR|18.33|6.22|-3.28|0.33|4.05|||0.2644|899
IE000ZWSN3F7|GB1D.DE|Invesco Gl HY Corp Bd ESG Cl Trnstn UCITS ETF Dist|Broad Market / Other|Broad Market / Other|EUR|4.91|4.42|-2.32|0.31|3.37|||0.2636|900
LU2023678878|EBUY.DE|Amundi MSCI Digital Economy UCITS ETF Acc|Information Technology|Technology Hardware & Software|EUR|22.61|30.68|-29.99|0.86|28.25||124.0|0.2602|901
LU1079841273|USCP.DE|Ossiam Shiller Barclays CAPE US Sector Val TR 1CE|Broad Market / Other|Broad Market / Other|EUR|1463.0|9.98|-7.04|0.4|5.98|||0.2592|902
IE00BZ02LR44|XZW0.DE|Xtrackers MSCI World ESG UCITS ETF|Broad Market / Other|Broad Market / Other|EUR|50.81|25.05|-20.1|0.66|18.56|29.57||0.258|903
IE000ZIJ5B20|WELW.DE|Amundi S&P World Consumer Staples Screened UCITS Acc ETF|Consumer Staples|Consumer Staples|EUR|10.62|14.32|-9.17|0.44|8.26|25.57|214.3|0.2566|904
LU0292106084|DXSL.DE|Xtrackers MSCI Europe Industrials Screened UCITS ETF|Industrials|Industrials|EUR|213.35|19.54|-13.21|0.52|12.08|25.29|39.7|0.2558|905
IE00BM67HR47|XWTS.DE|Xtrackers MSCI World Communication Services UCITS 1C ETF|Communication Services|Communication Services|EUR|29.72|17.41|-10.25|0.46|9.97||420.3|0.255|906
IE000RN036E0|FTGT.DE|First Trust Alerian Dsrptv Tech RE UCITS ETF A USD|Information Technology|Technology Hardware & Software|EUR|18.34|13.13|-8.27|0.42|7.52||1.1|0.2546|907
IE0005NYD352|WELM.DE|Amundi S&P World Consumer Staples Screened UCITS Dist ETF|Consumer Staples|Consumer Staples|EUR|9.74|14.1|-9.3|0.44|8.26|25.57|214.3|0.254|908
IE00B4694Z11|SYBS.DE|State Street SPDR Bloomberg Sterling Corporate Bond UCITS ETF|Fixed Income|Bonds|EUR|58.36|6.81|-3.9|0.33|4.24||93.8|0.252|909
IE00BG370F43|XZEM.DE|Xtrackers MSCI Emerging Markets ESG UCITS ETF|Broad Market / Other|Broad Market / Other|EUR|60.9|20.64|-13.42|0.52|12.76||1579.1|0.25160000000000005|910
LU0476289466|D5BI.DE|Xtrackers MSCI Mexico UCITS 1C ETF|Broad Market / Other|Broad Market / Other|EUR|7.51|28.85|-12.97|0.51|16.72||324.9|0.2506|911
IE00BKSCBX74|UIMS.DE|UBS MSCI World Small Cap Socially Responsible UCITS USD acc ETF|Broad Market / Other|Broad Market / Other|EUR|11.42|26.0|-17.51|0.6|17.51||831.6|0.24979999999999997|912
IE000BZFW5H7|JAUH.DE|JPM US Equity Active UCITS ETF - EUR Hedged (acc)|Broad Market / Other|Broad Market / Other|EUR|33.19|12.27|-10.19|0.45|7.53|||0.24620000000000003|913
IE000LOSV2D0|XBUZ.DE|Xtrackers USA Biodiversity Focus SRI UCITS 1C ETF|Broad Market / Other|Broad Market / Other|EUR|44.01|25.33|-20.2|0.65|18.5||12.7|0.24600000000000005|914
IE00B6SPMN59|IBCK.DE|iShares Edge S&P 500 Min Vol UCITS ETF USD A|Broad Market / Other|Broad Market / Other|EUR|104.86|23.14|-16.51|0.57|15.08|||0.2397999999999999|915
IE00BJP26D89|EUED.DE|iShares UltraShort Bond ESG SRI UCITS EUR (Dist) ETF|Fixed Income|Bonds|EUR|5.01|0.83|-0.16|0.24|2.2||1568.6|0.23679999999999998|916
IE00B979GK47|SPPD.DE|State Street SPDR S&P U.S. Dividend Aristocrats UCITS ETF|Broad Market / Other|Broad Market / Other|EUR|8.78|10.09|-7.72|0.39|5.94|||0.23560000000000003|917
LU0292100806|DXSC.DE|Xtrackers MSCI Europe Materials UCITS ETF|Materials|Materials|EUR|178.62|18.2|-14.34|0.52|11.48|21.16|44.1|0.23320000000000002|918
IE000LJ2O0V5|EU03.DE|iShares Govt Bond 0-3 month UCITS EUR (Dist) ETF|Fixed Income|Bonds|EUR|5.06|0.47|-0.15|0.23|2.11||34.7|0.227|919
IE000DB78H45|EWSD.DE|Invesco EURO STOXX 50 Equal Weight UCITS Dist ETF|Broad Market / Other|Broad Market / Other|EUR|5.3|14.23|-10.19|0.43|8.16|15.62|2.3|0.2262|920
IE00BCRY6557|IS3M.DE|Ishs Eur Ultrashort Bd Ucits Etf (Dist)|Broad Market / Other|Broad Market / Other|EUR|100.8|0.82|-0.3|0.23|2.19|||0.224|921
IE00B74DQ490|IBC9.DE|iShares Global HY Corp Bond UCITS ETF USD Dist|Fixed Income|Bonds|EUR|75.54|3.88|-2.13|0.26|2.99|||0.2174|922
IE0008LRGGP4|ASWN.DE|Infrastructure Capital Prfrd Inc UCITS ETF USD Dis|Utilities|Utilities|EUR|16.48|8.41|-3.74|0.29|4.41||16.1|0.21519999999999997|923
LU1109939865|XHY1.DE|Xtrackers II Rolling Target Maturity Sept 2027 EUR High Yield UCITS ETF|Fixed Income|Bonds|EUR|8.51|2.58|-1.43|0.24|2.63||417.5|0.21139999999999998|924
IE00BYM31M36|QDVQ.DE|iShares Fallen Angels HY Corp Bd UCITS ETF USD D|Broad Market / Other|Broad Market / Other|EUR|4.6|4.85|-2.9|0.26|3.25|||0.202|925
LU0838782315|XDDX.DE|Xtrackers DAX ESG Screened UCITS ETF|Broad Market / Other|Broad Market / Other|EUR|157.82|15.35|-11.96|0.43|8.59|15.95||0.19079999999999997|926
IE00BD3V0B10|IUS2.DE|iShares S&P U.S. Banks UCITS USD (Acc) ETF|Financials|Banks & Financial Services|EUR|7.08|30.57|-15.5|0.5|17.29|||0.19|927
IE00BMYDM794|HTMW.DE|L&G Hydrogen Economy UCITS ETF USD Acc|Broad Market / Other|Broad Market / Other|EUR|6.68|32.97|-25.72|0.7|25.04||463.7|0.1856|928
LU1737652823|10AJ.DE|Amundi FTSE EPRA NAREIT Global UCITS Dist ETF|Broad Market / Other|Broad Market / Other|EUR|53.62|11.28|-9.75|0.38|6.26|20.56||0.185|929
IE000KF370H3|WTEF.DE|WisdomTree US Efficient Core UCITS - USD Acc ETF|Broad Market / Other|Broad Market / Other|EUR|38.83|25.84|-19.77|0.58|16.91||21.4|0.1846|930
IE00B5M4WH52|IUSP.DE|iShares JPM EM Local Govt Bond UCITS ETF USD D|Fixed Income|Bonds|EUR|39.96|6.58|-5.02|0.28|3.84||5571.4|0.17960000000000004|931
IE00BN4Q0370|AW10.DE|UBS MSCI World ex USA Climate Paris Aligned UCITS USD acc ETF|Broad Market / Other|Broad Market / Other|EUR|23.1|25.02|-16.56|0.51|14.78||65.8|0.17880000000000001|932
IE000G6GSP88|H4Z7.DE|HSBC FTSE EPRA Nareit Developed UCITS ETF USD Acc|Broad Market / Other|Broad Market / Other|EUR|25.03|11.54|-9.62|0.37|6.28|||0.1776|933
IE000J6CHW80|EM1A.DE|VanEck US Fallen Angel High Yield Bond UCITS ETF|Fixed Income|Bonds|EUR|21.64|5.85|-3.31|0.24|3.38||68.7|0.1738|934
IE000AON7ET1|ARXX.DE|ARK Space & Defence Innovation UCITS ETF USD Acc|Broad Market / Other|Broad Market / Other|EUR|4.89|29.85|-19.11|0.55|18.51||48.2|0.16780000000000006|935
LU2023679090|ELCR.DE|Amundi MSCI Smart Mobility UCITS ETF A|Broad Market / Other|Broad Market / Other|EUR|25.53|32.77|-18.28|0.53|19.21||195.2|0.1644|936
IE000SGVQIZ9|W450.DE|HSBC MSCI Pacific ex Japan UCITS ETF USD Acc|Broad Market / Other|Broad Market / Other|EUR|18.61|23.71|-16.86|0.5|13.93||1415.8|0.1628|937
LU0446734526|UIMD.DE|UBS MSCI Pacific ex Japan UCITS ETF USD dis|Broad Market / Other|Broad Market / Other|EUR|47.73|23.97|-16.88|0.5|13.86||124.9|0.16240000000000004|938
IE00BKPSPT20|FTGS.DE|First Trust Gl Cap Strength ESG Lds UCITS ETF AUSD|Broad Market / Other|Broad Market / Other|EUR|38.55|9.53|-6.47|0.29|4.76||29.8|0.1606|939
DE000A0H08G5|EXH2.DE|iShares STOXX Europe 600 Financial Services UCITS (DE) ETF|Financials|Banks & Financial Services|EUR|92.07|16.25|-13.11|0.42|8.77|12.05|103.5|0.1578|940
LU2109787551|SADM.DE|Amundi MSCI Emerging Markets ESG Selection - UCITS DR (C) ETF|Broad Market / Other|Broad Market / Other|EUR|73.95|28.87|-17.65|0.51|16.68||1216.1|0.15700000000000003|941
IE00B1FZS574|IQQ5.DE|iShares MSCI Turkey UCITS USD (Dist) ETF|Broad Market / Other|Broad Market / Other|EUR|19.06|26.95|-13.68|0.43|13.46||131.3|0.15639999999999998|942
IE000JLXYKJ8|E0UA.DE|iShares Govt Bond 0-3 month UCITS EUR (Acc) ETF|Fixed Income|Bonds|EUR|5.21|0.78|-0.25|0.16|2.12||34.7|0.155|943
IE00B4MKCJ84|2B7B.DE|iShares S&P 500 Materials Sector UCITS ETF|Materials|Materials|EUR|9.82|27.17|-17.29|0.5|15.67||218.0|0.1542|944
LU2244387887|EGRE.DE|BNP Paribas Easy Growth Europe UCITS ETF Cap|Broad Market / Other|Broad Market / Other|EUR|11.67|13.98|-9.42|0.34|6.81|18.43|22.6|0.1516|945
LU2439119236|ACUU.DE|Amundi MSCI AC Far East Ex Japan ESG Selection - UCITS DR - USD (C) ETF|Broad Market / Other|Broad Market / Other|EUR|64.54|28.23|-17.94|0.51|16.52|||0.1512|946
IE00BWTN6Y99|HDLV.DE|Invesco S&P 500 High Div Low Vlty UCITS ETF Dist|Broad Market / Other|Broad Market / Other|EUR|32.11|11.82|-9.01|0.33|5.92|||0.14980000000000002|947
FR0010510800|L8I3.DE|Amundi EUR Overnight Return UCITS ETF Acc|Broad Market / Other|Broad Market / Other|EUR|114.58|0.3|-0.05|0.15|2.05||3245.5|0.149|948
IE00072RHT03|IVCS.DE|Invesco Cybersecurity UCITS ETF|Broad Market / Other|Broad Market / Other|EUR|7.28|36.62|-35.13|0.85|33.23||11.1|0.14739999999999998|949
IE000QUCVEN9|RIZD.DE|Rize Global Sustainable Infrastructure UCITS USD acc ETF|Utilities|Utilities|EUR|5.39|23.38|-15.21|0.45|12.42||88.1|0.14579999999999999|950
NL0009690239|TRET.DE|VanEck Global Real Estate UCITS ETF|Real Estate|Real Estate|EUR|38.87|12.55|-10.02|0.34|6.21|20.02|442.2|0.13960000000000003|951
IE000K9Z3SF5|C3AE.DE|Invesco S&P China A 300 Swap UCITS ETF Acc|Broad Market / Other|Broad Market / Other|EUR|5.97|19.66|-12.18|0.38|9.39||16.6|0.13640000000000002|952
IE000WA6L436|CEBE.DE|iShs V-iBds Dec 2026 Term EO CReg.Shs () EUR Dis. oN|Broad Market / Other|Broad Market / Other|EUR|5.59|1.18|-0.29|0.14|2.17||1210.2|0.1342|953
LU0322253732|DX2I.DE|Xtrackers MSCI Europe Screened UCITS 1C ETF|Broad Market / Other|Broad Market / Other|EUR|204.4|25.08|-16.43|0.46|13.54||99.7|0.13140000000000002|954
IE00BJ5JP329|3SUE.DE|iShares MSCI Wld Cons Stpls Sec Adv UCITS ETF USDD|Broad Market / Other|Broad Market / Other|EUR|5.18|13.84|-10.93|0.35|6.84||104.8|0.1314|955
IE000AYJ75E5|BE26.DE|Invesco BulletShares 2026 EUR Corporate Bond UCITS - Dist ETF|Fixed Income|Bonds|EUR|5.41|0.8|-0.27|0.13|2.11||9.8|0.1246|956
IE0004QWOTD5|BSE6.DE|Invesco BulletShares 2026 EUR Corporate Bond UCITS - Acc ETF|Fixed Income|Bonds|EUR|5.79|1.24|-0.28|0.13|2.16||9.8|0.12440000000000001|957
DE000A0Q4R69|EXIA.DE|iShares DAX ESG UCITS (DE) ETF|Broad Market / Other|Broad Market / Other|EUR|8.01|15.71|-11.54|0.35|7.52|17.67|128.4|0.1192|958
LU0629460675|UIMR.DE|UBS MSCI EMU Socially Responsible UCITS EUR dis ETF|Broad Market / Other|Broad Market / Other|EUR|141.32|14.4|-11.17|0.34|6.94|18.29||0.11660000000000004|959
IE000RN58M26|CBUV.DE|iShares Metaverse UCITS ETF USD (Acc)|Information Technology|Technology Hardware & Software|EUR|11.48|19.53|-20.3|0.52|12.15||97.2|0.11399999999999999|960
IE00BMFNW783|7RIP.DE|US Global Investors Travel UCITS ETF Acc|Consumer Discretionary|Consumer Discretionary|EUR|9.02|23.4|-13.92|0.39|11.02||24.6|0.11160000000000003|961
IE000W8WMSL2|WQTM.DE|WisdomTree Quantum Computing UCITS - USD Acc ETF|Broad Market / Other|Broad Market / Other|EUR|34.42|38.79|-26.09|0.63|26.36||333.9|0.10819999999999996|962
IE0007Y8Y157|QUTM.DE|VanEck Quantum Computing UCITS ETF|Broad Market / Other|Broad Market / Other|EUR|26.77|31.49|-23.74|0.58|20.13||887.6|0.10520000000000002|963
LU2470620761|AHYF.DE|Amundi Global Agg SRI 1-5 UCITS DR - USD (C) ETF|Broad Market / Other|Broad Market / Other|EUR|49.1|2.86|-1.78|0.14|2.39|||0.10440000000000002|964
DE000A0H08J9|EXH4.DE|iShares STOXX Europe 600 Industrial Goods & Services UCITS (DE) ETF|Industrials|Industrials|EUR|117.82|20.24|-13.28|0.37|9.5|27.98|587.6|0.10439999999999999|965
IE00BLRB0242|G1CE.DE|Invesco Global Clean Energy UCITS ETF Acc|Energy|Energy|EUR|20.84|23.74|-23.28|0.57|15.47||128.1|0.10439999999999994|966
IE000YPOHA39|RONS.DE|Invesco EUR Overnight Return Swap UCITS ETF Acc|Broad Market / Other|Broad Market / Other|EUR|5.14|1.53|-0.39|0.11|2.17||5.0|0.1022|967
LU1832418773|LMWE.DE|Amundi FTSE EPRA NAREIT Global II UCITS ETF Dist|Broad Market / Other|Broad Market / Other|EUR|40.53|11.37|-9.96|0.3|5.41|20.52|64.8|0.10079999999999997|968
LU1691909508|VOOM.DE|Amundi Global Gender Equality|Broad Market / Other|Broad Market / Other|EUR|17.96|24.48|-16.58|0.43|12.6||43.2|0.09840000000000004|969
IE00BMW42520|ESIN.DE|iShares MSCI Europe Industr Sector UCITS ETF EUR A|Broad Market / Other|Broad Market / Other|EUR|9.56|20.21|-13.11|0.36|9.23|26.63|1313.8|0.0978|970
IE00BLRB0028|G1CD.DE|Invesco Global Clean Energy UCITS ETF Dist|Energy|Energy|EUR|19.69|23.48|-23.25|0.56|15.07||128.1|0.09500000000000003|971
IE00BYSZ5R67|SPP3.DE|StSt SPDR BBG 3-7 Y U.S. Treas Bd UCITS ETF Dist|Broad Market / Other|Broad Market / Other|EUR|23.93|5.03|-4.06|0.17|2.83|||0.08880000000000002|972
LU1861137484|MIVB.DE|Amundi MSCI Eu SRI Cl Paris Aligned UCITS ETF DR A|Broad Market / Other|Broad Market / Other|EUR|90.27|13.43|-10.2|0.29|5.94|21.39||0.086|973
IE00BH04GW44|VX6F.DE|Vanguard U.K. Gilt UCITS ETF GBP Acc|Fixed Income|Bonds|EUR|23.82|7.8|-5.35|0.19|3.52|||0.083|974
IE00B3W74078|SYBG.DE|State Street SPDR Bloomberg UK Gilt UCITS ETF|Fixed Income|Bonds|EUR|47.84|7.85|-5.42|0.19|3.53||921.0|0.0816|975
IE00B5MJYX09|SC0S.DE|Invesco STOXX Europe 600 Optimised Industrial Goods & Services UCITS Acc ETF|Industrials|Industrials|EUR|570.1|19.72|-12.63|0.33|8.53|27.66|7.6|0.07740000000000002|976
IE0003KQ8JX1|JPGD.DE|JPM US Gro Eq Active UCITS ETF - USD (dist)|Broad Market / Other|Broad Market / Other|EUR|34.74|17.23|-14.63|0.37|8.37|||0.07739999999999997|977
IE0005CH3U28|JPGR.DE|JPM US Gro Eq Active UCITS ETF - USD (acc)|Broad Market / Other|Broad Market / Other|EUR|34.88|17.05|-14.63|0.37|8.36|||0.07739999999999997|977
IE000ON9GR24|MAXS.DE|iShares US Large CapMax Bffr Sep UCITS ETF USD Acc|Broad Market / Other|Broad Market / Other|EUR|4.79|22.27|-15.2|0.38|10.53||30.6|0.07600000000000001|979
IE000DS9ZCL4|JRDC.DE|JPM China A Research Enhanced Index Equity (ESG) UCITS ETF USD (dist)|Broad Market / Other|Broad Market / Other|EUR|20.45|18.54|-11.72|0.31|7.73||22.5|0.07559999999999997|980
LU1900067601|LTUR.DE|Amundi MSCI Turkey UCITS ETF Acc|Broad Market / Other|Broad Market / Other|EUR|49.65|32.79|-18.76|0.45|16.78|11.63|87.4|0.07479999999999998|981
IE00BYXPXL17|SXR0.DE|iShares Edge MSCI World Minimum Volatility UCITS EUR Hedged (Acc) ETF|Broad Market / Other|Broad Market / Other|EUR|8.63|8.55|-5.27|0.18|3.54|||0.0746|982
IE00BLCHJN13|LI7U.DE|Global X Lithium and Battery Tech UCITS ETF USDAcc|Information Technology|Technology Hardware & Software|EUR|10.95|31.61|-26.28|0.6|21.09||131.5|0.07439999999999991|983
IE00BF2FNQ44|TRD7.DE|Invesco US Treasury Bond 3-7 Year UCITS ETF Dist|Fixed Income|Bonds|EUR|32.35|5.22|-3.97|0.15|2.79|||0.0706|984
IE00B5MTYK77|SC02.DE|Invesco STOXX Europe 600 Optimised Financial Services UCITS Acc ETF|Financials|Banks & Financial Services|EUR|497.95|16.02|-12.17|0.31|6.99|12.07|6.5|0.06659999999999999|985
IE000SIZJ2B2|IB26.DE|iShares iBonds Dec 2026 Term EUR Corp UCITS EUR (Dist) ETF|Broad Market / Other|Broad Market / Other|EUR|5.05|0.69|-0.18|0.07|2.05||1210.2|0.0664|986
IE00BWBXM500|ZPDF.DE|StSt SPDR S&P US Financials Sel Sctr UCITS ETF Acc|Financials|Banks & Financial Services|EUR|56.94|14.17|-12.75|0.32|6.53||739.6|0.065|987
LU1215451524|UIM2.DE|UBS Factor MSCI EMU Quality Screened UCITS EUR dis ETF|Broad Market / Other|Broad Market / Other|EUR|27.75|13.6|-10.85|0.28|5.84|21.63||0.06300000000000003|988
IE00BL0BMZ89|VVGM.DE|VanEck Morningstar Gl Wide Moat UCITS ETF USD A|Broad Market / Other|Broad Market / Other|EUR|32.44|12.81|-10.92|0.28|5.56||168.0|0.061600000000000016|989
LU2082999058|INDB.DE|Amundi STOXX Europe 600 Telecommunications UCITS Dist ETF|Broad Market / Other|Broad Market / Other|EUR|68.16|17.96|-16.54|0.39|8.92|17.9||0.05920000000000003|990
LU2300294316|ECR1.DE|Amundi EUR Corporate Bond 0-1Y ESG - UCITS DR (C) ETF|Fixed Income|Bonds|EUR|55.34|0.55|-0.11|0.06|2.03||512.6|0.0578|991
IE00BDDRF478|IU5C.DE|iShares S&P 500 Communication Sctr UCITS ETF USD A|Communication Services|Communication Services|EUR|12.39|18.13|-10.65|0.27|6.92||1332.9|0.05700000000000002|992
IE000JZYIUN0|XDG7.DE|Xtrackers MSCI Global SDG 7 Affordable and Clean Energy UCITS ETF|Energy|Energy|EUR|24.49|32.12|-22.22|0.5|18.05||32.7|0.05560000000000004|993
IE0008YN0OY8|XWEB.DE|Xtrackers MSCI World Minimum Volatility ESG UCITS ETF|Broad Market / Other|Broad Market / Other|EUR|40.83|22.77|-14.73|0.35|10.04||34.9|0.05539999999999995|994
IE00B4JNQZ49|QDVH.DE|iShares S&P 500 Financials Sector UCITS ETF USD A|Financials|Banks & Financial Services|EUR|14.17|14.17|-12.76|0.31|6.45||2440.2|0.054800000000000015|995
IE00B1FZS350|IQQ6.DE|iShares Dvlp Mrkts Prop Yld UCITS ETF USD Dist|Broad Market / Other|Broad Market / Other|EUR|21.16|11.25|-10.1|0.25|4.81|||0.048000000000000015|996
DE000A0D8Q49|EXX5.DE|iShares Dow Jones U.S. Select Dividend UCITS (DE) ETF|Broad Market / Other|Broad Market / Other|EUR|97.48|32.62|-17.74|0.4|15.1||474.1|0.04520000000000007|997
IE00B0M62V02|IQQG.DE|iShares Euro Total Market Growth Large UCITS EUR (Dist) ETF|Broad Market / Other|Broad Market / Other|EUR|70.18|20.11|-12.5|0.29|7.83|28.64|348.6|0.03999999999999998|998
IE00BF0M6N54|ETLH.DE|L&G Ecommerce Logistics UCITS ETF USD Acc|Industrials|Industrials|EUR|17.22|15.61|-12.61|0.29|6.59||74.0|0.0378|999
IE000JNHCBM6|WNDY.DE|Global X Wind Energy UCITS ETF|Energy|Energy|EUR|10.1|21.04|-20.19|0.44|11.28||7.9|0.036199999999999954|1000
IE00BNKF6C99|XZEC.DE|Xtrackers Stoxx European Market Leaders UCITS 1C ETF|Broad Market / Other|Broad Market / Other|EUR|64.01|13.57|-11.27|0.26|5.49|20.76|7.2|0.03460000000000002|1001
IE00BF0M2Z96|BATE.DE|L&G Battery Value-Chain UCITS ETF USD Acc|Broad Market / Other|Broad Market / Other|EUR|26.26|32.63|-28.82|0.61|21.8||820.2|0.03359999999999996|1002
IE000BRM9046|IVDF.DE|Invesco Defence Innovation UCITS ETF Acc|Broad Market / Other|Broad Market / Other|EUR|8.54|34.88|-22.0|0.47|18.5||160.9|0.02999999999999997|1003
LU2641054551|XG01.DE|Xtrackers II Germany Government Bond 0-1 UCITS ETF|Fixed Income|Bonds|EUR|35.17|0.48|-0.1|0.03|2.02||511.0|0.027999999999999997|1004
IE00BKVL7331|MVEA.DE|iShares Edge MSCI USA Min Vol Adv UCITS ETF USD A|Broad Market / Other|Broad Market / Other|EUR|7.96|23.42|-16.35|0.35|10.15||110.5|0.022999999999999965|1005
IE000RW7V8Q4|BCFH.DE|UBS EUR Ultra-Short Bond Screened UCITS EUR acc ETF|Fixed Income|Bonds|EUR|5.38|0.4|-0.09|0.02|2.01||32.5|0.0182|1006
IE000MRIQ479|LDGA.DE|L&G Global Quality Dividends UCITS ETF USD Acc|Broad Market / Other|Broad Market / Other|EUR|10.45|17.33|-12.75|0.27|6.72||426.1|0.015000000000000013|1007
IE000U6ABUJ7|IRFT.DE|First Trust RBA Amer Indust Rnssnc UCITS ETF A USD|Broad Market / Other|Broad Market / Other|EUR|22.99|25.65|-22.81|0.47|14.04||249.9|0.013799999999999979|1008
IE00036F4K40|XDG3.DE|Xtrackers MSCI Global SDG 3 Good Health UCITS ETF|Health Care|Pharmaceuticals & Biotech|EUR|34.47|26.3|-19.82|0.41|12.85||28.9|0.013599999999999945|1009
IE00B5ZR2157|PJS1.DE|PIMCO Euro Short Maturity UCITS ETF EUR Inc|Broad Market / Other|Broad Market / Other|EUR|97.24|0.48|-0.36|0.02|2.01||1695.1|0.0128|1010
IE000TD32PU3|MBSR.DE|Regan Total Return Income UCITS ETF USD Acc|Broad Market / Other|Broad Market / Other|EUR|9.49|22.13|-14.97|0.3|8.55||1.2|0.0005999999999999894|1011
DE000A0S9GB0|4GLD.DE|Deutsche Boerse Commodities Xetra-Gold ETC|Materials|Materials|EUR|119.67|26.12|-22.49|0.45|13.65|||0.00020000000000003348|1012
IE000WXLHR76|TUCP.DE|Janus Henderson EUR Ultrashort IG Bond Paris-aligned Climate Core UCITS ETF|Fixed Income|Bonds|EUR|10.92|0.47|-0.1|-0.0|2.0|||-0.002|1013
LU2082997789|INDU.DE|Amundi STOXX Europe 600 Industrials UCITS Dist ETF|Industrials|Industrials|EUR|202.55|20.43|-13.1|0.26|7.3|30.11|414.3|-0.0020000000000000018|1014
IE00B44CND37|SYBT.DE|StSt SPDR Bloomberg U.S. Treas Bond UCITS ETF Dist|Fixed Income|Bonds|EUR|82.79|5.7|-4.22|0.08|2.45|||-0.004399999999999987|1015
LU2402389261|APXJ.DE|Amundi MSCI Pacific Ex Japan SRI Climate Paris Aligned UCITS DR - EUR (D) ETF|Broad Market / Other|Broad Market / Other|EUR|9.53|12.48|-7.3|0.14|3.79|19.46||-0.005999999999999978|1016
LU1589349734|MIVU.PA|Amundi MSCI USA Minimum Vol Factor - UCITS ETF (C)|Broad Market / Other|Broad Market / Other|EUR|101.07|22.99|-15.84|0.31|9.02||40.5|-0.006799999999999973|1017
LU1720938841|UEFE.DE|UBS JPM EM Mlt-Fc Enhcd LC Bond UCITS ETF USD dis|Fixed Income|Bonds|EUR|11.33|22.14|-13.91|0.27|7.91||84.7|-0.008199999999999985|1018
IE00B4ND3602|PPFB.DE|iShares Physical Gold ETC|Materials|Materials|EUR|72.26|26.18|-22.56|0.44|13.62|||-0.011199999999999988|1019
IE00BM67HQ30|XDWU.DE|Xtrackers MSCI World Utilities UCITS 1C ETF|Utilities|Utilities|EUR|39.43|13.12|-11.78|0.22|4.88||948.0|-0.015599999999999975|1020
IE00B40B8R38|2B7D.DE|iShares S&P 500 Consumer Staples Sector UCITS ETF|Consumer Staples|Consumer Staples|EUR|8.7|26.79|-16.85|0.32|10.65||532.6|-0.017000000000000015|1021
IE00BGYWFS63|VAGT.DE|Vanguard USD Treasury Bond UCITS ETF Acc|Fixed Income|Bonds|EUR|23.64|5.28|-4.04|0.06|2.31|||-0.0208|1022
IE00BCHWNT26|XUFN.DE|Xtrackers MSCI USA Financials UCITS 1D ETF|Financials|Banks & Financial Services|EUR|34.95|14.53|-13.24|0.24|5.56||1044.1|-0.02479999999999999|1023
IE0007UPSEA3|CBU8.DE|iShares iBond Dec 2026 Term $ Corp UCITS ETF USD D|Broad Market / Other|Broad Market / Other|EUR|4.48|22.05|-15.64|0.27|7.98|||-0.042800000000000005|1024
LU0321464652|DXS1.DE|Xtrackers II GBP Overnight Rate Swap UCITS 1D ETF|Broad Market / Other|Broad Market / Other|EUR|212.5|19.82|-13.22|0.22|6.45||195.6|-0.04440000000000002|1025
IE00BL25JN58|XDEB.DE|Xtrackers MSCI World Minimum Volatility UCITS 1C ETF|Broad Market / Other|Broad Market / Other|EUR|45.24|22.76|-15.63|0.26|7.83||1402.9|-0.05259999999999998|1026
LU0908508814|XGIU.DE|Xtrackers II Global Inflation-Linked Bond UCITS 5C ETF|Fixed Income|Bonds|EUR|22.36|6.68|-2.87|0.0|2.03|||-0.0574|1027
IE000FP52WM7|D6AT.DE|Global X Disruptive Materials UCITS ETF USD Acc|Materials|Materials|EUR|20.54|38.05|-26.48|0.47|20.0||53.2|-0.059599999999999986|1028
LU0429459356|XUTD.DE|Xtrackers II US Treasuries UCITS ETF 1D|Broad Market / Other|Broad Market / Other|EUR|165.53|5.31|-4.11|0.02|2.13|||-0.062200000000000005|1029
IE00B8FHGS14|IQQ0.DE|iShares Edge MSCI Wld Min Vol UCITS ETF USD A|Broad Market / Other|Broad Market / Other|EUR|67.46|22.75|-15.64|0.25|7.75|||-0.06280000000000002|1030
IE00B5MTWZ80|SC0X.DE|Invesco STOXX Europe 600 Optimised Technology UCITS Acc ETF|Broad Market / Other|Broad Market / Other|EUR|159.82|23.11|-18.06|0.29|8.81|25.08|6.7|-0.07119999999999999|1031
IE00BK95B138|SNA2.DE|iShares $ Treasury Bond UCITS ETF USD Dist|Fixed Income|Bonds|EUR|3.61|5.21|-4.06|0.01|2.06|||-0.0712|1032
LU0322253229|DX2E.DE|Xtrackers S&P Global Infrastructure Swap UCITS 1C ETF|Utilities|Utilities|EUR|66.71|23.57|-15.11|0.23|7.39||702.4|-0.07219999999999996|1033
LU2469465822|XCNA.DE|Xtrackers MSCI China A Screened Swap UCITS ETF|Broad Market / Other|Broad Market / Other|EUR|18.6|27.67|-16.31|0.25|8.86||100.2|-0.07619999999999999|1034
IE00BZ0G8977|SYBY.DE|StSt SPDR Bloomberg U.S. TIPS UCITS ETF Dist|Broad Market / Other|Broad Market / Other|EUR|24.06|5.58|-3.98|0.0|2.02|||-0.0796|1035
IE00BGYWFK87|VUCE.DE|Vanguard USD Corporate Bond UCITS ETF USD Acc|Fixed Income|Bonds|EUR|53.1|5.62|-4.48|0.01|2.04|||-0.07960000000000002|1036
IE00BJK9HH50|BBTR.DE|JPM BetaBuilders US Trs Bond UCITS ETF USD Acc|Fixed Income|Bonds|EUR|92.88|5.37|-4.22|-0.0|1.97|||-0.08439999999999999|1037
LU0613540268|XBO2.DE|Xtrackers II Italy Government Bond 0-1 Swap UCITS 1C ETF|Fixed Income|Bonds|EUR|34.25|3.93|-1.22|-0.06|1.75||44.2|-0.0844|1038
IE00BNC1F287|ECLM.DE|Guinness Sustainable Energy UCITS ETF Acc|Energy|Energy|EUR|6.97|29.69|-19.77|0.31|11.31||16.2|-0.08539999999999998|1039
IE00B44CGS96|EUNX.DE|iShares US Aggregate Bond UCITS ETF USD (Dist)|Fixed Income|Bonds|EUR|80.41|5.26|-4.33|0.0|2.01|||-0.0866|1040
IE00BVZ6SP04|PJSR.DE|PIMCO Euro Short Maturity UCITS ETF EUR Acc|Broad Market / Other|Broad Market / Other|EUR|107.73|0.5|-0.39|-0.08|1.96||1695.1|-0.0878|1041
IE00B459R192|SYBU.DE|StSt SPDR BBG U.S. Aggregate Bond UCITS ETF Dist|Fixed Income|Bonds|EUR|80.38|5.57|-4.4|0.0|2.02||173.8|-0.08800000000000001|1042
LU0779800910|XCHA.DE|Xtrackers CSI300 Swap UCITS 1C ETF|Broad Market / Other|Broad Market / Other|EUR|17.8|28.1|-16.43|0.24|8.81||2051.9|-0.08860000000000001|1043
IE0000902GT6|WMGT.DE|WisdomTree Megatrends UCITS - USD Acc ETF|Broad Market / Other|Broad Market / Other|EUR|36.65|34.19|-22.48|0.36|14.24||68.1|-0.08960000000000001|1044
IE00B1FZSC47|IUST.DE|iShares $ TIPS UCITS ETF USD (Acc)|Broad Market / Other|Broad Market / Other|EUR|222.78|5.27|-4.0|-0.01|1.97|||-0.09|1045
LU1452600270|TIUP.DE|Amundi US TIPS UCITS ETF Dist|Broad Market / Other|Broad Market / Other|EUR|101.64|5.4|-4.04|-0.01|1.94|||-0.09079999999999999|1046
IE00BX7RQY03|UBUR.DE|UBS Factor MSCI USA Low Volatility UCITS USD dis ETF|Broad Market / Other|Broad Market / Other|EUR|29.39|11.3|-8.63|0.08|2.87|||-0.0926|1047
IE00B5MJYC95|SC0R.DE|Invesco STOXX Europe 600 Optimised Travel & Leisure UCITS Acc ETF|Consumer Discretionary|Consumer Discretionary|EUR|280.15|21.84|-14.16|0.19|6.1|14.78|6.6|-0.0932|1048
IE00BZ6V7883|QDVP.DE|iShares US Mortgage Backed Sec UCITS ETF USD D|Broad Market / Other|Broad Market / Other|EUR|3.56|5.59|-4.74|0.0|2.01|||-0.09480000000000001|1049
IE00BKFB6K94|CNUA.DE|UBS MSCI China A SF UCITS USD acc ETF|Broad Market / Other|Broad Market / Other|EUR|148.4|29.47|-16.76|0.24|9.17||145.4|-0.09520000000000006|1050
IE000PSF3A70|XDGI.DE|Xtrackers MSCI Global SDGs UCITS ETF|Broad Market / Other|Broad Market / Other|EUR|31.03|25.65|-17.3|0.25|8.38||7.6|-0.09600000000000003|1051
IE00B1TXK627|IQQQ.DE|iShares Global Water UCITS ETF USD (Dist)|Materials|Materials|EUR|65.47|12.22|-9.04|0.08|2.94||2219.4|-0.10079999999999999|1052
IE00B52XQP83|IBC4.DE|iShares MSCI South Africa UCITS ETF USD (Acc)|Broad Market / Other|Broad Market / Other|EUR|50.72|31.25|-21.8|0.33|12.41||285.4|-0.10599999999999998|1053
IE0000UJ3480|CBU5.DE|iShares iBond Dec 2028 Term $ Corp UCITS ETF USD A|Broad Market / Other|Broad Market / Other|EUR|104.46|22.0|-15.82|0.21|6.55|||-0.10640000000000002|1054
IE000KHX9DX6|RARE.DE|WisdomTree Strategic Metals and Rare Earths Miners UCITS USD Acc ETF|Materials|Materials|EUR|45.89|40.47|-28.89|0.47|21.21||946.9|-0.1078|1055
DE000A2T0VU5|XGDU.DE|Xtrackers Ie Physical Gold ETC|Materials|Materials|EUR|57.23|34.13|-22.57|0.34|13.52|||-0.1114|1056
LU2755521270|DXPJ.DE|Xtrackers MSCI Pacific ex Japan UCITS ETF|Broad Market / Other|Broad Market / Other|EUR|10.3|24.34|-16.81|0.22|7.38||1538.4|-0.1162|1057
IE0000VITHT2|CBU4.DE|iShares iBond Dec 2028 Term $ Corp UCITS ETF USD D|Broad Market / Other|Broad Market / Other|EUR|4.5|22.03|-15.83|0.2|6.3|||-0.11659999999999998|1058
DE000A1E0HR8|XAD5.DE|Xtrackers Physical Gold (EUR) ETC|Materials|Materials|EUR|356.34|34.14|-22.62|0.33|13.36|||-0.12240000000000001|1059
LU2233156582|PRAB.DE|Amundi Prime Euro Government Bond 0-1Y UCITS Acc ETF|Fixed Income|Bonds|EUR|21.77|0.66|-0.18|-0.12|1.92||731.3|-0.1236|1060
FR0010527275|LYM8.DE|Amundi MSCI Water UCITS ETF Dist|Materials|Materials|EUR|69.48|12.44|-10.22|0.08|2.97|22.56|1576.0|-0.12440000000000002|1061
IE00BJGWQN72|WTEJ.DE|WisdomTree Cloud Computing UCITS ETF USD Acc|Information Technology|Technology Hardware & Software|EUR|36.64|40.94|-33.95|0.55|24.33||357.7|-0.129|1062
IE00BK5BC891|XMLC.DE|L&G Clean Water UCITS ETF USD Acc|Materials|Materials|EUR|18.2|14.76|-11.02|0.09|3.27||771.5|-0.1304|1063
IE000LGHLQ71|BSE7.DE|Invesco BulletShares 2027 EUR Corporate Bond UCITS - Acc ETF|Fixed Income|Bonds|EUR|5.71|1.61|-0.73|-0.12|1.81||10.3|-0.1346|1064
LU0429458895|D5BE.DE|Xtrackers II US Treasuries 1-3 UCITS ETF|Broad Market / Other|Broad Market / Other|EUR|147.73|22.03|-15.89|0.18|5.98||217.9|-0.13780000000000003|1065
IE000U58J0M1|Q8Y0.DE|iShares Global Clean Energy Trnstn UCITS ETF USD A|Energy|Energy|EUR|22.47|28.39|-26.93|0.4|13.4||3528.6|-0.13859999999999995|1066
IE00B1XNHC34|IQQH.DE|iShares Global Clean Energy Trnstn UCITS ETF USD D|Energy|Energy|EUR|8.76|28.27|-27.07|0.4|13.34||3528.6|-0.14139999999999997|1067
LU1310477036|AH50.DE|Xtrackers Harvest CSI A500 UCITS 1D ETF|Broad Market / Other|Broad Market / Other|EUR|28.75|21.08|-14.58|0.15|5.12||13.9|-0.14160000000000003|1068
IE00BMVB5K07|V20A.DE|Vanguard LifeStrategy 20% Equity UCITS ETF EUR Acc|Broad Market / Other|Broad Market / Other|EUR|25.78|4.61|-3.61|-0.07|1.66||118.1|-0.1422|1069
DE000A0H08H3|EXH3.DE|iShares STOXX Europe 600 Food & Beverage UCITS (DE) ETF|Consumer Staples|Consumer Staples|EUR|61.04|17.05|-12.77|0.11|3.94|21.1|319.2|-0.14540000000000003|1070
IE00BCRY5Y77|IS3J.DE|iShares $ Short Dur Corp Bd UCITS ETF USD Dist|Broad Market / Other|Broad Market / Other|EUR|87.42|22.0|-15.82|0.17|5.79|||-0.1464|1071
LU2082997359|DFOP.DE|Amundi STOXX Europe 600 Consumer Staples UCITS Dist ETF|Consumer Staples|Consumer Staples|EUR|126.78|15.4|-11.83|0.09|3.34|18.82|95.0|-0.1466|1072
LU0721552544|UEFF.DE|UBS Core BBG US Treasury 1-3 UCITS USD dis ETF|Fixed Income|Bonds|EUR|21.33|22.03|-15.93|0.17|5.84|||-0.14859999999999998|1073
IE00BLCHJB90|XB0T.DE|Global X Robotics & AI UCITS ETF USD Acc|Information Technology|Technology Hardware & Software|EUR|21.6|25.89|-16.03|0.17|6.38||163.1|-0.15059999999999998|1074
FR0010754200|18M1.DE|Amundi Euro Government Bond 0-6 M UCITS ETF Acc|Fixed Income|Bonds|EUR|127.37|0.33|-0.06|-0.15|1.95||913.2|-0.1512|1075
DE000A0H08S0|EXV9.DE|iShares STOXX Europe 600 Travel & Leisure UCITS (DE) ETF|Consumer Discretionary|Consumer Discretionary|EUR|24.6|22.03|-14.06|0.13|4.84|16.09|71.9|-0.1512|1075
IE000MO2MB07|WTRE.DE|WisdomTree New Economy Real Est UCITS ETF USD Acc|Broad Market / Other|Broad Market / Other|EUR|25.76|19.61|-13.63|0.12|4.42||23.4|-0.1526|1077
LU1834985845|LFOD.DE|Amundi STOXX Europe 600 Consum Staples UCITS ETF A|Broad Market / Other|Broad Market / Other|EUR|90.5|15.66|-11.84|0.08|3.25|19.73|95.0|-0.1568|1078
IE00BD9MMF62|JEST.DE|JPM EUR Ultra-Short Income Active UCITS EUR (acc) ETF|Broad Market / Other|Broad Market / Other|EUR|110.36|0.66|-0.37|-0.15|1.9||1789.1|-0.15739999999999998|1079
IE00BLRPQH31|RIZF.DE|Rize Sustainable Future of Food UCITS ETF USD Acc|Consumer Staples|Consumer Staples|EUR|3.28|15.25|-11.4|0.07|3.08||61.4|-0.158|1080
LU1287022708|LGQM.DE|Amundi Pan Africa UCITS Acc ETF|Broad Market / Other|Broad Market / Other|EUR|14.56|33.08|-19.41|0.23|9.74||112.9|-0.15819999999999998|1081
IE000X9TLGN8|WTER.DE|WisdomTree New Economy Real Estate UCITS ETF USD|Real Estate|Real Estate|EUR|23.62|19.84|-13.56|0.11|4.21||23.4|-0.1612|1082
IE00BD4DX952|XQUA.DE|Xtrackers ESG USD Emerging Markets Bond Quality Weighted UCITS 1D ETF|Fixed Income|Bonds|EUR|8.83|5.77|-4.66|-0.07|1.58|||-0.1632|1083
IE00BDBRT036|QCLN.DE|First Trust Nasdaq Cln Edge Grn En UCITS ETF A USD|Information Technology|Technology Hardware & Software|EUR|16.93|39.49|-31.2|0.46|20.2||44.2|-0.16399999999999998|1084
IE00BKWQ0D84|SPYC.DE|StSt SPDR MSCI Europe Consumer Staples UCITS ETF|Consumer Staples|Consumer Staples|EUR|226.4|15.49|-12.47|0.08|3.19|19.16|144.5|-0.1694|1085
IE000RRCJI06|GIGU.DE|Goldman Sachs USD InvGr Crp Bd Act UCITS ETF USD D|Broad Market / Other|Broad Market / Other|EUR|43.18|5.72|-5.22|-0.07|1.6|||-0.1744|1086
IE00B43QJJ40|SYBZ.DE|StSt SPDR BBG Global Aggregate Bond UCITS ETF Dis|Fixed Income|Bonds|EUR|21.97|3.63|-2.73|-0.12|1.57|||-0.1746|1087
LU0322252338|DXS6.DE|Xtrackers MSCI Pacific ex Japan Screened UCITS ETF|Broad Market / Other|Broad Market / Other|EUR|82.32|26.19|-16.98|0.16|6.27||1538.4|-0.1796|1088
IE00B6X2VY59|IS0Y.DE|iShares   Cp Bd IntRt Hedg ESG SRI UCITS ETF EURD|Broad Market / Other|Broad Market / Other|EUR|98.51|2.27|-1.02|-0.16|1.63||232.8|-0.1804|1089
IE00B5MTYL84|SC03.DE|Invesco STOXX Europe 600 Optimised Food & Beverage UCITS Acc ETF|Consumer Staples|Consumer Staples|EUR|386.5|16.73|-13.16|0.08|3.26|20.33|5.2|-0.18319999999999997|1090
IE000NVDQXE1|FTGA.DE|First Trust Indxx Gl Aerospc &Dfnc UCITS ETF A USD|Broad Market / Other|Broad Market / Other|EUR|28.75|20.53|-13.17|0.08|3.62||155.3|-0.1834|1091
IE000FI414K7|UKPH.DE|iShares UK Property UCITS EUR Hedged (Acc) ETF|Real Estate|Real Estate|EUR|3.92|19.96|-17.69|0.17|5.36|||-0.1838|1092
LU0274211480|DBXD.DE|Xtrackers DAX UCITS 1C ETF|Broad Market / Other|Broad Market / Other|EUR|235.8|15.98|-12.28|0.06|2.97|17.89|7278.0|-0.1856|1093
IE00B3FH7618|EUN6.DE|iShares   Govt Bond 0-1yr UCITS ETF EUR D|Fixed Income|Bonds|EUR|98.86|0.61|-0.32|-0.18|1.89|||-0.18639999999999998|1094
IE000OJ5TQP4|ASWC.DE|Future of Defence UCITS - Acc ETF|Broad Market / Other|Broad Market / Other|EUR|18.73|30.89|-22.64|0.26|10.14||3385.6|-0.19280000000000003|1095
LU1645386308|SEAD.DE|UBS J.P. Morgan USD EM Diversified Bond 1-5 UCITS hEUR dis ETF|Fixed Income|Bonds|EUR|9.12|3.1|-2.15|-0.15|1.54|||-0.193|1096
LU0252633754|LYY7.DE|Amundi DAX II UCITS Acc ETF|Broad Market / Other|Broad Market / Other|EUR|229.75|16.0|-12.31|0.05|2.87|19.87|1068.6|-0.19619999999999999|1097
IE00B6TLBW47|IS0Q.DE|iShares J.P. Morgan $ EM Corp Bd UCITS ETF USD D|Broad Market / Other|Broad Market / Other|EUR|76.69|21.73|-15.31|0.11|4.33|||-0.19620000000000004|1098
DE000A2QP331|EXIC.DE|iShares Core DAX UCITS (DE) EUR (Dist) ETF|Broad Market / Other|Broad Market / Other|EUR|7.09|15.99|-12.34|0.05|2.72|17.66|8852.5|-0.19679999999999997|1099
DE0005933931|EXS1.DE|iShares Core DAX UCITS (DE) EUR (Acc) ETF|Broad Market / Other|Broad Market / Other|EUR|208.05|15.95|-12.35|0.05|2.84|17.87|8852.5|-0.197|1100
LU1048314949|UEF7.DE|UBS BBG US Liquid Corp 1-5 UCITS ETF USD dis|Broad Market / Other|Broad Market / Other|EUR|11.94|21.96|-15.89|0.12|4.56|||-0.19780000000000003|1101
IE00BQT3WG13|36BZ.DE|iShares MSCI China A UCITS ETF USD (Acc)|Broad Market / Other|Broad Market / Other|EUR|5.02|18.65|-12.64|0.05|2.96|||-0.20280000000000004|1102
IE00BMW42074|ESIS.DE|iShares MSCI Europe Consumer Staples Sector UCITS EUR (Acc) ETF|Consumer Staples|Consumer Staples|EUR|5.72|16.32|-12.66|0.05|2.84|19.79|471.4|-0.2032|1103
IE000MINO564|ENDH.DE|L&G Emerging Markets Government Bond (USD) 0-5 Year Screened UCITS EUR Acc Hedged ETF|Fixed Income|Bonds|EUR|11.73|6.23|-2.71|-0.15|1.05|||-0.2042|1104
IE00BGBN6P67|BNXG.DE|Invesco CoinShares Global Blockchain UCITS ETF Acc|Broad Market / Other|Broad Market / Other|EUR|170.6|41.18|-29.72|0.39|18.23||1137.1|-0.20439999999999992|1105
IE00B6YX5L24|SYBL.DE|State Street SPDR Bloomberg 15+ Year Gilt UCITS ETF|Fixed Income|Bonds|EUR|37.99|13.27|-10.35|0.0|2.03||250.8|-0.207|1106
DE000A0H08P6|EXH8.DE|iShares STOXX Europe 600 Retail UCITS (DE) ETF|Consumer Discretionary|Consumer Discretionary|EUR|44.13|19.43|-12.96|0.05|2.97|21.38|11.2|-0.20920000000000005|1107
IE000YU9K6K2|JEDI.DE|VanEck Space Innovators UCITS ETF|Broad Market / Other|Broad Market / Other|EUR|70.2|47.46|-44.05|0.67|34.02||1752.1|-0.21099999999999985|1108
IE000UL6CLP7|SLVR.DE|Global X Silver Miners UCITS ETF USD Acc|Materials|Materials|EUR|36.81|56.84|-37.55|0.54|32.75||1728.4|-0.21099999999999985|1108
IE000LHP8TA1|JAGG.DE|JPM Glbl Aggrgte Bd Active UCITS ETF - USD (dist)|Broad Market / Other|Broad Market / Other|EUR|8.75|4.09|-3.04|-0.16|1.35|||-0.2208|1110
IE00BKWQ0H23|SPYH.DE|StSt SPDR MSCI Europe Health Care UCITS ETF|Health Care|Pharmaceuticals & Biotech|EUR|219.65|16.62|-12.58|0.03|2.42|21.31|576.1|-0.2216|1111
LU2641054122|XE01.DE|Xtrackers II Eurozone Government Bond 0-1 UCITS ETF|Fixed Income|Bonds|EUR|35.63|0.25|-0.08|-0.23|1.94||18.8|-0.2316|1112
IE000G4ONBO6|FFGC.DE|Fidelity Global Government Bond Climate Aware UCITS - EUR Hedged Inc ETF|Fixed Income|Bonds|EUR|4.61|4.42|-3.11|-0.17|1.25|||-0.23220000000000002|1113
IE000ZOI8OK5|IB27.DE|iShares iBond Dec 2027 Term   Corp UCITS ETF EUR A|Broad Market / Other|Broad Market / Other|EUR|5.65|1.34|-0.67|-0.22|1.71||1287.7|-0.2334|1114
LU0592217524|XMKA.DE|Xtrackers MSCI Africa Top 50 Swap UCITS 1C ETF|Broad Market / Other|Broad Market / Other|EUR|8.98|20.33|-16.2|0.09|3.81||93.1|-0.234|1115
IE000LZ7BZW8|26TP.DE|iShares iBonds Dec 2026 Term Italy Govt Bond UCITS EUR (Dist) ETF|Fixed Income|Bonds|EUR|5.06|0.75|-0.23|-0.23|1.83||9.7|-0.2346|1116
IE00BDQZ5152|SXRF.DE|iShares $ Intermediate Credit Bond UCITS ETF USD D|Fixed Income|Bonds|EUR|4.2|5.22|-5.38|-0.13|1.35|||-0.2376|1117
IE00BLCHJH52|R4RU.DE|Global X Renw Energy Producers UCITS ETF USD Acc|Energy|Energy|EUR|10.12|21.33|-20.03|0.16|5.42||11.3|-0.2406|1118
LU0875160326|RQFI.DE|Xtrackers Harvest CSI300 UCITS 1D ETF|Broad Market / Other|Broad Market / Other|EUR|11.15|27.48|-16.6|0.09|4.5||309.9|-0.24200000000000002|1119
IE00B7J7TB45|IS0X.DE|iShares Global Corp Bond UCITS ETF USD Dist|Fixed Income|Bonds|EUR|75.37|4.26|-3.65|-0.17|1.26|||-0.243|1120
LU0950676469|CHSV.DE|UBS Core BBG US Treasury 1-10 UCITS ETF USD acc|Fixed Income|Bonds|EUR|10.85|21.99|-16.25|0.08|3.81||62.1|-0.245|1121
LU0721552973|UEFI.DE|UBS Core BBG US Treasury 7-10 UCITS USD dis ETF|Fixed Income|Bonds|EUR|33.22|21.98|-16.26|0.08|3.85||62.1|-0.24520000000000003|1122
IE00BMVB5L14|V20D.DE|Vanguard LifeStrategy 20% Equity UCITS ETF EUR Dis|Broad Market / Other|Broad Market / Other|EUR|22.07|4.08|-3.54|-0.18|1.25||118.1|-0.2508|1123
IE00BWTNM966|FTGG.DE|First Trust Germany AlphaDEX UCITS ETF|Broad Market / Other|Broad Market / Other|EUR|34.01|20.03|-14.6|0.04|2.76|12.92|7.2|-0.252|1124
LU1834986900|LHTC.DE|Amundi STOXX Europe 600 Healthcare UCITS ETF Acc|Health Care|Pharmaceuticals & Biotech|EUR|146.84|16.01|-12.43|-0.01|1.8|23.4||-0.2586|1125
IE0009Y1MQJ2|FCRN.DE|iShares World Eqt Factor Rota Actv UCITS ETF USD A|Broad Market / Other|Broad Market / Other|EUR|5.96|46.45|-29.54|0.33|17.49||257.4|-0.2608|1126
IE000ANYHV73|WELR.DE|Amundi S&P World Communication Services Screened UCITS Dist ETF|Communication Services|Communication Services|EUR|19.94|18.44|-14.7|0.03|2.51|17.58|266.3|-0.264|1127
IE00B9MRJJ36|XDGM.DE|Xtrackers MDAX ESG Screened UCITS ETF|Broad Market / Other|Broad Market / Other|EUR|22.39|18.48|-12.75|-0.01|1.83|13.92|91.6|-0.265|1128
IE00BQQP9F84|G2X.DE|VanEck Gold Miners UCITS ETF USD A|Materials|Materials|EUR|88.76|48.88|-35.81|0.45|24.0||4463.6|-0.26620000000000005|1129
IE00BMW42181|ESIH.DE|iShares MSCI Europe Health Care Sector UCITS EUR (Acc) ETF|Health Care|Pharmaceuticals & Biotech|EUR|6.9|16.49|-12.82|-0.01|1.89|21.12|890.2|-0.2664|1130
IE00BP3QZJ36|IS3U.DE|iShares MSCI France UCITS EUR (Acc) ETF|Broad Market / Other|Broad Market / Other|EUR|62.23|14.02|-10.86|-0.05|1.3|17.51|224.8|-0.2672|1131
IE000GGQK173|R8T.DE|abrdn Future Real Estate UCITS ETF USD Acc|Real Estate|Real Estate|EUR|9.75|24.79|-18.35|0.09|4.31||69.3|-0.277|1132
DE000A0Q4R36|EXV4.DE|iShares STOXX Europe 600 Health Care UCITS (DE) ETF|Health Care|Pharmaceuticals & Biotech|EUR|108.62|16.26|-12.57|-0.03|1.55|21.42|708.9|-0.2814|1133
LU0292103222|DXSE.DE|Xtrackers MSCI Europe Health Care UCITS ETF|Health Care|Pharmaceuticals & Biotech|EUR|218.3|16.57|-12.67|-0.03|1.53|21.25|301.6|-0.2834|1134
IE000YG82CF0|UCTD.L|iShares MSCI USA Clmt Trans Aware UCITS ETF USD D|Broad Market / Other|Broad Market / Other|USD|5.33|43.97|-30.34|0.32|16.04||7.5|-0.2868|1135
LU2082997516|EHLT.DE|Amundi STOXX Europe 600 Healthcare UCITS Dist ETF|Health Care|Pharmaceuticals & Biotech|EUR|185.68|16.03|-12.46|-0.04|1.35|21.42|906.1|-0.2892|1136
LU2673523218|XB27.DE|Xtrackers II Target Maturity Sept 2027 EUR Corporate Bond UCITS ETF|Fixed Income|Bonds|EUR|25.95|0.7|-0.47|-0.28|1.8||152.2|-0.28940000000000005|1137
IE00B6R52036|IS0E.DE|iShares Gold Producers UCITS ETF USD (Acc)|Materials|Materials|EUR|36.29|53.04|-35.49|0.42|24.37||4817.7|-0.2898|1138
IE0003A512E4|AAKI.DE|ARK AI & Robotics UCITS ETF USD Acc|Information Technology|Technology Hardware & Software|EUR|10.37|37.46|-31.13|0.33|14.48||325.6|-0.2925999999999999|1139
IE000GDU4WA8|ZINS.DE|Jupiter Global Government Bd Active UCITS ETF Acc|Broad Market / Other|Broad Market / Other|EUR|9.06|22.55|-16.65|0.04|2.8||18.4|-0.293|1140
IE000XOS4OJ6|BE27.DE|Invesco BulletShares 2027 EUR Corporate Bond UCITS - Dist ETF|Fixed Income|Bonds|EUR|5.33|1.25|-0.79|-0.28|1.65||10.3|-0.2958|1141
LU0879397742|UEFY.DE|UBS SBI Foreign AAA-BBB 1-5 ESG UCITS CHF dis ETF|Broad Market / Other|Broad Market / Other|EUR|12.36|12.29|-7.93|-0.14|0.23||775.1|-0.2986|1142
LU0292109856|DBX9.DE|Xtrackers MSCI China A UCITS ETF|Broad Market / Other|Broad Market / Other|EUR|34.05|28.03|-17.2|0.04|3.1||137.2|-0.304|1143
IE00B3B8PX14|IUS5.DE|iShares Gl Infl Lnk Govt Bd UCITS ETF USD Acc|Broad Market / Other|Broad Market / Other|EUR|142.5|21.88|-15.29|0.0|2.1|||-0.30579999999999996|1144
LU1048316647|UEF9.DE|UBS Core BBG US Liquid Corp UCITS ETF USD dis|Broad Market / Other|Broad Market / Other|EUR|12.34|5.59|-5.1|-0.21|0.81|||-0.312|1145
IE00BQQP9G91|G2XJ.DE|VanEck Junior Gold Miners UCITS ETF USD A|Materials|Materials|EUR|93.82|53.84|-38.1|0.45|26.19||1416.1|-0.312|1145
LU0322250985|DX2G.DE|Xtrackers CAC 40 UCITS 1D ETF|Broad Market / Other|Broad Market / Other|EUR|80.34|14.32|-10.92|-0.1|0.61|16.75|115.3|-0.3184|1147
IE000GA3D489|ARXK.DE|ARK Innovation UCITS ETF USD Acc|Broad Market / Other|Broad Market / Other|EUR|9.01|43.01|-35.42|0.39|18.58||313.5|-0.3184|1147
IE00BMDH1538|HDR0.DE|VanEck Hydrogen Economy UCITS ETF USD A|Broad Market / Other|Broad Market / Other|EUR|7.7|38.57|-35.49|0.39|17.15||114.8|-0.3198|1149
LU2089239193|PRAS.DE|Amundi Core US Treasury Bond UCITS ETF Acc|Fixed Income|Bonds|EUR|17.71|22.1|-16.6|0.01|2.19||26.0|-0.322|1150
LU2182388749|PR1H.DE|Amundi US Treasury Bond 0-1Y UCITS EUR Hedged Acc ETF|Fixed Income|Bonds|EUR|21.49|0.48|-0.12|-0.32|1.85|||-0.3224|1151
LU1931975319|PR1S.DE|Amundi Core US Treasury Bond UCITS ETF Dist|Fixed Income|Bonds|EUR|16.35|22.06|-16.68|0.01|2.21||26.0|-0.3236|1152
IE00BF2FN646|TRDX.DE|Invesco US Treasury Bond 7-10 Year UCITS ETF Dist|Fixed Income|Bonds|EUR|29.8|5.84|-4.74|-0.23|0.64|||-0.32480000000000003|1153
IE00B1FZS798|IUSM.DE|iShares $ Treasury Bd 7-10y UCITS ETF USD Dist|Fixed Income|Bonds|EUR|146.26|5.63|-4.78|-0.24|0.62|||-0.3356|1154
DE000A2T5DZ1|XGDE.DE|Xtrackers IE Physical Gold EUR Hedged Securities ETC|Materials|Materials|EUR|50.73|27.73|-25.78|0.18|6.98|||-0.33560000000000006|1155
IE0009JOT9U1|IGLD.DE|iShares Physical Gold EUR Hedged ETC|Materials|Materials|EUR|72.49|27.96|-25.18|0.16|6.44|||-0.3436|1156
IE000FVQW7E7|GLBD.DE|Invesco Gl Crp Bd ESG Cl Transition UCITS ETF Dist|Broad Market / Other|Broad Market / Other|EUR|4.4|4.34|-3.78|-0.27|0.84|||-0.3456|1157
IE00B7KMNP07|UBUD.DE|UBS Solactive Global Pure Gold Miners UCITS USD dis ETF|Materials|Materials|EUR|46.53|56.91|-37.53|0.4|24.56||547.8|-0.3506|1158
IE00BF2FN752|TRXA.DE|Invesco US Treasury Bond 7-10 Year UCITS Acc ETF|Fixed Income|Bonds|EUR|37.73|5.78|-5.11|-0.25|0.58|||-0.3522|1159
IE00BYSZ5T81|SPP7.DE|StSt SPDR BBG 7-10 Y U.S. Treas Bd UCITS ETF Dist|Broad Market / Other|Broad Market / Other|EUR|21.6|5.7|-4.79|-0.26|0.51|||-0.3558|1160
LU2970735911|AEHY.DE|Amundi Core EUR High Yield Bond UCITS ETF Acc|Fixed Income|Bonds|EUR|10.26|3.62|-3.07|-0.3|0.9|||-0.3614|1161
DE000A1EK0G3|XAD1.DE|Xtrackers Physical Gold Euro Hedged ETC|Materials|Materials|EUR|234.36|27.75|-25.33|0.14|5.9|||-0.3665999999999999|1162
IE000S2QZKI8|JIGG.DE|JPM Global IG Corp Bond Active UCITS ETF USD A|Fixed Income|Bonds|EUR|9.08|4.27|-3.84|-0.29|0.75|||-0.36679999999999996|1163
IE00B87G8S03|IS0Z.DE|iShares Global AAA-AA Govt Bd UCITS ETF USD D|Broad Market / Other|Broad Market / Other|EUR|68.28|21.59|-15.37|-0.06|0.8||230.5|-0.3674|1164
IE00BYYR0489|IUSS.DE|iShares MSCI Saudi Arabia Capped UCITS ETF USD A|Broad Market / Other|Broad Market / Other|EUR|5.56|13.87|-11.9|-0.13|0.14||549.0|-0.368|1165
IE00BWBXM278|ZPDD.DE|StSt SPDR S&P US Con Dis Sel Sector UCITS ETF Acc|Broad Market / Other|Broad Market / Other|EUR|61.84|20.01|-13.91|-0.09|0.16||135.7|-0.36819999999999997|1166
IE00BG0J4957|UDHY.DE|iShares Broad $ High Yield Corp Bd UCITS ETF USD D|Fixed Income|Bonds|EUR|4.06|22.18|-18.01|-0.01|1.75|||-0.37020000000000003|1167
IE00B5MTZM66|SC05.DE|Invesco STOXX Europe 600 Optimised Retail UCITS Acc ETF|Consumer Discretionary|Consumer Discretionary|EUR|247.35|19.81|-14.81|-0.08|0.37|20.19|1.3|-0.37620000000000003|1168
IE00B5MJYY16|SC0T.DE|Invesco STOXX Europe 600 Optimised Health Care UCITS Acc ETF|Health Care|Pharmaceuticals & Biotech|EUR|402.35|15.64|-12.87|-0.12|0.07|20.94|11.4|-0.37739999999999996|1169
IE000PY7F8J9|RIZJ.DE|Rize USA Environmental Impact UCITS USD Acc ETF|Broad Market / Other|Broad Market / Other|EUR|5.35|33.67|-23.2|0.08|4.8||7.9|-0.38399999999999995|1170
LU0879399441|UEFZ.DE|UBS SBI Foreign AAA-BBB 5-10 ESG UCITS CHF dis ETF|Broad Market / Other|Broad Market / Other|EUR|14.66|12.81|-7.96|-0.23|-1.0||410.4|-0.3892|1171
IE000YK1TO74|JYEH.DE|JPMorgan Global High Yield Corporate Bond Multi-Factor UCITS ETF EUR Hedged (dist)|Fixed Income|Bonds|EUR|88.56|3.54|-3.08|-0.33|0.83|||-0.3916|1172
DE000A1E0HS6|XAD6.DE|Xtrackers Physical Silver (EUR) ETC|Materials|Materials|EUR|509.3|62.17|-48.89|0.58|37.97|||-0.39780000000000004|1173
IE00BC7GZW19|SYBD.DE|StSt SPDR BBG 0-3 Year Euro Corp Bd UCITS ETF Dis|Broad Market / Other|Broad Market / Other|EUR|29.58|2.59|-0.98|-0.38|1.02|||-0.3996|1174
IE000IUNJSL2|SEUA.DE|State Street SPDR Bloomberg 0-3 Year Euro Corporate Bond UCITS ETF|Fixed Income|Bonds|EUR|10.78|2.29|-1.14|-0.38|1.13|||-0.4028|1175
IE000AN3AFZ1|JOGS.DE|Jupiter Origin Global Smaller Companies Active UCITS Accumulating ETF|Broad Market / Other|Broad Market / Other|EUR|10.01|23.22|-16.71|-0.08|0.08||19.7|-0.4142|1176
LU0942970103|XBAG.DE|Xtrackers II ESG Global Aggregate Bond UCITS 1D ETF|Fixed Income|Bonds|EUR|33.25|21.66|-15.72|-0.1|-0.11|||-0.4144|1177
LU2037749152|PR1P.DE|Amundi Core USD Corporate Bond UCITS Dist ETF|Fixed Income|Bonds|EUR|15.12|22.2|-16.84|-0.08|0.22|||-0.4168|1178
LU1324516308|FRCK.DE|UBS BBG USD EM Sovereign UCITS ETF hEUR acc|Fixed Income|Bonds|EUR|12.64|5.62|-4.85|-0.32|0.18|||-0.417|1179
LU2089239276|PRAP.DE|Amundi Core USD Corporate Bond UCITS Acc ETF|Fixed Income|Bonds|EUR|18.5|22.21|-16.85|-0.08|0.16|||-0.41700000000000004|1180
IE00BGQYRR35|XUCD.DE|Xtrackers MSCI USA Cons Discretionary UCITS ETF 1D|Broad Market / Other|Broad Market / Other|EUR|81.54|19.62|-13.88|-0.14|-0.7||153.5|-0.4176|1181
IE00BQXKVQ19|XGLF.DE|Xtrackers MSCI GCC Select Swap UCITS 1C ETF|Broad Market / Other|Broad Market / Other|EUR|24.41|24.83|-20.58|-0.01|1.84||26.2|-0.4216|1182
LU1750178011|M9SV.DE|Market Access STOXX China A Minimum Variance Index UCITS - EUR Share Class ETF|Broad Market / Other|Broad Market / Other|EUR|138.48|10.23|-7.28|-0.28|-0.82|13.73|37.2|-0.42560000000000003|1183
IE000P3D0W60|WRNW.DE|WisdomTree Renewable Energy UCITS - USD Acc ETF|Energy|Energy|EUR|24.0|31.83|-28.38|0.14|6.5||36.7|-0.4276|1184
IE000PS0J481|B41J.DE|Global X European Infra Dev UCITS ETF EUR Acc|Broad Market / Other|Broad Market / Other|EUR|18.5|16.2|-12.25|-0.19|-1.12|19.37|587.9|-0.435|1185
IE0005B8WVT6|VE6I.DE|VanEck Sustainable Future of Food UCITS ETF|Consumer Staples|Consumer Staples|EUR|18.9|13.31|-9.31|-0.25|-1.33||14.2|-0.43620000000000003|1186
LU2611732806|AK8C.DE|Amundi Global Government Tilted Green Bond UCITS DIST ETF|Fixed Income|Bonds|EUR|17.65|21.84|-16.32|-0.11|-0.33|||-0.4364|1187
IE000H5X52W8|CEBD.DE|iShares iBond Dec 2027 Term   Corp UCITS ETF EUR D|Broad Market / Other|Broad Market / Other|EUR|5.11|0.98|-0.74|-0.43|1.57||1287.7|-0.4448|1188
IE000WJWZK35|CEBV.DE|iShares GBP Corp Bond 0-5yr UCITS EUR Hedged (Acc) ETF|Fixed Income|Bonds|EUR|5.6|2.36|-2.05|-0.41|1.03|||-0.45099999999999996|1189
IE0032895942|IBCD.DE|iShares $ Corp Bond UCITS ETF USD Dist|Fixed Income|Bonds|EUR|84.7|6.05|-5.63|-0.34|-0.05|||-0.4526|1190
IE00BHJYDV33|DEAM.DE|Invesco MDAX UCITS ETF|Broad Market / Other|Broad Market / Other|EUR|50.28|18.9|-14.47|-0.17|-1.16|15.18|759.3|-0.45940000000000003|1191
IE00B4MCHD36|QDVK.DE|iShares S&P 500 Cnsmr Dscrtnr Sctr UCITS ETF USD A|Broad Market / Other|Broad Market / Other|EUR|14.07|19.6|-13.65|-0.19|-1.75||787.8|-0.463|1192
IE00B5MTY309|SC01.DE|Invesco STOXX Europe 600 Optimised Construction & Materials UCITS Acc ETF|Materials|Materials|EUR|689.1|20.48|-15.23|-0.16|-1.23|19.02|31.8|-0.4646|1193
DE000A0H08F7|EXV8.DE|iShares STOXX Europe 600 Construction & Materials UCITS (DE) ETF|Materials|Materials|EUR|81.62|20.22|-15.3|-0.16|-1.22|18.87|811.2|-0.46599999999999997|1194
IE00BJ5JPJ87|IUSW.DE|iShares MSCI Saudi Arabia Capped UCITS ETF USD D|Broad Market / Other|Broad Market / Other|EUR|4.5|13.67|-12.0|-0.24|-1.34||549.0|-0.48|1195
IE00BYZK4883|2B79.DE|iShares Digitalisation UCITS ETF USD (Acc)|Broad Market / Other|Broad Market / Other|EUR|10.52|28.92|-32.04|0.16|6.6||813.4|-0.4808|1196
FR0011857234|MD4X.DE|Amundi MDAX UCITS Dist ETF|Broad Market / Other|Broad Market / Other|EUR|142.9|18.48|-14.63|-0.19|-1.5|15.63|198.9|-0.48260000000000003|1197
IE000H22E3N8|CBU0.DE|iShares Core GBP Corp Bond UCITS EUR Hedged (Acc) ETF|Fixed Income|Bonds|EUR|5.37|5.44|-4.2|-0.41|-0.26|||-0.494|1198
IE000BWKUES1|AKWA.DE|Global X Clean Water UCITS ETF USD Acc|Materials|Materials|EUR|26.87|14.06|-10.43|-0.3|-2.17||25.8|-0.5085999999999999|1199
LU1109942653|XHYG.DE|Xtrackers II EUR High Yield Corporate Bond UCITS 1D ETF|Fixed Income|Bonds|EUR|15.32|4.04|-2.81|-0.46|0.16||2774.7|-0.5162|1200
LU1109943388|XHYA.DE|Xtrackers II EUR High Yield Corporate Bond UCITS 1C ETF|Fixed Income|Bonds|EUR|23.87|4.09|-2.89|-0.46|0.1||2774.7|-0.5178|1201
LU0446734872|UIM9.DE|UBS MSCI Canada UCITS ETF CAD dis|Broad Market / Other|Broad Market / Other|EUR|57.18|75.64|-40.08|0.28|22.96|||-0.5216|1202
IE00BM67HP23|XDWC.DE|Xtrackers MSCI World Consumer Discretionary UCITS 1C ETF|Consumer Discretionary|Consumer Discretionary|EUR|57.83|18.51|-14.75|-0.23|-2.18||404.8|-0.525|1203
IE00041H4WT9|ASWG.DE|Future of Defence Screened UCITS ETF USD Acc|Broad Market / Other|Broad Market / Other|EUR|7.64|29.81|-21.32|-0.1|-1.06||6.8|-0.5264|1204
IE000AWRDWI7|CNFY.DE|Invesco ChiNext 50 UCITS Acc ETF|Broad Market / Other|Broad Market / Other|EUR|9.01|37.59|-29.13|0.05|3.7||222.0|-0.5326|1205
IE000BI0GCN3|CBUS.DE|iShares Core UK Gilts UCITS EUR Hedged (Dist) ETF|Broad Market / Other|Broad Market / Other|EUR|4.35|6.27|-5.66|-0.42|-0.62|||-0.5332|1206
IE00BK8JH525|SPFD.DE|StSt SPDR BBG EM Loc Bd USD BCCYHEUR UCITS ETF Acc|Broad Market / Other|Broad Market / Other|EUR|27.54|7.57|-6.7|-0.4|-1.05|||-0.534|1207
IE000PYIUPH0|CEMM.DE|iShares Core UK Gilts UCITS EUR Hedged (Acc) ETF|Broad Market / Other|Broad Market / Other|EUR|4.98|6.16|-5.72|-0.42|-0.58|||-0.5344|1208
LU0659579147|XBAK.DE|Xtrackers MSCI Pakistan Swap UCITS 1C ETF|Broad Market / Other|Broad Market / Other|EUR|1.5|36.38|-24.86|-0.04|0.48||22.6|-0.5372|1209
IE00B3F81K65|EUN3.DE|iShares Global Govt Bond UCITS ETF USD Dist|Fixed Income|Bonds|EUR|75.27|21.77|-17.62|-0.2|-2.37|||-0.5524|1210
LU1681046931|GC40.DE|Amundi CAC 40 ESG UCITS ETF DR - EUR C|Broad Market / Other|Broad Market / Other|EUR|138.84|15.56|-12.68|-0.3|-2.7|17.09|764.3|-0.5536|1211
IE00B6YX5M31|SYBJ.DE|StSt SPDR Bloomberg Euro HY Bond UCITS ETF Dist|Fixed Income|Bonds|EUR|49.21|4.68|-3.19|-0.49|-0.31||531.0|-0.5538|1212
IE00BMX0B524|VGUE.DE|Vanguard U.K. Gilt UCITS EUR hedged - Acc ETF|Fixed Income|Bonds|EUR|19.81|6.66|-6.23|-0.43|-0.88|||-0.5546|1213
IE00BD8D5G25|EUHA.DE|PIMCO Advantage Euro Short-Term High Yield Corporate Bond UCITS - EUR Accumulation ETF|Fixed Income|Bonds|EUR|12.18|3.41|-3.03|-0.51|0.26||635.4|-0.5706|1214
IE0004YRJHW4|BCFD.DE|UBS MSCI Canada Universal UCITS ETF CAD acc|Broad Market / Other|Broad Market / Other|EUR|8.71|75.99|-40.12|0.23|19.49||616.4|-0.5724|1215
IE0007WJ6B10|XDG6.DE|Xtrackers MSCI Global Clean Water & Sanitation UCITS ETF|Materials|Materials|EUR|31.71|25.41|-19.18|-0.19|-2.85||7.8|-0.5736|1216
IE00BD8D5H32|EUHI.DE|PIMCO Advantage Euro Short-Term High Yield Corporate Bond UCITS - EUR Income ETF|Fixed Income|Bonds|EUR|9.03|3.3|-2.85|-0.52|0.29||635.4|-0.5770000000000001|1217
IE00BJ5JP212|36BB.DE|iShares MSCI Wld Cons Dscrt Sec Adv UCITS ETF USDD|Broad Market / Other|Broad Market / Other|EUR|7.45|18.32|-15.07|-0.28|-3.19||116.7|-0.5814|1218
LU0592215403|XPQP.DE|Xtrackers MSCI Philippines UCITS 1C ETF|Broad Market / Other|Broad Market / Other|EUR|1.24|29.51|-19.19|-0.2|-3.77||43.7|-0.5838000000000001|1219
IE000ANOU8J3|CEB6.DE|iShares India INR Govt Bond UCITS USD (Acc) ETF|Fixed Income|Bonds|EUR|4.24|22.63|-21.72|-0.15|-1.3||30.0|-0.5843999999999999|1220
IE0002RPS3K2|HYCN.DE|Global X Hydrogen UCITS ETF|Broad Market / Other|Broad Market / Other|EUR|9.22|57.5|-53.87|0.49|30.06||39.2|-0.5873999999999999|1221
NL0010273801|VIGB.DE|VanEck iBoxx EUR Sov Cp AAA-AA 1-5 UC ETF|Broad Market / Other|Broad Market / Other|EUR|18.77|5.12|-3.06|-0.53|-0.73||50.4|-0.5912000000000001|1222
IE00079EUF59|BSE8.DE|Invesco BulletShares 2028 EUR Corporate Bond UCITS - Acc ETF|Fixed Income|Bonds|EUR|5.57|2.17|-1.7|-0.56|0.78||16.3|-0.5940000000000001|1223
IE000YSJPNV8|JEYE.DE|JPM EUR High Yield Bond Active UCITS ETF EUR D|Fixed Income|Bonds|EUR|9.73|4.05|-3.49|-0.53|-0.16|||-0.5998|1224
DE000A2T0VT7|XPPT.DE|Xtrackers IE Physical Platinum ETC |Broad Market / Other|Broad Market / Other|EUR|37.38|50.92|-43.05|0.26|15.4|||-0.601|1225
IE000NM0ALX6|WELJ.DE|Amundi S&P World Consumer Discretionary Screened UCITS Acc ETF|Consumer Discretionary|Consumer Discretionary|EUR|12.88|17.97|-14.62|-0.31|-3.61|23.19|283.2|-0.6024|1226
LU2023678449|GENY.DE|Amundi MSCI Millennials UCITS ETF Acc|Broad Market / Other|Broad Market / Other|EUR|15.88|24.53|-24.67|-0.11|-0.66||21.9|-0.6034|1227
IE00B3F81409|EUNU.DE|iShares Core Gl Aggregate Bd UCITS ETF USD Dis|Broad Market / Other|Broad Market / Other|EUR|3.75|4.0|-3.82|-0.53|-0.13|||-0.6064|1228
IE00B66F4759|EUNW.DE|iShares   High Yield Corp Bond UCITS ETF EUR D|Fixed Income|Bonds|EUR|87.97|3.57|-2.83|-0.56|0.0|||-0.6166|1229
IE00BWBXMB69|ZPDU.DE|StSt SPDR S&P US Utilities Sel Sctr UCITS ETF Acc|Utilities|Utilities|EUR|45.12|16.11|-15.12|-0.32|-3.21||189.4|-0.6224000000000001|1230
DE000A2UDH55|XSLE.DE|Xtrackers IE Physical Silver EUR Hedged ETC |Materials|Materials|EUR|64.87|60.75|-52.17|0.42|27.41|||-0.6234000000000002|1231
IE00BG0J4B71|EH1Y.DE|iShares Broad EUR High Yield Corp Bond UCITS EUR (Dist) ETF|Fixed Income|Bonds|EUR|4.7|3.91|-3.31|-0.56|-0.2|||-0.6262000000000001|1232
IE00BYZTVV78|QDVL.DE|iShares   Corp Bond 0-3Yr ESG SRI UCITS ETF EUR D|Fixed Income|Bonds|EUR|4.94|1.28|-0.93|-0.61|1.21|||-0.6285999999999999|1233
LU2611731667|AK8G.DE|Amundi MDAX ESG UCITS ETF|Broad Market / Other|Broad Market / Other|EUR|10.35|1.21|-0.7|-0.62|1.25||7.5|-0.634|1234
LU3061478973|XDEF.DE|Xtrackers Europe Defence Technologies UCITS ETF 1C|Broad Market / Other|Broad Market / Other|EUR|29.9|25.0|-18.49|-0.27|-4.85|30.98|41.7|-0.6397999999999999|1235
IE00BMDFDY08|UEEF.DE|iShares $ High Yield Corp Bond ESG SRI UCITS EUR Hedged (Acc) ETF|Fixed Income|Bonds|EUR|5.66|4.59|-3.26|-0.58|-0.64|||-0.6452|1236
LU2089238971|PRAG.DE|Amundi Prime Global Government Bond UCITS Acc ETF|Fixed Income|Bonds|EUR|17.16|4.4|-3.43|-0.58|-0.54|||-0.6486|1237
IE00B4KBBD01|2B7A.DE|iShares S&P 500 Utilities Sector UCITS ETF|Utilities|Utilities|EUR|8.87|28.08|-22.96|-0.19|-3.2||1323.6|-0.6492|1238
LU1645380368|FRC3.DE|UBS CoreBBG Euro Inflation Linked Bond 1-10 UCITS EUR dis ETF|Fixed Income|Bonds|EUR|14.02|2.63|-2.9|-0.6|0.42||416.0|-0.6579999999999999|1239
IE00BF3N7219|IBC7.DE|iShares Fallen Angels High Yield Corp Bond UCITS EUR Hedged (Dist) ETF|Fixed Income|Bonds|EUR|4.38|3.96|-3.47|-0.59|-0.34|||-0.6594|1240
IE000YSUEJ32|TIGA.DE|L&G India INR Government Bond UCITS ETF USD Acc|Fixed Income|Bonds|EUR|9.07|9.05|-10.06|-0.46|-2.16||681.4|-0.6612|1241
LU2823896738|BJLZ.DE|BNPPE ESG Enh EUR Crp Bd December 2029 UCITS ETF D|Broad Market / Other|Broad Market / Other|EUR|10.33|2.82|-2.2|-0.62|0.25||35.5|-0.664|1242
IE00BYMS5W68|KFTK.DE|Invesco KBW NASDAQ Fintech UCITS ETF Acc|Information Technology|Technology Hardware & Software|EUR|49.44|24.73|-21.71|-0.23|-3.74||66.1|-0.6642|1243
LU1645380442|CHSN.DE|UBS Core Euro Infl Linked 1-10 ETF|Broad Market / Other|Broad Market / Other|EUR|8.59|2.59|-2.8|-0.61|0.42||416.0|-0.6659999999999999|1244
IE00BJSFR200|HYLE.DE|iShares Global High Yield Corp Bond UCITS EUR Hedged (Dist) ETF|Fixed Income|Bonds|EUR|4.13|3.73|-2.83|-0.62|-0.33|||-0.6766|1245
LU2810185665|XB28.DE|Xtrackers II Target Maturity Sept 2028 EUR Corporate Bond UCITS ETF|Fixed Income|Bonds|EUR|35.79|1.8|-1.42|-0.65|0.84||36.5|-0.6784|1246
IE0004W4ZVJ5|INGE.DE|Amundi JP Morgan INR India Government Bond UCITS Acc ETF|Fixed Income|Bonds|EUR|8.54|7.41|-9.63|-0.49|-1.59||3.7|-0.6826|1247
IE000LKGEZQ6|BE28.DE|Invesco BulletShares 2028 EUR Corporate Bond UCITS - Dist ETF|Fixed Income|Bonds|EUR|5.21|1.91|-1.67|-0.65|0.76||16.3|-0.6834|1248
IE000ZC4C5Q1|BE29.DE|Invesco BulletShares 2029 EUR Corporate Bond UCITS - Dist ETF|Fixed Income|Bonds|EUR|5.06|2.69|-2.25|-0.64|0.28||8.9|-0.685|1249
IE00BWT3KJ20|UBUV.DE|UBS Factor MSCI USA Low Volatility UCITS hEUR acc ETF|Broad Market / Other|Broad Market / Other|EUR|29.05|10.6|-9.85|-0.49|-3.25|||-0.6869999999999999|1250
IE00BFZPF439|XAT1.DE|Invesco USD AT1 CoCo Bond UCITS - EUR Hdg Dist ETF|Fixed Income|Bonds|EUR|15.39|5.78|-4.43|-0.6|-1.49|||-0.6886|1251
IE0008UEVOE0|IVOA.DE|iShs V-iBds Dec 2028 Term EO CReg.Shs () EUR Dis. oN|Broad Market / Other|Broad Market / Other|EUR|5.67|2.01|-1.71|-0.66|0.67||2494.8|-0.6942|1252
IE000P5IB8I8|BSE9.DE|Invesco BulletShares 2029 EUR Corporate Bond UCITS - Acc ETF|Fixed Income|Bonds|EUR|5.44|2.66|-2.29|-0.65|0.26||8.9|-0.6958|1253
IE00B9M6RS56|IS3C.DE|iShares J.P. Morgan $ EM Bond EUR Hgd UCITS ETF D|Fixed Income|Bonds|EUR|64.18|6.08|-5.44|-0.6|-1.62||2148.1|-0.7088|1254
LU1737653631|10AK.DE|Amundi Core Global Government Bond UCITS Dist ETF|Fixed Income|Bonds|EUR|42.76|4.03|-3.11|-0.66|-0.68|||-0.7222000000000001|1255
LU2244386053|ASRF.DE|BNPP Easy EUR HY SRI Fossil Free UCITS ETF Cap|Broad Market / Other|Broad Market / Other|EUR|11.0|4.39|-3.74|-0.65|-0.84||605.2|-0.7248|1256
LU1812090543|LYQY.DE|Amundi EUR High Yield Corporate Bond ESG UCITS ETF Dist|Fixed Income|Bonds|EUR|105.28|3.99|-3.07|-0.67|-0.66||334.5|-0.7314|1257
IE00091SR7N7|CEBR.DE|iShares Global High Yield Corp Bond UCITS EUR Hedged (Acc) ETF|Fixed Income|Bonds|EUR|5.83|3.73|-2.7|-0.68|-0.55|||-0.7340000000000001|1258
LU3047998896|BJL8.DE|BNPPE Bloomberg Europe Defense UCITS ETF Cap|Industrials|Industrials|EUR|11.06|27.04|-20.22|-0.33|-6.85||562.7|-0.7343999999999999|1259
LU2008760592|ASR3.DE|BNPP Easy EUR Corp Bond SRI PAB 1-3Y UCITS ETF D|Fixed Income|Bonds|EUR|9.6|1.88|-1.38|-0.71|0.67||2556.7|-0.7375999999999999|1260
IE000264WWY0|IB28.DE|iShares iBonds Dec 2028 Term EUR Corp UCITS EUR (Dist) ETF|Broad Market / Other|Broad Market / Other|EUR|5.1|1.92|-1.47|-0.71|0.64|||-0.7394|1261
IE000VSFIC94|CBU1.DE|iShares Broad USD High Yield Corp Bond UCITS EUR Hedged (Acc) ETF|Fixed Income|Bonds|EUR|6.12|3.81|-3.06|-0.68|-0.61|||-0.7412000000000001|1262
IE00BJL36X53|ZPR6.DE|State Street SPDR ICE BofA 0-5 Year EM USD Government Bond UCITS ETF|Fixed Income|Bonds|EUR|30.34|2.53|-1.8|-0.71|0.21|||-0.746|1263
LU3047998979|EDEF.DE|BNP Paribas Easy Bloomberg Europe Defense UCITS Distribution ETF|Industrials|Industrials|EUR|11.04|26.86|-20.3|-0.34|-7.1||562.7|-0.746|1263
LU1974693662|UIQG.DE|UBS JPM Gl Gov ESG Liquid Bond UCITS ETF USD acc|Fixed Income|Bonds|EUR|8.34|3.76|-2.92|-0.69|-0.61|||-0.7484|1265
DE000A0Q4R44|EXI5.DE|iShares STOXX Europe 600 Real Estate UCITS (DE) ETF|Real Estate|Real Estate|EUR|12.72|16.11|-15.61|-0.44|-5.12|9.12|63.4|-0.7522|1266
IE00BZ0G8860|SYBN.DE|State Street SPDR Bloomberg 10+ Year U.S. Corporate Bond UCITS ETF|Fixed Income|Bonds|EUR|21.5|8.14|-8.37|-0.59|-2.83||63.0|-0.7574|1267
IE0005TF96I9|CIB0.DE|Vaneck Medical Robotics Bionic Ucits Etf|Information Technology|Technology Hardware & Software|EUR|16.41|19.52|-23.47|-0.29|-3.74||14.0|-0.7594|1268
IE00BKWD3B81|EHBA.DE|Invesco Euro Corporate Hybrid Bond UCITS Acc ETF|Fixed Income|Bonds|EUR|44.75|4.62|-3.72|-0.69|-1.17||379.7|-0.7644|1269
IE000TAA0GK0|NA7Y.DE|YieldMax Future of Dfnc Option Inc UCITS ETF USD D|Broad Market / Other|Broad Market / Other|EUR|39.15|22.51|-22.34|-0.32|-5.31||0.0|-0.7667999999999999|1270
IE00BG5QQ390|IU0E.DE|iShares USD Corp Bond 0-3yr ESG UCITS EUR Hedged (Acc) ETF|Fixed Income|Bonds|EUR|5.42|1.66|-0.84|-0.75|0.76|||-0.7668|1271
LU2037748774|ECR3.DE|Amundi EUR Corporate Bond 0-3Y ESG UCITS ETF DR C|Fixed Income|Bonds|EUR|54.34|1.19|-0.88|-0.75|1.11||3786.8|-0.7676|1272
LU2823896811|BJLW.DE|BNPPE ESG Enh EUR Crp Bd December 2029 UCITS ETF C|Broad Market / Other|Broad Market / Other|EUR|10.68|2.59|-2.21|-0.73|0.11||35.5|-0.7742|1273
IE00B27YCF74|IUSB.DE|iShares Global Timber & Forestry UCITS ETF USD D|Broad Market / Other|Broad Market / Other|EUR|19.93|17.57|-20.32|-0.37|-4.43||89.2|-0.7764|1274
IE00BJK55C48|AYE2.DE|iShares   Corp Bond Interest Rate Hedged ESG SRI UCITS ETF|Fixed Income|Bonds|EUR|5.74|4.17|-3.34|-0.71|-0.95|||-0.7767999999999999|1275
LU2439734141|8OUU.DE|Amundi Global Aggregate Bond ESG UCITS DR (C) ETF|Fixed Income|Bonds|EUR|41.5|3.56|-2.86|-0.72|-0.55|||-0.7772|1276
IE00BF3N7102|IBC2.DE|iShares USD High Yield Corp Bond UCITS EUR Hedged (Dist) ETF|Fixed Income|Bonds|EUR|3.75|3.85|-2.98|-0.72|-0.78|||-0.7796|1277
IE00BJ5JPH63|3SUD.DE|iShares J.P. Morgan USD EM Bond UCITS EUR Hedged (Acc) ETF|Fixed Income|Bonds|EUR|5.05|5.51|-5.53|-0.67|-1.71|||-0.7806000000000001|1278
IE00BGDPWV87|AYEP.DE|iShares Asia Property Yield UCITS USD (Acc) ETF|Real Estate|Real Estate|EUR|4.52|11.18|-12.71|-0.53|-3.95||220.6|-0.7842|1279
DE000A1EK0H1|XAD3.DE|Xtrackers Physical Platinum Euro Hedged ETC|Broad Market / Other|Broad Market / Other|EUR|89.47|48.32|-46.28|0.14|8.65|||-0.7856|1280
NL0009690247|TCBT.DE|VanEck iBoxx EUR Corporates UCITS ETF|Broad Market / Other|Broad Market / Other|EUR|16.37|5.33|-4.29|-0.7|-1.7||35.2|-0.7857999999999999|1281
IE00B4L5ZY03|EUNS.DE|iShares   CpBd exFin 1-5Yr ESG SRI UCITS ETF EURD|Broad Market / Other|Broad Market / Other|EUR|104.4|2.63|-1.87|-0.75|0.04||1349.3|-0.7874|1282
IE00B1FZS244|IQQ4.DE|iShares Asia Property Yield UCITS ETF USD Dist|Real Estate|Real Estate|EUR|18.28|11.33|-12.89|-0.53|-4.0||220.6|-0.7878000000000001|1283
IE00BKP5L730|SLMG.DE|iShares JP Morgan Advanced $ EM Bond UCITS EUR Hedged (Acc) ETF|Fixed Income|Bonds|EUR|4.75|5.67|-5.43|-0.68|-1.83|||-0.7886000000000001|1284
IE000GZD8ME7|GAEM.DE|Goldman Sachs Emerging Markets Green and Social Bond Active UCITS ETF EUR Hedged (Dist)|Fixed Income|Bonds|EUR|48.47|5.34|-3.96|-0.71|-1.78|||-0.7891999999999999|1285
IE000M02BVY5|GXHY.DE|Goldman Sachs EUR HY Bond Active UCITS ETF EUR Dis|Fixed Income|Bonds|EUR|48.36|4.09|-3.58|-0.72|-0.93||101.2|-0.7916|1286
IE000IHURBR0|29GI.DE|iShares iBonds Dec 2029 Term Corp UCITS EUR (Dist) ETF|Broad Market / Other|Broad Market / Other|EUR|5.04|2.58|-2.22|-0.75|0.08||941.6|-0.7944|1287
LU2244386137|ASRG.DE|BNPP Easy EUR HY SRI Fossil Free UCITS ETF Dis|Broad Market / Other|Broad Market / Other|EUR|8.84|4.48|-3.83|-0.72|-1.23||605.2|-0.7966|1288
IE00BKWQ0N82|SPYT.DE|StSt SPDR MSCI Europe Com Services UCITS ETF|Broad Market / Other|Broad Market / Other|EUR|72.31|15.61|-11.18|-0.58|-7.07|18.23|57.2|-0.8036|1289
LU1459799943|CHSS.DE|UBS Core US Treasury 10+ d ETF|Fixed Income|Bonds|EUR|7.92|8.79|-8.96|-0.63|-3.56|||-0.8092|1290
LU0489337690|D5BK.DE|Xtrackers FTSE Developed Europe Real Estate UCITS 1C ETF|Real Estate|Real Estate|EUR|22.27|15.91|-16.54|-0.48|-5.61|9.05|653.8|-0.8108|1291
LU2673523309|XB29.DE|Xtrackers II Target Maturity Sept 2029 EUR Corporate Bond UCITS ETF|Fixed Income|Bonds|EUR|25.82|2.31|-2.04|-0.77|0.21||236.5|-0.8108|1291
IE00B6QGFW01|IS0S.DE|iShares Emerging Asia Local Gvt Bd UCITS ETF USD D|Broad Market / Other|Broad Market / Other|EUR|74.03|5.95|-7.1|-0.67|-1.98||52.4|-0.812|1293
IE00B5MTZ595|SC04.DE|Invesco STOXX Europe 600 Optimised Personal & Household Goods UCITS Acc ETF|Broad Market / Other|Broad Market / Other|EUR|660.5|17.87|-15.34|-0.51|-7.12|18.94|5.6|-0.8168|1294
LU1812091194|LEEU.DE|Amundi FTSE EPRA Europ Real Estate UCITS ETF EUR D|Real Estate|Real Estate|EUR|27.68|15.9|-16.88|-0.48|-5.62||25.9|-0.8175999999999999|1295
IE000YYE6WK5|DFEN.DE|VanEck Defense UCITS ETF|Industrials|Industrials|EUR|52.41|26.22|-23.39|-0.35|-7.12||7440.0|-0.8178|1296
DE000A2UDH63|XPPE.DE|Xtrackers IE Physical Platinum EUR Hedged Securities ETC|Broad Market / Other|Broad Market / Other|EUR|31.38|48.53|-46.22|0.1|6.92|||-0.8244|1297
DE000A0H08N1|EXH7.DE|iShares STOXX Europe 600 Personal & Household Goods UCITS (DE) ETF|Broad Market / Other|Broad Market / Other|EUR|88.47|18.03|-15.83|-0.51|-7.21|19.43|187.7|-0.8266|1298
IE00BYVTMZ20|FAEU.DE|Invesco US HY Flln Angls UCITS ETF EUR Hdg Acc|Broad Market / Other|Broad Market / Other|EUR|27.19|5.51|-5.35|-0.72|-1.99|||-0.827|1299
IE000GE4QIR1|TRXL.DE|Invesco US Treasury Bond 10+ Year UCITS Acc ETF|Fixed Income|Bonds|EUR|3.99|8.86|-8.97|-0.65|-3.79|||-0.8294|1300
LU0292104030|DXSG.DE|Xtrackers MSCI Europe Communication Services UCITS ETF|Communication Services|Communication Services|EUR|85.39|16.62|-13.59|-0.56|-7.24|18.19|15.4|-0.8318000000000001|1301
IE0008GRJRO8|DFSV.DE|State Street SPDR S&P Europe Defense Vision UCITS ETF|Industrials|Industrials|EUR|9.95|28.22|-20.63|-0.42|-9.92|32.53|27.4|-0.8326|1302
IE000IAXNM41|DFNC.DE|iShares Europe Defence UCITS EUR (Acc) ETF|Broad Market / Other|Broad Market / Other|EUR|5.2|28.63|-20.23|-0.43|-10.3|33.5|375.5|-0.8346|1303
LU3038520774|EDFS.DE|Amundi Stoxx Europe Defense UCITS ETF A|Industrials|Industrials|EUR|5.78|27.55|-21.85|-0.4|-9.08|30.63|568.1|-0.8370000000000001|1304
IE00B87RLX93|IS3B.DE|iShares EUR Corp Bond Financials UCITS EUR (Dist) ETF|Financials|Banks & Financial Services|EUR|99.43|3.63|-2.88|-0.78|-0.83||495.8|-0.8376|1305
IE0002Y8CX98|EUDF.DE|WisdomTree Europe Defence UCITS - EUR Acc ETF|Broad Market / Other|Broad Market / Other|EUR|30.52|27.68|-19.51|-0.45|-10.42|31.98|4528.1|-0.8402000000000001|1306
IE00BYSZ5V04|SPPX.DE|StSt SPDR BBG 10+ Y U.S. Treas Bd UCITS ETF Dist|Broad Market / Other|Broad Market / Other|EUR|16.92|8.72|-9.06|-0.66|-3.76||135.4|-0.8412000000000001|1307
XS2399368575|NGTE.DE|Leverage Shares 1x ARK NextGen Internet|Broad Market / Other|Broad Market / Other|EUR|5.85|34.7|-34.34|-0.16|-3.51|||-0.8468000000000001|1308
IE00BFWXDY69|FVSH.DE|Franklin Euro Short Maturity UCITS ETF (Dis)|Broad Market / Other|Broad Market / Other|EUR|25.58|0.91|-0.35|-0.84|1.23||597.7|-0.847|1309
LU0494592974|XCS2.DE|Xtrackers II Australia Government Bond UCITS 1C ETF|Fixed Income|Bonds|EUR|148.13|90.29|-45.64|0.06|7.84|||-0.8528|1310
LU0328474803|DX2S.DE|Xtrackers S&P ASX 200 UCITS 1D ETF|Broad Market / Other|Broad Market / Other|EUR|44.42|90.61|-47.24|0.09|10.49||105.4|-0.8548000000000001|1311
IE00BP9F2J32|LDCE.DE|PIMCO Advantage Euro Low Duration Corporate Bond UCITS - EUR Income ETF|Fixed Income|Bonds|EUR|98.79|3.64|-2.77|-0.8|-0.9||178.9|-0.8554|1312
LU1435356495|LYXE.DE|Amundi USD High Yield Corp Bd ESG UCITS ETF EURH D|Fixed Income|Bonds|EUR|72.95|4.35|-3.34|-0.79|-1.46|||-0.8568|1313
IE00BSKRK281|IS06.DE|iShares   Corp Bond BBB-BB UCITS ETF EUR (Dist)|Fixed Income|Bonds|EUR|4.72|3.19|-2.86|-0.81|-0.58||439.7|-0.8672000000000001|1314
LU1407890620|DJAD.DE|Amundi US Treasury Bond Long Dated UCITS ETF Dist|Fixed Income|Bonds|EUR|83.92|8.65|-8.99|-0.69|-3.92|||-0.8697999999999999|1315
IE00BKWD3966|EHBD.DE|Invesco Euro Corporate Hybrid Bond UCITS Dist ETF|Fixed Income|Bonds|EUR|37.84|4.15|-3.51|-0.8|-1.3||379.7|-0.8702000000000001|1316
LU2098179695|CHSD.DE|UBS BBG Japan Gov 1-3 UCITS ETF JPY acc|Broad Market / Other|Broad Market / Other|EUR|6.54|6.88|-8.11|-0.71|-2.87|||-0.8722|1317
IE00B4L60045|EUNT.DE|iShares   Corp Bond 1-5 yr UCITS ETF EUR (Dist)|Fixed Income|Bonds|EUR|104.92|2.41|-1.96|-0.84|-0.03|||-0.8792|1318
IE00B5MTZ488|SC06.DE|Invesco STOXX Europe 600 Optimised Media UCITS Acc ETF|Communication Services|Communication Services|EUR|163.32|20.84|-23.0|-0.42|-6.65|23.79|3.8|-0.88|1319
LU2008761053|ASR5.DE|BNPP Easy EUR Corp Bond SRI PAB 3-5Y UCITS ETF D|Fixed Income|Bonds|EUR|9.04|3.15|-2.68|-0.83|-0.6||2527.6|-0.8835999999999999|1320
IE00BKPT2S34|IS3V.DE|iShares Global Inflation Linked Govt Bond UCITS EUR Hedged (Acc) ETF|Fixed Income|Bonds|EUR|4.44|4.89|-5.2|-0.78|-1.84|||-0.884|1321
DE000A0Q4RZ9|EXVM.DE|iShares eb.rexx Government Germany 0-1yr UCITS (DE) EUR (Dist) ETF|Broad Market / Other|Broad Market / Other|EUR|76.77|0.55|-0.28|-0.88|1.51||1793.4|-0.8856|1322
IE000LX17BP9|30IG.DE|iShares iBonds Dec 2030 Term Corp UCITS EUR (Dist) ETF|Broad Market / Other|Broad Market / Other|EUR|4.99|3.28|-2.82|-0.83|-0.73||1152.3|-0.8864|1323
IE00BM8QRZ79|S0LR.DE|Invesco Solar Energy UCITS ETF USD Acc|Energy|Energy|EUR|20.42|35.52|-40.35|-0.08|-0.83||179.9|-0.887|1324
IE0005YK6564|U3O8.DE|Sprott Uranium Miners UCITS ETF|Energy|Energy|EUR|10.69|47.21|-33.92|-0.21|-8.1||426.1|-0.8884|1325
IE00BDDRDY39|JMBE.DE|JPM USD Emerging Markets Sovereign Bond UCITS - EUR Hedged (acc) ETF|Fixed Income|Bonds|EUR|93.09|5.59|-5.05|-0.79|-2.4|||-0.891|1326
IE00B3T9LM79|SYBC.DE|State Street SPDR Bloomberg Euro Corporate Bond UCITS ETF|Fixed Income|Bonds|EUR|51.55|3.66|-3.06|-0.83|-1.05||756.7|-0.8912|1327
LU2178481649|XZE5.DE|Xtrackers II EURCorpBdShortDurSRI PAB UCITS ETF 1C|Broad Market / Other|Broad Market / Other|EUR|47.54|2.07|-1.66|-0.86|0.22||2047.3|-0.8932|1328
IE000F6G1DE0|IE1A.DE|iShares EUR Corp Bond 1-5yr UCITS EUR (Acc) ETF|Fixed Income|Bonds|EUR|5.46|2.3|-1.79|-0.86|0.03|||-0.8957999999999999|1329
IE000O1FWAW6|IG35.DE|iShares iBond Dec 2035 Term   Corp UCITS ETF EUR A|Broad Market / Other|Broad Market / Other|EUR|4.88|5.13|-5.42|-0.79|-2.05||94.8|-0.8984000000000001|1330
LU2673523481|XB31.DE|Xtrackers II Target Maturity Sept 2031 EUR Corporate Bond UCITS ETF|Fixed Income|Bonds|EUR|29.32|3.65|-3.2|-0.84|-1.07||234.3|-0.9039999999999999|1331
LU2446383338|ASRX.DE|BNPP Easy EUR Corp Bond SRI PAB 3-5Y UCITS ETF C|Fixed Income|Bonds|EUR|11.56|3.02|-2.7|-0.85|-0.57||2527.6|-0.904|1332
IE000W6YTDH7|BD30.DE|Invesco BulletShares 2030 EUR Corporate Bond UCITS - Dist ETF|Fixed Income|Bonds|EUR|4.99|2.96|-2.75|-0.85|-0.5||23.1|-0.905|1333
DE000A0H08L5|EXH6.DE|iShares STOXX Europe 600 Media UCITS (DE) ETF|Communication Services|Communication Services|EUR|32.8|21.1|-24.25|-0.42|-6.79|21.41|16.8|-0.905|1333
IE000I25S1V5|BSE0.DE|Invesco BulletShares 2030 EUR Corporate Bond UCITS - Acc ETF|Fixed Income|Bonds|EUR|5.36|3.18|-2.79|-0.85|-0.69||23.1|-0.9057999999999999|1335
IE00BYZTVT56|OM3F.DE|iShares   Corp Bond ESG SRI UCITS ETF EUR Dis|Fixed Income|Bonds|EUR|4.62|3.48|-3.04|-0.85|-0.95|||-0.9107999999999999|1336
IE0032523478|IBCS.DE|iShares   Corp Bond Large Cap UCITS ETF EUR Dist|Fixed Income|Bonds|EUR|120.62|3.57|-3.04|-0.85|-1.02||1761.5|-0.9107999999999999|1336
IE0002PG6CA6|VVMX.DE|VanEck Rare Earth and Strategic Metals UCITS ETF|Materials|Materials|EUR|11.08|46.08|-39.69|-0.12|-3.4||1357.2|-0.9138|1338
IE000LH4DDC2|THFE.DE|Janus Henderson Fallen Angels Bond ESG Active Core UCITS ETF|Fixed Income|Bonds|EUR|11.12|3.49|-3.48|-0.85|-0.95|||-0.9196|1339
IE00B0M62X26|IBCI.DE|iShares   Inflation Linked Govt Bd UCITS ETF EUR A|Broad Market / Other|Broad Market / Other|EUR|227.74|3.76|-4.72|-0.83|-1.11||1963.8|-0.9244|1340
IE00BHZRQZ17|FLXI.DE|Franklin FTSE India UCITS ETF|Broad Market / Other|Broad Market / Other|EUR|34.72|14.84|-16.84|-0.59|-6.78||2085.3|-0.9268|1341
IE00B3F81R35|EUN5.DE|iShares Core   Corp Bond UCITS ETF EUR D|Fixed Income|Bonds|EUR|115.92|3.43|-2.97|-0.87|-0.99|||-0.9294|1342
LU2809864296|XB30.DE|Xtrackers II Target Maturity Sept 2030 EUR Corporate Bond UCITS ETF|Fixed Income|Bonds|EUR|35.29|2.89|-2.69|-0.88|-0.53||30.9|-0.9338|1343
IE00BSKRJZ44|IS04.DE|iShares $ Treasury Bond 20+yr UCITS ETF USD D|Fixed Income|Bonds|EUR|2.6|9.44|-9.89|-0.74|-4.98|||-0.9378|1344
LU1686830065|LCVB.DE|Amundi EUR Corporate Bond 0-1Y ESG - UCITS DR (D) ETF|Fixed Income|Bonds|EUR|128.41|1.56|-1.44|-0.91|0.57|||-0.9388000000000001|1345
LU1650491795|E15H.DE|Amundi Euro Government Inflation-Linked Bond UCITS Dist ETF|Fixed Income|Bonds|EUR|139.01|3.68|-4.46|-0.85|-1.12||1376.4|-0.9392|1346
LU1834988781|LTVL.DE|Amundi STOXX Europe 600 Cons Dscretnry UCITS ETF A|Broad Market / Other|Broad Market / Other|EUR|25.0|18.95|-18.9|-0.57|-8.89|15.19|94.6|-0.948|1347
IE000D9WMGF0|IG31.DE|iShares iBonds Dec 2031 Term Corp UCITS EUR (Acc) ETF|Broad Market / Other|Broad Market / Other|EUR|5.17|3.69|-3.5|-0.88|-1.26||473.9|-0.95|1348
LU1650491282|LYQ7.DE|Amundi Euro Gov Inflation-Linked Bond UCITS ETF A|Fixed Income|Bonds|EUR|164.43|3.76|-4.58|-0.86|-1.23||1376.4|-0.9516|1349
IE000M7V94E1|NUKL.DE|VanEck Uranium and Nuclear Technologies UCITS ETF|Energy|Energy|EUR|44.35|41.29|-30.61|-0.34|-12.11||2355.5|-0.9521999999999999|1350
IE0003BJ2JS4|NCLR.PA|WisdomTree Uranium and Nuclear Energy UCITS - USD Acc ETF|Energy|Energy|EUR|41.3|44.23|-31.63|-0.32|-12.25||355.0|-0.9525999999999999|1351
LU2082999132|6TVL.DE|Amundi STOXX Europe 600 Consumer Discretionary UCITS Dist ETF|Consumer Discretionary|Consumer Discretionary|EUR|35.21|18.55|-18.82|-0.58|-8.83|14.89|94.6|-0.9563999999999999|1352
LU2089238625|PRAC.DE|Amundi Core EUR Corporate Bond UCITS Acc ETF|Fixed Income|Bonds|EUR|19.89|3.39|-2.94|-0.9|-1.05|||-0.9588|1353
LU0478205379|D5BG.DE|Xtrackers II EUR Corporate Bond UCITS 1C ETF|Fixed Income|Bonds|EUR|160.68|3.33|-2.99|-0.9|-1.01||4657.9|-0.9598|1354
LU1805389258|UIQL.DE|UBS Core BBG Euro Area Liquid Corp UCITS ETF EURd|Broad Market / Other|Broad Market / Other|EUR|10.09|3.65|-3.74|-0.89|-1.25||43.8|-0.9648|1355
IE000I2WYEU9|31IG.DE|iShares iBonds Dec 2031 Term Corp UCITS EUR (Dist) ETF|Broad Market / Other|Broad Market / Other|EUR|4.88|3.55|-3.41|-0.9|-1.19||473.9|-0.9682000000000001|1356
LU1048314196|UEF6.DE|UBS BBG Euro Area Liq Crp 1-5 UCITS ETF EUR dis|Broad Market / Other|Broad Market / Other|EUR|12.86|2.14|-1.94|-0.93|0.01||343.7|-0.9688000000000001|1357
IE00BF59RW70|JER5.DE|JPM EUR 1-5 yr IG Corp Bond Active UCITS ETF EUR A|Fixed Income|Bonds|EUR|108.58|2.24|-1.98|-0.93|-0.09||132.9|-0.9696|1358
IE000WAKWCV7|JEBE.DE|JPM EUR IG Corporate Bond Active UCITS ETF EUR D|Fixed Income|Bonds|EUR|97.62|3.26|-3.06|-0.91|-0.95|||-0.9712000000000001|1359
LU2823895763|BJLY.DE|BNPPE ESG Enh EUR Crp Bd December 2032 UCITS ETF D|Broad Market / Other|Broad Market / Other|EUR|10.06|4.14|-4.11|-0.89|-1.69||44.8|-0.9722000000000001|1360
LU1525418643|A4H7.DE|Amundi EUR Corporate Bond 1-5Y ESG UCITS ETF Acc|Fixed Income|Bonds|EUR|54.76|2.14|-1.86|-0.94|-0.0|||-0.9772|1361
LU2611732632|AK8F.DE|Amundi DJ Switzerland Titans 30 UCITS Dist ETF|Broad Market / Other|Broad Market / Other|EUR|10.27|1.74|-1.51|-0.95|0.34||11.8|-0.9802|1362
LU0484968903|XB4D.DE|Xtrackers II ESG EUR Corporate Bond UCITS 1C ETF|Fixed Income|Bonds|EUR|7.05|3.36|-3.02|-0.92|-1.08||2478.5|-0.9804|1363
LU1829219127|LYEB.DE|Amundi EUR Corp Bd Cl Paris Aligned UCITS ETF A|Broad Market / Other|Broad Market / Other|EUR|153.29|3.24|-3.02|-0.92|-0.97||1143.8|-0.9804|1363
IE00BGYWT403|VECA.DE|Vanguard EUR Corporate Bond UCITS ETF EUR Acc|Fixed Income|Bonds|EUR|52.57|3.39|-3.05|-0.92|-1.12|||-0.9810000000000001|1365
LU0514695187|XCS5.DE|Xtrackers MSCI India Swap UCITS 1C ETF|Broad Market / Other|Broad Market / Other|EUR|15.81|16.76|-18.56|-0.61|-8.23||600.2|-0.9812|1366
IE000L2TO2T2|SUA0.DE|iShares Corp Bond ESG SRI UCITS EUR (Acc) ETF|Fixed Income|Bonds|EUR|5.32|3.26|-3.08|-0.92|-1.0|||-0.9816|1367
LU2823895847|BJLX.DE|BNPPE ESG Enh EUR Crp Bd December 2032 UCITS ETF C|Broad Market / Other|Broad Market / Other|EUR|10.44|4.07|-4.1|-0.9|-1.69||44.8|-0.982|1368
IE0006LBEDV2|ECMF.DE|Invesco EUR Corp Bd ESG Mlt Factor UCITS ETF Dist|Broad Market / Other|Broad Market / Other|EUR|4.92|3.38|-3.11|-0.92|-1.12||35.2|-0.9822000000000001|1369
LU2697596828|BJLP.DE|BNP Paribas Easy ESG Enhcd EUR Corp Bd UCITS ETF D|Broad Market / Other|Broad Market / Other|EUR|10.14|3.55|-3.15|-0.92|-1.26||99.1|-0.9830000000000001|1370
IE000Q2EQ5K8|28IY.DE|iShares iBonds Dec 2028 Term Italy Govt Bond UCITS EUR (Dist) ETF|Fixed Income|Bonds|EUR|5.05|1.85|-1.66|-0.95|0.25||12.4|-0.9832|1371
IE0006K7DEL9|GCOR.DE|Franklin Sust Euro Green Corp 1-5 Year UCITS ETF|Broad Market / Other|Broad Market / Other|EUR|27.9|2.13|-1.82|-0.95|-0.02||30.3|-0.9863999999999999|1372
LU1484799769|UIMC.DE|UBS BBG MSCI Euro Area Liquid Corp Sustainable UCITS EUR dis ETF|Broad Market / Other|Broad Market / Other|EUR|12.55|3.63|-3.48|-0.92|-1.34|||-0.9896|1373
IE00B41RYL63|SYBA.DE|State Street SPDR Bloomberg Euro Aggregate Bond UCITS ETF|Fixed Income|Bonds|EUR|52.33|4.71|-4.67|-0.9|-2.23||589.3|-0.9934000000000001|1374
IE00B428Z604|IS0P.DE|iShares Spain Govt Bond UCITS EUR (Dist) ETF|Fixed Income|Bonds|EUR|145.65|4.49|-4.85|-0.9|-2.01|||-0.997|1375
LU1681039647|TCC4.DE|Amundi EUR Corporate Bond ESG UCITS ETF 2 DR EUR C|Fixed Income|Bonds|EUR|224.69|3.13|-2.96|-0.94|-0.94|||-0.9992|1376
LU1910940268|B8TQ.DE|Amundi Global Government Inflation-Linked Bond 1-10Y UCITS EUR Hedged Dist ETF|Fixed Income|Bonds|EUR|10.57|3.18|-2.96|-0.94|-1.0|||-0.9992|1376
IE00BN4GXL63|TABC.DE|Janus Henderson EUR IG Bond Paris-aligned Climate Active Core UCITS ETF|Fixed Income|Bonds|EUR|9.77|3.31|-3.07|-0.94|-1.1|||-1.0013999999999998|1378
LU0484968812|XB4F.DE|Xtrackers II ESG EUR Corporate Bond UCITS 1D ETF|Fixed Income|Bonds|EUR|138.82|3.33|-3.09|-0.94|-1.15||2478.5|-1.0018|1379
IE0000BQ75C2|CEMH.DE|iShares $ Short Duration High Yield Corp Bond UCITS EUR Hedged (Dist) ETF|Fixed Income|Bonds|EUR|4.77|3.29|-3.19|-0.94|-1.08|||-1.0038|1380
IE000JBB8CR7|AIPE.DE|BNP PARIBAS EASY II EUR Credit PAB Opportunities UCITS EUR Acc ETF|Broad Market / Other|Broad Market / Other|EUR|11.35|3.52|-3.38|-0.94|-1.32|||-1.0076|1381
IE000O6GI299|GIGA.DE|Goldman Sachs EUR InvGr Crp Bd Act UCITS ETF EUR A|Broad Market / Other|Broad Market / Other|EUR|50.6|3.08|-2.96|-0.95|-0.93||37.8|-1.0091999999999999|1382
IE0000VKUF67|FEIA.DE|Fidelity EUR Corp Bd Rs Enh PAB UCITS ETF Acc EUR|Broad Market / Other|Broad Market / Other|EUR|5.28|3.22|-2.97|-0.95|-1.05|||-1.0093999999999999|1383
IE00B9M6SJ31|IBCQ.DE|iShares Global Corp Bond EUR Hedged UCITS (Dist) ETF|Fixed Income|Bonds|EUR|81.93|5.39|-4.63|-0.92|-2.98||1110.0|-1.0126|1384
LU2697596745|BJLN.DE|BNP Paribas Easy ESG Enhcd EUR Corp Bd UCITS ETF C|Broad Market / Other|Broad Market / Other|EUR|10.7|3.37|-3.16|-0.95|-1.2||99.1|-1.0131999999999999|1385
LU1953188833|UETC.DE|UBS MSCI China Universal UCITS USD dis ETF|Broad Market / Other|Broad Market / Other|EUR|8.99|26.33|-25.33|-0.51|-11.45||243.0|-1.0166|1386
LU2008763935|EEPG.DE|BNP Paribas Easy FTSE EPRA Nareit Developed Europe ex UK Green UCITS ETF|Broad Market / Other|Broad Market / Other|EUR|6.1|16.54|-18.37|-0.65|-8.83|9.27|87.0|-1.0174|1387
LU2673523564|XB33.DE|Xtrackers II Target Maturity Sept 2033 EUR Corporate Bond UCITS ETF|Fixed Income|Bonds|EUR|27.91|4.45|-4.43|-0.93|-2.16||173.9|-1.0186|1388
IE0009EDBBS3|GIGE.DE|Goldman Sachs EUR InvGr Crp Bd Act UCITS ETF EUR D|Broad Market / Other|Broad Market / Other|EUR|48.86|3.05|-2.98|-0.96|-0.93||37.8|-1.0196|1389
IE000QADMYA3|V3RE.DE|Vanguard ESG EUR Corp Bond UCITS ETF EUR Acc|Fixed Income|Bonds|EUR|5.72|3.19|-3.03|-0.96|-1.06|||-1.0206|1390
LU1563454823|KLMH.DE|Amundi Global Aggregate Green Bond UCITS EUR Hedged Acc ETF|Fixed Income|Bonds|EUR|45.93|5.15|-5.19|-0.92|-2.76|||-1.0238|1391
IE00BF92J153|DPGA.DE|L&G Digital Payments UCITS USD Acc ETF|Information Technology|Technology Hardware & Software|EUR|6.36|22.29|-24.79|-0.53|-9.81||8.1|-1.0258|1392
IE00BZCQB185|QDV5.DE|iShares MSCI India UCITS USD (Acc) ETF|Broad Market / Other|Broad Market / Other|EUR|7.35|16.58|-19.41|-0.64|-8.56||5195.9|-1.0282|1393
IE000NDWFGA5|URNU.DE|Global X Uranium UCITS ETF USD Acc|Energy|Energy|EUR|21.49|49.67|-34.96|-0.33|-14.6||729.5|-1.0292000000000001|1394
IE00B14X4Q57|IBCA.DE|iShares   Govt Bond 1-3yr UCITS ETF EUR Dist|Fixed Income|Bonds|EUR|139.04|1.54|-1.14|-1.01|0.45|||-1.0328|1395
IE00B4L5ZG21|EUNR.DE|iShares   Corp Bond ex-Financials UCITS ETF EUR D|Financials|Banks & Financial Services|EUR|105.75|3.24|-3.16|-0.97|-1.14||960.6|-1.0332|1396
NL0009690254|TGBT.DE|VanEck iBoxx EUR Sovereign Diversifi 1-10|Fixed Income|Bonds|EUR|11.8|4.85|-4.98|-0.94|-2.57||29.5|-1.0395999999999999|1397
LU2742532828|BJLU.DE|BNPP Easy EUR Corp Bond SRI PAB 7-10Y UCITS ETF C|Fixed Income|Bonds|EUR|10.41|4.98|-5.24|-0.94|-2.7||37.1|-1.0448|1398
IE00BKT1CS59|SNAZ.DE|iShares J.P. Morgan USD EM Corp Bond UCITS EUR Hedged (Acc) ETF|Fixed Income|Bonds|EUR|4.99|3.53|-3.31|-0.98|-1.46|||-1.0462|1399
IE000SBJO6L2|34GI.DE|iShares iBonds Dec 2034 Term Corp UCITS EUR (Dist) ETF|Broad Market / Other|Broad Market / Other|EUR|4.75|4.94|-5.06|-0.95|-2.7||148.9|-1.0512|1400
IE000ZBGZQM8|IG33.DE|iShares iBonds Dec 2033 Term Corp UCITS EUR (Acc) ETF|Broad Market / Other|Broad Market / Other|EUR|5.08|4.48|-4.63|-0.96|-2.29||115.1|-1.0526|1401
IE00B3B8Q275|IUS6.DE|iShares EUR Covered Bond UCITS EUR (Dist) ETF|Fixed Income|Bonds|EUR|138.24|2.8|-3.15|-0.99|-0.77||1579.1|-1.053|1402
IE00BYPHT736|XDEP.DE|Xtrackers iBoxx EUR Corp Bd Yld Plus UCITS ETF 1D|Broad Market / Other|Broad Market / Other|EUR|14.64|3.91|-3.72|-0.98|-1.82||611.4|-1.0544|1403
LU2742532745|BJLT.DE|BNPP Easy EUR Corp Bond SRI PAB 7-10Y UCITS ETF D|Fixed Income|Bonds|EUR|9.92|4.93|-5.25|-0.95|-2.7||37.1|-1.055|1404
LU0643975161|X03G.DE|Xtrackers II Germany Government Bond UCITS 1C ETF|Fixed Income|Bonds|EUR|173.05|3.84|-4.44|-0.97|-1.73|||-1.0588|1405
FR0010361683|LYMD.DE|Amundi MSCI India Swap UCITS ETF EUR Acc|Broad Market / Other|Broad Market / Other|EUR|24.34|16.23|-19.07|-0.68|-9.08|21.56||-1.0614000000000001|1406
IE000RDRMSD1|CBUT.DE|iShares Blockchain Technology UCITS ETF (Acc)|Broad Market / Other|Broad Market / Other|EUR|15.91|53.8|-43.09|-0.2|-8.58||304.3|-1.0618|1407
DE0002635265|EXHE.DE|iShares Pfandbriefe UCITS (DE) ETF|Broad Market / Other|Broad Market / Other|EUR|94.6|2.66|-3.06|-1.01|-0.7||422.6|-1.0712|1408
LU0468897110|D5BC.DE|Xtrackers II Germany Government Bond 1-3 UCITS 1D ETF|Fixed Income|Bonds|EUR|137.74|1.33|-1.08|-1.05|0.61||25.8|-1.0716|1409
IE0000BH4WF5|IEXA.DE|iShares EUR Corp Bond ex-Financials UCITS EUR (Acc) ETF|Financials|Banks & Financial Services|EUR|5.34|3.17|-3.18|-1.01|-1.18||960.6|-1.0736|1410
LU0468896575|D5BB.DE|Xtrackers II Germany Government Bond UCITS 1D ETF|Fixed Income|Bonds|EUR|162.07|3.8|-4.4|-0.99|-1.74|||-1.078|1411
LU1459802754|UIMB.DE|UBS BBG TIPS 10+ UCITS ETF USD dis|Broad Market / Other|Broad Market / Other|EUR|7.51|8.87|-10.47|-0.88|-5.84|||-1.0894|1412
LU0484969463|XBAT.DE|Xtrackers II Target Maturity Sept 2029 Italy and Spain Government Bond UCITS ETF|Fixed Income|Bonds|EUR|204.16|2.29|-2.01|-1.05|-0.41||9.0|-1.0902|1413
LU2809864619|XB34.DE|Xtrackers II Target Maturity Sept 2034 EUR Corporate Bond UCITS ETF|Fixed Income|Bonds|EUR|33.52|4.61|-5.02|-0.99|-2.59||11.2|-1.0904|1414
IE000H0TSO96|EIGC.DE|Franklin Euro IG Corporate UCITS ETF|Fixed Income|Bonds|EUR|25.75|3.16|-3.12|-1.03|-1.24||114.5|-1.0924|1415
IE000X5OD4M3|PTAM.DE|Performance Trust Total Rtn Bond UCITS ETF Acc|Fixed Income|Bonds|EUR|7.35|16.26|-16.22|-0.77|-10.52|||-1.0944|1416
IE0002FPYN09|ASHE.DE|BNP PARIBAS EASY II Short Duration Income Opportunities UCITS EUR (H) Dist ETF|Broad Market / Other|Broad Market / Other|EUR|9.75|1.14|-0.97|-1.08|0.77|||-1.0994000000000002|1417
IE000E0NL9T3|33GI.DE|iShares iBonds Dec 2033 Term Corp UCITS EUR (Dist) ETF|Broad Market / Other|Broad Market / Other|EUR|4.76|4.43|-4.66|-1.01|-2.47||115.1|-1.1032|1418
LU0962078753|XGII.DE|Xtrackers II Global Inflation-Linked Bond UCITS 1D EUR Hedged ETF|Fixed Income|Bonds|EUR|185.43|3.85|-4.73|-1.01|-1.9|||-1.1046|1419
LU2611732475|AK8E.DE|Amundi SDAX UCITS Dist ETF|Broad Market / Other|Broad Market / Other|EUR|10.26|1.66|-1.42|-1.08|0.21||36.4|-1.1084|1420
IE00BMDKNW35|DAVV.DE|VanEck Crypto and Blckchn Innvtrs UCITS ETF USD A|Broad Market / Other|Broad Market / Other|EUR|12.32|61.44|-45.68|-0.2|-10.47||594.8|-1.1136|1421
IE000940RNE6|WBKN.DE|WisdomTree Blockchain UCITS - USD Acc ETF|Broad Market / Other|Broad Market / Other|EUR|48.33|48.69|-39.68|-0.32|-13.77||48.0|-1.1136|1421
IE000IZO7033|CBUP.DE|iShares EUR Green Bond UCITS EUR (Acc) ETF|Fixed Income|Bonds|EUR|240.37|4.34|-4.78|-1.02|-2.42||125.4|-1.1156|1423
DE0006289465|EXHA.DE|iShares eb.rexx Government Germany UCITS (DE) ETF|Broad Market / Other|Broad Market / Other|EUR|121.68|3.17|-3.87|-1.04|-1.31||215.6|-1.1174|1424
IE00B1TXHL60|IQQL.DE|iShares Listed Private Equity UCITS ETF USD D|Broad Market / Other|Broad Market / Other|EUR|26.68|19.88|-20.93|-0.7|-11.9|||-1.1185999999999998|1425
LU2470620845|AHYH.DE|Amundi Global Aggregate Bond 1-5Y ESG DR - Hedged EUR (C) ETF|Fixed Income|Bonds|EUR|53.58|2.42|-2.08|-1.08|-0.62|||-1.1216000000000002|1426
IE0007BT2BH8|EGVA.DE|Invesco EUR Gv and Rltd Grn Bd Wghtd UCITS ETF Acc|Broad Market / Other|Broad Market / Other|EUR|5.22|5.05|-5.43|-1.02|-3.16||23.1|-1.1286|1427
IE00BKM4H197|CEMG.DE|iShares MSCI EM Consumer Growth UCITS ETF USD Acc|Broad Market / Other|Broad Market / Other|EUR|29.31|25.26|-26.14|-0.61|-13.38||43.5|-1.1328|1428
LU2439113387|9E0E.DE|Amundi Euro Aggregate Bond ESG UCITS DR - EUR (D) ETF|Fixed Income|Bonds|EUR|43.61|4.07|-4.68|-1.04|-2.22|||-1.1336|1429
IE00B7LW6Y90|IS0M.DE|iShares Italy Govt Bond UCITS EUR (Dist) ETF|Fixed Income|Bonds|EUR|143.68|5.09|-5.74|-1.02|-3.19|||-1.1348|1430
IE00BMDBMN04|GRON.DE|iShares EUR Green Bond UCITS EUR (Dist) ETF|Fixed Income|Bonds|EUR|3.83|4.33|-4.78|-1.04|-2.5||125.4|-1.1356|1431
LU1681046774|KX1G.DE|Amundi Euro Lwst Rtd IG Gov Bond UCITS ETF Acc|Fixed Income|Bonds|EUR|225.35|4.74|-5.28|-1.03|-2.88||1305.6|-1.1356|1431
IE00B3S5XW04|SYBB.DE|State Street SPDR Bloomberg Euro Government Bond UCITS ETF|Fixed Income|Bonds|EUR|53.37|4.86|-5.31|-1.03|-3.03||1275.3|-1.1362|1433
LU1459800113|UST10.SW|UBS Core BBG US Treasury 10+ UCITS ETF hEUR Adis|Fixed Income|Bonds|EUR|9.36|111.29|-52.98|-0.08|-7.37|||-1.1396|1434
LU2697597552|BJLM.DE|BNP Paribas Easy ESG Enhcd EUR Govt Bd UCITS ETF C|Broad Market / Other|Broad Market / Other|EUR|10.01|4.84|-5.3|-1.04|-3.06||171.7|-1.1460000000000001|1435
DE0006289481|EXHC.DE|iShares eb.rexx Government Germany 2.5-5.5yr UCITS (DE) ETF|Broad Market / Other|Broad Market / Other|EUR|92.56|2.76|-3.38|-1.08|-0.97||219.6|-1.1476000000000002|1436
IE00B5V94313|IS0L.DE|iShares Germany Govt Bond UCITS EUR (Dist) ETF|Fixed Income|Bonds|EUR|115.61|3.67|-4.44|-1.06|-1.88||152.9|-1.1488|1437
LU1563454310|KLMT.DE|Amundi Global Aggregate Green Bond UCITS ETF Acc|Fixed Income|Bonds|EUR|47.83|3.96|-4.68|-1.06|-2.21|||-1.1536|1438
DE0006289499|EXHD.DE|iShares eb.rexx Government Germany 5.5-10.5yr UCITS (DE) ETF|Broad Market / Other|Broad Market / Other|EUR|113.17|4.56|-5.89|-1.04|-2.76||392.4|-1.1578|1439
DE000A0D8Q31|EXX6.DE|iShares eb.rexx Government Germany 10.5+yr UCITS (DE) ETF|Broad Market / Other|Broad Market / Other|EUR|109.63|7.99|-10.56|-0.95|-5.57||43.4|-1.1612|1440
LU2182388236|PR10.DE|Amundi Euro Aggregate Bond ESG UCITS ETF DR C|Fixed Income|Bonds|EUR|44.44|4.0|-4.68|-1.07|-2.3|||-1.1636|1441
IE0008QIFH42|JGGE.DE|JPM EUR Aggregate Bond Active UCITS ETF EUR dist|Fixed Income|Bonds|EUR|9.51|4.29|-5.18|-1.07|-2.6|||-1.1736|1442
LU0292109690|DBX7.DE|Xtrackers Nifty 50 Swap UCITS 1C ETF|Broad Market / Other|Broad Market / Other|EUR|199.24|25.91|-30.2|-0.57|-12.81||181.0|-1.174|1443
IE00BF8HV717|COVR.DE|PIMCO Advantage Covered Bond UCITS - EUR Income ETF|Fixed Income|Bonds|EUR|102.19|3.03|-3.81|-1.11|-1.35||54.6|-1.1862000000000001|1444
IE00B3DKXQ41|EUN4.DE|iShares   Aggregate Bond ESG SRI UCITS ETF EUR D|Fixed Income|Bonds|EUR|103.4|3.98|-4.73|-1.1|-2.37||1681.2|-1.1946|1445
LU2924150282|LWGB.DE|Amundi Euro Government Low Duration Tilted Green Bond UCITS Acc ETF|Fixed Income|Bonds|EUR|20.13|3.19|-3.37|-1.13|-1.61||3.9|-1.1973999999999998|1446
LU2504537445|XEZB.DE|Xtrackers II Eurozone Government Bond ESG Tilted UCITS ETF|Fixed Income|Bonds|EUR|39.0|4.41|-5.38|-1.09|-2.82||212.9|-1.1976|1447
IE000WIQIPT2|CBUL.DE|iShares USD TIPS 0-5 UCITS EUR Hedged (Dist) UCITS ETF|Broad Market / Other|Broad Market / Other|EUR|4.28|2.08|-1.93|-1.16|-0.41|||-1.1985999999999999|1448
IE000CR3ZDF9|CBU2.DE|iShares Aggregate Bond ESG SRI UCITS ETF|Fixed Income|Bonds|EUR|5.31|3.98|-4.65|-1.11|-2.44||1681.2|-1.203|1449
LU2089238898|PRAR.DE|Amundi Prime Euro Government Bond UCITS Acc ETF|Fixed Income|Bonds|EUR|17.46|4.5|-5.48|-1.1|-2.95||1814.7|-1.2096|1450
IE00BLDGH447|SECD.DE|iShares EUR Govt Bond Climate UCITS EUR (Dist) ETF|Fixed Income|Bonds|EUR|3.88|4.51|-5.53|-1.1|-2.95|||-1.2106000000000001|1451
LU2533812991|BJLF.DE|BNPP Easy EUR Agg Bd SRI Fossil Free UCITS ETF C|Broad Market / Other|Broad Market / Other|EUR|10.4|3.88|-4.7|-1.12|-2.35||251.8|-1.2140000000000002|1452
LU1931975152|PR1R.DE|Amundi Prime Euro Government Bond UCITS Dist ETF|Fixed Income|Bonds|EUR|16.39|4.47|-5.4|-1.11|-2.94||1814.7|-1.2180000000000002|1453
LU0643975591|X03F.DE|Xtrackers II Eurozone Government Bond UCITS 1D ETF|Fixed Income|Bonds|EUR|162.73|4.48|-5.41|-1.11|-2.96|||-1.2182000000000002|1454
IE00B4WXJJ64|EUNH.DE|iShares Core   Govt Bond UCITS ETF EUR D|Fixed Income|Bonds|EUR|104.41|4.49|-5.44|-1.11|-2.97|||-1.2188|1455
LU1686832194|MTH.PA|Amundi Euro Government Bond 25+Y UCITS ETF A|Fixed Income|Bonds|EUR|68.0|10.43|-12.58|-0.97|-8.09|||-1.2216|1456
IE00B1FZS806|IBCM.DE|iShares   Govt Bond 7-10yr UCITS ETF EUR (Dist)|Fixed Income|Bonds|EUR|176.54|5.2|-6.59|-1.09|-3.68||1021.1|-1.2218|1457
LU1645381689|FRC4.DE|UBS BBG Euro Inflation Linked 10+ UCITS EUR dis ETF|Broad Market / Other|Broad Market / Other|EUR|13.98|7.02|-9.25|-1.04|-5.32||14.7|-1.225|1458
IE00BH04GL39|VGEA.DE|Vanguard EUR Eurozone Gvt Bd UCITS ETF EUR Acc|Broad Market / Other|Broad Market / Other|EUR|23.21|4.46|-5.37|-1.12|-3.0|||-1.2274|1459
IE00BKFB6L02|UEQC.DE|UBS CMCI Commodity Carry SF UCITS USD acc ETF|Materials|Materials|EUR|121.0|30.93|-35.52|-0.52|-13.98|||-1.2304|1460
LU1650489385|LYQ6.DE|Amundi Euro Government Bond 10-15Y UCITS ETF Acc|Fixed Income|Bonds|EUR|189.62|6.7|-8.53|-1.06|-5.1||1048.5|-1.2306|1461
LU1287023342|LYXA.DE|Amundi Euro Hghst Rtd Mcr Wght Gov Bd UCITS ETF A|Broad Market / Other|Broad Market / Other|EUR|123.0|4.18|-5.26|-1.13|-2.71||261.1|-1.2351999999999999|1462
IE00B1FZS913|IBCL.DE|iShares Govt Bond 15-30yr UCITS ETF EUR (Dist)|Fixed Income|Bonds|EUR|150.84|9.11|-11.45|-1.01|-7.22||972.8|-1.2389999999999999|1463
IE00028H9QJ8|XGUE.DE|Xtrackers USD Corporate Green Bond UCITS 1C - EUR Hedged ETF|Fixed Income|Bonds|EUR|24.1|4.15|-4.05|-1.16|-2.83|||-1.2409999999999999|1464
IE00B3VTN290|SXRQ.DE|iShares EUR Govt Bond 7-10yr UCITS EUR (Acc) ETF|Fixed Income|Bonds|EUR|146.96|5.12|-6.57|-1.11|-3.7||851.9|-1.2414|1465
IE000WRQ9RR1|ED3F.DE|Global X Europe Focused Def Tech UCITS ETF EUR Acc|Information Technology|Technology Hardware & Software|EUR|15.39|29.88|-29.57|-0.65|-17.48|36.65|22.9|-1.2414|1465
LU1287023268|LYXF.DE|Amundi Euro Government Bond 15+Y UCITS ETF Acc|Fixed Income|Bonds|EUR|162.88|9.27|-11.48|-1.02|-7.46||188.9|-1.2496|1467
IE00BLDGH553|SECA.DE|iShares EUR Govt Bond Climate UCITS EUR (Acc) ETF|Fixed Income|Bonds|EUR|4.23|4.45|-5.5|-1.14|-3.08|||-1.25|1468
LU0290357846|DBXG.DE|Xtrackers II Eurozone Government Bond 25+ UCITS 1C ETF|Fixed Income|Bonds|EUR|231.04|10.66|-13.0|-0.99|-8.51||97.7|-1.25|1468
IE000L0X6L81|GSXG.DE|Goldman Sachs Global Green Bond UCITS - Class EUR-Hedged (dist) ETF|Fixed Income|Bonds|EUR|46.96|3.66|-4.59|-1.16|-2.24|||-1.2517999999999998|1470
IE00B4WXJH41|EUN8.DE|iShares   Govt Bond 10-15yr UCITS ETF EUR (Dist)|Fixed Income|Bonds|EUR|136.46|6.9|-9.1|-1.07|-5.35||504.2|-1.252|1471
IE00BGDQ0L74|IPRE.DE|iShares European Property Yield UCITS EUR (Acc) ETF|Real Estate|Real Estate|EUR|4.23|15.44|-21.62|-0.82|-10.69|8.53|1029.2|-1.2524|1472
IE000XD7KCJ7|RA7Z.DE|Global X Solar UCITS ETF USD Acc|Energy|Energy|EUR|7.97|32.02|-37.14|-0.51|-14.48||10.1|-1.2528000000000001|1473
LU0969639474|CHSF.DE|UBS Core BBG EUR Gov 1-10 UCITS ETF EUR acc|Broad Market / Other|Broad Market / Other|EUR|16.79|3.25|-3.72|-1.18|-1.85||1444.3|-1.2544|1474
IE00BS7K8821|SYB4.DE|StSt SPDR BBG 3-5 Year Euro Govt Bd UCITS ETF Dis|Broad Market / Other|Broad Market / Other|EUR|28.16|3.05|-3.27|-1.19|-1.62||30.3|-1.2553999999999998|1475
IE00BMCZLH06|UEEG.DE|iShares USD Development Bank Bonds UCITS EUR Hedged (Acc) ETF|Financials|Banks & Financial Services|EUR|4.62|3.39|-3.89|-1.18|-1.99|||-1.2578|1476
LU0290357507|DBXF.DE|Xtrackers II Eurozone Government Bond 15-30 UCITS 1C ETF|Fixed Income|Bonds|EUR|253.85|9.21|-11.42|-1.03|-7.47||51.3|-1.2584|1477
IE000IIHLZL0|MANU.DE|L&G Market Neutral Commodities UCITS USD Acc ETF|Materials|Materials|EUR|8.54|19.74|-20.94|-0.84|-14.63||37.2|-1.2588|1478
IE00BFMKQ930|XYLE.DE|Xtrackers USD Corporate Bond Short Duration SRI PAB UCITS 2C EUR Hedged ETF|Fixed Income|Bonds|EUR|19.46|2.14|-1.98|-1.22|-0.6|||-1.2596|1479
IE00BMW42298|ESIC.DE|iShares MSCI Europe Consumer Discretionary Sector UCITS EUR (Acc) ETF|Consumer Discretionary|Consumer Discretionary|EUR|5.54|19.48|-20.53|-0.85|-14.6|16.4|99.9|-1.2606|1480
IE00BP8FKB21|XREA.DE|Xtrackers FTSE Developed Europe ex UK Real Estate UCITS 1C ETF|Real Estate|Real Estate|EUR|50.14|15.51|-21.56|-0.83|-10.83|8.16|18.5|-1.2611999999999999|1481
IE00B0M63284|IQQP.DE|iShares European Property Yield UCITS ETF EUR D|Real Estate|Real Estate|EUR|26.19|15.29|-21.57|-0.83|-10.66|8.49|1029.2|-1.2614|1482
IE000APK27S2|AEGE.DE|iShares Global Aggregate Bond ESG ?SRI UCITS EUR Hedged (Acc) ETF|Fixed Income|Bonds|EUR|4.49|3.81|-4.59|-1.17|-2.48|||-1.2618|1483
IE00BF1QPL78|SPFE.DE|StSt SPDR BBG Gl Aggrt Bd EUR Hdg UCITS ETF Dist|Broad Market / Other|Broad Market / Other|EUR|24.88|3.5|-4.1|-1.18|-2.11|||-1.262|1484
LU1287023185|LYXD.DE|Amundi Euro Government Bond 7-10Y UCITS ETF Acc|Fixed Income|Bonds|EUR|162.72|5.12|-6.66|-1.13|-3.79||1597.2|-1.2631999999999999|1485
IE000I7E6HL0|8RMY.DE|Future of European Defence Screened UCITS ETF Acc|Broad Market / Other|Broad Market / Other|EUR|9.64|37.48|-31.75|-0.63|-21.46|33.54|164.8|-1.2650000000000001|1486
IE00BGYWFL94|VDCE.DE|Vanguard USD Corporate Bond UCITS EUR hedged - Acc ETF|Fixed Income|Bonds|EUR|53.83|4.94|-5.45|-1.16|-3.72|||-1.269|1487
LU1686832277|DFOB.DE|Amundi Euro Government Bond 25+Y UCITS Dist ETF|Fixed Income|Bonds|EUR|116.08|10.46|-12.56|-1.02|-8.7|||-1.2712|1488
XS2337093798|TSLA.L|Leverage Shares 1x Tesla|Broad Market / Other|Broad Market / Other|EUR|656.0|43.92|-38.08|-0.51|-20.58||7.8|-1.2715999999999998|1489
IE00BKWQ0C77|SPYR.DE|StSt SPDR MSCI Europe Consumer Dis UCITS ETF|Broad Market / Other|Broad Market / Other|EUR|146.0|19.71|-20.59|-0.86|-14.88|16.98|136.1|-1.2718|1490
IE000GHXL2Q3|CEB1.DE|iShares Govt Bond 20yr Target Duration UCITS EUR (Acc) ETF|Fixed Income|Bonds|EUR|4.25|10.12|-12.66|-1.02|-8.35||241.2|-1.2732|1491
LU1437018598|A4HC.DE|Amundi Core Euro Government Bond UCITS ETF Acc|Fixed Income|Bonds|EUR|47.87|4.36|-5.41|-1.17|-3.11||1723.4|-1.2782|1492
IE00075IVKF9|U8NJ.DE|Sprott Junior Uranium Miners UCITS ETF|Energy|Energy|EUR|6.31|61.79|-44.51|-0.39|-22.19||69.8|-1.2802|1493
LU2468423459|XZEB.DE|Xtrackers II ESG Eurozone Government Bond UCITS ETF|Fixed Income|Bonds|EUR|26.24|4.22|-5.17|-1.18|-2.97||51.9|-1.2833999999999999|1494
IE00BJSFQW37|36B7.DE|iShares Global Corp Bond UCITS EUR Hedged (Dist) ETF|Fixed Income|Bonds|EUR|3.99|4.03|-4.68|-1.19|-2.78|||-1.2835999999999999|1495
IE00B4WXJG34|EUN9.DE|iShares   Govt Bond 5-7yr UCITS ETF EUR (Dist)|Fixed Income|Bonds|EUR|137.2|4.22|-5.18|-1.18|-2.98||613.7|-1.2835999999999999|1495
LU0614173549|X03B.DE|Xtrackers II Eurozone Government Bond 1-3 UCITS 1D ETF|Fixed Income|Bonds|EUR|156.51|1.42|-1.28|-1.26|0.21|||-1.2856|1497
IE00BSKRJX20|IS05.DE|iShares EUR Govt Bond 20yr Target Duration UCITS EUR (Dist) ETF|Fixed Income|Bonds|EUR|2.94|10.12|-12.83|-1.03|-8.45||241.2|-1.2866|1498
IE000AWT6D61|CEBU.DE|iShares USD Short Duration Corp Bond UCITS EUR Hedged (Acc) ETF|Fixed Income|Bonds|EUR|5.49|1.74|-1.6|-1.26|-0.2|||-1.292|1499
IE00BDBRDM35|EUNA.DE|iShares Core Gl Aggregate Bd UCITS ETF EUR Hgd Acc|Broad Market / Other|Broad Market / Other|EUR|4.81|3.54|-4.18|-1.21|-2.28|||-1.2935999999999999|1500
IE000WYTQSF9|INQQ.DE|Inqq India Internet Ucits Etf Acc|Broad Market / Other|Broad Market / Other|EUR|7.29|28.95|-38.73|-0.52|-12.98||10.3|-1.2946|1501
IE00B6YX5F63|SYB3.DE|State Street SPDR Bloomberg 1-3 Year Euro Government Bond UCITS ETF|Fixed Income|Bonds|EUR|51.42|1.49|-1.28|-1.27|0.1||722.9|-1.2956|1502
LU0322250712|DX2D.DE|Xtrackers LPX Private Equity Swap UCITS 1C ETF|Broad Market / Other|Broad Market / Other|EUR|108.78|21.01|-23.82|-0.82|-15.13||288.8|-1.2964|1503
IE00B3VTML14|SXRP.DE|iShares Euro Govt Bond 3-7yr UCITS ETF EUR (Acc)|Fixed Income|Bonds|EUR|130.66|3.38|-4.11|-1.22|-2.12||1361.3|-1.3022|1504
IE000XAGSCY5|BLCH.DE|Global X Blockchain UCITS - USD Accumulating ETF|Broad Market / Other|Broad Market / Other|EUR|14.72|70.13|-54.12|-0.22|-13.14||100.5|-1.3024|1505
IE000PLCL3C9|CEMD.DE|iShares Global Corp Bond UCITS EUR Hedged (Acc) ETF|Fixed Income|Bonds|EUR|4.97|3.97|-4.73|-1.21|-2.81|||-1.3046|1506
LU0290356871|DBXP.DE|Xtrackers II Eurozone Government Bond 1-3 UCITS 1C ETF|Fixed Income|Bonds|EUR|173.49|1.33|-1.24|-1.28|0.3|||-1.3048|1507
IE000HARFTG3|VEGE.DE|Vanguard EUR Eurozone Government 1-3 Year Bond UCITS EUR Distributing ETF|Fixed Income|Bonds|EUR|4.93|1.42|-1.26|-1.28|0.19||164.6|-1.3052000000000001|1508
IE000AGCIYE6|JGAD.DE|JPM Global Aggregate Bond Active UCITS - EUR Hedged (dist) ETF|Fixed Income|Bonds|EUR|8.1|3.52|-4.43|-1.22|-2.31|||-1.3086|1509
IE0000H445G8|CNIE.DE|VanEck New China UCITS ETF|Broad Market / Other|Broad Market / Other|EUR|13.66|15.89|-15.67|-1.0|-13.84||7.6|-1.3134000000000001|1510
IE0008119MO8|H41X.DE|HSBC S&P India Tech UCITS ETF EUR Acc|Information Technology|Technology Hardware & Software|EUR|15.34|19.7|-26.74|-0.78|-13.43|22.84|14.2|-1.3148|1511
IE0008SEV3B2|EGVD.DE|Invesco EUR Gv and Rltd Grn Bd Wghtd UCITS ETF Dis|Broad Market / Other|Broad Market / Other|EUR|4.72|4.3|-5.32|-1.21|-3.2||23.1|-1.3164|1512
LU1841731745|L4K3.DE|Amundi MSCI China UCITS ETF Acc|Broad Market / Other|Broad Market / Other|EUR|17.56|27.93|-29.48|-0.73|-18.4||674.0|-1.3195999999999999|1513
LU1287023003|LYXC.DE|Amundi Euro Government Bond 5-7Y UCITS ETF Acc|Fixed Income|Bonds|EUR|155.4|3.98|-5.14|-1.22|-2.85||788.2|-1.3228|1514
LU0614173895|X03C.DE|Xtrackers II Eurozone Government Bond 3-5 UCITS 1D ETF|Fixed Income|Bonds|EUR|179.22|2.82|-3.24|-1.26|-1.54|||-1.3248|1515
IE00BYSZ6062|SYBV.DE|State Street SPDR Bloomberg 10+ Year Euro Government Bond UCITS ETF|Fixed Income|Bonds|EUR|20.86|7.77|-9.89|-1.13|-6.79||134.1|-1.3277999999999999|1516
IE00BSJCQV56|ZPRP.DE|State Street SPDR FTSE EPRA Europe ex UK Real Estate UCITS ETF|Real Estate|Real Estate|EUR|25.4|15.62|-22.18|-0.89|-11.9|8.08|115.1|-1.3336000000000001|1517
IE00004S2680|VEGF.DE|Vanguard EUR Eurozon Gov 1-3Y Bond UCITS ETF EUR A|Fixed Income|Bonds|EUR|5.09|1.4|-1.26|-1.31|0.17||164.6|-1.3352|1518
LU2533810789|BJLH.DE|BNP Paribas Easy JPMTilted EMU GovernmentBond IG 1-3Y - UCITS Capitalisation ETF|Broad Market / Other|Broad Market / Other|EUR|10.08|1.43|-1.24|-1.32|0.11||795.0|-1.3448|1519
LU0290356954|DBXQ.DE|Xtrackers II Eurozone Government Bond 3-5 UCITS 1C ETF|Fixed Income|Bonds|EUR|202.8|2.84|-3.25|-1.28|-1.63|||-1.345|1520
IE000AQ7A2X6|SPFF.DE|State Street SPDR Bloomberg Global Aggregate Bond UCITS ETF|Fixed Income|Bonds|EUR|31.42|3.34|-4.17|-1.27|-2.23|||-1.3534|1521
LU2533810862|BJLG.DE|BNP Paribas Easy JPMTilted EMU GovernmentBond IG - UCITS Capitalisation ETF|Broad Market / Other|Broad Market / Other|EUR|10.75|1.46|-1.3|-1.33|0.06||795.0|-1.356|1522
IE0008ZGI5C1|FLPE.DE|Northern Trust Listed Private Eq UCITS ETF USD Acc|Broad Market / Other|Broad Market / Other|EUR|25.25|22.82|-25.89|-0.84|-17.07||309.2|-1.3578000000000001|1523
LU2439733507|AHYD.DE|Amundi Global Aggregate Bond ESG UCITS DR - Hedged EUR (C) ETF|Fixed Income|Bonds|EUR|50.25|4.09|-4.91|-1.26|-3.14|||-1.3582|1524
LU1650487413|LYQ2.DE|Amundi Euro Government Bond 1-3Y UCITS ETF Acc|Fixed Income|Bonds|EUR|127.35|1.4|-1.22|-1.34|0.13||2239.2|-1.3644|1525
LU0942970798|XBAE.DE|Xtrackers II ESG Global Aggregate Bond UCITS 5C EUR Hedged ETF|Fixed Income|Bonds|EUR|20.36|3.7|-4.9|-1.27|-2.69|||-1.368|1526
LU2697597719|BJLQ.DE|BNP Paribas Easy ESG Enhcd EUR Govt Bd UCITS ETF D|Broad Market / Other|Broad Market / Other|EUR|9.59|4.48|-5.28|-1.27|-3.67||171.7|-1.3756|1527
IE00B02KXK85|IQQC.DE|iShares China Large Cap UCITS ETF USD (Dist)|Broad Market / Other|Broad Market / Other|EUR|84.22|18.41|-20.97|-0.96|-15.7||889.8|-1.3794|1528
IE00BNDS1P30|V3GF.DE|Vanguard ESG Global Corporate Bond UCITS EUR Hedged - Acc ETF|Fixed Income|Bonds|EUR|4.67|3.93|-4.54|-1.29|-3.08|||-1.3808|1529
LU0192223062|IM2A.DE|BNPPE FTSEEPRA/NAREITEurozone Capped UCITS ETF QDD|Broad Market / Other|Broad Market / Other|EUR|5.72|16.64|-21.68|-0.95|-13.82|6.93|187.3|-1.3836|1530
IE00BG47KH54|VAGF.DE|Vanguard Global Aggregate Bond UCITS EUR Hedged Accumulating ETF|Fixed Income|Bonds|EUR|23.05|3.85|-4.82|-1.29|-2.97|||-1.3864|1531
LU1650488817|EGV5.DE|Amundi Euro Government Bond 3-5Y UCITS Dist ETF|Fixed Income|Bonds|EUR|128.76|2.82|-3.33|-1.32|-1.73||2086.0|-1.3866|1532
LU1650488494|LYQ3.DE|Amundi Euro Government Bond 3-5Y UCITS ETF Acc|Fixed Income|Bonds|EUR|149.3|2.77|-3.38|-1.32|-1.66||2086.0|-1.3876|1533
DE000A2QP4A8|EXHG.DE|iShares STOXX Europe 600 Automobiles & Parts UCITS (DE) EUR (Acc) ETF|Broad Market / Other|Broad Market / Other|EUR|4.44|22.11|-20.48|-0.98|-19.65|11.31|196.6|-1.3896|1534
DE000A0Q4R28|EXV5.DE|iShares STOXX Europe 600 Automobiles & Parts UCITS (DE) EUR (Dist) ETF|Broad Market / Other|Broad Market / Other|EUR|37.85|22.26|-20.54|-0.98|-19.72|11.3|196.6|-1.3908|1535
IE00BNDS1Q47|V3GE.DE|Vanguard ESG Global Corporate Bond UCITS EUR Hedged - Dist ETF|Fixed Income|Bonds|EUR|3.84|3.88|-4.32|-1.31|-3.09|||-1.3964|1536
LU2244387457|ASRE.DE|BNPP Easy JPM Tilted EMU GovBd IG 3-5Y UCITS ETF C|Broad Market / Other|Broad Market / Other|EUR|9.61|2.8|-3.33|-1.33|-1.72||3905.9|-1.3966|1537
LU0524480265|XY4P.DE|Xtrackers II iBoxx Eurozone Government Bond Yield Plus UCITS 1C ETF|Fixed Income|Bonds|EUR|172.62|4.78|-6.57|-1.28|-4.1||1379.5|-1.4114|1538
IE00BMH5XY61|E61Z.DE|Global X E-commerce UCITS ETF USD Acc|Broad Market / Other|Broad Market / Other|EUR|11.65|20.94|-25.08|-0.92|-17.25||4.4|-1.4216|1539
LU0962071741|XYPD.DE|Xtrackers II iBoxx Eurozone Government Bond Yield Plus UCITS 1D ETF|Fixed Income|Bonds|EUR|136.12|4.79|-6.67|-1.29|-4.17||1379.5|-1.4234|1540
IE00B5NLX835|SC0P.DE|Invesco STOXX Europe 600 Optimised Automobiles & Parts UCITS Acc ETF|Broad Market / Other|Broad Market / Other|EUR|371.35|22.7|-23.35|-0.96|-19.9|9.83|10.2|-1.427|1541
IE00B1FZS681|IBCN.DE|iShares   Govt Bond 3-5yr UCITS ETF EUR (Dist)|Fixed Income|Bonds|EUR|156.06|2.76|-3.36|-1.36|-1.76||2160.6|-1.4272|1542
IE000MY0C911|H41R.DE|HSBC Global Corporate Bond UCITS C H EUR ETF|Fixed Income|Bonds|EUR|11.06|3.66|-4.4|-1.34|-2.91|||-1.4280000000000002|1543
IE00BH4G7D40|36BA.DE|iShares USD Corp Bond ESG UCITS EUR Hedged (Dist) ETF|Fixed Income|Bonds|EUR|3.73|4.68|-5.63|-1.32|-4.18|||-1.4326|1544
IE000EEJLWG1|CEBW.DE|iShares US Mortgage Backed Securities UCITS EUR Hedged (Dist) ETF|Broad Market / Other|Broad Market / Other|EUR|4.77|4.15|-6.5|-1.31|-3.43|||-1.44|1545
IE00BM8QS095|ICNT.DE|Invesco MSCI China TechAllShr StkCon UCITS ETF Acc|Broad Market / Other|Broad Market / Other|EUR|24.26|30.19|-29.61|-0.85|-23.57||152.1|-1.4422|1546
IE00BYWQWR46|ESP0.DE|VanEck Video Gaming and eSports UCITS ETF USD A|Broad Market / Other|Broad Market / Other|EUR|57.7|18.35|-26.62|-0.91|-14.64|||-1.4424000000000001|1547
IE00BG47KB92|VAGE.DE|Vanguard Global Aggregate Bond UCITS EUR Hedged Distributing ETF|Fixed Income|Bonds|EUR|19.66|3.79|-4.73|-1.35|-3.13|||-1.4446|1548
LU2099992187|CHST.DE|UBS BBG MSCI Gl Liq Crp Sust UCITS ETF hEUR dis|Broad Market / Other|Broad Market / Other|EUR|8.75|4.1|-5.05|-1.35|-3.51|||-1.451|1549
IE000QL3QEM2|H41S.DE|HSBC Global Government Bond UCITS C H EUR ETF|Fixed Income|Bonds|EUR|10.16|3.24|-4.27|-1.37|-2.45|||-1.4554|1550
LU0925589839|XYP1.DE|Xtrackers II iBoxx Eurozone Government Bond Yield Plus 1-3 UCITS 1C ETF|Fixed Income|Bonds|EUR|149.37|1.56|-1.39|-1.44|-0.25||231.3|-1.4678|1551
IE00BDZVH966|IBC5.DE|iShares USD TIPS UCITS EUR Hedged (Acc) ETF|Broad Market / Other|Broad Market / Other|EUR|5.23|4.04|-5.09|-1.37|-3.53|||-1.4718|1552
LU0378818131|DBZB.DE|Xtrackers II Global Government Bond UCITS 1C EUR Hedged ETF|Fixed Income|Bonds|EUR|203.29|4.05|-5.31|-1.37|-3.54|||-1.4762000000000002|1553
LU1900067940|LHKG.DE|Amundi MSCI China ESG Selection Extra UCITS Dist ETF|Broad Market / Other|Broad Market / Other|EUR|22.76|19.87|-22.46|-1.03|-18.5|12.31|538.5|-1.4792|1554
LU2385068593|XZEG.DE|Xtrackers II ESG Global Government Bond UCITS 4D - EUR Hedged ETF|Fixed Income|Bonds|EUR|5.41|3.79|-5.22|-1.38|-3.25|||-1.4844|1555
IE00BZ036J45|XDGE.DE|Xtrackers USD Corporate Bond UCITS 2D EUR Hedged ETF|Fixed Income|Bonds|EUR|9.63|5.48|-7.1|-1.35|-5.41|||-1.492|1556
IE000NFR7C63|CBUK.DE|iShares MSCI China Tech UCITS ETF USD (Acc)|Information Technology|Technology Hardware & Software|EUR|4.02|24.47|-23.99|-1.02|-23.07||1967.5|-1.4998|1557
IE00043L4HU0|CEMC.DE|iShares $ Treasury Bond 10-20yr UCITS EUR Hedged (Acc) ETF|Fixed Income|Bonds|EUR|4.75|7.67|-10.78|-1.29|-7.87|||-1.5056|1558
IE00BDFK1573|2B7S.DE|iShares $ Treasury Bd 1-3yr UCITS ETF EUR Hgd Acc|Fixed Income|Bonds|EUR|5.06|1.33|-1.32|-1.49|0.02|||-1.5164|1559
IE00BJ5JPG56|ICGA.DE|iShares MSCI China UCITS ETF USD Acc|Broad Market / Other|Broad Market / Other|EUR|4.7|18.72|-20.9|-1.1|-18.61||2754.3|-1.518|1560
LU2977997381|CBDE.DE|Amundi Core USD Corporate Bond UCITS EUR Hedged Acc ETF|Fixed Income|Bonds|EUR|9.8|5.43|-7.04|-1.38|-5.5|||-1.5208|1561
IE000B1A2798|VGGF.DE|Vanguard Global Government Bond UCITS EUR Hedged Accumulating ETF|Fixed Income|Bonds|EUR|4.9|3.8|-5.35|-1.43|-3.43|||-1.537|1562
LU1048315243|UEF8.DE|UBS BBG US Liquid Corp 1-5 UCITS ETF hEUR acc|Broad Market / Other|Broad Market / Other|EUR|15.04|2.31|-3.05|-1.48|-1.4|||-1.541|1563
IE00BHZRR147|FLXC.DE|Franklin FTSE China UCITS ETF|Broad Market / Other|Broad Market / Other|EUR|24.76|17.57|-19.54|-1.16|-18.47||1751.2|-1.5508|1564
IE000FZ1S3M3|CEMJ.DE|iShares $ Corp Bond ESG SRI? UCITS EUR Hedged (Acc) ETF|Fixed Income|Bonds|EUR|4.88|4.25|-5.6|-1.44|-4.13|||-1.552|1565
IE00B1W57M07|IQQ9.DE|iShares BIC 50 UCITS ETF|Broad Market / Other|Broad Market / Other|EUR|19.48|19.5|-24.2|-1.08|-19.09||113.8|-1.564|1566
IE00BF2FN869|TRDE.DE|Invesco US Treasury Bond 7-10 Year UCITS - EUR Hdg Dist ETF|Fixed Income|Bonds|EUR|28.58|5.11|-7.42|-1.42|-5.24|||-1.5684|1567
LU0514695690|XCS6.DE|Xtrackers MSCI China UCITS 1C ETF|Broad Market / Other|Broad Market / Other|EUR|15.28|18.54|-21.54|-1.14|-19.08||2042.2|-1.5707999999999998|1568
IE00BD8PGZ49|IUSV.DE|Ish Trsry Bond 20 Yr Ucits Hgd Dist|Fixed Income|Bonds|EUR|2.56|9.35|-13.32|-1.31|-10.29|||-1.5764|1569
LU1048317025|UEF0.DE|UBS Core BBG US Liquid Corp UCITS ETF hEUR acc|Broad Market / Other|Broad Market / Other|EUR|16.96|4.62|-6.39|-1.46|-4.76|||-1.5877999999999999|1570
LU0952581584|XJSE.DE|Xtrackers II Japan Government Bond UCITS 1C ETF|Fixed Income|Bonds|EUR|6.0|10.07|-15.1|-1.32|-11.26|||-1.622|1571
IE000XFP47S2|CEMB.DE|iShares Broad Global Govt Bond UCITS EUR Hedged (Acc) ETF|Fixed Income|Bonds|EUR|4.94|3.02|-4.35|-1.54|-2.66|||-1.627|1572
LU1974694470|CHSP.DE|UBS J.P. Morgan Global Gov ESG Liquid Bond UCITS hEUR dis ETF|Fixed Income|Bonds|EUR|8.43|3.45|-4.95|-1.53|-3.29|||-1.629|1573
IE00BGPP6697|IBB1.DE|iShares USD Treasury Bond 7-10yr UCITS EUR Hedged (Dist) ETF|Fixed Income|Bonds|EUR|3.72|4.59|-7.43|-1.49|-4.85|||-1.6386|1574
IE00BGPP6473|CBUE.DE|iShares USD Treasury Bond 3-7yr UCITS EUR Hedged (Dist) ETF|Fixed Income|Bonds|EUR|3.98|3.1|-4.93|-1.54|-2.79|||-1.6386|1574
IE000SOORXS0|VCAA.DE|Vanguard EUR Cash UCITS ETF (Acc)|Broad Market / Other|Broad Market / Other|EUR|15.26|0.18|-0.03|-1.64|1.7||521.0|-1.6405999999999998|1576
LU1852211645|CHSK.DE|UBS Sustainable Dev Bank Bonds UCITS ETF hEUR dis|Financials|Banks & Financial Services|EUR|9.45|2.68|-3.95|-1.57|-2.2|||-1.649|1577
LU1399300455|XUTE.DE|Xtrackers II US Treasuries UCITS 2D EUR Hedged ETF|Broad Market / Other|Broad Market / Other|EUR|86.16|3.67|-5.52|-1.54|-3.63|||-1.6504|1578
IE00094FRAA6|CAUT.DE|Globel X China Electric Vehicle And Battery UCITS ETF|Broad Market / Other|Broad Market / Other|EUR|20.39|28.23|-32.36|-1.01|-26.47||22.5|-1.6572|1579
IE0007L3IJF6|FESE.DE|Fidelity ESG USD EM Bond UCITS ETF Inc EURH|Fixed Income|Bonds|EUR|4.57|5.59|-8.41|-1.49|-6.32|||-1.6582|1580
IE00BDT8V027|PDSE.DE|Invesco Preferred Shares UCITS EUR Hgd Dist ETF|Broad Market / Other|Broad Market / Other|EUR|11.53|8.54|-11.0|-1.45|-10.41|||-1.67|1581
IE00BMX0B631|VDTE.DE|Vanguard USD Treasury Bond UCITS EUR hedged - Acc ETF|Fixed Income|Bonds|EUR|24.65|3.51|-5.44|-1.58|-3.56|||-1.6888|1582
LU1974696418|EMIE.DE|UBS J.P. Morgan USD EM IG Screened Diversified Bond UCITS hEUR acc ETF|Fixed Income|Bonds|EUR|10.87|3.78|-5.45|-1.59|-4.01|||-1.699|1583
LU0690964092|XGVD.DE|Xtrackers II Global Government Bond UCITS 1D EUR Hedged ETF|Fixed Income|Bonds|EUR|164.45|3.59|-5.36|-1.6|-3.76|||-1.7072|1584
IE000K1VI152|CEMF.DE|iShares $ Treasury Bond 7-10yr UCITS EUR Hedged (Acc) ETF|Fixed Income|Bonds|EUR|4.88|4.54|-7.45|-1.56|-5.09|||-1.709|1585
IE00093SKUY4|CEBX.DE|iShares US Aggregate Bond UCITS EUR Hedged (Dist) ETF|Fixed Income|Bonds|EUR|4.7|3.65|-5.69|-1.61|-3.87|||-1.7238000000000002|1586
LU1852211991|MDBE.DE|UBS Sustainable Dev Bank Bonds UCITS ETF hEUR acc|Financials|Banks & Financial Services|EUR|9.94|2.55|-3.89|-1.65|-2.19|||-1.7278|1587
IE000N70F6V6|CNUB.DE|UBS MSCI India SF ETF ETF|Broad Market / Other|Broad Market / Other|EUR|7.48|22.66|-28.45|-1.17|-24.49||208.7|-1.7389999999999999|1588
LU2265794276|UIC2.DE|UBS Solactive China Technology UCITS USD acc ETF|Broad Market / Other|Broad Market / Other|EUR|5.87|33.0|-36.78|-1.05|-32.79|||-1.7856|1589
IE000EBPC0Z7|FVCH.DE|Franklin MSCI China Paris Aligned Climate UCITS ETF|Broad Market / Other|Broad Market / Other|EUR|19.81|18.05|-23.64|-1.34|-22.19||9.5|-1.8128000000000002|1590
IE000TY854T9|CEB2.DE|iShares Japan Govt Bond UCITS EUR Hedged (Acc) ETF|Fixed Income|Bonds|EUR|4.67|4.4|-6.23|-1.71|-5.51|||-1.8346|1591
LU0136240974|UIM5.DE|UBS Core MSCI Japan UCITS JPY dis ETF|Broad Market / Other|Broad Market / Other|EUR|72.25|17717.84|-99.44|0.0|34.22|||-1.9888|1592
IE00BPVLQD13|XDNY.DE|Xtrackers MSCI Japan Screened UCITS ETF|Broad Market / Other|Broad Market / Other|EUR|21.5|17693.01|-99.45|0.0|33.99|||-1.989|1593
LU1931974775|PR1J.DE|Amundi Prime Japan UCITS DR (D) ETF|Broad Market / Other|Broad Market / Other|EUR|39.7|17741.17|-99.45|0.0|33.31|||-1.989|1593
IE000D0T0BO1|FLXJ.DE|Franklin FTSE Japan UCITS ETF|Broad Market / Other|Broad Market / Other|EUR|34.84|17733.02|-99.45|0.0|32.95||1839.8|-1.989|1593
IE000HDEYKM3|FYEI.DE|Fidelity EUR HY Crp Bd Rs Enh PAB UCITS ETFInc EUR|Broad Market / Other|Broad Market / Other|EUR|4.82|3.72|-5.4|-1.93|-5.17|||-2.038|1596
LU2265794946|UIC1.DE|UBS Solactive China Technology UCITS hEUR acc ETF|Broad Market / Other|Broad Market / Other|EUR|5.19|28.12|-36.17|-1.36|-36.17|||-2.0834|1597
IE000AFVKJZ0|VCAS.DE|Vanguard EUR Cash UCITS ETF EUR Dist|Broad Market / Other|Broad Market / Other|EUR|15.02|0.14|-0.02|-2.09|1.7||521.0|-2.0904|1598
IE00BMWXKN31|H4ZX.DE|HSBC Hang Seng Tech UCITS ETF HKD|Information Technology|Technology Hardware & Software|EUR|5.13|26.26|-35.65|-1.43|-35.65||9946.6|-2.143|1599
LU0476289623|XAIN.DE|Xtrackers MSCI Indonesia Swap UCITS 1C ETF|Broad Market / Other|Broad Market / Other|EUR|7.29|28.17|-46.74|-1.27|-33.84||55.3|-2.2048|1600
