Action|Rank all|Rank shortterm|Rank longterm|name|Category|GICS Sector L1|GICS Sector L2|reinvest|isin|yf_ticker|currency|totalExpenseRatio|Current price|Last day|Last month|Last 3 months|Last year|YTD Performance|200 avg|Z-score 20MA|Rank 1M|Rank 3M|Rank 1 Jaar|Rank 200 M|Total score
N|1|2|1|ARK Genomic Revolution UCITS ETF USD Acc|Other|Broad Market / Other|Broad Market / Other|Acc|IE000O5M6XO1|AAKG.DE|EUR|0,75|9,114999771118164|8,861000061035156|0,21161771336958135|0,3489714092475218|0,868019250950816|0,9389490229555342|0,5784348845166054|1,3984269613676859|4,0|1,0|12,0|1,0|4,2
N|2|1|13|WisdomTree Cybersecurity UCITS USD Acc ETF|Other|Broad Market / Other|Broad Market / Other|Acc|IE00BLPK3577|W1TB.DE|EUR|0,45|42,63999938964844|41,255001068115234|0,26228540350870855|0,32053261631045893|0,5673589233313154|0,8543160614674699|0,5520757802413923|1,7151436210458633|1,0|2,0|24,0|2,0|7,3500000000000005
N|3|3|15|WisdomTree Cybersecurity UCITS USD Acc ETF|Other|Broad Market / Other|Broad Market / Other|Acc|IE00BLPK3577|W1TB.DE|EUR|0,45|42,439998626708984|41,255001068115234|0,2563647175949473|0,3143387247877343|0,5600073054853187|0,8456184856622879|0,5448520793043805|1,65661443552714|2,0|4,0|28,0|3,0|9,5
N|4|6|5|Global X Genomics & Biotechnology UCITS ETF USDAcc|Healthcare / Biotech|Health Care|Pharmaceuticals & Biotech|Acc|IE00BM8R0N95|GN0M.DE|EUR|0,5|11,276000022888184|10,994000434875488|0,15108213223518652|0,27024898130241803|0,8012778930684332|0,6217459961932581|0,41046529406520826|1,4051306164064032|16,0|7,0|14,0|6,0|9,9
N|5|12|11|L&G Cyber Security UCITS ETF USD Acc|Technology|Information Technology|Technology Hardware & Software|Acc|IE00BYPLS672|USPY.DE|EUR|0,69|45,75|44,34000015258789|0,1932707307752044|0,18415949236631013|0,627534649826812|0,7722254136559954|0,41509324346210863|1,9307212731752514|6,0|27,0|20,0|5,0|17,700000000000003
N|6|11|17|L&G Artificial Intelligence UCITS ETF USD Acc|Technology|Information Technology|Technology Hardware & Software|Acc|IE00BK5BCD43|XMLD.DE|EUR|0,49|39,95000076293945|39,09000015258789|0,16489292596361294|0,19040521836015079|0,5663596187994808|0,6535596446710525|0,3544691834362448|1,8546715980670787|14,0|23,0|25,0|9,0|19,35
N|7|6|22|Franklin FTSE Brazil UCITS ETF|Region: Emerging Markets / Asia|Broad Market / Other|Broad Market / Other|Unknown|IE00BHZRQY00|FLXB.DE|EUR|0,19|37,255001068115234|32,2599983215332|0,17264716812464465|0,26031805619748627|0,5816175158328964|0,45130506261743064|0,22903502080654126|4,094216569694484|8,0|10,0|23,0|46,0|20,150000000000002
N|8|8|23|First Trust Nasdaq Cybersecurity UCITS ETF A USD|Technology|Information Technology|Technology Hardware & Software|Unknown|IE00BF16M727|CBRS.DE|EUR|0,6|60,13999938964844|58,380001068115234|0,19065534326121347|0,21740885692368295|0,47474255002136534|0,611036604333038|0,4053125512796538|1,9076339874376198|7,0|16,0|56,0|7,0|22,85
N|9|5|28|iShares MSCI Brazil UCITS ETF USD (Dist)|Region: Emerging Markets / Asia|Broad Market / Other|Broad Market / Other|Distr|IE00B0M63516|IQQB.DE|EUR|0,74|30,415000915527344|26,264999389648438|0,1662936567840989|0,2644850569442594|0,541034378721224|0,4091102412517915|0,21722919809209396|4,060640322439107|13,0|8,0|31,0|50,0|22,9
N|10|4|32|Global X Cybersecurity UCITS ETF USD Acc|Global / Broad|Broad Market / Other|Broad Market / Other|Acc|IE00BMH5Y871|BUG.DE|EUR|0,5|19,288000106811523|18,52199935913086|0,2215326252950789|0,2641237143944877|0,4222090927731994|0,7078095154136961|0,49849921442765344|1,797244849783882|3,0|9,0|83,0|4,0|25,6
N|11|30|2|Xtrackers MSCI Taiwan UCITS 1C ETF|Region: Emerging Markets / Asia|Broad Market / Other|Broad Market / Other|Acc|LU0292109187|DBX5.DE|EUR|0,65|149,10000610351562|146,16000366210938|0,09939545400130867|0,1668493310994854|0,992516403248819|0,9034852881160471|0,3471688962913755|2,0551846068537656|45,0|40,0|9,0|10,0|27,0
N|12|30|9|L&G Cyber Security Innovation UCITS ETF USD Acc|Technology|Information Technology|Technology Hardware & Software|Acc|IE000ST40PX8|ES6Y.DE|EUR|0,49|26,299999237060547|25,770000457763672|0,19654230140100748|0,15376175253500812|0,6811556601430035|0,8597085891783929|0,3978267950259944|1,7624276523332976|5,0|55,0|16,0|8,0|28,35
N|13|37|4|Franklin FTSE Taiwan UCITS ETF|Region: Emerging Markets / Asia|Broad Market / Other|Broad Market / Other|Unknown|IE000CM02H85|FLXT.DE|EUR|0,19|69,7300033569336|68,38999938964844|0,10157984514016305|0,16507945087224307|1,0054645510182563|0,899482568672346|0,34439562582401084|2,0682113843582437|43,0|44,0|8,0|13,0|28,65
N|14|27|20|WisdomTree Biorevolution UCITS ETF USD Acc|Other|Broad Market / Other|Broad Market / Other|Acc|IE000O8KMPM1|WRNA.DE|EUR|0,45|24,5|23,684999465942383|0,0957065890533888|0,17845112655583306|0,5478898088017969|0,5138408290225298|0,3064924683354051|1,6810777247585573|61,0|30,0|29,0|20,0|32,4
N|15|42|6|iShares MSCI Taiwan UCITS ETF USD (Dist)|Region: Emerging Markets / Asia|Broad Market / Other|Broad Market / Other|Distr|IE00B0M63623|IQQT.DE|EUR|0,74|194,74000549316406|190,72000122070312|0,09635480491040549|0,16303300138962706|0,9872748819058683|0,8971539600890239|0,345110575551252|2,0619763922388468|60,0|48,0|10,0|12,0|33,1
N|16|9|39|iShares MSCI Brazil UCITS (DE) (Acc) ETF|Region: Emerging Markets / Asia|Broad Market / Other|Broad Market / Other|Acc|DE000A0Q4R85|4BRZ.DE|EUR||60,849998474121094|52,43000030517578|0,12664322098045422|0,25321796090349746|0,4888671412870753|0,3541781821395429|0,18616733194404733|3,618568496944986|21,0|11,0|52,0|65,0|33,55
N|17|41|10|L&G Metaverse UCITS USD Acc ETF|Technology|Information Technology|Technology Hardware & Software|Acc|IE0004U3TX15|MTVR.DE|EUR|0,39|40,650001525878906|40,040000915527344|0,15270104152649333|0,14507046551771574|0,9247159048576248|0,8310810868862568|0,333428517681321|1,6010866123469774|15,0|64,0|11,0|15,0|33,6
N|18|40|14|iShares AI Infrastructure UCITS ETF USD (Acc)|Technology|Information Technology|Technology Hardware & Software|Acc|IE000X59ZHE2|AIFS.DE|EUR|0,35|10,838000297546387|10,706000328063965|0,13356348128535078|0,14554484627810993|0,8054307329860357|0,7230525219834061|0,3175346246020916|1,893064163023238|20,0|61,0|13,0|19,0|34,45
N|19|49|19|WisdomTree Multi Asset Issuer PLC Energy Enhanced EUR Daily Hedged ETC|Commodity / Energy|Energy|Energy|Unknown|XS2284324667|WNRG.DE|EUR|1,02|53,41999816894531|54,95000076293945|0,04325742131986954|0,31699614928311015|0,7082373773248252|0,8778120871381021|0,24691461916994184|-0,6923783553473624|231,0|3,0|15,0|33,0|46,2
N|20|36|35|iShares Automation & Robotics UCITS ETF USD A|Technology|Information Technology|Technology Hardware & Software|Acc|IE00BYZK4552|2B76.DE|EUR|0,4|20,514999389648438|20,09000015258789|0,11518805673771215|0,16271822922280088|0,4445148482300014|0,476324087853335|0,2492954634227662|2,202800417125298|28,0|49,0|73,0|30,0|48,05
N|21|59|12|First Trust Bloomberg Global Semiconductor Supply Chain UCITS - A USD ACC ETF|Technology|Information Technology|Technology Hardware & Software|Acc|IE000KXTLDE2|FCHP.DE|EUR|0,6|48,04499816894531|47,255001068115234|0,17082973918849165|0,11292564759724422|1,0060541393923783|0,846109466788864|0,2902939419956485|2,1398282143463523|10,0|103,0|7,0|22,0|48,85
N|22|38|37|iShares Automation & Robotics UCITS ETF USD D|Technology|Information Technology|Technology Hardware & Software|Distr|IE00BYWZ0333|2B7F.DE|EUR|0,4|13,657999992370605|13,392000198364258|0,11475678697062297|0,16198743655355696|0,44164554413585533|0,4737221926147037|0,2486135902929114|2,201140766678947|29,0|50,0|74,0|31,0|49,05
N|23|46|27|iShares AI Innovation Active UCITS ETF USD (Acc)|Technology|Information Technology|Technology Hardware & Software|Acc|IE000G0E83X3|IART.DE|EUR|0,73|8,090999603271484|7,874000072479248|0,1688817803427083|0,1262527263483062|0,5067038688454484|0,5473320829238864|0,2456444761923844|2,0670697381622|12,0|78,0|42,0|35,0|50,5
N|24|15|59|Amundi Global Memory Chips UCITS ETF Acc|Technology|Information Technology|Technology Hardware & Software|Acc|LU2023678282|DRUP.DE|EUR|0,45|22,510000228881836|22,28499984741211|0,10532779189154384|0,18486162686062624|0,36424243811405077|0,433575385945967|0,2707226452392584|1,1317898779734892|40,0|26,0|120,0|24,0|51,199999999999996
N|25|32|44|Amundi MSCI Robotics & AI UCITS ETF Acc|Technology|Information Technology|Technology Hardware & Software|Acc|LU1861132840|GOAI.DE|EUR|0,4|159,22000122070312|155,97999572753906|0,14054437148547794|0,16100336830482243|0,3976475050901698|0,42338637897315423|0,25357543415330275|2,0153169622901523|17,0|51,0|91,0|28,0|51,300000000000004
N|26|33|45|L&G Healthcare Tech & Innovation UCITS ETF USD Acc|Technology|Information Technology|Technology Hardware & Software|Acc|IE00BK5BC677|XMLH.DE|EUR|0,49|16,365999221801758|16,329999923706055|0,07458960694089578|0,18594195620299137|0,43662209768497906|0,29395948196060306|0,22675743972433127|1,0542881646209215|88,0|25,0|78,0|47,0|52,099999999999994
N|27|19|55|Xtrackers MSCI USA Information Technology UCITS 1D ETF|Region: US|Information Technology|Technology Hardware & Software|Distr|IE00BGQYRS42|XUTC.DE|EUR|0,12|165,9199981689453|163,02000427246094|0,11206435363737532|0,17185035122965409|0,3812641913645367|0,39026337852908344|0,24797521944684364|1,997063473299278|33,0|36,0|107,0|32,0|52,5
N|28|26|56|Xtrackers MSCI World Information Technology UCITS 1C ETF|Global / Broad|Information Technology|Technology Hardware & Software|Acc|IE00BM67HT60|XDWT.DE|EUR|0,25|139,60000610351562|137,13999938964844|0,11359289585060983|0,16683389180620622|0,38135770310677763|0,3934917715936883|0,2455317345652437|2,0552198151010894|30,0|41,0|105,0|36,0|54,35000000000001
N|29|29|54|iShares MSCI Wld IT Sector Advanced UCITS ETF USDD|Other|Broad Market / Other|Broad Market / Other|Unknown|IE00BJ5JNY98|AYEW.DE|EUR|0,18|20,045000076293945|19,68000030517578|0,11621560707811351|0,16500062798619064|0,3853999385693514|0,3911850886488326|0,24616138616801986|2,136322747437887|26,0|45,0|103,0|34,0|54,449999999999996
N|30|24|61|StSt SPDR S&P US Technology Sel Sctr UCITS ETF Acc|Region: US|Broad Market / Other|Broad Market / Other|Acc|IE00BWBXM948|ZPDT.DE|EUR|0,15|180,5800018310547|177,52000427246094|0,11071472381151004|0,1700142938692173|0,37931564586508615|0,3850283407594799|0,24207796890801814|1,9973197086860774|37,0|37,0|111,0|41,0|56,300000000000004
N|31|23|63|iShares S&P 500 Info Technolg Sctr UCITS ETF USD A|Region: US|Broad Market / Other|Broad Market / Other|Acc|IE00B3WJKG14|QDVE.DE|EUR|0,15|49,349998474121094|48,505001068115234|0,11186212324760048|0,1683237810873206|0,3798406071944349|0,38332164063102314|0,24157967498084432|1,9931706737797519|34,0|38,0|110,0|43,0|56,400000000000006
N|32|51|31|Xtrackers Artificial Intelligence & Big Data UCITS 1C ETF|Technology|Information Technology|Technology Hardware & Software|Acc|IE00BGV5VN51|XAIX.DE|EUR|0,35|226,6999969482422|223,75|0,0920038067590554|0,13520280627243975|0,49498811567337464|0,46655449775456526|0,24348260226403662|1,7962839102797516|66,0|68,0|48,0|39,0|56,900000000000006
N|33|28|60|Amundi MSCI World Information Technology UCITS EUR Acc ETF|Global / Broad|Information Technology|Technology Hardware & Software|Acc|LU0533033667|LYPG.DE|EUR|0,3|1331,800048828125|1308,4000244140625|0,11354519132786378|0,1664039165132325|0,3782469891880669|0,3916405943867556|0,24483989247500393|2,072884184810636|31,0|42,0|112,0|38,0|57,05
N|34|57|24|WisdomTree AI UCITS ETF USD Acc|Technology|Information Technology|Technology Hardware & Software|Acc|IE00BDVPNG13|WTI2.DE|EUR|0,4|114,0199966430664|112,18000030517578|0,1376970191007394|0,11500092177945898|0,510398726581351|0,5331449836245521|0,25354693307311216|1,9627382294730324|19,0|99,0|41,0|29,0|58,5
N|35|16|67|Amundi S&P World Information Technology Screened UCITS DR - EUR (A) ETF|Global / Broad|Information Technology|Technology Hardware & Software|Acc|IE000E7EI9P0|WELU.DE|EUR|0,18|29,895000457763672|29,360000610351562|0,10252630315736377|0,17952263829858328|0,35793782814368136|0,36662859235491063|0,24190292863944607|2,142046008467197|42,0|29,0|130,0|42,0|58,8
N|36|67|16|iShares MSCI Korea UCITS ETF USD (Dist)|Region: Emerging Markets / Asia|Broad Market / Other|Broad Market / Other|Distr|IE00B0M63391|IQQK.DE|EUR|0,65|122,45999908447266|122,69999694824219|0,06539747511766869|0,11784187839991778|1,4344447635383775|0,9634123995179504|0,24518663221304293|1,5681284092371566|99,0|92,0|2,0|37,0|59,550000000000004
N|37|70|6|VanEck Semiconductor UCITS ETF USD A|Technology|Information Technology|Technology Hardware & Software|Acc|IE00BMC38736|VVSM.DE|EUR|0,35|105,87999725341797|105,12000274658203|0,17110931273849772|0,10349140824394465|1,1024621916238462|0,9374198407529717|0,329771920909502|1,7543765257447743|9,0|137,0|6,0|17,0|61,050000000000004
N|38|17|77|VanEck Genomics & Hlth Cr Innvtrs UCITS ETF USD A|Healthcare / Biotech|Health Care|Pharmaceuticals & Biotech|Acc|IE000B9PQW54|CURE.DE|EUR|0,35|25,110000610351562|24,850000381469727|0,08092987968841991|0,21745457504734844|0,33365210275370183|0,31907971928027345|0,2922174217244262|1,0828175005213396|81,0|15,0|160,0|21,0|62,35
N|39|20|73|Amundi S&P World Information technology Screened UCITS Dist ETF|Global / Broad|Information Technology|Technology Hardware & Software|Distr|IE000GEHNQU9|WELL.DE|EUR|0,18|29,440000534057617|28,959999084472656|0,10014948737867657|0,1776000213623048|0,35251321030094585|0,3650133847913042|0,2393756397658351|2,1009695798835177|44,0|32,0|137,0|44,0|62,449999999999996
N|40|25|71|iShares Digital Security UCITS ETF USD (Dist)|Technology|Information Technology|Technology Hardware & Software|Distr|IE00BG0J4841|IS4S.DE|EUR|0,4|13,25|12,979999542236328|0,12459688196567975|0,16596265631690055|0,3440997016762608|0,4165675294628157|0,2594273532732192|1,9497905372007076|22,0|43,0|148,0|26,0|62,7
N|41|73|8|Franklin FTSE Korea UCITS ETF|Region: Emerging Markets / Asia|Broad Market / Other|Broad Market / Other|Unknown|IE00BHZRR030|FLXK.DE|EUR|0,09|94,66000366210938|94,61000061035156|0,061329757494924086|0,11168528439004399|1,4979549417769191|1,0343865494410358|0,2611509435366177|1,6670521515250314|106,0|106,0|1,0|25,0|63,550000000000004
N|42|21|79|Xtrackers MSCI EM Latin America Swap UCITS ETF|Region: Emerging Markets / Asia|Broad Market / Other|Broad Market / Other|Unknown|LU0292108619|DBX3.DE|EUR|0,4|57,0|50,83000183105469|0,09868926034065661|0,17829457364341095|0,4246438988057355|0,29339687757461763|0,1460684302396047|3,8365764465151173|47,0|31,0|81,0|123,0|64,3
N|43|34|68|Amundi MSCI Em Latin America UCITS ETF - EUR (C)|Region: Emerging Markets / Asia|Broad Market / Other|Broad Market / Other|Acc|LU1681045024|AMEL.DE|EUR|0,2|23,860000610351562|21,360000610351562|0,0919908555510347|0,17334652985406418|0,4575442508938148|0,315325325973673|0,14642452626395697|3,8057269191298375|67,0|34,0|68,0|120,0|64,65
N|44|44|62|Invesco Cybersecurity UCITS ETF|Other|Broad Market / Other|Broad Market / Other|Unknown|IE00072RHT03|IVCS.DE|EUR|0,35|7,47599983215332|7,2870001792907715|0,13841935922582604|0,141373986939467|0,3545931798895161|0,5202846574796527|0,3368351370657816|1,9504756509085162|18,0|66,0|133,0|14,0|65,15
N|45|35|69|iShares MSCI EM Latin America UCITS ETF USD D|Region: Emerging Markets / Asia|Broad Market / Other|Broad Market / Other|Distr|IE00B27YCK28|IUSC.DE|EUR|0,2|20,65999984741211|18,506000518798828|0,09242804201774324|0,17239814728926928|0,4577714505968473|0,3156870112804251|0,14603882894029474|3,77240067307941|65,0|35,0|67,0|124,0|65,3
N|46|54|40|Xtrackers Nikkei 225 UCITS ETF 1C|Other|Broad Market / Other|Broad Market / Other|Acc|LU2196470426|XNKY.DE|EUR|0,09|133,39999389648438|130,25999450683594|0,11240823827021917|0,11987903643926079|0,465772890509347|0,4711071178599262|0,21459327266150163|2,7330723509441346|32,0|88,0|63,0|53,0|66,35
N|47|72|18|Xtrackers MSCI Korea UCITS 1C ETF|Region: Emerging Markets / Asia|Broad Market / Other|Broad Market / Other|Acc|LU0292100046|DBX8.DE|EUR|0,45|216,64999389648438|217,25|0,062791206326817|0,11113959710629251|1,4258201748840769|0,9681140106537063|0,24283245402353848|1,5624097375496648|103,0|107,0|3,0|40,0|67,0
N|48|39|75|iShares Digital Security UCITS ETF USD (Acc)|Technology|Information Technology|Technology Hardware & Software|Acc|IE00BG0J4C88|L0CK.DE|EUR|0,4|12,041999816894531|11,85200023651123|0,12332085046040131|0,1607866094339483|0,3406812899554166|0,4099050814391605|0,25544341734082976|1,8558429423960792|24,0|52,0|152,0|27,0|67,8
N|49|56|41|Xtrackers Nikkei 225 UCITS ETF 1D|Other|Broad Market / Other|Broad Market / Other|Distr|LU0839027447|XDJP.DE|EUR|0,09|41,48500061035156|40,59000015258789|0,11070956640320917|0,1178681584946637|0,4638889010411742|0,46747300214816945|0,21276454228770358|2,697535248701647|38,0|91,0|64,0|55,0|69,1
N|50|57|42|iShares Nikkei 225 UCITS ETF JPY (Acc)|Region: Japan|Broad Market / Other|Broad Market / Other|Acc|IE00B52MJD48|SXRZ.DE|EUR|0,48|410,8999938964844|401,5|0,1111411775560287|0,11733512956216008|0,4594211035755049|0,4643620276504914|0,2124430887836013|2,722585814505982|35,0|93,0|65,0|56,0|69,9
N|51|13|103|Global X Cloud Computing UCITS ETF USD Acc|Technology|Information Technology|Technology Hardware & Software|Acc|IE00BMH5YF48|CL0U.DE|EUR|0,55|12,878000259399414|12,65999984741211|0,08858836368995049|0,2702703541698983|0,29818550003585886|0,3851780525451267|0,3190455788211961|1,6858316261087731|72,0|6,0|223,0|18,0|72,55
N|52|85|3|iShares MSCI Global Semiconductors UCITS ETF USD A|Global / Broad|Broad Market / Other|Broad Market / Other|Acc|IE000I8KRLL9|SEC0.DE|EUR|0,35|19,841999053955078|19,70199966430664|0,17061936052173343|0,09672784056538153|1,224439336798635|1,0209818066562737|0,330783310548743|1,8074243499291331|11,0|167,0|5,0|16,0|72,9
N|53|69|29|Fidelity Emerging Markets Quality Income UCITS - Inc USD ETF|Factor / Smart Beta|Broad Market / Other|Broad Market / Other|Distr|IE00BYSX4739|FYEQ.DE|EUR|0,5|7,756999969482422|7,556000232696533|0,04499530068395918|0,15202834958826816|0,535823754029652|0,47907084327253857|0,2158870839355449|2,518307037045996|217,0|58,0|33,0|51,0|74,2
N|54|55|57|UBS Nasdaq-100 ESG Enhanced UCITS ETF USD acc|Technology|Information Technology|Technology Hardware & Software|Acc|IE000PWGE381|BCFM.DE|EUR|0,15|19,059999465942383|18,757999420166016|0,11111112346552598|0,11867586256925167|0,39736062948656037|0,3833647579336734|0,21436154794991036|1,9055750211610414|36,0|90,0|93,0|54,0|75,44999999999999
N|55|22|99|Invesco S&P Wld Information Tech ESG UCITS ETF Acc|Technology|Information Technology|Technology Hardware & Software|Acc|IE000Q0IU5T1|WDTE.DE|EUR|0,18|12,815999984741211|12,60200023651123|0,0916524901704121|0,18776645320212282|0,30855630120802324|0,31635167465052194|0,22154343083952122|2,2510850298096936|68,0|24,0|194,0|48,0|77,9
N|56|14|134|WisdomTree Cloud Computing UCITS ETF USD Acc|Technology|Information Technology|Technology Hardware & Software|Acc|IE00BJGWQN72|WTEJ.DE|EUR|0,4|37,30500030517578|36,19499969482422|0,07786765811319185|0,290160785889618|0,2537389130349639|0,3045987480668877|0,3454722330468687|2,0935003342164618|84,0|5,0|277,0|11,0|86,05
N|57|61|74|Leverage Shares Short Volatility Long Tech ETP|Technology|Information Technology|Technology Hardware & Software|Unknown|XS2595675641|SVLT.DE|EUR||45,167999267578125|44,4739990234375|0,08980360466165105|0,12263254873234364|0,36121994899788024|0,32224822802509356|0,20217181492543235|1,892459079715604|71,0|84,0|126,0|58,0|87,35
N|58|92|26|iShares Edge MSCI EM Value Factor UCITS USD (Acc) ETF|Factor / Smart Beta|Broad Market / Other|Broad Market / Other|Acc|IE00BG0SKF03|5MVL.DE|EUR|0,4|93,0999984741211|91,70999908447266|0,04348797579390329|0,11724464692649761|0,6336198584338375|0,4977477268767576|0,18913504161292183|2,098382808769087|224,0|94,0|19,0|63,0|88,55000000000001
B|59|71|52|StSt SPDR MSCI Europe Energy UCITS ETF|Commodity / Energy|Energy|Energy|Unknown|IE00BKWQ0F09|SPYN.DE|EUR|0,18|313,20001220703125|310,79998779296875|0,03984063583553832|0,16387961762643566|0,5145068065044645|0,44865872630891235|0,15062564569749282|-0,010297357065564047|261,0|46,0|39,0|111,0|89,5
N|60|68|65|Global X Artificial Intelligence UCITS ETF USD Acc|Technology|Information Technology|Technology Hardware & Software|Acc|IE0000XTDDA8|QAIU.DE|EUR|0,4|26,959999084472656|26,489999771118164|0,08316591987081834|0,11289984148338728|0,3755101305998563|0,3707545296137513|0,2049716291164887|1,998906397030331|79,0|104,0|115,0|57,0|93,6
N|61|62|89|iShares Nasdaq 100 Top 30 UCITS ETF USD Acc|Technology|Information Technology|Technology Hardware & Software|Acc|IE000Z7P04F4|HX60.DE|EUR|0,3|6,669000148773193|6,552999973297119|0,11577712646467653|0,11335566003340247|0,34131134051466194|0,31564420100987145|0,18570805406864177|1,8907638461595833|27,0|102,0|151,0|67,0|96,0
N|62|43|130|Amundi MSCI Digital Economy UCITS ETF Acc|Technology|Information Technology|Technology Hardware & Software|Acc|LU2023678878|EBUY.DE|EUR|0,45|23,09000015258789|22,5049991607666|0,09483167309292728|0,16310704144294408|0,2864943286984025|0,33808527227577767|0,23592292065741627|2,1063346239110494|63,0|47,0|245,0|45,0|98,5
N|63|129|21|UBS MSCI EM ex China SR UCITS ETF USD acc|Region: Emerging Markets / Asia|Broad Market / Other|Broad Market / Other|Acc|IE00BNC0MH93|AW1J.DE|EUR|0,2|10,097999572753906|9,949999809265137|0,04328956258183547|0,1024017184461854|0,6790820876682646|0,5506755900823144|0,21485247944328423|1,8449538513929566|230,0|140,0|17,0|52,0|105,15
N|64|107|38|iShares MSCI Europe Information Technology Sector UCITS EUR (Acc) ETF|Region: Europe|Information Technology|Technology Hardware & Software|Acc|IE00BMW42413|ESIT.DE|EUR|0,18|12,607999801635742|12,545999526977539|0,08539941556250974|0,09577614098400189|0,49242422703048083|0,46298442295068476|0,18577147348930456|2,069095407711864|76,0|171,0|49,0|66,0|105,25000000000001
N|65|112|34|iShares MSCI Poland UCITS ETF USD (Acc)|Other|Broad Market / Other|Broad Market / Other|Acc|IE00B4M7GH52|IBCJ.DE|EUR|0,74|37,845001220703125|36,244998931884766|0,02616594698046759|0,1669750497863276|0,5257004940574999|0,30770561583666134|0,17523486449078418|1,2421121353612785|445,0|39,0|35,0|74,0|105,89999999999999
N|66|65|112|iShares MSCI World Islamic UCITS ETF USD (Dist)|Global / Broad|Broad Market / Other|Broad Market / Other|Distr|IE00B27YCN58|IUSD.DE|EUR|0,3|63,630001068115234|62,880001068115234|0,06851388553025406|0,12004927882347505|0,3211086741505258|0,3060184172756053|0,15968498432327793|2,1632752576516183|95,0|87,0|173,0|101,0|112,5
N|67|96|69|UBS CMCI Composite SF UCITS ETF USD acc|Other|Broad Market / Other|Broad Market / Other|Acc|IE00B53H0131|UIQK.DE|EUR|0,34|135,05999755859375|133,44000244140625|0,03988291100277541|0,12400127698383945|0,41187531244147957|0,39136703392608707|0,16078194443540483|1,7877085075516916|259,0|83,0|87,0|99,0|113,60000000000001
N|68|122|46|iShares S&P 500 Energy Sector UCITS ETF USD (Acc)|Commodity / Energy|Energy|Energy|Acc|IE00B42NKQ00|QDVF.DE|EUR|0,15|11,932000160217285|11,795999526977539|0,028620669640486263|0,15620160010290807|0,5059952508871861|0,482788649438586|0,16082235856633065|1,3585868510078412|429,0|54,0|43,0|98,0|116,29999999999998
N|69|133|36|UBS MSCI EM ex China UCITS ETF USD acc|Region: Emerging Markets / Asia|Broad Market / Other|Broad Market / Other|Acc|LU2050966394|4UBL.DE|EUR|0,16|34,375|33,810001373291016|0,052671911958349193|0,08936776002381053|0,5621450266305057|0,437382340959112|0,16988719145427833|2,046042718090463|132,0|183,0|27,0|88,0|117,35
N|70|74|99|Invesco NASDAQ-100 ESG UCITS ETF Acc|Technology|Information Technology|Technology Hardware & Software|Acc|IE000COQKPO9|N1ES.DE|EUR|0,25|81,95999908447266|80,91999816894531|0,09762958476352557|0,10458224333409905|0,3202319050749973|0,3117797644839593|0,18009219682952415|1,7945621293017429|52,0|131,0|174,0|73,0|118,30000000000001
N|71|50|164|Rex Tech Innovation Inc & Growth UCITS ETF USD Dis|Technology|Information Technology|Technology Hardware & Software|Distr|IE000OBK3UE0|ASWL.DE|EUR|0,65|26,46500015258789|26,239999771118164|0,08435450098785613|0,1454215850001115|0,24693827830395754|0,24241388545472264|0,19018258488431306|1,573443700682794|78,0|62,0|284,0|62,0|119,9
N|72|148|30|Franklin FTSE Asia ex China ex Japan UCITS ETF|Region: Japan|Broad Market / Other|Broad Market / Other|Unknown|IE00BFWXDV39|FVSJ.DE|EUR|0,14|40,744998931884766|40,42499923706055|0,049858219276575744|0,08653330485026034|0,604765652278692|0,4867724105454905|0,1849040403273241|1,8207092455972866|161,0|193,0|21,0|68,0|120,19999999999999
N|73|75|102|iShares Healthcare Innovation UCITS USD (Acc) ETF|Healthcare / Biotech|Health Care|Pharmaceuticals & Biotech|Acc|IE00BYZK4776|2B78.DE|EUR|0,4|9,588000297546387|9,506999969482422|0,04626808822840722|0,12640979828645604|0,3146853155997602|0,24876274171554424|0,1827086559474338|1,0763578375019227|203,0|77,0|181,0|70,0|120,5
B|74|128|49|Market Access Jim Rogers International Commodity Index ETF|Commodity / Energy|Materials|Materials|Unknown|LU0249326488|M9SA.DE|EUR|0,6|40,65999984741211|40,375|0,028195770137686038|0,1451907794456102|0,5011999712682935|0,4866544526617347|0,16200478476717173|0,08538569522234468|433,0|63,0|46,0|96,0|120,85000000000001
N|75|127|53|StSt SPDR S&P U.S. Energy Sel Sector UCITS ETF Acc|Commodity / Energy|Energy|Energy|Acc|IE00BWBXM492|ZPDE.DE|EUR|0,15|45,4900016784668|45,119998931884766|0,026051711240446584|0,15354380865514017|0,5025599422509637|0,47910918289008686|0,15796237059192197|1,1263130731903739|446,0|56,0|45,0|104,0|121,35
N|76|18|211|Leverage Shares FAANG+ ETP|Other|Broad Market / Other|Broad Market / Other|Unknown|XS2595675724|FGA1.DE|EUR||60,34000015258789|58,79499816894531|0,0915340355467964|0,19662867755167324|0,22071615982308068|0,21520926750036762|0,19256978456273366|2,2431682859945767|69,0|22,0|360,0|61,0|121,35
N|77|76|108|HSBC MSCI AC Far East ex Japan UCITS ETF USD|Region: Japan|Broad Market / Other|Broad Market / Other|Unknown|IE00BBQ2W338|H412.DE|EUR|0,45|39,650001525878906|39,209999084472656|0,05466153048145439|0,10893582272151203|0,3190286836432543|0,2858765267758725|0,1683035175838068|2,022372691420974|123,0|112,0|176,0|92,0|125,65
N|78|76|108|HSBC MSCI AC Far East ex Japan UCITS ETF USD|Region: Japan|Broad Market / Other|Broad Market / Other|Unknown|IE00BBQ2W338|H412.DE|EUR|0,45|39,650001525878906|39,209999084472656|0,05466153048145439|0,10893582272151203|0,3190286836432543|0,2858765267758725|0,1683035175838068|2,022372691420974|123,0|112,0|176,0|92,0|125,65
N|79|60|165|UBS MSCI USA Tech 125 Universal UCITS USD acc ETF|Technology|Information Technology|Technology Hardware & Software|Acc|IE0003B4BV34|CSYU.DE|EUR|0,18|20,8799991607666|20,530000686645508|0,08806662739324289|0,1240309496472698|0,2566201335258895|0,24865440786646142|0,17162178939666295|1,95208350296445|73,0|81,0|272,0|78,0|126,94999999999999
N|80|137|58|Xtrackers MSCI USA Energy UCITS 1D ETF|Commodity / Energy|Energy|Energy|Distr|IE00BCHWNS19|XUEN.DE|EUR|0,12|58,29999923706055|57,72999954223633|0,023166017996293142|0,14893021203306134|0,49053137270640423|0,474847487421862|0,15563637567192945|1,166123470539302|477,0|59,0|51,0|108,0|129,5
B|81|99|97|L&G Multi-Strategy Enh Comms UCITS ETF USD Acc|Other|Broad Market / Other|Broad Market / Other|Acc|IE00BFXR6159|EN4C.DE|EUR|0,3|17,531999588012695|17,413999557495117|0,03727364482555817|0,1303674615920125|0,37032984504990907|0,3684045591764875|0,14084323042063773|0,32716203551289197|292,0|73,0|117,0|137,0|129,65
N|82|63|160|Xtrackers MSCI Japan ESG UCITS ETF|ESG / Sustainable|Broad Market / Other|Broad Market / Other|Unknown|IE00BG36TC12|XZMJ.DE|EUR|0,2|31,4950008392334|30,94499969482422|0,0663619773809827|0,1240185697608327|0,28289213107952826|0,29582392280515624|0,16050170500362237|2,719968150972508|98,0|82,0|250,0|100,0|130,0
N|83|81|111|Xtrackers Nasdaq-100 UCITS 1C ETF|Technology|Information Technology|Technology Hardware & Software|Acc|IE00BMFKG444|XNAS.DE|EUR|0,2|64,5999984741211|63,52000045776367|0,09789256129496904|0,09938734376116831|0,3095478628880466|0,29953730967376857|0,17188843625757255|1,9332680725646176|49,0|150,0|190,0|76,0|130,05
N|84|84|110|Invesco NASDAQ-100 Swap UCITS ETF Acc|Technology|Information Technology|Technology Hardware & Software|Acc|IE00BNRQM384|EQQX.DE|EUR|0,2|87,30000305175781|85,88999938964844|0,09769903673736269|0,09852776784675399|0,3096309369298842|0,30026815378877725|0,1718042583620183|1,9216186210293456|50,0|152,0|189,0|77,0|130,95000000000002
N|85|64|174|WisdomTree US Quality Growth UCITS - USD Acc ETF|Factor / Smart Beta|Broad Market / Other|Broad Market / Other|Acc|IE000YGEAK03|QGRW.DE|EUR|0,33|39,94499969482422|39,11000061035156|0,09513369063373855|0,11609384389521615|0,25672486665361705|0,23649587734021438|0,16471816900956204|2,104179057817052|62,0|96,0|271,0|94,0|134,25
N|86|87|117|Invesco EQQQ NASDAQ-100 UCITS ETF Dist|Technology|Information Technology|Technology Hardware & Software|Distr|IE0032077012|EQQQ.DE|EUR|0,3|680,2000122070312|669,0999755859375|0,09769393986971164|0,09840258292821491|0,3080543771604751|0,298973423279143|0,17124257835043188|1,9228056853940638|51,0|154,0|197,0|80,0|134,5
N|87|89|116|UBS Nasdaq-100 UCITS USD acc ETF|Technology|Information Technology|Technology Hardware & Software|Acc|IE000SB4G4I4|BCFP.DE|EUR|0,13|32,415000915527344|31,895000457763672|0,09751146378853237|0,09825517824323593|0,30837543550486224|0,2994588619799847|0,17151291549193037|1,919487179865603|54,0|155,0|196,0|79,0|134,89999999999998
N|88|93|115|BNP PARIBAS EASY II NASDAQ 100 UCITS USD Acc ETF|Technology|Information Technology|Technology Hardware & Software|Acc|IE000QDFFK00|ANAV.DE|EUR|0,14|24,229999542236328|23,84000015258789|0,09687638636787121|0,09811914596770599|0,30916362120887664|0,29933497481774163|0,17117410888995654|1,912330987674786|57,0|157,0|192,0|82,0|135,75
N|89|91|121|iShares NASDAQ 100 UCITS ETF USD (Acc)|Technology|Information Technology|Technology Hardware & Software|Acc|IE00B53SZB19|SXRV.DE|EUR|0,3|1599,0|1572,5999755859375|0,09761116584685947|0,09821428571428581|0,30786850313298175|0,29852198172633027|0,17121663531395237|1,9266703901584115|53,0|156,0|198,0|81,0|136,05
N|90|94|120|Amundi Core Nasdaq-100 Swap UCITS ETF Acc|Technology|Information Technology|Technology Hardware & Software|Acc|LU1829221024|LYMS.DE|EUR|0,22|113,22000122070312|111,5|0,09688044837955556|0,09773125742393951|0,3084479696975575|0,29839455485193644|0,17072203242916095|1,8982653456085732|56,0|159,0|195,0|84,0|137,55
N|91|52|199|Xtrackers MSCI Next Generation Internet Innovation UCITS ETF|Other|Broad Market / Other|Broad Market / Other|Unknown|IE000XOQ9TK4|XNGI.DE|EUR|0,3|73,05000305175781|71,77999877929688|0,09800096786548962|0,12505779621773327|0,22177624909162486|0,27978277344789015|0,19869797646411347|1,7716069087568824|48,0|79,0|353,0|59,0|138,85
N|92|100|123|Amundi Nasdaq-100 Swap UCITS ETF EUR Acc|Technology|Information Technology|Technology Hardware & Software|Acc|LU1681038243|6AQQ.DE|EUR|0,23|318,75|313,79998779296875|0,09649118202648044|0,09743496850947508|0,3076923076923077|0,2986351760567123|0,17066667414323589|1,9049488392513796|59,0|161,0|199,0|85,0|140,0
N|93|183|33|HSBC MSCI Emerging Markets Value Screened UCITS USD Acc ETF|Factor / Smart Beta|Broad Market / Other|Broad Market / Other|Acc|IE000NVVIF88|H41E.DE|EUR|0,35|24,395000457763672|24,165000915527344|0,037864340726402546|0,08760589058638857|0,5465322808535162|0,4476027472069146|0,18131276460159618|1,8155529533990058|282,0|191,0|30,0|71,0|140,4
N|94|98|125|Invesco EQQQ NASDAQ-100 UCITS ETF Acc|Technology|Information Technology|Technology Hardware & Software|Acc|IE00BFZXGZ54|EQQB.DE|EUR|0,3|476,1499938964844|468,70001220703125|0,09661441849396102|0,09762565074973484|0,30613087324225696|0,2975881674799974|0,17033087555555704|1,9048001190356554|58,0|160,0|203,0|86,0|140,65
N|95|121|96|Global X Internet of Things UCITS ETF USD Acc|Global / Broad|Broad Market / Other|Broad Market / Other|Acc|IE00BLCHJT74|SN5R.DE|EUR|0,6|17,474000930786133|17,375999450683594|0,09899379559867905|0,08601620665464327|0,33023761853229683|0,41398294313560524|0,18108034178682608|1,9321766170744976|46,0|196,0|165,0|72,0|140,95000000000002
N|96|101|124|iShares Nasdaq-100 UCITS (DE) ETF|Technology|Information Technology|Technology Hardware & Software|Unknown|DE000A0F5UF5|EXXT.DE|EUR|0,3|270,45001220703125|266,0|0,09738289939532607|0,09693777675701809|0,30609211287937765|0,2970402530647185|0,1708177110021265|1,9243604204005655|55,0|164,0|204,0|83,0|141,45
N|97|145|72|Invesco BBG Commodity Carbon Tilted UCITS ETF USD|Commodity / Energy|Materials|Materials|Unknown|IE000CYTPBT0|CMOC.DE|EUR|0,35|7,361000061035156|7,329999923706055|0,0208015665069472|0,14248024896480516|0,5139860301031163|0,41939842752231327|0,13561418981501405|-0,7541946000439561|493,0|65,0|40,0|165,0|142,95
N|98|79|148|iShares MSCI Japan UCITS ETF USD (Acc)|Region: Japan|Broad Market / Other|Broad Market / Other|Acc|IE00B53QDK08|SXR5.DE|EUR|0,12|275,4599914550781|271,42999267578125|0,051053134799833755|0,11027805190841877|0,3040143168524594|0,29439403512626194|0,14066170357667773|2,651502088210729|145,0|108,0|208,0|138,0|144,55
N|99|78|156|Xtrackers MSCI Japan Screened UCITS ETF|Region: Japan|Broad Market / Other|Broad Market / Other|Unknown|IE00BPVLQD13|XDNY.DE|EUR|0,15|21,729999542236328|21,395000457763672|0,05281008647386676|0,10979520260659381|0,29628456418480176|0,2935464026946437|0,1444278328239239|2,7149830602727785|129,0|110,0|224,0|128,0|144,95
N|100|105|127|UBS Nasdaq-100 UCITS ETF USD dis|Technology|Information Technology|Technology Hardware & Software|Distr|IE0003RQ9F90|BCFN.DE|EUR|0,13|32,13999938964844|31,674999237060547|0,0946866049558841|0,09604845072547952|0,3063775096067567|0,2964130447159212|0,16882898291395732|1,864429380406569|64,0|170,0|202,0|91,0|146,3
N|101|80|150|Amundi Core MSCI Japan UCITS Dist ETF|Region: Japan|Broad Market / Other|Broad Market / Other|Distr|LU2090063673|NADA.DE|EUR|0,12|96,58999633789062|95,11000061035156|0,051605856750286616|0,10857338898976665|0,30339803526313514|0,29511925404205486|0,14054406163524025|2,722014898733136|137,0|115,0|209,0|139,0|146,6
N|102|148|83|iShares MSCI World Energy Sector UCITS ETF USD D|Commodity / Energy|Energy|Energy|Distr|IE00BJ5JP105|5MVW.DE|EUR|0,18|8,918000221252441|8,819000244140625|0,02188609826571586|0,1308648293662511|0,4661492373318632|0,43654508424792504|0,13744963443252156|0,7897840717895677|489,0|70,0|62,0|152,0|147,25
N|103|180|50|UBS MSCI EM Socially Responsible UCITS USD acc ETF|ESG / Sustainable|Broad Market / Other|Broad Market / Other|Acc|LU1048313974|UETE.DE|EUR|0,24|28,44499969482422|27,875|0,0364365097875583|0,09131015200466974|0,4887992439288744|0,39778865659018003|0,16988502169187925|1,9872082146295682|310,0|177,0|53,0|89,0|148,35
N|104|83|153|Xtrackers MSCI Japan UCITS 1C ETF|Region: Japan|Broad Market / Other|Broad Market / Other|Acc|LU0274209740|DBXJ.DE|EUR|0,12|111,55000305175781|109,875|0,05106949909174041|0,10829608902764232|0,3031542644884744|0,2957671960485393|0,14011231960047543|2,6854279852770975|144,0|116,0|210,0|141,0|148,7
N|105|150|86|Xtrackers MSCI World Energy UCITS 1C ETF|Commodity / Energy|Energy|Energy|Acc|IE00BM67HM91|XDW0.DE|EUR|0,25|67,58999633789062|66,98999786376953|0,022077712764417168|0,13045651953381454|0,46727446766276937|0,4351840871845616|0,13595678002521994|0,7484096168066855|487,0|72,0|60,0|161,0|149,05
N|106|188|47|UBS MSCI EM Socially Responsible UCITS USD dis ETF|ESG / Sustainable|Broad Market / Other|Broad Market / Other|Distr|LU1048313891|UEF5.DE|EUR|0,24|21,454999923706055|21,040000915527344|0,035973002036101764|0,08996721551655473|0,49074282497288|0,40061457906352094|0,1692747794024243|1,9743849781753642|316,0|180,0|50,0|90,0|149,9
N|107|86|159|BNPP Easy MSCI Japan Min TE UCITS ETF C|Region: Japan|Broad Market / Other|Broad Market / Other|Acc|LU1291102447|EJAP.DE|EUR|0,15|22,15999984741211|21,844999313354492|0,0514827542203764|0,10689307396187164|0,29864046633022046|0,2971201312591716|0,1430177767507539|2,7029821553437827|138,0|120,0|221,0|134,0|150,75
N|108|165|66|iShares MSCI AC Far East ex-Jpn UCITS ETF USD D|Other|Broad Market / Other|Broad Market / Other|Distr|IE00B0M63730|IQQF.DE|EUR|0,74|88,0|86,98999786376953|0,05007980974936199|0,07693925115407674|0,4316963928855675|0,39023613558879133|0,156243293750558|1,8612399126723025|154,0|219,0|79,0|105,0|151,45
B|109|139|94|WisdomTree Broad Commodities UCITS ETF USD Acc|Commodity / Energy|Materials|Materials|Acc|IE00BKY4W127|PCOM.DE|EUR|0,19|15,20199966430664|15,119999885559082|0,026607243635779154|0,12690881558455147|0,4376772412315224|0,38426508636822376|0,13231435910166112|-0,13784229696647332|441,0|76,0|76,0|182,0|151,95
B|110|140|93|iShares Diversified Commodity Swap UCITS ETF USD A|Commodity / Energy|Materials|Materials|Acc|IE00BDFL4P12|SXRS.DE|EUR|0,19|9,385000228881836|9,324000358581543|0,02590735368610031|0,12732738064894522|0,43831419030092045|0,3866725848582364|0,13250354325031055|-0,13308013523750317|449,0|75,0|75,0|181,0|152,3
N|111|111|135|Fidelity Japan Eq Research Enh UCITS ETF Inc JPY|Region: Japan|Broad Market / Other|Broad Market / Other|Distr|IE000B5UZSG9|FJPI.DE|EUR|0,25|5,047999858856201|4,9654998779296875|0,052543756222073634|0,09846586165527804|0,30985897369114923|0,2973754748233919|0,14582757821669468|2,651996455361855|133,0|153,0|188,0|125,0|153,15
N|112|94|162|UBS Core MSCI Japan UCITS JPY dis ETF|Region: Japan|Broad Market / Other|Broad Market / Other|Distr|LU0136240974|UIM5.DE|EUR|0,12|73,16400146484375|72,10800170898438|0,05009038785472808|0,10630785986881541|0,30067721734410435|0,29357167951694985|0,13872112173713802|2,695001036877983|152,0|123,0|215,0|145,0|154,75
B|113|142|101|iShares Diversified Commodity Swap UCITS (DE) ETF|Commodity / Energy|Materials|Materials|Unknown|DE000A0H0728|EXXY.DE|EUR|0,46|36,92499923706055|36,70000076293945|0,026692592253571235|0,12456221308445259|0,42705311061103557|0,3785700745720981|0,1289295414773859|-0,17656947679972024|439,0|80,0|80,0|194,0|156,65
N|114|66|222|iShares S&P 500 Top 20 UCITS ETF USD (Acc)|Region: US|Broad Market / Other|Broad Market / Other|Acc|IE000VA628D5|IS20.DE|EUR|0,2|6,288000106811523|6,184000015258789|0,08189957425135042|0,11528912629443999|0,22644827083979324|0,2016052637429886|0,1480067096670914|1,8556215206268518|80,0|98,0|332,0|115,0|157,2
N|115|101|165|StSt SPDR MSCI Japan UCITS ETF|Region: Japan|Broad Market / Other|Broad Market / Other|Unknown|IE00BZ0G8B96|ZPDJ.DE|EUR|0,12|82,54199981689453|81,38800048828125|0,04945836556626082|0,10637209756085597|0,30044743600561685|0,29449218831792345|0,13841282801494614|2,642668672255141|167,0|122,0|216,0|148,0|157,45
N|116|163|87|Goldman Sachs Alp Enh EM Eq Actv UCITS ETF USD Acc|Region: Emerging Markets / Asia|Broad Market / Other|Broad Market / Other|Acc|IE000KEFZYE7|GQEM.DE|EUR|0,3|27,7450008392334|27,190000534057617|0,04856393799026293|0,08167646206082746|0,3886387124575452|0,33969107029247736|0,14745182884259678|2,232841900336941|178,0|208,0|101,0|117,0|158,55
N|117|179|76|Vanguard ESG DevAsiaPacific AC UCITS ETF Dis|ESG / Sustainable|Broad Market / Other|Broad Market / Other|Distr|IE0008T6IUX0|V3PL.DE|EUR|0,17|9,368000030517578|9,291999816894531|0,042339435556959515|0,08369630079333401|0,4214420392930891|0,3815930121609823|0,15005927680499598|2,289540810960013|236,0|204,0|84,0|113,0|160,6
N|118|125|139|ishares Digital Entertainment and Education Ucits Etf Usd Acc|Technology|Information Technology|Technology Hardware & Software|Acc|IE00023EZQ82|CBUN.DE|EUR|0,4|13,432000160217285|13,350000381469727|0,05630706034007682|0,0952381137528795|0,27510913749241794|0,3824619914243905|0,22150790437875223|1,2691449052221497|120,0|173,0|256,0|49,0|161,0
N|119|120|143|Goldman Sachs Alpha Enhanced Japan Equity Active UCITS Class JPY Acc ETF|Region: Japan|Broad Market / Other|Broad Market / Other|Acc|IE000ZUTO1I5|GQJY.DE|EUR|0,25|27,450000762939453|26,9950008392334|0,05192571317262007|0,09712231257860582|0,3280116430391973|0,2991008922474354|0,13425302291886032|2,6717672702316344|136,0|162,0|168,0|172,0|161,6
N|120|159|92|Janus Henderson Japan High Conviction Equity UCITS (GBP) Acc ETF|Region: Japan|Broad Market / Other|Broad Market / Other|Acc|IE000CV0WWL4|JCPN.DE|EUR|0,49|0,9070000052452087|0,8970000147819519|0,041331818239363605|0,09106217152198703|0,3537313173916119|0,3373636045007746|0,1589788030470336|2,290744846784435|244,0|179,0|134,0|102,0|162,10000000000002
N|121|82|192|iShares MSCI Japan UCITS ETF USD (Dist)|Region: Japan|Broad Market / Other|Broad Market / Other|Distr|IE00B02KXH56|IQQJ.DE|EUR|0,12|23,266000747680664|22,93899917602539|0,05071585225270514|0,10879757204293394|0,30195662501637033|0,29341068153827643|0,1254612530974868|2,696182356226743|149,0|114,0|214,0|213,0|164,05
N|122|104|177|iShares MSCI Japan CTB Enh ESG UCITS ETF USD D|ESG / Sustainable|Broad Market / Other|Broad Market / Other|Distr|IE00BHZPJ346|EMNJ.DE|EUR|0,15|8,397000312805176|8,277000427246094|0,051201852907554635|0,10225784709463581|0,29491928091324615|0,2930641866945971|0,13738741160439005|2,7387117737884576|141,0|141,0|226,0|153,0|164,65
N|123|131|138|UBS MSCI Japan Socially Responsible UCITS JPY dis ETF|ESG / Sustainable|Broad Market / Other|Broad Market / Other|Distr|LU1230561679|FRCJ.DE|EUR|0,19|32,45500183105469|31,989999771118164|0,048288203836925225|0,09710016920305775|0,30426145801188165|0,2684522398036586|0,151047643465678|2,3065658856435305|182,0|163,0|206,0|110,0|166,0
N|124|106|179|iShares MSCI Japan ESG Enhanced CTB UCITS USD (Acc) ETF|ESG / Sustainable|Broad Market / Other|Broad Market / Other|Acc|IE00BHZPJ452|EDMJ.DE|EUR|0,15|9,439000129699707|9,302000045776367|0,05134778999406753|0,1002447382281424|0,29372260481970214|0,28877666331305085|0,13677764692659333|2,7108730065975504|140,0|145,0|230,0|157,0|167,9
N|125|10|336|ARK Innovation UCITS ETF USD Acc|Other|Broad Market / Other|Broad Market / Other|Acc|IE000GA3D489|ARXK.DE|EUR|0,75|9,26099967956543|8,986000061035156|0,12377132415610359|0,208850013266916|0,15950916399586323|0,33290151706689963|0,2728689209535584|1,7085214384422962|23,0|19,0|609,0|23,0|167,9
N|126|103|186|Amundi Japan TOPIX II UCITS ETF EUR Dist|Region: Japan|Broad Market / Other|Broad Market / Other|Distr|FR0010245514|LYY4.DE|EUR|0,45|235,17999267578125|231,5800018310547|0,047012722767999504|0,10813738590328859|0,2899870296207907|0,28432944117493886|0,13560788817736347|2,6635387049124972|194,0|117,0|238,0|166,0|168,60000000000002
N|127|117|170|Invesco MSCI Japan UCITS Acc ETF|Region: Japan|Broad Market / Other|Broad Market / Other|Acc|IE00B60SX287|SC0I.DE|EUR|0,12|111,57499694824219|110,13500213623047|0,048538606412734886|0,10181205372769364|0,2994688870833253|0,291437012593587|0,13745256166886066|2,678817647630078|180,0|142,0|220,0|151,0|169,0
N|128|109|180|Amundi Prime Japan UCITS DR (C) ETF|Region: Japan|Broad Market / Other|Broad Market / Other|Acc|LU2089238385|PRAJ.DE|EUR|0,05|39,70000076293945|39,1349983215332|0,04680294163709209|0,10569564441346846|0,29147693749300796|0,28687196992015407|0,13691689323773915|2,6910119099590437|196,0|127,0|236,0|155,0|170,2
N|129|113|178|Amundi Prime Japan UCITS DR (D) ETF|Region: Japan|Broad Market / Other|Broad Market / Other|Distr|LU1931974775|PR1J.DE|EUR|0,05|40,165000915527344|39,59000015258789|0,046781392588232995|0,1044960555937684|0,29402488582663633|0,28445795738884394|0,13714062851033848|2,6448233592447745|197,0|133,0|229,0|154,0|170,8
N|130|200|84|iShares Asia ex Japn Eqty Enh Actv UCITS ETF USD A|Region: Emerging Markets / Asia|Broad Market / Other|Broad Market / Other|Acc|IE000D5R9C23|AZEH.DE|EUR|0,3|8,093999862670898|8,019000053405762|0,0461418992688436|0,07518597156205975|0,39672126938904606|0,3458596516155059|0,14909319088962314|1,7512299296535605|206,0|236,0|94,0|114,0|171,60000000000002
N|131|119|176|iShares Core MSCI Japan IMI UCITS ETF USD Acc|Region: Japan|Broad Market / Other|Broad Market / Other|Acc|IE00B4L5YX21|EUNN.DE|EUR|0,12|76,30999755859375|75,11000061035156|0,04807032162284286|0,10163131596213248|0,29951291509079736|0,29120134566515476|0,13600919474146345|2,743680293739855|185,0|143,0|219,0|160,0|171,7
N|132|110|187|JPM Japan Rsrch Enh Idx Equity Actv UCITS ETF USDD|Region: Japan|Broad Market / Other|Broad Market / Other|Unknown|IE00005YSIA4|JREI.DE|EUR|0,25|36,40999984741211|35,935001373291016|0,05033892646179439|0,10068098175215234|0,29021205441250864|0,28770366201044295|0,13429759853149736|2,621480255360718|151,0|144,0|237,0|171,0|173,7
N|133|114|182|Xtrackers MSCI Japan Climate Transition UCITS ETF|ESG / Sustainable|Broad Market / Other|Broad Market / Other|Unknown|IE0006FDYJF8|XCJD.DE|EUR|0,15|44,6349983215332|43,900001525878906|0,0574508242041778|0,09687348604272006|0,27483798130844384|0,2889379533213723|0,14346157205021948|2,655062439451069|115,0|165,0|258,0|132,0|174,15
N|134|108|190|Invesco MSCI Japan Univ Screened UCITS ETF Acc|Region: Japan|Broad Market / Other|Broad Market / Other|Acc|IE00BMDBMV87|ESGJ.DE|EUR|0,15|62,720001220703125|61,900001525878906|0,04970713340088917|0,10344829437597247|0,2889437200448075|0,2822242675414852|0,1345203627315572|2,557146699692261|165,0|138,0|242,0|170,0|174,45
N|135|177|107|Global X European Superdividend UCITS EUR Distribution ETF|Global / Broad|Broad Market / Other|Broad Market / Other|Distr|IE00082MOBL9|EVSD.DE|EUR|0,45|20,424999237060547|20,434999465942383|0,009768231747507627|0,13177150027035056|0,39627185166317536|0,3483496331902627|0,12957193942303613|-0,8429703228359559|582,0|69,0|95,0|192,0|177,05
N|136|221|64|HSBC ASIA PACIFIC EX JAPAN SCRND EQ UCITS ETF USD|Region: Japan|Broad Market / Other|Broad Market / Other|Unknown|IE00BKY58G26|H4Z2.DE|EUR|0,25|27,690000534057617|27,3700008392334|0,03436683080172043|0,07764159809020166|0,4464062806211715|0,38727463948624674|0,15796889142398807|1,9732597683455233|355,0|214,0|72,0|103,0|177,45000000000002
N|137|199|98|Franklin FTSE Emerging ex China UCITS ETF|Region: Emerging Markets / Asia|Broad Market / Other|Broad Market / Other|Unknown|IE0006D3PGW3|EXCN.DE|EUR|0,11|32,80500030517578|31,8700008392334|0,03911943687962838|0,08000001004693935|0,3677298090631542|0,301011307025866|0,14035927051415964|2,7524721186484236|268,0|211,0|118,0|140,0|182,1
B|138|158|145|iShares STOXX Europe 600 Oil & Gas UCITS (DE) ETF|Commodity / Energy|Energy|Energy|Unknown|DE000A0H08M3|EXH1.DE|EUR|0,46|56,15999984741211|55,63999938964844|0,02669102493800768|0,11414872856785863|0,47105474835103456|0,3778174491016395|0,10609450600400305|0,45614366044104515|440,0|101,0|58,0|319,0|184,70000000000002
N|139|144|172|HSBC JAPAN SCREENED EQUITY UCITS ETF USD|Region: Japan|Broad Market / Other|Broad Market / Other|Unknown|IE00BKY55S33|XU8Z.DE|EUR|0,18|24,295000076293945|23,94499969482422|0,03824788343393504|0,0998189184461249|0,2996148367928302|0,265628316199388|0,13612477236339182|2,385505811835201|273,0|147,0|218,0|159,0|186,05
N|140|123|198|Franklin FTSE Japan UCITS ETF|Region: Japan|Broad Market / Other|Broad Market / Other|Unknown|IE000D0T0BO1|FLXJ.DE|EUR|0,09|35,095001220703125|34,654998779296875|0,045583275930083156|0,10361641706590041|0,2874174954525548|0,2782735865316941|0,12804495364976076|2,61492395380545|213,0|136,0|243,0|196,0|186,3
N|141|124|209|iShares STOXX Europe 600 Technology UCITS (DE) EUR (Dist) EUR (Dist) ETF|Region: Europe|Broad Market / Other|Broad Market / Other|Distr|DE000A0H08Q4|EXV3.DE|EUR|0,46|103,12000274658203|102,5|0,06298320251319378|0,09113758914944903|0,23469843572438642|0,26684888124647|0,14662884813783483|2,1981838378156273|102,0|178,0|313,0|119,0|188,55
N|142|187|129|Xtrackers MSCI World Momentum UCITS 1C ETF|Factor / Smart Beta|Broad Market / Other|Broad Market / Other|Acc|IE00BL25JP72|XDEM.DE|EUR|0,25|90,6500015258789|89,69000244140625|0,07852466668034297|0,07012162089014895|0,31395860751989146|0,2929682033477927|0,14639888421384684|1,955894835699889|83,0|267,0|182,0|121,0|188,95000000000002
N|143|300|25|iShares Edge MSCI USA Val Fctr UCITS ETF USD A|Region: US|Broad Market / Other|Broad Market / Other|Acc|IE00BD1F4M44|QDVI.DE|EUR|0,2|17,115999221801758|17,058000564575195|0,016872533093041264|0,0745855561334734|0,6614248831050051|0,5284871666163911|0,19408977064457522|1,9468504955025903|517,0|238,0|18,0|60,0|189,25
N|144|116|221|JPMorgan NASDAQ Eqt Prem Inc Actv UCITS ETF USD D|Technology|Information Technology|Technology Hardware & Software|Distr|IE000U9J8HX9|JEQP.DE|EUR|0,35|25,0049991607666|24,899999618530273|0,07136350887699305|0,09322018280458755|0,25417175652740265|0,21033477523010058|0,13045865393395628|1,693773252402266|92,0|175,0|275,0|186,0|189,75
N|145|115|225|JPMorgan NASDAQ Eqt Prem Inc Actv UCITS ETF USD A|Technology|Information Technology|Technology Hardware & Software|Acc|IE000N6I8IU2|JEQA.DE|EUR|0,35|30,600000381469727|30,3799991607666|0,07142860482052993|0,09383377888133171|0,2523020687649349|0,21092203510698893|0,13094161735610266|1,703198794859034|91,0|174,0|278,0|185,0|189,75
N|146|47|333|Rex Tech Innovation Premium Income UCITS ETF USD D|Technology|Information Technology|Technology Hardware & Software|Distr|IE000HF69TA9|ASWK.DE|EUR|0,65|20,915000915527344|20,719999313354492|0,09089798479794053|0,14736928676646155|0,1780302806488947|0,15804266583701043|0,1620527409890935|1,758633084436844|70,0|60,0|550,0|95,0|191,0
B|147|166|152|UBS CMCI ex-Agriculture SF UCITS USD acc ETF|Commodity / Energy|Materials|Materials|Acc|IE00BZ2GV965|UEQU.DE|EUR|0,34|277,29998779296875|275,25|0,02913332800262025|0,10654421803335534|0,3979632332109282|0,33029499569540377|0,1120925011200955|0,4796630922638414|417,0|121,0|90,0|290,0|191,45
N|148|126|212|Amundi JPX-Nikkei 400 UCITS ETF - EUR (C)|Other|Broad Market / Other|Broad Market / Other|Acc|LU1681038912|JP40.DE|EUR|0,18|267,3500061035156|263,75|0,046174928236521584|0,10020578643422073|0,2856456360999988|0,2779637189462303|0,12645615230297702|2,721537310945702|205,0|146,0|246,0|204,0|191,45000000000002
N|149|134|193|Vanguard FTSE Japan UCITS ETF USD Acc|Region: Japan|Broad Market / Other|Broad Market / Other|Acc|IE00BFMXYX26|VJPA.DE|EUR|0,1|45,29999923706055|44,65999984741211|0,04631022411160157|0,09778262224873102|0,2889457574911938|0,279841747455728|0,13017182487630574|2,6940335597360976|202,0|158,0|241,0|189,0|191,55
B|150|193|131|Amundi STOXX Europe 600 Energy Screened UCITS Dist ETF|Commodity / Energy|Energy|Energy|Distr|LU2082998167|OIGS.DE|EUR|0,3|149,22000122070312|149,05999755859375|0,024721921605741937|0,10516957857287279|0,49549079479243496|0,38346004428245983|0,1115588968817054|0,2282465255346134|463,0|130,0|47,0|293,0|191,8
N|151|130|217|iShares Dow Jones Global Titans 50 UCITS (DE) EUR (Dist) ETF|Region: US|Broad Market / Other|Broad Market / Other|Distr|DE0006289382|EXI2.DE|EUR|0,51|120,31999969482422|118,69999694824219|0,05915494111766195|0,08926308792390336|0,25536219641576685|0,21175956505509874|0,13257925252707192|2,0193404261360737|113,0|184,0|273,0|180,0|194,8
N|152|250|80|Invesco MSCI Em Mkts Universal Scrnd UCITS ETF Acc|Region: Emerging Markets / Asia|Broad Market / Other|Broad Market / Other|Acc|IE00BMDBMY19|ESGM.DE|EUR|0,19|53,790000915527344|52,61000061035156|0,025743751414416982|0,08327463977210914|0,40279043429747485|0,33989289580702575|0,14672678751381762|2,268151241810866|451,0|206,0|88,0|118,0|195,65
N|153|216|104|iShares Emerg Mkts Equity Enh Actv UCITS ETF USD A|Other|Broad Market / Other|Broad Market / Other|Acc|IE000OVF8Q66|EGEE.DE|EUR|0,3|7,809000015258789|7,683000087738037|0,042033634772385975|0,07281223024782757|0,3767630659015526|0,3228866977374185|0,13683842694564796|2,0446432582204523|239,0|251,0|113,0|156,0|195,7
N|154|197|136|iShares Edge MSCI World Momentum Factor UCITS USD (Acc) ETF|Factor / Smart Beta|Broad Market / Other|Broad Market / Other|Acc|IE00BP3QZ825|IS3R.DE|EUR|0,25|107,58000183105469|106,5|0,07720034917828733|0,06938373223463978|0,3117912331272563|0,29039220687161627|0,14527893848732343|1,9306711310851266|85,0|277,0|187,0|127,0|195,70000000000002
N|155|292|43|Xtrackers MSCI World Value UCITS 1C ETF|Factor / Smart Beta|Broad Market / Other|Broad Market / Other|Acc|IE00BL25JM42|XDEV.DE|EUR|0,25|75,05999755859375|74,45999908447266|0,01281874160596752|0,0765920287492039|0,5308994376375173|0,41010704873360004|0,16158501176638507|1,755397483873797|546,0|220,0|34,0|97,0|197,79999999999998
N|156|152|188|iShares MSCI EM SRI UCITS ETF USD (Acc)|ESG / Sustainable|Broad Market / Other|Broad Market / Other|Acc|IE00BYVJRP78|QDVS.DE|EUR|0,25|10,26200008392334|10,052000045776367|0,03489307230074412|0,10439090466458834|0,29423637435848904|0,17106021099242752|0,13031004172467275|2,3812541857031895|335,0|134,0|227,0|187,0|198,0
N|157|285|51|Vanguard FTSEDvlpAsiaPacexJpn UCITS ETF USDAcc|Other|Broad Market / Other|Broad Market / Other|Acc|IE00BK5BQZ41|VGEK.DE|EUR|0,15|52,83000183105469|52,79999923706055|0,02542704506311022|0,0732352152093787|0,5989709554223079|0,48795944914075573|0,1441696299742108|1,4289501596817027|456,0|246,0|22,0|129,0|198,10000000000002
N|158|196|144|Amundi MSCI Emerging Markets ESG Broad Transition UCITS DR (C) ETF|ESG / Sustainable|Broad Market / Other|Broad Market / Other|Acc|LU2109787049|SBIM.DE|EUR|0,18|80,37999725341797|78,63999938964844|0,04403168572165561|0,07646979006954635|0,3394434177908561|0,2968699233152292|0,13012377825753418|2,2624955141209213|222,0|221,0|154,0|190,0|198,2
N|159|224|106|HSBC PLUS EM Eq Inc Quant Active UCITS ETF USD Dis|Region: Emerging Markets / Asia|Broad Market / Other|Broad Market / Other|Distr|IE000893FCN6|H417.DE|EUR|0,35|12,428000450134277|12,253999710083008|0,031883160798568344|0,08389435349035734|0,3799674188112314|0,31454810824126067|0,1345643599754971|1,9096643887447982|392,0|202,0|109,0|169,0|200,65000000000003
N|160|172|184|L&G Longer Dated All Commodities UCITS ETF USD Acc|Commodity / Energy|Materials|Materials|Acc|IE00B4WPHX27|ETL2.DE|EUR|0,3|29,28499984741211|29,0049991607666|0,030436304320762053|0,10551151757054034|0,35016132440517156|0,3064911287657264|0,11446106411207291|1,1244604163211205|408,0|128,0|141,0|281,0|203,85000000000002
N|161|154|201|Amundi MSCI Jpn ESG Brd Transition UCITS ETF EURA|ESG / Sustainable|Broad Market / Other|Broad Market / Other|Unknown|LU1602144732|J1GR.DE|EUR|0,15|381,8999938964844|375,79998779296875|0,04989689043707046|0,08448104647346688|0,27747107644206404|0,2753380475150875|0,131896784004484|2,6969531421896304|158,0|201,0|255,0|184,0|204,65000000000003
N|162|136|233|UBS MSCI Pacific Socially Responsible UCITS USD dis ETF|ESG / Sustainable|Broad Market / Other|Broad Market / Other|Distr|LU0629460832|UIMT.DE|EUR|0,28|91,43000030517578|90,05999755859375|0,037444719784441194|0,10523879058478025|0,2377993659744002|0,23961891785572087|0,13396256026430486|2,3223687305921126|290,0|129,0|304,0|173,0|205,7
N|163|203|149|WisdomTree Enhanced Commodity ex-Agriculture UCITS USD Acc ETF|Commodity / Energy|Materials|Materials|Acc|IE00BDVPNS35|WAXG.DE|EUR|0,35|17,23200035095215|17,23200035095215|0,007365804048427016|0,12231341983856225|0,4867989753308566|0,34603970390058914|0,10474783845224156|-1,2581450264720906|623,0|85,0|54,0|331,0|207,15
N|164|211|141|Amundi Bloomberg Equal-weight Commodity ex-Agriculture  UCITS ETF Acc|Commodity / Energy|Materials|Materials|Acc|LU1829218749|LYTR.DE|EUR|0,3|37,900001525878906|37,76499938964844|0,007041403378888367|0,11536203756477725|0,5233120098188593|0,3849808822538232|0,10520683673996767|-1,250116479693352|626,0|97,0|36,0|329,0|207,5
N|165|306|48|iShares Edge MSCI Wld Val Fctr UCITS ETF USD A|Other|Broad Market / Other|Broad Market / Other|Acc|IE00BP3QZB59|IS3S.DE|EUR|0,25|72,41000366210938|71,94999694824219|0,011030450785134205|0,07560909076588263|0,5199413222041969|0,4016648059617973|0,1556690358333408|1,6052209439497052|566,0|232,0|37,0|107,0|208,35
N|166|155|218|iShares MSCI EM SRI UCITS ETF USD (Dist)|ESG / Sustainable|Broad Market / Other|Broad Market / Other|Distr|IE00BGDQ0T50|36B5.DE|EUR|0,25|6,9120001792907715|6,763000011444092|0,03473059235240261|0,10362448773124555|0,2940334012122505|0,23978645127051146|0,12032448502091775|2,359694504935673|338,0|135,0|228,0|238,0|209,29999999999998
N|167|146|231|Amundi MSCI EM SRI Cl Paris Aligned UCITS ETF DRA|ESG / Sustainable|Broad Market / Other|Broad Market / Other|Unknown|LU1861138961|AMEI.DE|EUR|0,25|75,55000305175781|73,66000366210938|0,0481409702074691|0,08940165413197998|0,2458773715729059|0,24526133726552524|0,1290367586401311|2,382168329911845|184,0|182,0|286,0|193,0|210,5
N|168|237|122|UBS MSCI AC Asia ex Japan SF UCITS USD acc ETF|Region: Japan|Broad Market / Other|Broad Market / Other|Acc|IE00B7WK2W23|UIQI.DE|EUR|0,23|260,6499938964844|256,95001220703125|0,0405189377105164|0,06999173795473346|0,35360405692346175|0,3105892372140129|0,13561749372990617|1,9295548411553802|248,0|269,0|135,0|164,0|211,35000000000002
N|169|156|227|UBS MSCI Pacific Socially Responsible UCITS USD acc ETF|ESG / Sustainable|Broad Market / Other|Broad Market / Other|Acc|LU0950674928|USUP.DE|EUR|0,28|13,819999694824219|13,571999549865723|0,032576201136927496|0,10701693902481235|0,23436937945666636|0,23172899874483877|0,13998088570153544|2,33319966763029|385,0|119,0|314,0|143,0|212,45
B|170|174|203|Invesco Bloomberg Commodity ex-Agriculture UCITS Acc ETF|Commodity / Energy|Materials|Materials|Acc|IE00BYXYX521|XAAG.DE|EUR|0,19|42,244998931884766|42,05500030517578|0,023873016248706413|0,10995789300025138|0,4366603620271512|0,35292228713485585|0,09624976799493457|-0,41608894595652535|470,0|109,0|77,0|408,0|214,95
N|171|135|246|Amundi MSCI USA ESG Leaders Extra UCITS DR - USD ETF|ESG / Sustainable|Broad Market / Other|Broad Market / Other|Unknown|IE000VML2GZ3|MWOJ.DE|EUR|0,1|20,274999618530273|19,895999908447266|0,052809234031822916|0,0881816043226138|0,22389228764972757|0,20655787833468175|0,13327572245696429|2,4403715612686625|130,0|188,0|344,0|176,0|215,9
N|172|230|140|BNPP Easy MSCI Emerging Min TE UCITS ETF EUR C|Region: Emerging Markets / Asia|Broad Market / Other|Broad Market / Other|Acc|LU1291097779|EMKX.DE|EUR|0,27|18,011999130249023|17,67799949645996|0,037199121121476164|0,0740607417163408|0,3508324302488852|0,2917382971086653|0,12787740515704815|2,2280869678942223|295,0|244,0|139,0|198,0|216,20000000000002
N|173|45|417|ARK AI & Robotics UCITS ETF USD Acc|Technology|Information Technology|Technology Hardware & Software|Acc|IE0003A512E4|AAKI.DE|EUR|0,75|10,734000205993652|10,303999900817871|0,1204593206135609|0,1402167740115936|0,1460602183309314|0,23891975464239312|0,1829559372572931|2,2870111658876353|25,0|67,0|693,0|69,0|217,60000000000002
N|174|143|244|iShares Nasdaq-100 UCITS EUR Hedged (Acc) ETF|Technology|Information Technology|Technology Hardware & Software|Acc|IE00BYVQ9F29|NQSE.DE|EUR|0,33|18,142000198364258|17,851999282836914|0,06304935043859738|0,08194182836796671|0,22996611514333942|0,22399141474327|0,12849561931680875|2,0024516526968763|101,0|207,0|325,0|195,0|218,20000000000002
N|175|160|234|L&G Multi-Strategy Enhanced Commodities ex-Agriculture & Livestock UCITS ETF|Commodity / Energy|Materials|Materials|Unknown|IE000MQ5XEW1|XEXA.DE|EUR|0,3|13,329999923706055|13,300000190734863|0,023809481954167877|0,11697669739084482|0,38278002582637005|0,33273346499670997|0,09302476526851278|-0,6341246613703209|471,0|95,0|104,0|426,0|219,85
N|176|181|215|Amundi PEA MSCI USA ESG Selection UCITS ETF EUR|ESG / Sustainable|Broad Market / Other|Broad Market / Other|Unknown|LU1681042864|ACU2.DE|EUR|0,35|872,5|859,9000244140625|0,057447613400305464|0,07305377714623296|0,24731951393852758|0,22628250175685172|0,1353817481662214|2,2326242971186514|116,0|250,0|282,0|167,0|221,3
N|177|190|204|UBS MSCI USA Socially Responsible UCITS USD dis ETF|ESG / Sustainable|Broad Market / Other|Broad Market / Other|Distr|IE00BJXT3B87|4UBK.DE|EUR|0,19|22,079999923706055|21,739999771118164|0,06230455067600982|0,07079043630328696|0,2438942019121726|0,24125723374650043|0,13998616382034546|2,3594522115456424|104,0|262,0|290,0|142,0|221,3
N|178|90|320|Invesco MSCI USA ESG Climate PA UCITS ETF Acc|ESG / Sustainable|Broad Market / Other|Broad Market / Other|Acc|IE000RLUE8E9|PAUS.DE|EUR|0,09|6,690000057220459|6,593999862670898|0,06698565830487957|0,1026866909457762|0,18281469144016627|0,2363704186817246|0,17006983026477607|2,0978641207837265|97,0|139,0|540,0|87,0|222,55
N|179|272|113|Xtrackers MSCI World Value ESG UCITS ETF|ESG / Sustainable|Broad Market / Other|Broad Market / Other|Unknown|IE000LAUZQT6|XWEV.DE|EUR|0,25|55,97999954223633|55,4900016784668|0,015602333581579364|0,08383345379356677|0,36204383504988535|0,274445088550046|0,1349179811393888|2,2280974086358185|526,0|203,0|123,0|168,0|224,45
N|180|195|214|UBS MSCI USA Socially Responsible UClTS USD dis ETF|ESG / Sustainable|Broad Market / Other|Broad Market / Other|Distr|LU0629460089|UIMP.DE|EUR|0,22|270,20001220703125|266,29998779296875|0,061272606950264485|0,07049263693648977|0,24078349498079699|0,2388013591968392|0,138577895393591|2,343226802053369|107,0|264,0|296,0|146,0|224,85000000000002
N|181|243|147|Amundi MSCI Em Mkts Swap UCITS ETF EUR Acc|Region: Emerging Markets / Asia|Broad Market / Other|Broad Market / Other|Acc|LU1681045370|AMEM.DE|EUR|0,2|8,111599922180176|7,955999851226807|0,03784637849209327|0,07064042723764619|0,3471285674588691|0,29408762082583007|0,12555136454536542|2,149756880369593|283,0|263,0|144,0|212,0|226,05
N|182|147|254|Invesco EQQQ NASDAQ-100 UCITS ETF EUR Hdg Acc|Technology|Information Technology|Technology Hardware & Software|Acc|IE00BYVTMS52|EQEU.DE|EUR|0,35|536,0999755859375|528,5999755859375|0,06137392418892329|0,07921484768180664|0,2257916270819691|0,2191017068469301|0,1257324727902389|1,9311834824487284|105,0|212,0|335,0|210,0|226,3
N|183|191|219|UBS Factor MSCI USA Qlty Scrnd UCITS ETF USD dis|Factor / Smart Beta|Broad Market / Other|Broad Market / Other|Distr|IE00BX7RRJ27|UBUT.DE|EUR|0,25|64,13999938964844|63,43000030517578|0,048553233768297455|0,07523153980525255|0,2507151070388074|0,2213087259290789|0,13307867490891012|2,1559480099054245|179,0|235,0|281,0|177,0|226,5
N|184|238|161|iShares MSCI EM ESG Enhanced CTB UCITS USD (Acc) ETF|ESG / Sustainable|Broad Market / Other|Broad Market / Other|Acc|IE00BHZPJ239|EDM2.DE|EUR|0,18|8,67199993133545|8,520000457763672|0,03868726255948185|0,07127852319619787|0,33108213492771865|0,28626517336906243|0,12596104241529327|2,1148282925198676|271,0|261,0|163,0|209,0|227,60000000000002
N|185|236|168|Invesco RAFI Emg Mkts Fundmntal Val UCITS ETF Dist|Other|Broad Market / Other|Broad Market / Other|Distr|IE00B23D9570|6PSK.DE|EUR|0,49|12,206000328063965|11,949999809265137|0,02491317931858017|0,08813248791900885|0,31902010377030465|0,26799405815353383|0,12757487645186782|2,5319555682313655|461,0|189,0|178,0|201,0|229,45
N|186|186|234|BNPP Easy Engy&Metals Enhcd Roll UCITS ETF EUR C|Commodity / Energy|Materials|Materials|Acc|LU1291109616|GSDE.DE|EUR|0,39|21,625|21,5049991607666|0,02004713310216033|0,10954336859693803|0,38924579347283883|0,3145896046837524|0,09179124417093054|-0,5723654825345807|499,0|111,0|100,0|431,0|230,45
N|187|284|113|Amundi MSCI EM Asia ESG Broad Transition UCITS Acc ETF|ESG / Sustainable|Broad Market / Other|Broad Market / Other|Acc|LU1781541849|LCUA.DE|EUR|0,25|17,68000030517578|17,489999771118164|0,04147033930155031|0,0662163505159572|0,356660594237471|0,3186157753010159|0,13659012058855313|1,8178736222498861|243,0|325,0|131,0|158,0|230,79999999999998
N|188|132|273|iShares MSCI Japan SRI UCITS ETF USD (Acc)|ESG / Sustainable|Broad Market / Other|Broad Market / Other|Acc|IE00BYX8XC17|SXR6.DE|EUR|0,2|8,597999572753906|8,49899959564209|0,032420689464842|0,12201480528641473|0,20690616020188868|0,20470778641597387|0,144034082189894|1,9596933102641885|388,0|86,0|450,0|130,0|231,1
N|189|117|301|WisdomTree Global Quality Growth UCITS - USD Acc ETF|Factor / Smart Beta|Broad Market / Other|Broad Market / Other|Acc|IE000Y83YZ44|QGRG.DE|EUR|0,35|29,155000686645508|28,704999923706055|0,06056751289160234|0,09605264167423333|0,21025323794003814|0,18975726117647573|0,12572351185993114|2,1970384406593912|108,0|169,0|421,0|211,0|231,25
N|190|151|259|Amundi Nasdaq-100 Swap UCITS ETF EURH Acc|Technology|Information Technology|Technology Hardware & Software|Acc|LU1681038599|HNDX.DE|EUR|0,35|703,2999877929688|694,5999755859375|0,05950587635792415|0,07719399830645912|0,22547474799468836|0,21994794066429968|0,12427173544287151|1,8612549380976235|110,0|216,0|336,0|223,0|231,5
N|191|175|240|UBS MSCI USA Selection UCITS ETF USD acc|Region: US|Broad Market / Other|Broad Market / Other|Acc|IE00063GNWK1|CSY2.DE|EUR|0,1|281,20001220703125|276,8500061035156|0,04690992485927081|0,07904837153124578|0,23550089923608186|0,20738522789319824|0,12785427876573285|2,305040341257068|195,0|213,0|311,0|199,0|232,0
N|192|314|88|iShares Edge MSCI USA Mmntm Fctr UCITS ETF USDA|Region: US|Broad Market / Other|Broad Market / Other|Unknown|IE00BD1F4N50|QDVA.DE|EUR|0,2|20,149999618530273|19,965999603271484|0,10519960677150597|0,054311434351757004|0,35216742993034633|0,3616704393449486|0,17433855534990417|1,8383192861466877|41,0|442,0|138,0|75,0|232,45000000000002
N|193|254|155|Xtrackers MSCI Emerging Markets UCITS 1C ETF|Region: Emerging Markets / Asia|Broad Market / Other|Broad Market / Other|Acc|IE00BTJRMP35|XMME.DE|EUR|0,18|85,0979995727539|83,48799896240234|0,03788178029758482|0,06958099795269623|0,34329915741855976|0,2973442277712792|0,12448113105050473|2,1361629696159112|281,0|273,0|150,0|220,0|232,85
N|194|208|210|Amundi STOXX Europe 600 Technology UCITS Dist ETF|Region: Europe|Broad Market / Other|Broad Market / Other|Distr|LU2082998837|CSTA.DE|EUR|0,3|158,22000122070312|157,33999633789062|0,056208264335188884|0,06919857946217256|0,23262699024904432|0,2712518269690578|0,15015222860346178|1,9642226195482477|121,0|282,0|319,0|112,0|233,10000000000002
N|195|267|145|UBS Core MSCI EM UCITS ETF USD dis|Region: Emerging Markets / Asia|Broad Market / Other|Broad Market / Other|Distr|LU0480132876|UIMI.DE|EUR|0,15|154,57000732421875|151,77499389648438|0,04157691160040233|0,06846412303596572|0,34998635007730505|0,293605090137262|0,12534269394405984|2,1486516242920164|242,0|299,0|142,0|214,0|234,20000000000002
N|196|246|169|Amundi MSCI Em Mkts Swap II UCITS ETF EUR Acc|Region: Emerging Markets / Asia|Broad Market / Other|Broad Market / Other|Acc|FR0010429068|LYM7.DE|EUR|0,55|19,892000198364258|19,534000396728516|0,038204611523053655|0,06986498992058654|0,34061192879566127|0,28997117176799914|0,12304966070189383|2,059104785308023|276,0|270,0|153,0|234,0|234,45000000000002
N|197|293|119|Amundi MSCI Em Asia UCITS ETF - EUR (C)|Region: Emerging Markets / Asia|Broad Market / Other|Broad Market / Other|Acc|LU1681044480|AMEA.DE|EUR|0,2|61,02000045776367|60,279998779296875|0,041652416361234845|0,06492148813672416|0,362509783759432|0,31494455474454486|0,1339604685353275|1,821195788999592|240,0|335,0|122,0|174,0|235,3
N|198|261|154|Amundi Core MSCI Emerging Markets Swap UCITS Dist ETF|Region: Emerging Markets / Asia|Broad Market / Other|Broad Market / Other|Distr|LU2573966905|AE5A.DE|EUR|0,14|69,0260009765625|67,77200317382812|0,03792257995239545|0,06927533635212502|0,34660122717648933|0,2932998359677368|0,12416004419148297|2,1054704295958313|279,0|281,0|145,0|224,0|235,3
N|199|275|157|Amundi Core MSCI Emerging Markets UCITS EUR Dist ETF|Region: Emerging Markets / Asia|Broad Market / Other|Broad Market / Other|Distr|LU1737652583|AEMD.DE|EUR|0,18|78,81999969482422|77,40399932861328|0,03604191303064197|0,06915167201530803|0,34585444557129885|0,2959126880740124|0,12412110707541602|2,1303752783368544|315,0|283,0|146,0|226,0|242,14999999999998
N|200|257|181|iShares Core MSCI EM IMI UCITS ETF USD Acc|Region: Emerging Markets / Asia|Broad Market / Other|Broad Market / Other|Acc|IE00BKM4GZ66|IS3N.DE|EUR|0,18|50,0260009765625|49,08399963378906|0,03766857346144903|0,06954871933645324|0,32603505990356574|0,27812983537739|0,12006388213439867|2,2029239816264905|285,0|274,0|170,0|239,0|242,65000000000003
N|201|331|78|StSt SPDR MSCI USA Value UCITS ETF|Factor / Smart Beta|Broad Market / Other|Broad Market / Other|Unknown|IE00BSPLC520|ZPRU.DE|EUR|0,2|89,25|89,41000366210938|0,005520480531506555|0,072072072072072|0,4481583393347399|0,35145364571028526|0,143326369025206|1,4464012470195118|644,0|256,0|71,0|133,0|243,35
N|202|164|268|iShares EM Dividend UCITS ETF USD (Dist)|Factor / Smart Beta|Broad Market / Other|Broad Market / Other|Distr|IE00B652H904|EUNY.DE|EUR|0,65|17,506000518798828|16,780000686645508|0,02564106575558034|0,11221040005923277|0,30679632800236356|0,20873429133264332|0,09440302495737374|2,7378140561594124|453,0|105,0|201,0|420,0|244,2
N|203|276|163|iShares MSCI EM UCITS ETF USD (Acc)|Region: Emerging Markets / Asia|Broad Market / Other|Broad Market / Other|Acc|IE00B4L5YC18|EUNM.DE|EUR|0,18|58,7599983215332|57,70399856567383|0,03790581779419466|0,0685190155289781|0,343392685566831|0,28986934316532365|0,12368979870034935|2,0964953289541914|280,0|298,0|149,0|229,0|244,25
B|204|219|223|Sprott Pure Play Copper Miners UCITS ETF Acc|Other|Materials|Materials|Acc|IE000IQQEL77|ASWD.DE|EUR|0,59|21,0|20,780000686645508|-0,005210829330702271|0,2171090966071989|0,4526839736736812|0,21331172376902563|0,08371351766601598|0,3848048119420872|875,0|18,0|70,0|443,0|244,55
N|205|271|171|iShares MSCI EM IMI ESG Screened UCITS ETF USD D|ESG / Sustainable|Broad Market / Other|Broad Market / Other|Distr|IE00BFNM3N12|OM3Y.DE|EUR|0,18|8,213000297546387|8,065999984741211|0,039620278278540644|0,06842728158708189|0,33641642841774333|0,27942397096233185|0,12317021075779633|2,177431288162587|264,0|300,0|156,0|233,0|245,2
N|206|310|117|iShares MSCI EM Asia UCITS ETF USD (Acc)|Region: Emerging Markets / Asia|Broad Market / Other|Broad Market / Other|Acc|IE00B5L8K969|CEBL.DE|EUR|0,2|273,79998779296875|270,70001220703125|0,03987846747739354|0,06309454773906853|0,3632062707125614|0,3147658477453481|0,13332218869956414|1,7318616682837233|260,0|353,0|121,0|175,0|245,45000000000002
N|207|184|256|Ishrs Dw Jnes Glb Screened Etf Usd Acc|Other|Broad Market / Other|Broad Market / Other|Acc|IE00B57X3V84|IUSL.DE|EUR|0,6|92,37999725341797|90,58999633789062|0,03229410502442831|0,09884617091422876|0,22309014625245505|0,207739571622801|0,12785417123963994|3,0876420328550216|389,0|151,0|348,0|200,0|245,75
N|208|201|248|Invesco S&P 500 Scored & Screened UCITS ETF Acc|Region: US|Broad Market / Other|Broad Market / Other|Acc|IE00BKS7L097|5ESG.DE|EUR|0,09|97,77999877929688|96,20999908447266|0,04098795338669814|0,07639809248331586|0,24117796768731536|0,20359430515080867|0,1198200459106804|2,444361005749518|246,0|222,0|295,0|241,0|247,65000000000003
N|209|240|213|Invesco STOXX Europe 600 Optimised Oil & Gas UCITS Acc ETF|Commodity / Energy|Energy|Energy|Acc|IE00B5MTWH09|SC0V.DE|EUR|0,2|439,75|438,0|0,014651606351965718|0,09677013745278118|0,4675454996068309|0,35998141858460553|0,08681212979341146|-0,6452500556160038|534,0|166,0|59,0|439,0|249,05
N|210|280|175|iShares MSCI EM UCITS ETF USD (Dist)|Region: Emerging Markets / Asia|Broad Market / Other|Broad Market / Other|Distr|IE00B0M63177|IQQE.DE|EUR|0,18|60,49800109863281|59,428001403808594|0,03622497373858469|0,0689048946757993|0,33600874498718336|0,28282269091417356|0,1205317841898097|2,087468808932941|313,0|290,0|157,0|237,0|249,6
N|211|141|325|Franklin S&P 500 Paris Aligned Climate UCITS ETF|ESG / Sustainable|Broad Market / Other|Broad Market / Other|Unknown|IE00BMDPBZ72|FLX5.DE|EUR|0,07|57,900001525878906|57,119998931884766|0,05005444626008848|0,08855053620559472|0,20324195367996611|0,19393757709334625|0,1326235992938729|2,0955317217339586|155,0|186,0|473,0|179,0|251,70000000000002
N|212|205|253|Xtrackers US Equity Enhanced Active UCITS 1C ETF|Region: US|Broad Market / Other|Broad Market / Other|Acc|IE0002PGSLZ5|XEEU.DE|EUR|0,2|36,46500015258789|36,07500076293945|0,04245284819282258|0,07534651479424204|0,24009519813236158|0,20925217450705746|0,11937464409451626|2,1919979228408413|235,0|234,0|298,0|245,0|252,35000000000002
N|213|283|173|iShares MSCI EM IMI ESG Screened UCITS ETF USD A|ESG / Sustainable|Broad Market / Other|Broad Market / Other|Acc|IE00BFNM3P36|AYEM.DE|EUR|0,18|9,633000373840332|9,468999862670898|0,037926972449386254|0,06772334735656638|0,3349501478518968|0,282518995240453|0,1225945151540837|2,167856891495468|278,0|311,0|158,0|235,0|252,6
N|214|157|303|Xtrackers MSCI USA ESG UCITS ETF|ESG / Sustainable|Broad Market / Other|Broad Market / Other|Unknown|IE00BFMNPS42|XZMU.DE|EUR|0,15|75,9800033569336|74,73999786376953|0,04901288191081421|0,08465381936949079|0,21083670688340383|0,1838579463329515|0,12479815781530923|2,2381100764298933|174,0|200,0|417,0|217,0|253,75
N|215|313|137|State Street SPDR MSCI EM Asia UCITS ETF|Region: Emerging Markets / Asia|Broad Market / Other|Broad Market / Other|Unknown|IE00B466KX20|SPYA.DE|EUR|0,55|117,58000183105469|116,27999877929688|0,04219111991762259|0,060808423997213756|0,350717951855148|0,31964089612420765|0,1299896733876822|1,8271153012118286|237,0|366,0|140,0|191,0|255,14999999999998
N|216|153|316|Invesco FTSE EM High Div Low Vlty UCITS ETF Dist|Region: Emerging Markets / Asia|Broad Market / Other|Broad Market / Other|Distr|IE00BYYXBF44|EHDL.DE|EUR|0,49|26,895000457763672|25,934999465942383|0,03713609246364502|0,099455953266951|0,2718411460195993|0,19417415294855633|0,09110507832343884|3,8908914637810588|296,0|149,0|259,0|433,0|255,35000000000002
N|217|268|196|Xtrackers MSCI Japan ESG Screened UCITS 3C EUR Hedged ETF|ESG / Sustainable|Broad Market / Other|Broad Market / Other|Acc|IE00BRB36B93|XDNE.DE|EUR|0,25|46,40999984741211|45,185001373291016|0,035359711265930516|0,07009455822910793|0,327706978009098|0,2594301701261883|0,11311780477240951|2,7643855108786424|327,0|268,0|169,0|286,0|255,7
N|218|169|291|BNP Paribas Easy MSCI Japan SRI PAB UCITS ETF|ESG / Sustainable|Broad Market / Other|Broad Market / Other|Unknown|LU1753045928|JSRI.DE|EUR|0,25|26,420000076293945|26,145000457763672|0,039748139903460045|0,08993400683828545|0,20871173323136594|0,23123267984627205|0,13279231210668985|2,350961860811884|262,0|181,0|434,0|178,0|255,8
N|219|253|226|iShares Edge MSCI World Multifactor UCITS USD (Acc) ETF|Global / Broad|Broad Market / Other|Broad Market / Other|Acc|IE00BZ0PKT83|IBCZ.DE|EUR|0,3|14,8100004196167|14,593999862670898|0,031624440980174695|0,07583907026243786|0,26689486323583744|0,23108900651312791|0,12629059158019307|2,3751025049023373|396,0|229,0|262,0|206,0|257,7
N|220|185|276|Xtrackers MSCI USA Screened UCITS 1C ETF|Region: US|Broad Market / Other|Broad Market / Other|Acc|IE00BJZ2DC62|XRSM.DE|EUR|0,07|60,90999984741211|59,97999954223633|0,05271343250754956|0,07311489867159682|0,21954150004177864|0,20138064952330215|0,12433022790518633|2,2025790234614333|131,0|248,0|378,0|222,0|257,75
N|221|273|194|Amundi STOXX Europe 600 Technology UCITS ETF Acc|Region: Europe|Broad Market / Other|Broad Market / Other|Acc|LU1834988518|LTUG.DE|EUR|0,3|124,87999725341797|124,26000213623047|0,05206403086826117|0,06371376175740706|0,2386431028706788|0,2698800274949922|0,14791964717669193|1,934068123643424|135,0|350,0|300,0|116,0|258,45
N|222|170|299|Franklin MSCI World Catholic Principles UCITS ETF|Global / Broad|Broad Market / Other|Broad Market / Other|Unknown|IE000AZOUN82|FLXA.DE|EUR|0,27|35,994998931884766|35,35499954223633|0,051409326424870505|0,07592279066839924|0,21461105631457245|0,20950936340893955|0,12395597065372344|2,407120198601062|139,0|228,0|406,0|227,0|258,95
N|223|354|95|JPM Global Emerging Markets Research Enhanced Index Equity SRI Paris Aligned Active UCITS - EUR (acc) ETF|ESG / Sustainable|Broad Market / Other|Broad Market / Other|Acc|IE000AV35A01|JESM.DE|EUR|0,4|37,724998474121094|37,029998779296875|0,03954250543928084|0,0576114496962572|0,3869484344104197|0,339666146254898|0,13761778795865265|1,8552425260453589|265,0|416,0|102,0|150,0|261,65
N|224|232|243|iShares US Equity Enhanced Active UCITS ETF USD Ac|Region: US|Broad Market / Other|Broad Market / Other|Unknown|IE0009VWHAE6|USEE.DE|EUR|0,2|6,683000087738037|6,603000164031982|0,04618034999459186|0,06928001403808604|0,24219329843499926|0,21244557075209647|0,12327541197142211|2,188261495006557|204,0|280,0|292,0|232,0|262,0
N|225|178|295|BNP Paribas Easy MSCI Japan SRI PAB UCITS ETF|ESG / Sustainable|Broad Market / Other|Broad Market / Other|Unknown|LU1753045845|QUEJ.DE|EUR|0,25|32,55500030517578|32,220001220703125|0,03777492617916489|0,08897808351500847|0,20752972591625607|0,2303477487374448|0,1322296890420931|2,3366934391671847|284,0|185,0|439,0|183,0|262,95
N|226|252|237|iShares MSCI USA SRI UCITS ETF USD (Acc)|ESG / Sustainable|Broad Market / Other|Broad Market / Other|Acc|IE00BYVJRR92|QDVR.DE|EUR|0,2|18,93000030517578|18,583999633789062|0,050616088017080285|0,06683954343163245|0,24196304746566466|0,24163714713394158|0,1279042390143652|2,6801370931103454|150,0|321,0|293,0|197,0|263,55
N|227|217|258|UBS S&P 500 Scored & Screened UCITS USD dis ETF|Region: US|Broad Market / Other|Broad Market / Other|Distr|IE00BHXMHK04|S5SD.DE|EUR|0,1|47,4900016784668|46,78499984741211|0,03894120826177816|0,07444321793923536|0,23813629404051095|0,20101240603056025|0,11792880884552459|2,394983334889732|269,0|240,0|303,0|259,0|263,9
N|228|192|290|iShares MSCI USA Screened UCITS ETF (ACC)|Region: US|Broad Market / Other|Broad Market / Other|Acc|IE00BFNM3G45|SGAS.DE|EUR|0,07|14,555999755859375|14,34000015258789|0,05219026609678745|0,07250222801572281|0,21848314373075706|0,20039578347928777|0,12366140468137665|2,1917873197783093|134,0|253,0|389,0|230,0|264,55
N|229|312|167|State Street SPDR MSCI Emerging Markets UCITS ETF|Region: Emerging Markets / Asia|Broad Market / Other|Broad Market / Other|Unknown|IE00B469F816|SPYM.DE|EUR|0,18|95,43199920654297|93,76599884033203|0,03611052806050896|0,06513681962837903|0,34483247252404037|0,2918211887392641|0,1225075450974269|2,030486338737583|314,0|334,0|147,0|236,0|264,65
N|230|239|245|iShares MSCI Japan Small Cap UCITS ETF USD (Dist)|Region: Japan|Broad Market / Other|Broad Market / Other|Distr|IE00B2QWDY88|IUS4.DE|EUR|0,58|55,709999084472656|55,02000045776367|0,03473252092468426|0,07467924919844493|0,26643499055119424|0,25864210799021703|0,11492398221805189|2,358660812400733|337,0|237,0|263,0|277,0|266,5
N|231|329|132|JPM Glob EM Resrch Enh Idx Eqt Actv UCITS ETF USDA|Region: Emerging Markets / Asia|Broad Market / Other|Broad Market / Other|Unknown|IE00BF4G6Z54|JREM.DE|EUR|0,37|46,994998931884766|46,119998931884766|0,0328571193820828|0,0638370060787321|0,3725174248878458|0,31915786475466|0,12617022110650788|2,072367141991038|381,0|349,0|116,0|207,0|267,15
N|232|317|157|Amundi MSCI World (2x) Leveraged UCITS ETF|Global / Broad|Broad Market / Other|Broad Market / Other|Unknown|FR0014010HV4|LVWC.DE|EUR|0,6|5,701000213623047|5,625|0,033538873554295634|0,06600601360483815|0,2984853944797017|0,2758196348698405|0,14382941274438266|2,3102924593854715|373,0|327,0|222,0|131,0|268,45
N|233|260|239|BNPP Easy MSCI Emerging SRI PAB UCITS ETF|ESG / Sustainable|Broad Market / Other|Broad Market / Other|Unknown|LU1659681313|XU6C.DE|EUR|0,31|136,3800048828125|133,55999755859375|0,033651677726609375|0,07318227036321279|0,2620088020659115|0,23779120094676953|0,11923779703157322|2,348048057414414|368,0|247,0|267,0|246,0|269,95
N|234|171|342|UBS MSCI World SR UCITS ETF USD dis|Global / Broad|Broad Market / Other|Broad Market / Other|Distr|IE00BK72HH44|4UB9.DE|EUR|0,19|24,045000076293945|23,75|0,05114754431886093|0,07593027199649871|0,20431274957488688|0,19896689068486828|0,12498778484303608|2,1897098967100574|143,0|227,0|461,0|215,0|270,5
N|235|168|350|UBS MSCI World Socially Responsible UClTS USD acc ETF|ESG / Sustainable|Broad Market / Other|Broad Market / Other|Acc|LU0950674332|SEAC.DE|EUR|0,22|38,63999938964844|38,18000030517578|0,05099959284993005|0,07632305702812792|0,20355084692696757|0,20093241043938326|0,1244570641453|2,1751475033488|146,0|223,0|468,0|221,0|272,29999999999995
N|236|167|358|Amundi S&P 500 Climate Paris Aligned UCITS Dist ETF|ESG / Sustainable|Broad Market / Other|Broad Market / Other|Distr|IE000UZTA1X0|WEBP.DE|EUR|0,07|30,09000015258789|29,71500015258789|0,043342579521028046|0,0872629081157601|0,19931330649596934|0,1882780978030849|0,12713636645621662|2,163078173461276|228,0|192,0|487,0|202,0|273,15
N|237|213|278|StSt SPDR S&P 500 UCITS ETF Dist|Region: US|Broad Market / Other|Broad Market / Other|Distr|IE00B6YX5C33|SPY5.DE|EUR|0,03|695,0|684,3599853515625|0,049868882561519|0,06950372888513279|0,22078951295699412|0,20214731300299604|0,11867506309182141|2,2722377426540272|160,0|275,0|359,0|250,0|273,75
N|238|301|205|Avantis Emerging Markets Eq UCITS ETF USD Acc ETF|Region: Emerging Markets / Asia|Broad Market / Other|Broad Market / Other|Acc|IE000K975W13|AVEM.DE|EUR|0,35|29,260000228881836|28,729999542236328|0,037037039540759986|0,06690979190043422|0,3094652552257897|0,26066356669770796|0,11696336483523462|2,3047221037823875|299,0|320,0|191,0|266,0|273,8
N|239|209|282|Vanguard S&P 500 UCITS ETF USD Acc|Region: US|Broad Market / Other|Broad Market / Other|Acc|IE00BFMXXD54|VUAA.DE|EUR|0,07|134,64999389648438|132,60000610351562|0,049943459964610026|0,06958451465014659|0,2202636495256216|0,20244677495937125|0,1185937402210222|2,2655040280465215|157,0|272,0|365,0|252,0|274,0
N|240|176|348|UBS MSCI World Socially Responsible UClTS USD dis ETF|ESG / Sustainable|Broad Market / Other|Broad Market / Other|Distr|LU0629459743|UIMM.DE|EUR|0,22|189,75999450683594|187,47999572753906|0,05118540890586831|0,07556512719637642|0,2037875215895275|0,20046784621522495|0,12450274535251227|2,1885358000931174|142,0|233,0|466,0|219,0|274,8
N|241|234|264|UBS S&P 500 Scored & Screened UCITS ETF USD acc|Region: US|Broad Market / Other|Broad Market / Other|Acc|IE00BHXMHL11|4UBQ.DE|EUR|0,1|51,59000015258789|50,900001525878906|0,03750631947102856|0,0726686525247513|0,23672539767178646|0,1997674454090208|0,11633805221085747|2,3393515174542756|288,0|252,0|307,0|272,0|275,15
N|242|202|308|Vanguard ESG N America All Cap UCITS ETF USD Acc|ESG / Sustainable|Broad Market / Other|Broad Market / Other|Acc|IE000O58J820|V3YA.DE|EUR|0,12|8,342000007629395|8,236000061035156|0,04706916024110597|0,0734783304477249|0,21320536584665617|0,199597355796016|0,12362804345081124|2,114138156913215|193,0|245,0|410,0|231,0|275,65
N|243|53|500|iShares Metaverse UCITS ETF USD (Acc)|Technology|Information Technology|Technology Hardware & Software|Acc|IE000RN58M26|CBUV.DE|EUR|0,5|11,557999610900879|11,343999862670898|0,08505436981934267|0,13069844187792667|0,10391588501657445|0,17423540862854803|0,15594098503921683|1,787679439955287|77,0|71,0|862,0|106,0|276,65
N|244|219|274|iShares S&P 500 Swap UCITS ETF USD (Acc)|Region: US|Broad Market / Other|Broad Market / Other|Acc|IE00BMTX1Y45|I500.DE|EUR|0,05|11,67199993133545|11,494999885559082|0,04978191191526382|0,06896238501909391|0,22127813626988746|0,2026542159298157|0,11866798063780104|2,262814157872799|163,0|285,0|354,0|251,0|277,15
N|245|215|280|iShares Core S&P 500 UCITS ETF USD (Acc)|Region: US|Broad Market / Other|Broad Market / Other|Acc|IE00B5BMR087|SXR8.DE|EUR|0,07|750,9000244140625|739,47998046875|0,04976937960104877|0,06929259919169084|0,22041995296380779|0,20194006490981598|0,11854611009760996|2,265862292339779|164,0|279,0|363,0|253,0|277,55
B|246|382|105|Amundi MSCI Greece UCITS ETF Dist|Other|Broad Market / Other|Broad Market / Other|Distr|FR0010405431|LYMH.DE|EUR|0,55|3,0114998817443848|2,932499885559082|-0,009212079738719292|0,08796965468840079|0,3551414422589392|0,28944546319202|0,14300783659638072|-0,2453162467331654|961,0|190,0|132,0|135,0|280,15
N|247|162|381|BNP PARIBAS EASY II MSCI USA PAB UCITS USD Acc ETF|Region: US|Broad Market / Other|Broad Market / Other|Acc|IE000AXIKJM8|AIUT.DE|EUR|0,13|14,961999893188477|14,765999794006348|0,054255882397015176|0,07609318105730134|0,18783742684187432|0,18108617239266467|0,12664304462516185|2,0881815548930045|126,0|226,0|523,0|203,0|280,65
N|248|161|382|HSBC MSCI USA Climate Paris Aligned UCITS ETF USD|ESG / Sustainable|Broad Market / Other|Broad Market / Other|Unknown|IE00BP2C1S34|HPAU.DE|EUR|0,12|48,29499816894531|47,654998779296875|0,05413073483735853|0,07621165836089827|0,18777664412655293|0,18008549955477338|0,12634696345402396|2,084009449667065|127,0|224,0|524,0|205,0|280,65
N|249|307|208|Xtrackers MSCI Japan UCITS 4C EUR Hedged ETF|Region: Japan|Broad Market / Other|Broad Market / Other|Acc|LU0659580079|XMK9.DE|EUR|0,4|63,46200180053711|62,784000396728516|0,03106421750083954|0,06852780890750343|0,33245158302573397|0,26066749320966465|0,10903911389898835|2,6139369099462595|402,0|297,0|161,0|308,0|280,95000000000005
N|250|223|285|StSt SPDR S&P 500 UCITS ETF Acc|Region: US|Broad Market / Other|Broad Market / Other|Acc|IE000XZSV718|SPYL.DE|EUR|0,03|17,23200035095215|16,97450065612793|0,049451904438813754|0,06894945860548995|0,22013737690879198|0,20163177696982082|0,11824872317579405|2,2557628051930956|168,0|286,0|367,0|254,0|282,15
N|251|311|207|Amundi Core MSCI Japan UCITS EUR Hedged Dist ETF|Region: Japan|Broad Market / Other|Broad Market / Other|Distr|LU2133056387|JNHD.DE|EUR|0,2|44,68000030517578|43,880001068115234|0,03270544170782763|0,06787763246249012|0,33461189170957706|0,263574647453366|0,10866561710927769|2,549423279643531|383,0|308,0|159,0|310,0|282,4
N|252|226|292|Amundi Core S&P 500 UCITS Acc ETF|Region: US|Broad Market / Other|Broad Market / Other|Acc|IE000UBAW7M3|CSP5.DE|EUR|0,03|6,698400020599365|6,600599765777588|0,049346752362000146|0,06893913089531845|0,21970942609965904|0,2015067712589409|0,11818257514292596|2,250025882027737|169,0|287,0|375,0|255,0|284,9
N|253|189|369|JPM US Research Enhanced Index Equity SRI Paris Aligned Active UCITS EUR (acc) ETF|ESG / Sustainable|Broad Market / Other|Broad Market / Other|Acc|IE000I5MBLC4|JEUS.DE|EUR|0,2|38,30500030517578|37,70500183105469|0,049883504573872584|0,07447401586699987|0,201160270878201|0,18572976144001774|0,12370428724276783|2,19963087964887|159,0|239,0|480,0|228,0|285,05
N|254|222|296|Amundi Core MSCI USA UCITS Dist ETF|Region: US|Broad Market / Other|Broad Market / Other|Distr|IE000IEGVMH6|WEBI.DE|EUR|0,03|53,25|52,41999816894531|0,050088758852000925|0,06884785881546529|0,21789820294342355|0,20142733943722346|0,11969057505581082|2,290781703584189|153,0|291,0|392,0|242,0|285,75
N|255|233|289|Amundi S&P 500 Swap UCITS ETF EUR Acc|Region: US|Broad Market / Other|Broad Market / Other|Acc|LU1681048804|AUM5.DE|EUR|0,15|139,11500549316406|137,0800018310547|0,04909324667526849|0,06871788776250254|0,22014652666651235|0,20149415807886206|0,117987209405225|2,2393183396330536|173,0|293,0|366,0|258,0|286,25
N|256|315|197|WisdomTree Enhanced Commodity UCITS ETF EUR HgdAcc|Commodity / Energy|Materials|Materials|Acc|IE00BG88WG77|WTEH.DE|EUR|0,23|18,389999389648438|18,31999969482422|-0,00712665878683072|0,10623188053279087|0,3976287733934867|0,3687108936565824|0,10034891614850405|-1,2995962167621022|910,0|125,0|92,0|384,0|286,3
N|257|235|284|Xtrackers S&P 500 UCITS ETF|Region: US|Broad Market / Other|Broad Market / Other|Unknown|IE000Z9SJA06|XDPU.DE|EUR|0,03|13,507499694824219|13,307499885559082|0,04900396526763573|0,06854678545511228|0,2203550820370177|0,2015745064269836|0,11810270231704023|2,2455735372512113|175,0|296,0|364,0|257,0|287,05
N|258|228|297|Amundi Core MSCI USA UCITS Acc ETF|Region: US|Broad Market / Other|Broad Market / Other|Acc|IE000FSN19U2|WEBH.DE|EUR|0,03|45,3650016784668|44,685001373291016|0,049994207982177574|0,06866904271229735|0,21785239405279988|0,20172189876733237|0,11948221678675175|2,2665922678625834|156,0|294,0|393,0|243,0|287,85
N|259|225|310|iShares MSCI USA UCITS ETF USD (Acc)|Region: US|Broad Market / Other|Broad Market / Other|Acc|IE00B52SFT06|SXR4.DE|EUR|0,03|722,7000122070312|711,8599853515625|0,04970374260553312|0,0689247719328907|0,21674857813966097|0,20089735271921372|0,11903624053915163|2,2530845658872316|166,0|288,0|399,0|247,0|289,25
N|260|231|302|UBS Core MSCI USA UCITS USD dis ETF|Region: US|Broad Market / Other|Broad Market / Other|Distr|IE00B77D4428|UBU3.DE|EUR|0,03|169,26499938964844|166,6750030517578|0,04980307469779821|0,06865315197715671|0,2174953749678421|0,20144080389557506|0,11947685732347324|2,267786966875754|162,0|295,0|395,0|244,0|289,85
N|261|320|215|StSt SPDR MSCI Japan EUR Hdg UCITS ETF|Region: Japan|Broad Market / Other|Broad Market / Other|Unknown|IE00BZ0G8C04|ZPDW.DE|EUR|0,17|114,61000061035156|112,76499938964844|0,03182537708064559|0,06589164365431288|0,3311884375186922|0,2607806197397575|0,1070680557511885|2,484888540927839|393,0|328,0|162,0|317,0|294,05
N|262|389|132|iShares Inclusion and Diversity UCITS ETF USD A|Other|Broad Market / Other|Broad Market / Other|Acc|IE00BD0B9B76|OPEN.DE|EUR|0,25|11,027999877929688|10,800000190734863|0,009705177372334672|0,06447878797195727|0,3310802753212334|0,2835195377254667|0,13854400962276547|2,620175157613372|585,0|341,0|164,0|147,0|294,55
N|263|256|286|L&G ROBO Global Robotics and Auto UCITS ETF USDAcc|Technology|Information Technology|Technology Hardware & Software|Acc|IE00BMW3QX54|IROB.DE|EUR|0,8|30,15999984741211|29,69499969482422|0,07273697645179156|0,06403247761598974|0,27499467224446184|0,2442244278957295|0,09892812151969932|2,3849049857285443|89,0|347,0|257,0|393,0|295,0
N|264|274|270|Robeco 3D US Equity UCITS ETF USD Acc|Region: US|Broad Market / Other|Broad Market / Other|Acc|IE000XERHYF0|3DUS.DE|EUR|0,2|6,260000228881836|6,181000232696533|0,043159524160848894|0,0675307632753086|0,2269698037416108|0,20015339968159052|0,11766009611747474|2,298318226569323|232,0|314,0|330,0|261,0|295,1
N|265|242|307|Invesco MSCI USA UCITS Acc ETF|Region: US|Broad Market / Other|Broad Market / Other|Acc|IE00B60SX170|SC0H.DE|EUR|0,05|205,02000427246094|201,9199981689453|0,04923239854896244|0,06828549850083565|0,2173138968140913|0,2016176892494128|0,11901427443821055|2,252982384160466|171,0|303,0|396,0|248,0|295,45
N|266|319|228|iShares MSCI Japan EUR Hedged UCITS ETF (Acc)|Region: Japan|Broad Market / Other|Broad Market / Other|Acc|IE00B42Z5J44|IBCG.DE|EUR|0,64|149,19000244140625|146,75|0,032599715207282554|0,06549062911826287|0,3255441883266674|0,256283995552973|0,1058631198919342|2,468916428327705|384,0|330,0|171,0|323,0|296,95
N|267|245|305|iShares Core S&P 500 UCITS ETF USD (Dist)|Region: US|Broad Market / Other|Broad Market / Other|Distr|IE0031442068|IUSA.DE|EUR|0,07|69,23400115966797|68,23799896240234|0,04865053818424281|0,06802036227985697|0,21895032045900442|0,20087533068393593|0,1175930329407382|2,2384493852117338|177,0|306,0|384,0|262,0|297,35
N|268|324|220|Amundi Prime Emerging Markets UCITS DR (C) ETF|Region: Emerging Markets / Asia|Broad Market / Other|Broad Market / Other|Acc|LU2300295123|PRAM.DE|EUR|0,1|27,135000228881836|26,604999542236328|0,034699707690189596|0,0628671954198532|0,3124547148829657|0,26651114096397444|0,1114478996555357|2,0624694661477356|340,0|356,0|186,0|296,0|299,1
N|269|258|297|Amundi Core S&P 500 Swap Etf|Region: US|Broad Market / Other|Broad Market / Other|Unknown|LU0496786657|6TVM.DE|EUR|0,05|71,71600341796875|70,74600219726562|0,04798930689594383|0,06755190567343794|0,2196418973426939|0,20095123408165905|0,1169965364425063|2,1863710965088896|186,0|312,0|377,0|263,0|299,55
N|270|255|317|Xtrackers MSCI USA UCITS ETF 1C|Region: US|Broad Market / Other|Broad Market / Other|Acc|IE00BJ0KDR00|XD9U.DE|EUR|0,03|205,85000610351562|202,86000061035156|0,04867677742021015|0,06754834363497797|0,21556588396274212|0,1994872214814296|0,11812944131829473|2,2312842312682633|176,0|313,0|402,0|256,0|303,29999999999995
N|271|261|311|UBS Core S&P 500 UCITS ETF USD dis|Region: US|Broad Market / Other|Broad Market / Other|Distr|IE00B7K93397|UBU9.DE|EUR|0,03|112,16000366210938|110,61000061035156|0,04827329111585388|0,06719702378999282|0,21884372050782241|0,20043500045401008|0,11698206799776067|2,202769598774891|183,0|317,0|385,0|265,0|303,5
N|272|207|384|Xtrackers MSCI USA Climate Transition UCITS ETF|ESG / Sustainable|Broad Market / Other|Broad Market / Other|Unknown|IE000GYDNJS5|XCUD.DE|EUR|0,09|53,099998474121094|52,38999938964844|0,047543892537062815|0,07222683024674437|0,19867169861753387|0,18664919636022015|0,1178718065456208|2,0237605594858183|190,0|254,0|489,0|260,0|304,35
N|273|296|269|Amundi MSCI World ESG Leaders UCITS Acc ETF|ESG / Sustainable|Broad Market / Other|Broad Market / Other|Acc|IE00016PSX47|MWOP.DE|EUR|0,18|119,44000244140625|117,63999938964844|0,044055951471182686|0,06433791785925536|0,2305790793916105|0,19991964378990357|0,11681750291162718|2,3678721013079356|221,0|344,0|323,0|268,0|305,1
N|274|277|287|L&G Em Quality Div USD Dist|Factor / Smart Beta|Broad Market / Other|Broad Market / Other|Distr|IE00BMYDMC42|LGGM.DE|EUR|0,45|12,210000038146973|11,814000129699707|0,02907052354254347|0,07309207036967758|0,27016685835239684|0,22524639886676945|0,09937501644368174|3,501064519939881|418,0|249,0|260,0|390,0|305,3
N|275|265|313|UBS Core S&P 500 UCITS ETF USD acc|Region: US|Broad Market / Other|Broad Market / Other|Acc|IE00BD4TXW66|BCFT.DE|EUR|0,03|134,1699981689453|132,36500549316406|0,04795750564860035|0,06691583713822258|0,2190069067628604|0,19982116548633067|0,11653064619403608|2,1875297465543855|187,0|319,0|383,0|270,0|305,4
N|276|212|383|JPM US RschEnhIdx Eqt SRI PA Atv UCITS ETF USDD|ESG / Sustainable|Broad Market / Other|Broad Market / Other|Unknown|IE0002UMVXQ1|JSUD.DE|EUR|0,2|37,9900016784668|37,52000045776367|0,046412377334446475|0,07149907534884758|0,19702231586356556|0,18220764525500166|0,1199443134529139|2,060310861138489|199,0|259,0|498,0|240,0|305,95000000000005
N|277|264|318|Xtrackers S&P 500 Swap UCITS 1C ETF|Region: US|Broad Market / Other|Broad Market / Other|Acc|LU0490618542|D5BM.DE|EUR|0,15|140,5|138,63499450683594|0,047920963624844104|0,06730477553502845|0,21797924590459505|0,19962428880749217|0,11636939070057584|2,169672501694735|188,0|316,0|391,0|271,0|306,54999999999995
N|278|249|334|JPM BetaBuilders US Equity UCITS ETF USD Acc|Region: US|Broad Market / Other|Broad Market / Other|Acc|IE00BJK9H753|BBUS.DE|EUR|0,04|66,18000030517578|65,3499984741211|0,047815080194105075|0,0682808634405514|0,21297651465187006|0,19761133397261377|0,11696297325324712|2,1484584628763166|189,0|304,0|413,0|267,0|306,6
N|279|263|321|Vanguard FTSE North America UCITS - (USD) Accumulating ETF|Other|Broad Market / Other|Broad Market / Other|Acc|IE00BK5BQW10|VNRA.DE|EUR|0,08|175,33999633789062|172,8000030517578|0,04593174049318005|0,06797420002416432|0,21595006968568486|0,19931600545767858|0,11699384017286962|2,254178520248843|210,0|307,0|401,0|264,0|307,35
N|280|450|85|Xtrackers ATX UCITS 1C ETF|Other|Broad Market / Other|Broad Market / Other|Acc|LU0659579063|XB4A.DE|EUR|0,25|142,1199951171875|140,0|-0,007680534102359804|0,06776850939177859|0,47259343043610547|0,30170356035848234|0,13562900014503887|-0,5719532635151025|917,0|309,0|57,0|163,0|308,0
N|281|281|292|L&G Multi-Strategy Enh Comms UCITS ETF EURH Acc|Other|Broad Market / Other|Broad Market / Other|Acc|IE00022GJEG1|BATJ.DE|EUR|0,35|13,406000137329102|13,368000030517578|0,0005971319586177692|0,1062881749107003|0,2895344608877941|0,2972712030582547|0,09318671526109856|-1,496705850131344|759,0|124,0|239,0|425,0|308,2
N|282|290|275|iShares World Equity Enhanced Active UCITS ETF USD (Acc)|Global / Broad|Broad Market / Other|Broad Market / Other|Acc|IE000D8XC064|WOEE.DE|EUR|0,3|6,609000205993652|6,515999794006348|0,03735683564535619|0,06734500963184886|0,2341737035394318|0,20272981685808134|0,1102795738887612|2,411381287387271|291,0|315,0|315,0|300,0|308,4
N|283|396|151|Xtrackers MSCI Emerging Markets Climate Transition UCITS ETF|ESG / Sustainable|Broad Market / Other|Broad Market / Other|Unknown|IE000DNSAS54|XEMC.DE|EUR|0,16|51,369998931884766|51,59000015258789|0,03746338614767564|0,051478854021360876|0,33793458313392155|0,29086571919915793|0,1260812985481996|1,6966101395522006|289,0|462,0|155,0|208,0|308,5
N|284|248|343|UBS S&P 500 Cl Transition ESG UCITS ETF USD acc|ESG / Sustainable|Broad Market / Other|Broad Market / Other|Acc|IE000S4A5WE2|BCFF.DE|EUR|0,07|8,878999710083008|8,779000282287598|0,03993904884112598|0,06937242306658131|0,21330963439138872|0,19181207213464702|0,11386538641958732|2,1180642844423896|258,0|278,0|409,0|283,0|308,75
N|285|291|280|Franklin U.S. Equity UCITS ETF|Other|Broad Market / Other|Broad Market / Other|Unknown|IE00BF2B0P08|FLXU.DE|EUR|0,2|70,19000244140625|69,5|0,050748491538567864|0,060592355964629085|0,2273125393751274|0,20933841030709632|0,11055913538306994|2,210509051789887|148,0|369,0|327,0|298,0|311,15
N|286|347|230|UBS Core MSCI Japan UCITS hEUR acc ETF|Region: Japan|Broad Market / Other|Broad Market / Other|Acc|LU1169822266|UFMA.DE|EUR|0,15|45,13999938964844|44,435001373291016|0,0293011027437029|0,06299303490989216|0,3296023085491129|0,25860859548628756|0,1046918044059495|2,3689366843734248|415,0|355,0|166,0|332,0|312,15
N|287|218|387|iShares US Equity High Income Actv UCITS ETF USD D|Region: US|Broad Market / Other|Broad Market / Other|Distr|IE000WHL2ZK1|INCU.DE|EUR|0,35|5,252999782562256|5,195000171661377|0,04599770069890541|0,07046797425708684|0,20060924466826457|0,17899974539269414|0,11529778342358643|2,265147477661289|209,0|265,0|481,0|275,0|312,6
N|288|295|288|Vanguard ESG Global All Cap UCITS ETF (USD) Acc|ESG / Sustainable|Broad Market / Other|Broad Market / Other|Acc|IE00BNG8L278|V3AA.DE|EUR|0,24|8,013999938964844|7,895999908447266|0,03862102848137927|0,06625866931976598|0,22257820729737632|0,20438836388308856|0,11473306463668775|2,302947557656556|272,0|324,0|349,0|279,0|313,45
N|289|97|516|iShares AI Adopters & Applications UCITS ETF USD (Acc)|Technology|Information Technology|Technology Hardware & Software|Acc|IE000Q9W2IR3|AIAA.DE|EUR|0,35|5,493000030517578|5,423999786376953|0,040538024806553|0,1190791102783395|0,13480015887676644|0,11510351170327371|0,11876860625657559|1,677528439128687|247,0|89,0|767,0|249,0|314,20000000000005
N|290|281|328|Amundi Core S&P 500 Swap UCITS EUR Dist ETF|Region: US|Broad Market / Other|Broad Market / Other|Distr|LU0496786574|LYPS.DE|EUR|0,05|71,5979995727539|70,76200103759766|0,04611200970255824|0,06538296882249695|0,21714178399176887|0,1985737160104255|0,1147623848156869|2,1025775495508316|207,0|331,0|398,0|278,0|318,54999999999995
B|291|384|195|iShares Copper Miners UCITS ETF USD (Acc)|Other|Materials|Materials|Acc|IE00063FT9K6|CEBS.DE|EUR|0,55|10,029999732971191|9,9350004196167|-0,0312922885567557|0,20292628628505893|0,5199272265130421|0,28015311858803127|0,08331183606192627|0,1395420833971007|1414,0|21,0|38,0|447,0|319,4
N|292|251|376|iShares Edge MSCI USA Qual Fctr UCITS ETF USD A|Region: US|Broad Market / Other|Broad Market / Other|Acc|IE00BD1F4L37|QDVB.DE|EUR|0,2|17,0|16,826000213623047|0,05328380686948053|0,06556346345521802|0,2072149032168189|0,19701453329318608|0,11286478391950139|2,005438583691365|128,0|329,0|445,0|287,0|319,45
N|293|305|283|Vanguard ESG Global All Cap UCITS ETF (USD) Dist|ESG / Sustainable|Broad Market / Other|Broad Market / Other|Distr|IE00BNG8L385|V3AL.DE|EUR|0,24|7,39900016784668|7,289999961853027|0,037045463021170066|0,06534750782335697|0,2240674990344298|0,20372268379529435|0,11348721829572939|2,274259203393293|298,0|332,0|341,0|284,0|319,55
N|294|279|339|UBS MSCI USA NSL UCITS ETF USD acc|Region: US|Broad Market / Other|Broad Market / Other|Acc|IE000OULL4R4|CSY1.DE|EUR|0,09|276,20001220703125|272,80999755859375|0,046568937798421084|0,06521656486882987|0,21299963069307126|0,19629247386416937|0,1157137366950336|2,1318064368983354|198,0|333,0|412,0|273,0|320,5
N|295|368|232|WisdomTree Japan Equity UCITS ETF EUR Hedged Acc|Region: Japan|Broad Market / Other|Broad Market / Other|Acc|IE00BYQCZJ13|WTIF.DE|EUR|0,45|57,33000183105469|56,38999938964844|0,025397996557288582|0,06206006515796969|0,3667898974410744|0,26612198269906684|0,09730262133223899|2,2775042618641863|457,0|360,0|119,0|402,0|322,70000000000005
N|296|210|423|Xtrackers MSCI World ESG UCITS ETF|ESG / Sustainable|Broad Market / Other|Broad Market / Other|Unknown|IE00BZ02LR44|XZW0.DE|EUR|0,2|51,40999984741211|50,630001068115234|0,03638746742934473|0,07721323187237417|0,18647582910016114|0,16933923959934272|0,11149667016189135|2,3442672502172353|311,0|215,0|526,0|294,0|322,95000000000005
S|297|270|367|Xtrackers S&P 500 Swap II UCITS - 1D ETF|Region: US|Broad Market / Other|Broad Market / Other|Distr|IE000FO05UG4|XISP.DE|EUR|0,04|38,01900100708008|42,31700134277344|0,04637533412985562|0,06652680241097308|0,21925334464367974|0,20040700692189994|0,1030542925506821|-1,044911336280728|200,0|322,0|381,0|348,0|323,65000000000003
N|298|229|404|Invesco S&P 500 CTB Net Zero Pathway ESG UCITS ETF Acc|ESG / Sustainable|Broad Market / Other|Broad Market / Other|Acc|IE000N1ZEIG9|CTBA.DE|EUR|0,09|5,75|5,686999797821045|0,039971098268388516|0,07176146231253133|0,1976671231762419|0,17888261046515552|0,11114546441280004|2,1393113985573238|257,0|257,0|493,0|297,0|324,0
N|299|206|431|Amundi MSCI AC Far East Ex Japan ESG Selection - UCITS DR - USD (C) ETF|ESG / Sustainable|Broad Market / Other|Broad Market / Other|Acc|LU2439119236|ACUU.DE|EUR|0,18|66,02999877929688|64,55000305175781|0,035927157836955326|0,08334697215371167|0,1860966580043959|0,19901941429468972|0,10755138995977664|2,098459183236508|318,0|205,0|528,0|315,0|324,7
N|300|361|241|Franklin MSCI Emerging Markets Paris Aligned Climate UCITS ETF|ESG / Sustainable|Broad Market / Other|Broad Market / Other|Unknown|IE000QLV3SY5|FVEM.DE|EUR|0,18|39,7599983215332|38,94499969482422|0,04042910278101064|0,05618270256477964|0,29977110569479803|0,2562400884913354|0,10586205292990036|1,9934366392262517|250,0|427,0|217,0|324,0|327,35
N|301|278|365|Goldman Sachs Alp Enh US Eq Actv UCITS ETF USD Acc|Region: US|Broad Market / Other|Broad Market / Other|Acc|IE000HYFO765|GQUS.DE|EUR|0,2|13,149999618530273|12,996000289916992|0,04381648392576509|0,06650443632588043|0,20975158757822965|0,1889691789890553|0,11195949533777005|2,08620721099597|223,0|323,0|426,0|291,0|327,35
N|302|394|202|First Trust US Momentum UCITS ETF A USD|Factor / Smart Beta|Broad Market / Other|Broad Market / Other|Unknown|IE000CY30YV9|FTGM.DE|EUR|0,6|27,885000228881836|27,354999542236328|0,04340504512083809|0,049491928835579735|0,3243884979677294|0,2706767198296467|0,1124686539973665|2,786587027384112|226,0|484,0|172,0|289,0|328,30000000000007
N|303|286|355|UBS MSCI USA UCITS ETF USD dis|Region: US|Broad Market / Other|Broad Market / Other|Distr|LU0136234654|UIM6.DE|EUR|0,14|670,47998046875|662,4000244140625|0,04634968290829011|0,06434405970092572|0,20977165515186913|0,19507008773886136|0,11454740120769547|2,1335983880019684|201,0|343,0|424,0|280,0|329,35
N|304|491|81|iShares Elctrc Vhcls and Drvng Tech UCITS ETF USDA|Technology|Information Technology|Technology Hardware & Software|Unknown|IE00BGL86Z12|IEVD.DE|EUR|0,4|11,605999946594238|11,392000198364258|0,06829893264675335|0,02255502700620715|0,4183063055671483|0,42685028239148326|0,14614878129847098|2,4926591980603017|96,0|676,0|85,0|122,0|330,45000000000005
N|305|288|359|BNP Paribas Easy MSCI USA Min TE UCITS ETF C|Region: US|Broad Market / Other|Broad Market / Other|Acc|LU1291104575|ENOA.DE|EUR|0,15|31,790000915527344|31,405000686645508|0,04537984462478284|0,06463497206047308|0,20897512163110332|0,1937665008402576|0,11506791697641017|2,1255512621946036|215,0|340,0|431,0|276,0|331,2
N|306|87|565|iShares Digitalisation UCITS ETF USD (Acc)|Other|Broad Market / Other|Broad Market / Other|Acc|IE00BYZK4883|2B79.DE|EUR|0,4|10,732000350952148|10,449999809265137|0,05092053106174799|0,1073049855654924|0,07545848807405386|0,1631082774318824|0,1524846412513423|2,5728847776750197|147,0|118,0|961,0|109,0|331,3
N|307|287|362|iShares MSCI North America UCITS USD (Dist) ETF|Other|Broad Market / Other|Broad Market / Other|Distr|IE00B14X4M10|IQQN.DE|EUR|0,4|128,55999755859375|126,9000015258789|0,04431249472052712|0,06487048646497984|0,20976448864370623|0,19266505951782698|0,11261652417911039|2,1963509645902763|219,0|337,0|425,0|288,0|331,5
N|308|297|347|Xtrackers MSCI USA UCITS 1D ETF|Region: US|Broad Market / Other|Broad Market / Other|Distr|IE00BK1PV445|XD9D.DE|EUR|0,03|26,80299949645996|26,51099967956543|0,045317995198935535|0,0640259724722807|0,2113542824558463|0,19537974480571974|0,11427355756955726|2,0739672555818895|216,0|348,0|415,0|282,0|331,75
N|309|298|349|iShares World Eqt High Income Actv UCITS ETF USD D|Global / Broad|Broad Market / Other|Broad Market / Other|Distr|IE000KJPDY61|WINC.DE|EUR|0,35|5,238999843597412|5,182000160217285|0,03333278156937847|0,0689148329023257|0,2243236704774514|0,1915523580732843|0,10135083996072702|2,217960034127295|377,0|289,0|340,0|378,0|332,75
N|310|479|91|Xtrackers MSCI EM Asia Screened Swap UCITS ETF|Region: Emerging Markets / Asia|Broad Market / Other|Broad Market / Other|Unknown|LU2296661775|XMA1.DE|EUR|0,35|28,614999771118164|28,795000076293945|0,03247337591828359|0,04016971907896827|0,39141913891449187|0,3402782418337953|0,13992483402629996|1,4954767286160746|386,0|555,0|99,0|144,0|333,45
N|311|182|469|Amundi MSCI Emerging Markets ESG Selection - UCITS DR (C) ETF|ESG / Sustainable|Broad Market / Other|Broad Market / Other|Acc|LU2109787551|SADM.DE|EUR|0,18|75,62000274658203|73,80999755859375|0,043034520642510676|0,08121246935806625|0,1821166375421066|0,1678764902947032|0,09779639262595641|2,3465216893980045|233,0|209,0|541,0|400,0|333,8
N|312|294|363|JPM US Research Enhanced Index Equity Active UCITS USD (acc) ETF|Region: US|Broad Market / Other|Broad Market / Other|Acc|IE00BF4G7076|JREU.DE|EUR|0,2|69,16000366210938|68,16000366210938|0,045502676746770776|0,06432748675334987|0,21248251318458067|0,18913349112030176|0,11010439888863965|2,277281848997385|214,0|345,0|414,0|303,0|334,2
N|313|336|272|Global X S&P 500 Covered Call UCITS ETF USD Dist|Region: US|Broad Market / Other|Broad Market / Other|Distr|IE0002L5QB31|XY7D.DE|EUR|0,45|14,154000282287598|14,026000022888184|0,04213077267356935|0,057962014135723994|0,23826461763549123|0,18795701868236137|0,1098131076766602|1,7213247345588638|238,0|413,0|302,0|304,0|337,20000000000005
N|314|322|304|Invesco MSCI USA Universal Screened UCITS ETF Acc|Region: US|Broad Market / Other|Broad Market / Other|Acc|IE00BJQRDM08|ESGU.DE|EUR|0,09|105,0999984741211|103,77999877929688|0,04848364638790703|0,05798270936752048|0,21968203211588255|0,2036188598423776|0,11665601135920167|2,2387666803034953|181,0|411,0|376,0|269,0|339,35
N|315|323|300|Scalable MSCI AC World Xtrackers UCITS ETF|Global / Broad|Broad Market / Other|Broad Market / Other|Unknown|LU2903252349|SCWX.DE|EUR|0,15|12,456000328063965|12,27400016784668|0,03679044376099805|0,06062669165730705|0,22670868443759273|0,20046259084882623|0,1058818156146124|2,3752941608039384|302,0|368,0|331,0|322,0|339,65
N|316|214|455|State Street SPDR S&P Developed Quality Aristocrats UCITS ETF|Factor / Smart Beta|Broad Market / Other|Broad Market / Other|Unknown|IE000IISJT64|QDEV.DE|EUR|0,35|11,75|11,583999633789062|0,036703756807151544|0,07620441123714472|0,16198570601462703|0,1659059257733273|0,11555963996763752|2,3409273630684395|304,0|225,0|597,0|274,0|339,65
N|317|381|247|UBS MSCI EM Cl Paris Aligned UCITS ETF USD acc|Region: Emerging Markets / Asia|Broad Market / Other|Broad Market / Other|Acc|IE00BN4Q1675|AW12.DE|EUR|0,16|16,61400032043457|16,261999130249023|0,040195353960530866|0,052851749149323|0,29271708797793816|0,2512426926626117|0,10673897575968083|2,0328478099351304|251,0|452,0|233,0|318,0|340,3
N|318|355|267|Xtrackers MSCI Singapore UCITS 1C ETF|Other|Broad Market / Other|Broad Market / Other|Acc|LU0659578842|XBAS.DE|EUR|0,5|2,4535000324249268|2,4230000972747803|-0,0036548477538889124|0,08489947411911625|0,2140030398665138|0,2406452564545929|0,1358494082201651|1,7830864218003597|846,0|199,0|407,0|162,0|340,65
N|319|321|315|Xtrackers MSCI AC World Screened UCITS 1C ETF|Global / Broad|Broad Market / Other|Broad Market / Other|Acc|IE00BGHQ0G80|XMAW.DE|EUR|0,25|52,470001220703125|51,77000045776367|0,03695657713385958|0,061286461936858494|0,22122660384868453|0,19412842195241153|0,10768531711829588|2,2534419421854928|301,0|365,0|355,0|312,0|342,3
B|320|376|257|Global X Copper Miners UCITS ETF USD Acc|Global / Broad|Materials|Materials|Acc|IE0003Z9E2Y3|4COP.DE|EUR|0,55|59,56999969482422|59,130001068115234|-0,029804589341636656|0,217329069644981|0,4672414269373637|0,23666186338425832|0,06295894366364663|-0,016047772387516507|1395,0|17,0|61,0|560,0|343,3
N|321|465|142|HSBC MSCI Emerging Markets UCITS ETF USD|Region: Emerging Markets / Asia|Broad Market / Other|Broad Market / Other|Unknown|IE00B5SSQT16|H414.DE|EUR|0,15|12,569999694824219|12,62399959564209|0,034227365712905966|0,04246144472093638|0,3580380602205795|0,31033036119928537|0,12468927659938123|1,6836441869935488|360,0|537,0|129,0|218,0|344,65
N|322|387|251|Vanguard FTSE Japan UCITS EUR Hedged Accumulating ETF|Region: Japan|Broad Market / Other|Broad Market / Other|Acc|IE00BFMXYY33|VJPE.DE|EUR|0,13|75,72000122070312|74,51000213623047|0,028105901587753168|0,059169163286229676|0,31893400839499186|0,2480633510132746|0,09893460976957669|2,514145658658682|434,0|395,0|179,0|392,0|346,25
N|323|308|375|JPM US Research Enhanced Index Equity Active UCITS USD (dist) ETF|Region: US|Broad Market / Other|Broad Market / Other|Distr|IE00BJ06C044|JRUD.DE|EUR|0,2|63,939998626708984|63,150001525878906|0,04272666250691315|0,06177345284953195|0,20988668351984585|0,18648687275115727|0,10758545675011111|2,1849187547372177|234,0|362,0|423,0|314,0|348,45000000000005
N|324|334|306|Vanguard FTSE Developed World UCITS ETF USD A|Global / Broad|Broad Market / Other|Broad Market / Other|Acc|IE00BK5BQV03|VGVF.DE|EUR|0,12|137,55999755859375|135,8000030517578|0,03459680063514026|0,06027433123425996|0,2262435120732209|0,1999302014216069|0,10575665168301152|2,3362650690075424|347,0|370,0|334,0|325,0|348,55
N|325|227|463|Amundi MSCI Smart Mobility UCITS ETF A|Other|Broad Market / Other|Broad Market / Other|Acc|LU2023679090|ELCR.DE|EUR|0,45|26,21500015258789|25,5|0,0559919172982879|0,06825587508436937|0,1915909160267224|0,1724060571112711|0,09608572717551866|3,1403360411252352|122,0|305,0|514,0|409,0|350,6
N|326|485|126|Xtrackers MSCI Gl Circular Economy UCITS ETF 1C|Other|Broad Market / Other|Broad Market / Other|Acc|IE000Y6ZXZ48|XG12.DE|EUR|0,35|41,71500015258789|41,494998931884766|0,025568554026665025|0,04287500381469722|0,36190014023963357|0,37220396960665014|0,13023358217837044|1,6950152366436821|454,0|535,0|124,0|188,0|350,70000000000005
N|327|316|364|Xtrackers World Equity Enhanced Active UCITS 1C ETF|Global / Broad|Broad Market / Other|Broad Market / Other|Acc|IE00094GSCQ4|XEEW.DE|EUR|0,25|35,654998779296875|35,20500183105469|0,033478225486865965|0,06607860979632973|0,21939121266735206|0,18632501804222956|0,10364270939937303|2,383718428134669|375,0|326,0|380,0|346,0|350,85
N|328|332|323|StSt SPDR MSCI All Cntry World UCITS ETF Acc|Global / Broad|Broad Market / Other|Broad Market / Other|Acc|IE00B44Z5B48|SPYY.DE|EUR|0,12|295,6000061035156|291,3500061035156|0,03501400485396178|0,060068135676432544|0,22325683248368633|0,19676115831382845|0,10459561958841257|2,3695867262532153|333,0|373,0|346,0|335,0|352,65
N|329|371|279|WisdomTree Global Sustainable Equity UCITS - USD Acc ETF|Global / Broad|Broad Market / Other|Broad Market / Other|Acc|IE000XNILW20|WSDG.DE|EUR|0,29|30,424999237060547|30,21500015258789|0,03999316731695601|0,05514132835343455|0,2355329639415451|0,20926070832985255|0,10760412597896507|1,9725660746547633|256,0|438,0|310,0|313,0|353,70000000000005
N|330|326|345|Schroder Global Equity Active UCITS ACC USD ETF|Global / Broad|Broad Market / Other|Broad Market / Other|Acc|IE000BNLRWE6|SAHE.DE|EUR|0,25|10,61400032043457|10,470000267028809|0,03652349196054394|0,06012786970286643|0,2197196885642807|0,1945976417572166|0,10508802769348358|2,3131530673454237|308,0|371,0|374,0|330,0|354,1
N|331|377|277|HSBC MSCI World Value Screened UCITS ETF USD Acc|Factor / Smart Beta|Broad Market / Other|Broad Market / Other|Acc|IE000LYBU7X5|H41D.DE|EUR|0,25|26,450000762939453|26,204999923706055|0,008579614039918582|0,06717776581714174|0,24529195141074212|0,20254602199239224|0,10468397073838598|2,903007608335559|598,0|318,0|289,0|334,0|355,95000000000005
N|332|395|260|Invesco JPX-Nikkei 400 UCITS EUR Hdg Acc ETF|Other|Broad Market / Other|Broad Market / Other|Acc|IE00BVGC6645|NS4E.DE|EUR|0,19|47,97999954223633|47,15999984741211|0,026969141451453016|0,058226717705420095|0,3152412320259317|0,2365979506620024|0,09467400458256803|2,544393726495597|437,0|405,0|180,0|418,0|356,15000000000003
B|333|427|236|Invesco STOXX Europe 600 Optimised Basic Resources UCITS Acc ETF|Commodity / Energy|Materials|Materials|Acc|IE00B5MTWY73|SC0W.DE|EUR|0,2|898,7999877929688|877,4000244140625|-0,038099353265126035|0,15215999989985263|0,5027587769293018|0,28034186295294683|0,07184317229999415|0,2935186270633508|1482,0|57,0|44,0|504,0|356,9
N|334|304|398|iShares MSCI USA ESG Enhanced CTB UCITS USD (Acc) ETF|ESG / Sustainable|Broad Market / Other|Broad Market / Other|Acc|IE00BHZPJ908|EDMU.DE|EUR|0,07|12,446000099182129|12,255999565124512|0,04588239480290768|0,06140203627280716|0,19811327077163443|0,18646333372183355|0,11318516011737012|2,249702742711359|211,0|364,0|491,0|285,0|357,0
N|335|339|329|Ishrs Msci Cntry Wrld Ucits Etf Usd|Other|Broad Market / Other|Broad Market / Other|Unknown|IE00B6R52259|IUSQ.DE|EUR|0,2|111,22000122070312|109,58000183105469|0,03441224603009996|0,060045779276638456|0,22233216652254462|0,19655734128355395|0,1044544741259652|2,4285183635109435|354,0|374,0|352,0|336,0|357,9
N|336|299|414|Robeco Dynamic Theme Machine UCITS ETF USD Acc|Other|Broad Market / Other|Broad Market / Other|Acc|IE000VG2WCW5|RDYN.DE|EUR|0,55|5,951000213623047|5,867000102996826|0,0345967252428081|0,06840215982399656|0,1735358109306382|0,17771625669334323|0,12415535188810933|2,2061228397984824|348,0|301,0|562,0|225,0|358,1
N|337|325|366|Global X Nasdaq 100 Covered Call UCITS ETF|Technology|Information Technology|Technology Hardware & Software|Unknown|IE00BM8R0J59|QYLE.DE|EUR|0,45|15,09000015258789|15,034000396728516|0,04601801479245382|0,05820355920742393|0,23199212422594706|0,15837957001551062|0,09352659375493744|1,2679597891378638|208,0|407,0|320,0|424,0|358,8
N|338|342|338|Vanguard FTSE All-World UCITS - (USD) Accumulating ETF|Global / Broad|Broad Market / Other|Broad Market / Other|Acc|IE00BK5BQT80|VWCE.DE|EUR|0,14|173,6199951171875|171,13999938964844|0,03419102970828347|0,06008057400922673|0,22112817598113232|0,19622430651305556|0,10380620013024733|2,3921182170417388|363,0|372,0|356,0|342,0|360,65
N|339|416|242|iShares MSCI Japan ESG Enhanced CTB UCITS EUR Hedged (Acc) ETF|ESG / Sustainable|Broad Market / Other|Broad Market / Other|Acc|IE0002SCQ8X0|CEB3.DE|EUR|0,18|8,868000030517578|8,746999740600586|0,02829318718878282|0,054208314811394764|0,32003574220329|0,25042301480225704|0,10135154705433158|2,4324876431453037|432,0|443,0|175,0|377,0|361,15
N|340|357|326|Franklin FTSE Developed Word UCITS ETF|Other|Broad Market / Other|Broad Market / Other|Unknown|IE000CVOSY02|DWLD.DE|EUR|0,09|33,30500030517578|32,92499923706055|0,0330334544436548|0,059993641766539874|0,22399858235133974|0,19716034042128405|0,10379867624625971|2,2226678569005642|379,0|376,0|343,0|343,0|361,6
N|341|363|319|UBS MSCI USA Value UCITS USD dis ETF|Factor / Smart Beta|Broad Market / Other|Broad Market / Other|Distr|IE00B78JSG98|UBU5.DE|EUR|0,2|125,87999725341797|124,4000015258789|0,02291564887673192|0,06421016110912925|0,22471170251948824|0,21260662819537335|0,10422799544283823|2,524691675017055|480,0|346,0|339,0|337,0|362,55
B|342|198|510|Invesco CoinShares Global Blockchain UCITS ETF Acc|Global / Broad|Broad Market / Other|Broad Market / Other|Acc|IE00BGBN6P67|BNXG.DE|EUR|0,65|170,55999755859375|168,47999572753906|0,011505174342212321|0,11447990748212122|0,11012755946473463|0,2609788886984894|0,14228384045193665|0,45770460939221735|560,0|100,0|846,0|136,0|362,7
N|343|317|389|iShares MSCI Screened UCITS ETF (ACC)|Other|Broad Market / Other|Broad Market / Other|Acc|IE00BFNM3J75|SNAW.DE|EUR|0,2|12,425999641418457|12,251999855041504|0,03722872422571677|0,06277790180401221|0,20711094204663483|0,18410511973319665|0,10596959195679823|2,2758265857034714|293,0|357,0|447,0|321,0|362,7
N|344|350|352|Robeco 3D Global Equity UCITS ETF USD Acc|Global / Broad|Broad Market / Other|Broad Market / Other|Acc|IE000Q8N7WY1|3DGL.DE|EUR|0,25|6,388000011444092|6,327000141143799|0,028994816853980865|0,06307209152734372|0,22094804379647326|0,1902366105558968|0,10230772035814883|2,2751402222869|421,0|354,0|358,0|359,0|366,05
N|345|344|357|Amundi Prime All Country World UCITS Acc ETF|Global / Broad|Broad Market / Other|Broad Market / Other|Acc|IE0003XJA0J9|WEBN.DE|EUR|0,07|13,387999534606934|13,199999809265137|0,034621326796856255|0,059680205837854716|0,21975216284058718|0,19514371860460122|0,10374890064843689|2,354863431359273|345,0|381,0|373,0|344,0|366,20000000000005
N|346|378|312|UBS BBG Commodity CMCI SF UCITS hEUR acc ETF|Commodity / Energy|Materials|Materials|Acc|IE00BYYLVJ24|BCFE.DE|EUR|0,34|19,246000289916992|19,086000442504883|-0,010590138697547213|0,09626341749598022|0,29498046610429696|0,2513654191618715|0,080107928230847|-0,980857523397267|999,0|168,0|225,0|466,0|366,5
N|347|505|128|Invesco Hydrogen Economy UCITS Acc ETF|Other|Broad Market / Other|Broad Market / Other|Acc|IE00053WDH64|HYDE.DE|EUR|0,6|5,309999942779541|5,2829999923706055|0,02847178635035874|0,03609754981064217|0,53779317613312|0,4723416261661373|0,1093729887232402|2,004510417177037|431,0|583,0|32,0|306,0|367,05
N|348|424|252|Invesco Global Active ESG Equity UCITS ETF Acc|ESG / Sustainable|Broad Market / Other|Broad Market / Other|Acc|IE00BJQRDN15|IQSA.DE|EUR|0,3|99,8499984741211|98,4800033569336|0,025259257622853415|0,0546049656979426|0,27996405255509393|0,22892305814302882|0,11026972876038643|2,788451154585242|458,0|440,0|253,0|301,0|368,15
N|349|366|337|First Trust Nasdaq Clean Edge Smart Grid lnfrastructure UCITS - A USD ETF|Technology|Information Technology|Technology Hardware & Software|Unknown|IE000J80JTL1|GRID.DE|EUR|0,63|57,400001525878906|56,7599983215332|0,07069578198802584|0,048210432528585034|0,263343232990888|0,24809740010847703|0,08124657076729491|2,2668557119847|93,0|495,0|264,0|455,0|368,95
N|350|359|355|Invesco FTSE All World UCITS ETF Acc|Global / Broad|Broad Market / Other|Broad Market / Other|Acc|IE000716YHJ7|FWIA.DE|EUR|0,15|8,541999816894531|8,420999526977539|0,03426564939864485|0,05953851722693937|0,2201113991325936|0,19485237324696159|0,10298197985265745|2,3695026156438246|358,0|385,0|368,0|350,0|369,7
N|351|369|340|Amundi Prime All Country World UCITS Dist ETF|Global / Broad|Broad Market / Other|Broad Market / Other|Distr|IE0009HF1MK9|WEBG.DE|EUR|0,07|13,947999954223633|13,76200008392334|0,033644546073585024|0,0592344866240444|0,22055945716853476|0,19598305127434368|0,10405866101349237|2,342736350221625|370,0|393,0|362,0|338,0|370,80000000000007
N|352|266|470|State Street SPDR MSCI Emerging Markets UCITS ETF|Region: Emerging Markets / Asia|Broad Market / Other|Broad Market / Other|Unknown|IE00B48X4842|SPYX.DE|EUR|0,55|141,74000549316406|139,36000061035156|0,02295040408921456|0,08000609235380529|0,19652208837255403|0,18195470027841698|0,08223509157868736|2,628422082456097|478,0|210,0|500,0|453,0|371,3
N|353|302|437|iShares World Eqt Factor Rota Actv UCITS ETF USD A|Factor / Smart Beta|Broad Market / Other|Broad Market / Other|Acc|IE0009Y1MQJ2|FCRN.DE|EUR|0,3|6,015999794006348|5,949999809265137|0,034032306578926974|0,068371470285153|0,18635371255004163|0,17868332407810872|0,10569735257077162|2,348323909566772|366,0|302,0|527,0|326,0|372,65
N|354|259|475|iShares MSCI EM Small Cap UCITS ETF USD (Dist)|Region: Emerging Markets / Asia|Broad Market / Other|Broad Market / Other|Distr|IE00B3F81G20|EUNI.DE|EUR|0,74|103,54000091552734|101,5999984741211|0,03292102077099668|0,07440072599976766|0,19217044023759433|0,1642865237851714|0,08028701601257993|2,7993150743513797|380,0|241,0|507,0|464,0|372,95000000000005
N|355|335|391|Amundi Prime Global UCITS Acc ETF|Global / Broad|Broad Market / Other|Broad Market / Other|Acc|IE0009DRDY20|F50A.DE|EUR|0,05|41,0099983215332|40,44499969482422|0,03430004396763131|0,060649097387299955|0,20919938712894304|0,18697537560415478|0,10330536510596966|2,3733207155269396|356,0|367,0|429,0|347,0|376,85
N|356|388|322|Franklin EM Multi-Factor Equity UCITS ETF|Factor / Smart Beta|Broad Market / Other|Broad Market / Other|Unknown|IE00BF2B0K52|FLXE.DE|EUR|0,45|36,33000183105469|35,65999984741211|0,008886518312613445|0,06477148207366135|0,2826125631950207|0,20757862511636826|0,08225097408614168|2,6016622107178344|592,0|338,0|251,0|452,0|377,15
N|357|303|448|ARK Space & Defence Innovation UCITS ETF USD Acc|Other|Broad Market / Other|Broad Market / Other|Acc|IE000AON7ET1|ARXX.DE|EUR|0,75|4,998499870300293|4,894000053405762|0,07889056365693858|0,05810751365758926|0,2102904919596944|0,2012737660820818|0,07646077884715852|2,107894807641197|82,0|409,0|420,0|482,0|377,30000000000007
N|358|336|394|Amundi Prime Global UCITS Dist ETF|Global / Broad|Broad Market / Other|Broad Market / Other|Distr|IE000QIF5N15|MWOL.DE|EUR|0,05|45,0|44,38999938964844|0,0349586125521264|0,05994577927644129|0,208899375519636|0,18625019408017263|0,10303255032928238|2,3519872041615457|334,0|377,0|432,0|349,0|378,70000000000005
N|359|474|206|Invesco NASDAQ Next Generation 100 UCITS ETF Acc|Technology|Information Technology|Technology Hardware & Software|Acc|IE00BMD8KP97|EQQJ.DE|EUR|0,25|49,14500045776367|48,36000061035156|0,03758046482042254|0,0355036115843983|0,2926091495542915|0,27006075320727363|0,12485953184462018|2,5074564467580074|287,0|587,0|234,0|216,0|379,55
N|360|463|238|HSBC MSCI EM Climate Paris Aligned UCITS ETF USD|ESG / Sustainable|Broad Market / Other|Broad Market / Other|Unknown|IE000FNVOB27|HP8E.DE|EUR|0,18|19,805999755859375|19,923999786376953|0,041215457004638356|0,0373979015967103|0,30422757309477877|0,25992362718978823|0,10943903978614622|1,8676452105064252|245,0|577,0|207,0|305,0|380,3
N|361|138|611|Invesco STOXX Europe 600 Optimised Technology UCITS Acc ETF|Region: Europe|Broad Market / Other|Broad Market / Other|Acc|IE00B5MTWZ80|SC0X.DE|EUR|0,2|161,4199981689453|159,8000030517578|0,05655190115644393|0,08612571304194261|0,0918560752667863|0,14255379079603836|0,10825802650108907|2,4199864599203895|118,0|195,0|892,0|311,0|380,9
N|362|343|393|Invesco MSCI World UCITS Acc ETF|Global / Broad|Broad Market / Other|Broad Market / Other|Acc|IE00B60SX394|SC0J.DE|EUR|0,05|141,6649932861328|139,66000366210938|0,03461741923484407|0,05969253000166641|0,20951968654115527|0,18632493572850883|0,1026868627274713|2,3745042384561104|346,0|380,0|428,0|353,0|381,5
N|363|241|498|JPM Nasdaq Equity Premium Income Active UCITS EUR Hedged dist ETF|Technology|Information Technology|Technology Hardware & Software|Distr|IE0006FIW9Z0|JEQE.DE|EUR|0,35|22,815000534057617|22,735000610351562|0,03515400402858848|0,07431021579105113|0,16424939415700468|0,1398993766191441|0,08648490238694717|1,5867254303302154|329,0|243,0|588,0|440,0|381,55
N|364|333|404|Amundi MSCI North America ESG Broad Transition UCITS Dist ETF|ESG / Sustainable|Broad Market / Other|Broad Market / Other|Distr|IE000MJIXFE0|WEBC.DE|EUR|0,15|146,8000030517578|145,05999755859375|0,03921852442556739|0,059010303150386356|0,1998622376860122|0,1837489971302282|0,10919076756551394|2,1347676395451542|267,0|399,0|485,0|307,0|382,30000000000007
N|365|348|395|UBS Core MSCI World UCITS USD acc ETF|Global / Broad|Broad Market / Other|Broad Market / Other|Acc|IE00BD4TXV59|UETW.DE|EUR|0,06|41,084999084472656|40,52799987792969|0,034730211006380296|0,05954709226734822|0,20912913781375497|0,1862963004165843|0,10264144222076177|2,3747502210713125|339,0|384,0|430,0|354,0|382,75
N|366|346|396|UBS Core MSCI World UCITS USD dis ETF|Global / Broad|Broad Market / Other|Broad Market / Other|Distr|IE00B7KQ7B66|UBU7.DE|EUR|0,06|111,13500213623047|109,56999969482422|0,035065654217544484|0,0595288802924121|0,2088639256531466|0,18649635987769053|0,10271882568839241|2,379460708089936|332,0|386,0|433,0|352,0|382,85
N|367|327|421|Xtrackers USA Biodiversity Focus SRI UCITS 1C ETF|ESG / Sustainable|Broad Market / Other|Broad Market / Other|Acc|IE000LOSV2D0|XBUZ.DE|EUR|0,3|44,5|43,88999938964844|0,03464314663134549|0,06243289443137967|0,19047615645891613|0,16598975324261755|0,11145800811738993|2,2556439943290294|343,0|358,0|519,0|295,0|383,4
N|368|375|374|Invesco FTSE All World UCITS ETF Dist|Global / Broad|Broad Market / Other|Broad Market / Other|Distr|IE0000QLH0G6|FTWD.DE|EUR|0,15|8,130999565124512|8,020999908447266|0,033133451341502695|0,05902888857049193|0,21879094412090394|0,19368710142916723|0,10240819027524828|2,3511266778179776|378,0|398,0|386,0|358,0|384,0
N|369|455|249|Invesco RAFI US Fundamental Value UCITS ETF Dist|Factor / Smart Beta|Broad Market / Other|Broad Market / Other|Distr|IE00B23D8S39|6PSA.DE|EUR|0,39|40,38999938964844|39,8849983215332|0,022294387487760803|0,05026431198932513|0,28436482355352277|0,2477598530405143|0,11026579844037188|2,765918820644373|484,0|474,0|247,0|302,0|384,35
S|370|442|266|WisdomTree Enhanced Commodity ex-Agriculture UCITS EUR Hedged Acc ETF|Commodity / Energy|Materials|Materials|Acc|IE00BDVPNV63|EXAG.DE|EUR|0,35|17,18000030517578|17,18199920654297|-0,024085422868204254|0,10453905199474844|0,40267799655826986|0,2735359967876232|0,0642693752243031|-2,009550042459561|1327,0|132,0|89,0|553,0|384,70000000000005
N|371|393|344|StSt SPDR MSCI All Cntry Wld Inv Mkt UCITS ETF Acc|Other|Broad Market / Other|Broad Market / Other|Acc|IE00B3YLTY66|SPYI.DE|EUR|0,17|11,9399995803833|11,770000457763672|0,03162253416817884|0,05719850603967003|0,22511791762782662|0,1990358868079205|0,10154507650096445|2,493408717016057|397,0|417,0|337,0|375,0|385,6
N|372|344|401|Xtrackers MSCI World UCITS 1C ETF|Global / Broad|Broad Market / Other|Broad Market / Other|Acc|IE00BJ0KDQ92|XDWD.DE|EUR|0,12|144,30499267578125|142,3249969482422|0,034444391941084174|0,059741460058939655|0,20767424266174372|0,18550005738107034|0,10225268825203937|2,3696098414612754|353,0|378,0|438,0|362,0|386,05
N|373|351|400|Xtrackers World Biodiversity Focus SRI UCITS 1C ETF|ESG / Sustainable|Broad Market / Other|Broad Market / Other|Acc|IE000E0V65D8|XBI0.DE|EUR|0,3|59,560001373291016|58,849998474121094|0,03456664389466213|0,05959797800003441|0,2059121706685847|0,16990771070133115|0,10396934185909301|2,2055066962467222|349,0|383,0|454,0|341,0|387,25
N|374|352|403|iShares Core MSCI World UCITS ETF USD (Acc)|Global / Broad|Broad Market / Other|Broad Market / Other|Acc|IE00B4L5Y983|EUNL.DE|EUR|0,2|131,89999389648438|130,0449981689453|0,03487499118568649|0,059437701979794255|0,2074331424005844|0,18487238823283092|0,10221654134388358|2,39580443089946|336,0|388,0|440,0|363,0|388,20000000000005
N|375|443|271|WisdomTree Emerging Markets ex-State-Owned Enterprises UCITS Acc ETF|Region: Emerging Markets / Asia|Broad Market / Other|Broad Market / Other|Acc|IE00BM9TSP27|XSOE.DE|EUR|0,32|29,594999313354492|29,125|0,02600104066054776|0,05133213905527101|0,2917939550618336|0,23750776418073571|0,10023492875528706|1,9264724877501298|447,0|465,0|235,0|386,0|389,0
N|376|309|461|BNPP Easy MSCI World SRI PAB UCITS ETF|ESG / Sustainable|Broad Market / Other|Broad Market / Other|Unknown|LU1615092217|EMWE.DE|EUR|0,25|24,760000228881836|24,405000686645508|0,03706807241389898|0,06471731337037911|0,17708582878492418|0,17652649746352989|0,10244477917887429|2,314902084726239|297,0|339,0|551,0|357,0|389,29999999999995
N|377|356|402|StSt SPDR MSCI World UCITS ETF Acc|Global / Broad|Broad Market / Other|Broad Market / Other|Acc|IE00BFY0GT14|SPPW.DE|EUR|0,12|48,209999084472656|47,54499816894531|0,03421639705190982|0,05963024679112516|0,20805866835363318|0,18487021750656174|0,10210065730355522|2,3521707906882803|362,0|382,0|437,0|365,0|389,35
N|378|392|368|iShares Asia Pacific Dividend UCITS ETF USD (Dist)|Factor / Smart Beta|Broad Market / Other|Broad Market / Other|Distr|IE00B14X4T88|IQQX.DE|EUR|0,59|28,149999618530273|27,8700008392334|-0,002221940830768987|0,07129652971863454|0,28387278837669716|0,21098980915311172|0,06888640828462544|1,3881227555905267|814,0|260,0|248,0|516,0|391,29999999999995
B|379|452|262|iShares Oil & Gas Exploratn & Prod UCITS ETF USD A|Commodity / Energy|Energy|Energy|Acc|IE00B6R51Z18|IS0D.DE|EUR|0,55|30,604999542236328|30,274999618530273|-0,018756043020342505|0,08566864002932673|0,3494267694190458|0,34350301227945645|0,07870528814987399|-0,4363113608172942|1217,0|198,0|143,0|471,0|391,7
N|380|362|407|Amundi Core MSCI World UCITS Dist ETF|Global / Broad|Broad Market / Other|Broad Market / Other|Distr|IE000CNSFAR2|MWOE.DE|EUR|0,12|16,571500778198242|16,348499298095703|0,03513648401879266|0,058949492009526816|0,2071594199958624|0,18398583289810655|0,10228649264357559|2,3970710714721655|330,0|401,0|446,0|360,0|393,4
N|381|373|397|Xtrackers MSCI World Swap UCITS 1D ETF|Global / Broad|Broad Market / Other|Broad Market / Other|Distr|LU2263803533|XWD1.DE|EUR|0,19|26,92799949645996|26,604000091552734|0,03350601347376525|0,059079859554786784|0,20956759454837148|0,18693970319165776|0,10218401107057806|2,2611520384899686|374,0|397,0|427,0|364,0|394,45000000000005
N|382|364|411|Amundi Core MSCI World UCITS ETF Acc|Global / Broad|Broad Market / Other|Broad Market / Other|Acc|IE000BI8OT95|MWRE.DE|EUR|0,12|165,59500122070312|163,34500122070312|0,03467776634855624|0,058960839141187105|0,20722463680977943|0,18502214620854485|0,10203627672328763|2,395173352576791|341,0|400,0|444,0|367,0|395,55
N|383|366|409|Xtrackers MSCI World UCITS 1D ETF|Global / Broad|Broad Market / Other|Broad Market / Other|Distr|IE00BK1PV551|XDWL.DE|EUR|0,12|118,9000015258789|117,27999877929688|0,03427281204578936|0,05916538686835526|0,20735845546978626|0,1850713561578543|0,10207416598022556|2,3678899891879386|357,0|396,0|443,0|366,0|395,9
B|384|469|255|Amundi S&P World Energy Screened UCITS Acc ETF|Commodity / Energy|Energy|Energy|Acc|IE000J0LN0R5|WELN.DE|EUR|0,18|15,392000198364258|15,293999671936035|-0,00517062584506689|0,06327717441501801|0,3762518041277112|0,35564559399781537|0,07562049503733581|-0,3818487691984481|870,0|351,0|114,0|490,0|397,4
N|385|402|370|State Street SPDR MSCI All Country World Investable Market UCITS ETF|Global / Broad|Broad Market / Other|Broad Market / Other|Unknown|IE000DD75KQ5|SPSA.DE|EUR|0,17|12,736000061035156|12,567999839782715|0,030587495182625046|0,05619527299795535|0,22068412863217501|0,19963173837435066|0,10082006077200578|2,466027684085074|407,0|426,0|361,0|379,0|397,5
N|386|426|324|Xtrackers MSCI World High Dividend Yield ESG UCITS ETF|ESG / Sustainable|Broad Market / Other|Broad Market / Other|Unknown|IE000NS5HRY9|XZDW.DE|EUR|0,25|40,654998779296875|40,375|0,022124380129700638|0,05581602793089879|0,2507647793776093|0,20993000830690844|0,09452126444071118|2,2969162289421026|486,0|430,0|280,0|419,0|398,7
N|387|370|416|Amundi MSCI World Swap II UCITS ETF Dist|Global / Broad|Broad Market / Other|Broad Market / Other|Distr|FR0010315770|LYYA.DE|EUR|0,3|444,04998779296875|438,0400085449219|0,03462332595594697|0,05826973625787146|0,2070395480375964|0,18384918853702836|0,10174742068812614|2,331092787250643|344,0|403,0|449,0|371,0|399,25
N|388|400|380|Fidelity US Quality Income UCITS Inc-USD ETF|Factor / Smart Beta|Broad Market / Other|Broad Market / Other|Distr|IE00BYXVGX24|FUSD.DE|EUR|0,25|12,222000122070312|12,088000297546387|0,030348983523270867|0,056828734350774956|0,21851336132164678|0,19209389338766591|0,10203334515559281|2,301601279175661|409,0|421,0|387,0|368,0|400,1
N|389|328|460|Saturna Al Kawthar Gl Focused Equity UCITS ETF Acc|Other|Broad Market / Other|Broad Market / Other|Acc|IE00BMYMHS24|ASWE.DE|EUR|0,75|10,991999626159668|10,855999946594238|0,05916355284382946|0,05388296304315543|0,18384489033926354|0,188067423084753|0,10227420752100769|2,3425232843555093|112,0|446,0|535,0|361,0|401,15
N|390|358|429|iShares Edge MSCI World Quality Factor UCITS USD (Acc) ETF|Factor / Smart Beta|Broad Market / Other|Broad Market / Other|Acc|IE00BP3QZ601|IS3Q.DE|EUR|0,25|80,58999633789062|79,66000366210938|0,04000514336793515|0,05677936113777027|0,2044536231811347|0,18427616052559292|0,09888906502898331|2,209537687027852|255,0|423,0|460,0|394,0|401,25
N|391|353|434|Xtrackers MSCI World Quality UCITS 1C ETF|Factor / Smart Beta|Broad Market / Other|Broad Market / Other|Acc|IE00BL25JL35|XDEQ.DE|EUR|0,25|81,9800033569336|81,05000305175781|0,04009139399066597|0,056851923159200846|0,20399482693632454|0,1828019945842414|0,09856613658990354|2,232707507656044|254,0|420,0|464,0|396,0|401,29999999999995
N|392|372|422|UBS MSCI World UCITS ETF USD dis|Global / Broad|Broad Market / Other|Broad Market / Other|Distr|LU0340285161|UIM7.DE|EUR|0,3|445,3900146484375|439,42999267578125|0,03453968692332521|0,05824865385368372|0,20540391471698793|0,1830433698157743|0,10151029119123067|2,3640679650383114|351,0|404,0|456,0|376,0|403,45000000000005
N|393|341|450|WisdomTree US Efficient Core UCITS - USD Acc ETF|Region: US|Broad Market / Other|Broad Market / Other|Acc|IE000KF370H3|WTEF.DE|EUR|0,2|39,415000915527344|38,814998626708984|0,04562942657190927|0,055994644604618005|0,181504801990229|0,1737641085854995|0,10468980509453574|2,348429221118261|212,0|428,0|542,0|333,0|405,1
N|394|380|419|HSBC MSCI China UCITS ETF USD|Region: Emerging Markets / Asia|Broad Market / Other|Broad Market / Other|Unknown|IE00B44T3H88|H4ZY.DE|EUR|0,28|43,30500030517578|42,72800064086914|0,034223313928837484|0,05800006262921942|0,206435429806755|0,18419973245274734|0,10169605605444398|2,343158300669618|361,0|410,0|453,0|373,0|406,0
N|395|439|331|Fidelity Global Quality Income UCITS Inc-USD ETF|Factor / Smart Beta|Broad Market / Other|Broad Market / Other|Distr|IE00BYXVGZ48|FGEQ.DE|EUR|0,4|10,442000389099121|10,329999923706055|0,022923217260607975|0,05331889944590573|0,23754160183716055|0,2039708317306752|0,09847197129494556|2,3920375910492635|479,0|449,0|305,0|397,0|407,1
N|396|454|294|Invesco RAFI All-World Fundamental Val UCITS ETF D|Global / Broad|Broad Market / Other|Broad Market / Other|Distr|IE00B23LNQ02|PSWD.DE|EUR|0,39|36,314998626708984|35,89500045776367|0,012141002465986706|0,053521579091759586|0,28054799694759125|0,22430213815249034|0,09497233496738589|2,3779318114490557|553,0|448,0|252,0|414,0|407,95000000000005
S|397|475|263|Amundi STOXX Europe 600 Basic Resources UCITS Dist ETF|Commodity / Energy|Materials|Materials|Distr|LU2082996385|E6BR.DE|EUR|0,3|169,74000549316406|168,39999389648438|-0,04425675867246481|0,10594220887580752|0,47742902923698405|0,2614447723904816|0,059041569826490115|0,359190961387034|1517,0|126,0|55,0|585,0|408,7
N|398|365|437|Xtrackers MSCI World Screened UCITS 1D ETF|Global / Broad|Broad Market / Other|Broad Market / Other|Distr|IE00BCHWNQ94|XDWY.DE|EUR|0,19|28,790000915527344|28,424999237060547|0,03393792872961665|0,05924441639301792|0,2003073002578144|0,17671796278237473|0,1004925832365311|2,2499518889751577|367,0|392,0|483,0|381,0|408,8
N|399|507|229|Amundi MSCI World IMI Value Advanced UCITS ACC ETF|Factor / Smart Beta|Broad Market / Other|Broad Market / Other|Acc|IE000AZV0AS3|WMMS.DE|EUR|0,25|13,640000343322754|13,557999610900879|-0,009152945849850491|0,05917068400174719|0,31355937729400973|0,24112835554090006|0,10889172824375559|1,644201380818264|956,0|394,0|184,0|309,0|408,8
N|400|414|377|Goldman Sachs Alp Enh Wld Eq Actv UCITS ETF USDAcc|Other|Broad Market / Other|Broad Market / Other|Acc|IE000UFAX9L6|GQWD.DE|EUR|0,25|12,538000106811523|12,394000053405762|0,031085548038050304|0,0530824762466533|0,22250396240722803|0,18439444386087267|0,09650235870535218|2,202151999934371|401,0|450,0|350,0|406,0|408,85
N|401|429|360|Xtrackers MSCI World Quality ESG UCITS ETF|ESG / Sustainable|Broad Market / Other|Broad Market / Other|Unknown|IE0003NQ0IY5|XWEQ.DE|EUR|0,25|50,849998474121094|50,310001373291016|0,032277714307043404|0,050728339562678526|0,22500603541924957|0,19058767417786626|0,09876334587347757|2,3653989002693083|390,0|470,0|338,0|395,0|410,0
S|402|453|309|iShares STOXX Europe 600 Basic Resources UCITS (DE) ETF|Commodity / Energy|Materials|Materials|Unknown|DE000A0F5UK5|EXV6.DE|EUR|0,46|83,55999755859375|82,72000122070312|-0,05443029352145545|0,12958395567298386|0,4583173496924151|0,24740490714885843|0,04708436535508853|-0,2724060854950061|1550,0|74,0|66,0|663,0|411,20000000000005
N|403|382|425|Xtrackers MSCI World Swap UCITS 1C ETF|Global / Broad|Broad Market / Other|Broad Market / Other|Acc|LU0274208692|DBXW.DE|EUR|0,45|141,14999389648438|139,3699951171875|0,03364945602254843|0,05797699658660127|0,20409465330592447|0,18245782565776114|0,1003691808828504|2,289639781431474|369,0|412,0|462,0|383,0|412,25
N|404|397|410|iShares MSCI All Country World SRI UCITS USD A ETF|ESG / Sustainable|Broad Market / Other|Broad Market / Other|Unknown|IE000JTPK610|CBUY.DE|EUR|0,2|7,834000110626221|7,723999977111816|0,030653898647290623|0,056934689844520436|0,20671595599789083|0,19712712905345287|0,102507609204042|2,538502711322644|405,0|419,0|452,0|356,0|412,55
N|405|487|261|Ishrs World Quality Div Usd Adv Dist|Factor / Smart Beta|Broad Market / Other|Broad Market / Other|Distr|IE00BYYHSQ67|QDVW.DE|EUR|0,38|8,586000442504883|8,52400016784668|0,007864818485631364|0,04983142548864339|0,2783177970177799|0,22883075592193136|0,1052418222191771|2,494947895279405|614,0|479,0|254,0|328,0|412,80000000000007
N|406|194|625|JPM US Gro Eq Active UCITS ETF - USD (dist)|Region: US|Broad Market / Other|Broad Market / Other|Distr|IE0003KQ8JX1|JPGD.DE|EUR|0,49|35,279998779296875|34,775001525878906|0,08637414740484273|0,0694148828226584|0,09715088879466949|0,11757750498916364|0,10184978362108033|1,8733688414741312|74,0|276,0|879,0|370,0|415,25
N|407|407|411|iShares Edge MSCI World Multifactor UCITS EUR Hedged (Acc) ETF|Global / Broad|Broad Market / Other|Broad Market / Other|Acc|IE00BYXPXK00|IS07.DE|EUR|0,33|12,468000411987305|12,267999649047852|0,005321720889173154|0,06436748164274597|0,21331261037531957|0,1786727482562176|0,09516463374312467|2,1305254657981436|646,0|342,0|408,0|412,0|418,1
N|408|386|439|iShares MSCI World UCITS ETF USD (Dist)|Global / Broad|Broad Market / Other|Broad Market / Other|Distr|IE00B0M62Q58|IQQW.DE|EUR|0,5|94,4000015258789|93,15599822998047|0,03344998751326966|0,057944202518744437|0,20243583401926712|0,18147548880824504|0,09974523491356324|2,389138569424143|376,0|414,0|477,0|389,0|419,05000000000007
N|409|403|418|Goldman Sachs ActBeta PA Sst Wld Eq UCITS ETF USDA|Other|Broad Market / Other|Broad Market / Other|Unknown|IE000HPBRE54|GACL.DE|EUR|0,2|47,2599983215332|46,59000015258789|0,031427294550411045|0,05585344266640191|0,20132176253752032|0,17855361894920962|0,10405853299819356|2,3167359056532737|400,0|429,0|479,0|339,0|419,15000000000003
N|410|413|399|JPM All Cntr Rsch Enh Idx Eqt Actv UCITS EUR A ETF|Other|Broad Market / Other|Broad Market / Other|Unknown|IE000T4LTZ00|JREW.DE|EUR|0,26|29,665000915527344|29,309999465942383|0,02985594866308805|0,05419337451868933|0,21727533417928724|0,18873977183814827|0,09679247752058351|2,317601379009277|412,0|444,0|397,0|404,0|419,45000000000005
N|411|204|629|JPM US Gro Eq Active UCITS ETF - USD (acc)|Region: US|Broad Market / Other|Broad Market / Other|Acc|IE0005CH3U28|JPGR.DE|EUR|0,49|35,42499923706055|34,93000030517578|0,08599020223860299|0,06878861812665393|0,0969190662820667|0,1175078354722312|0,10155700447650307|1,865980774209495|75,0|292,0|880,0|374,0|422,85
N|412|48|867|Leverage Shares 1x ARK NextGen Internet|Other|Broad Market / Other|Broad Market / Other|Unknown|XS2399368575|NGTE.DE|EUR||5,954999923706055|5,891499996185303|0,06854476451106262|0,15788446003222978|-0,04803771461484008|0,1473988165802249|0,1886461111742681|1,4067013205923757|94,0|53,0|1500,0|64,0|423,1
B|413|640|82|Invesco Nasdaq Biotech UCITS ETF Acc|Technology|Information Technology|Technology Hardware & Software|Acc|IE00BQ70R696|NBTK.DE|EUR|0,4|64,12000274658203|64,33999633789062|-0,012018470893037647|0,039390568551916916|0,423149535285124|0,271465444349823|0,14555441498018595|0,1844293438583877|1023,0|561,0|82,0|126,0|423,55
N|414|462|335|Avantis Global Equity UCITS ETF USD Acc ETF|Global / Broad|Broad Market / Other|Broad Market / Other|Acc|IE000RJECXS5|AVWC.DE|EUR|0,22|25,315000534057617|25,045000076293945|0,020971988552677345|0,04954393255577516|0,24704440815157613|0,20748868828091882|0,09189802495983757|2,4709273734259254|492,0|483,0|283,0|430,0|423,75
N|415|406|426|JPM Global Research Enhanced Index Equity Active UCITS USD (acc) ETF|Global / Broad|Broad Market / Other|Broad Market / Other|Acc|IE00BF4G6Y48|JREG.DE|EUR|0,23|60,790000915527344|59,97999954223633|0,03173799736415539|0,05538198829709118|0,20710882007082176|0,18015924861940324|0,09762231731102111|2,371845638309445|395,0|436,0|448,0|401,0|425,85
N|416|391|443|Xtrackers MSCI World Climate Transition UCITS ETF|ESG / Sustainable|Broad Market / Other|Broad Market / Other|Unknown|IE000P4AYI47|XCTW.DE|EUR|0,19|52,70000076293945|51,970001220703125|0,03211906277985932|0,05706551492980938|0,19731912969953558|0,17673330227743|0,10030526191814149|2,1506115819018383|391,0|418,0|494,0|385,0|426,35
N|417|246|602|First Trust Vest NASDAQ100ModBffr UCITS ETFJunAUSD|Other|Broad Market / Other|Broad Market / Other|Unknown|IE000HFBJ0U0|QJUN.DE|EUR|0,9|20,639999389648438|20,530000686645508|0,06391751523199796|0,06490555268531506|0,1384445860490433|0,12112979688860781|0,08221303616412201|1,6923529693194823|100,0|336,0|747,0|454,0|426,95000000000005
N|418|379|468|Invesco MSCI World ESG Climate PA UCITS ETF Acc|ESG / Sustainable|Broad Market / Other|Broad Market / Other|Acc|IE000V93BNU0|PAUD.DE|EUR|0,19|6,1539998054504395|6,122000217437744|0,03411184415061608|0,05811551265405801|0,160037701146863|0,17824999942940223|0,10712571337292398|1,9816621272503119|364,0|408,0|606,0|316,0|432,5
N|419|405|444|Amundi MSCI World Swap UCITS ETF EUR Acc|Global / Broad|Broad Market / Other|Broad Market / Other|Acc|LU1681043599|AMEW.DE|EUR|0,38|715,260009765625|706,780029296875|0,031823423499890646|0,055391667186010185|0,20018119235260112|0,17881864040761464|0,09798310157907353|2,2644683226531055|394,0|434,0|484,0|399,0|433,5
N|420|360|486|JPM Carbon Transition Global Equity (CTB) UCITS - USD (acc) ETF|ESG / Sustainable|Broad Market / Other|Broad Market / Other|Acc|IE00BMDWYZ92|JPCT.DE|EUR|0,19|48,619998931884766|47,98500061035156|0,03667371748499382|0,05822177070036827|0,17269657514521342|0,15008863813101758|0,0929029068263234|2,2416128329304006|305,0|406,0|566,0|427,0|435,05
N|421|435|415|Fidelity Global Quality Income UCITS - Acc ETF|Factor / Smart Beta|Broad Market / Other|Broad Market / Other|Acc|IE000YUTMIU2|FGEA.DE|EUR|0,4|5,915999889373779|5,843999862670898|0,02494803490956987|0,052294496720960204|0,21640788434804503|0,19094104469137485|0,09232104967160248|2,4622960900153146|460,0|454,0|400,0|428,0|436,20000000000005
N|422|401|459|iShares MSCI World ESG Enhanced CTB UCITS USD (Acc) ETF|ESG / Sustainable|Broad Market / Other|Broad Market / Other|Acc|IE00BHZPJ569|EDMW.DE|EUR|0,2|11,07800006866455|10,930000305175781|0,032432482877412294|0,05565081090031332|0,19413598776270513|0,17463687365508762|0,09806511221423597|2,332220468937536|387,0|431,0|505,0|398,0|436,3
N|423|404|454|iShares MSCI World SRI UCITS ETF USD (Dist)|ESG / Sustainable|Broad Market / Other|Broad Market / Other|Distr|IE00BDZZTM54|2B7J.DE|EUR|0,2|10,592000007629395|10,454000473022461|0,03146585966067783|0,05546291621301269|0,19191043208980907|0,16423259458425377|0,1003879873035205|2,5585524907061368|399,0|432,0|510,0|382,0|436,55
N|424|411|442|JPM Global Research Enhanced Index Equity Active UCITS EUR acc) ETF|Global / Broad|Broad Market / Other|Broad Market / Other|Acc|IE0005MWBFR7|JGIE.DE|EUR|0,24|32,470001220703125|32,130001068115234|0,02997626054267677|0,05439198377202148|0,20370716446803638|0,17772947334485445|0,0953045174792071|2,2557231517380147|411,0|441,0|467,0|410,0|436,8
N|425|408|458|iShares MSCI World SRI UCITS ETF EUR (Acc)|ESG / Sustainable|Broad Market / Other|Broad Market / Other|Acc|IE00BYX2JD69|2B7K.DE|EUR|0,2|14,406000137329102|14,227999687194824|0,0310621250692118|0,055384654939662825|0,19176040558612661|0,1852887775824239|0,09984411421908246|2,5231038185588934|403,0|435,0|512,0|388,0|440,05
N|426|289|590|Invesco MSCI Japan ESG Climate PA UCITS ETF Acc|ESG / Sustainable|Broad Market / Other|Broad Market / Other|Acc|IE000I8IKC59|PAUJ.DE|EUR|0,15|5,1479997634887695|5,118000030517578|0,0570841651873617|0,05969534246489294|0,13254867190538921|0,17319957840988276|0,09904592046563776|2,1555634837145345|117,0|379,0|774,0|391,0|440,85
B|427|484|351|Amundi STOXX Europe 600 Basic Materials UCITS Dist ETF|Region: Europe|Materials|Materials|Distr|LU2082996542|LYX4.DE|EUR|0,3|301,20001220703125|296,6499938964844|-0,027916713655298575|0,08854354506377371|0,30903438885106316|0,22414146909672006|0,061832757964069396|0,3477735673341396|1379,0|187,0|193,0|565,0|442,9
N|428|421|446|JPM Global Rsrch Enh Idx Eqty Actv UCITS ETF USD D|Global / Broad|Broad Market / Other|Broad Market / Other|Distr|IE000HFXP0D2|JRGD.DE|EUR|0,23|56,88999938964844|56,27000045776367|0,029310637207661028|0,05262484759448083|0,2032573064410057|0,17735870863715908|0,09488346660857716|2,2337523800763543|414,0|453,0|472,0|416,0|444,5
N|429|490|346|VanEck World Equal Weight Screened UCITS ETF|Global / Broad|Broad Market / Other|Broad Market / Other|Unknown|NL0010408704|TSWE.DE|EUR|0,2|43,79999923706055|43,255001068115234|0,018486179495406097|0,04478289504933408|0,23656756563193126|0,19649424970543317|0,09493667916880022|2,409656164171378|509,0|521,0|308,0|415,0|444,75
N|430|340|518|JPM US Equity Active UCITS ETF - USD (acc)|Region: US|Broad Market / Other|Broad Market / Other|Acc|IE000RSCXLM4|JAUS.DE|EUR|0,39|34,220001220703125|33,76499938964844|0,03571429396120962|0,059442787275350684|0,15393695593854329|0,14467304554987082|0,09422505744804965|2,3118633574318594|321,0|387,0|632,0|423,0|445,55000000000007
N|431|349|520|JPM US Equity Active UCITS ETF - USD (dist)|Region: US|Broad Market / Other|Broad Market / Other|Distr|IE0007ILCZU4|JAUD.DE|EUR|0,39|33,869998931884766|33,41999816894531|0,035621373967448244|0,059265004778959574|0,15381994852731573|0,14469351936565733|0,09431253409998797|2,324399179196978|322,0|391,0|634,0|422,0|447,6
N|432|431|456|Fidelity US Quality Income UCITS ETF Acc|Factor / Smart Beta|Broad Market / Other|Broad Market / Other|Acc|IE00BYXVGY31|FUSA.DE|EUR|0,25|14,894000053405762|14,744000434875488|0,02901755402501749|0,05153914986705521|0,19958115448663194|0,17683311407967195|0,09500938180459673|2,25390199011091|419,0|461,0|486,0|413,0|451,35
B|433|569|250|Invesco S&P World Energy Trgtd & Scr UCITS ETF Acc|Commodity / Energy|Energy|Energy|Acc|IE000AIFGRB9|WDEE.DE|EUR|0,18|7,269000053405762|7,177000045776367|-0,0031541091698168433|0,04484695768013536|0,3528754619942247|0,34362296828583294|0,08362099223500574|0,013540342366129776|836,0|520,0|136,0|444,0|456,2
N|434|338|553|Amundi MSCI USA ESG Leaders Extra UCITS Acc EUR Hedged ETF|ESG / Sustainable|Broad Market / Other|Broad Market / Other|Acc|IE0004TFW0R5|MWOU.DE|EUR|0,17|13,336000442504883|13,128000259399414|0,01692848228197663|0,06773424234506464|0,14787402371101277|0,13343537956700469|0,08842563644642998|2,7910652013021005|516,0|310,0|672,0|438,0|457,0
S|435|512|327|Amundi STOXX Europe 600 Basic Resource UCITS ETF A|Region: Europe|Broad Market / Other|Broad Market / Other|Acc|LU1834983550|LBRE.DE|EUR|0,3|138,63999938964844|139,39999389648438|-0,05699907930408221|0,0914816804729961|0,457067757922643|0,24541861093891515|0,044786240685408485|-0,24604451486724913|1557,0|176,0|69,0|688,0|458,79999999999995
N|436|467|427|Fidelity US Fundamental Large Cap Core UCITS - Acc ETF|Region: US|Broad Market / Other|Broad Market / Other|Acc|IE000IY9QFN9|FFLC.DE|EUR|0,38|5,348999977111816|5,267000198364258|0,02746833076672317|0,046156867770153376|0,208540405376215|0,17884299493885303|0,09438760327911888|2,2981942529243264|436,0|512,0|436,0|421,0|463,4
N|437|448|457|Dimensional-Global Core Equity Ucits Etf|Global / Broad|Broad Market / Other|Broad Market / Other|Unknown|IE000EGGFVG6|DEGC.DE|EUR|0,26|25,889999389648438|25,579999923706055|0,019291329861307993|0,05179766932300711|0,2033465082088246|0,18381336973720708|0,08858351199960435|2,781846789073878|503,0|459,0|470,0|437,0|463,95000000000005
N|438|516|332|iShares MSCI USA Quality Dividend Advanced UCITS ETF|Factor / Smart Beta|Broad Market / Other|Broad Market / Other|Unknown|IE00BKM4H312|QDVD.DE|EUR|0,35|59,47999954223633|59,18000030517578|0,021993105885179887|0,035879811480713286|0,23380896869900125|0,2159559700852367|0,10016358735942332|2,5130936255722927|488,0|586,0|316,0|387,0|464,0
N|439|437|471|JPM Gbl RsrchEnhIdx Eqt SRI PA Atv UCITS ETF USDA|ESG / Sustainable|Broad Market / Other|Broad Market / Other|Unknown|IE000BXC49I6|JGSC.DE|EUR|0,25|37,154998779296875|36,744998931884766|0,02751656349788334|0,05135819521427121|0,18668155263663988|0,1625469287747301|0,09232021078264441|2,1470705999134037|435,0|464,0|525,0|429,0|467,90000000000003
N|440|520|341|iShares S&P 500 Health Care Sctr UCITS ETF USD A|Healthcare / Biotech|Health Care|Pharmaceuticals & Biotech|Acc|IE00B43HR379|QDVG.DE|EUR|0,15|12,02400016784668|11,925999641418457|0,009232886892492909|0,03995847450385348|0,21984373944809765|0,13691375992584143|0,10554336360587913|0,6839672837345402|589,0|556,0|371,0|327,0|468,9
N|441|399|513|iShares Edge S&P 500 Min Vol UCITS ETF USD A|Region: US|Broad Market / Other|Broad Market / Other|Acc|IE00B6SPMN59|IBCK.DE|EUR|0,2|105,62000274658203|104,41999816894531|0,03407091617122404|0,055355723562829695|0,15570635137289868|0,1472953024939816|0,09476192287373242|2,4718626882086543|365,0|437,0|625,0|417,0|469,20000000000005
B|442|698|90|iShares NASDAQ US Biotechnology UCITS ETF USD Acc|Technology|Information Technology|Technology Hardware & Software|Acc|IE00BYXG2H39|2B70.DE|EUR|0,35|8,913999557495117|9,0|-0,018173907581305992|0,033028144279467986|0,41245440353193463|0,2615340470909424|0,13817000872438046|-0,13272018166355126|1202,0|607,0|86,0|149,0|474,40000000000003
N|443|445|474|JPM Gbl RsrchEnhIdx Eqt SRI PA Atv UCITS ETF EURA|ESG / Sustainable|Broad Market / Other|Broad Market / Other|Unknown|IE0003JSNHV9|JEGS.DE|EUR|0,25|37,125|36,71500015258789|0,02597757609601259|0,05050933332498575|0,18477744007327734|0,16160829360088091|0,09095076515964262|2,1188674186756047|448,0|472,0|530,0|434,0|475,3
N|444|440|479|UBS MSCI USA SR UCITS ETF hEUR acc|Region: US|Broad Market / Other|Broad Market / Other|Acc|IE00BJXT3G33|4UBD.DE|EUR|0,22|23,81999969482422|23,510000228881836|0,026502899079516196|0,05142348147733422|0,16994101084228364|0,16879296740502037|0,09658257923469526|2,634682082073312|443,0|463,0|573,0|405,0|475,90000000000003
N|445|441|481|UBS Factor MSCI USA Quality Screened UCITS hEUR acc ETF|Factor / Smart Beta|Broad Market / Other|Broad Market / Other|Acc|IE00BWT3KN65|UBUX.DE|EUR|0,28|55,290000915527344|54,77000045776367|0,013194085115074916|0,05636226125982535|0,1766333036941352|0,15079619154330537|0,08981139624743606|2,4824749297105715|545,0|425,0|554,0|436,0|477,45
N|446|430|493|Vanguard FTSE Emerging Mkts UCITS ETF USD Acc|Region: Emerging Markets / Asia|Broad Market / Other|Broad Market / Other|Acc|IE00BK5BR733|VFEA.DE|EUR|0,17|79,58000183105469|77,7699966430664|0,023405345226658936|0,0550179173947869|0,17340020921775312|0,1583698015446693|0,08303645194097298|2,4940840719444166|475,0|439,0|564,0|448,0|477,45000000000005
N|447|415|506|iShares S&P 500 Scored and Screened UCITS EUR Hedged (Acc) ETF|Region: US|Broad Market / Other|Broad Market / Other|Acc|IE000CR7DJI8|CBUM.DE|EUR|0,1|9,145999908447266|8,996000289916992|0,008268086037381828|0,06003704606795046|0,1685191955433789|0,136290241170959|0,07939818976497448|2,848714439408833|608,0|375,0|576,0|469,0|479,0
N|448|412|531|Global X S&P 500 Qtr Buffer UCITS ETF USD Acc|Region: US|Broad Market / Other|Broad Market / Other|Acc|IE000LSRKCB4|SPQB.DE|EUR|0,5|21,114999771118164|20,924999237060547|0,03759210689475112|0,04919253521084044|0,15774749227799933|0,13338704896910514|0,08025420557147922|1,709342950650783|286,0|489,0|614,0|465,0|485,0
N|449|390|562|VanEck Quantum Computing UCITS ETF|Other|Broad Market / Other|Broad Market / Other|Unknown|IE0007Y8Y157|QUTM.DE|EUR|0,55|26,5049991607666|26,565000534057617|0,060199966430664054|0,044737811745673595|0,12214217692749396|0,22793607991548104|0,1119226027268625|1,4427558198115875|109,0|522,0|808,0|292,0|485,54999999999995
S|450|433|501|VanEck S&P Global Mining UCITS ETF|Commodity / Energy|Materials|Materials|Unknown|IE00BDFBTQ78|WMIN.DE|EUR|0,5|56,380001068115234|55,68000030517578|-0,06948339781928259|0,17421642788295455|0,3136067910857667|0,1678922690016169|0,015436437644506196|-0,6502650804855689|1574,0|33,0|183,0|957,0|486,45
N|451|536|379|UBS MSCI USA Small Cap Selection UCITS ETF USD acc|Region: US|Broad Market / Other|Broad Market / Other|Acc|IE000XFXBGR0|CSY8.DE|EUR|0,2|196,63999938964844|192,75999450683594|0,01256437940138877|0,03592873144178599|0,23038412200003733|0,20697275717948416|0,08332704180618045|3,232163872437305|550,0|585,0|324,0|446,0|486,7
S|452|173|841|Amundi Core MSCI Japan UCITS Acc ETF|Region: Japan|Broad Market / Other|Broad Market / Other|Acc|LU1781541252|LCUJ.DE|EUR|0,12|24,649999618530273|4331,41015625|0,04334208887053248|0,08595093461261838|0,30250993988198127|0,29498291652897213|-0,42925604214013835|-0,22259162211214875|229,0|197,0|212,0|1604,0|486,95000000000005
N|453|599|265|Amundi MSCI Japan ESG Broad Transition UCITS - Hedged EUR (C) ETF|ESG / Sustainable|Broad Market / Other|Broad Market / Other|Acc|LU2490201840|AHYZ.DE|EUR|0,2|118,0199966430664|117,0199966430664|0,03653606192178982|0,01304718148554862|0,3059642918681902|0,24506799771255006|0,09729035258794183|2,2326722882920795|307,0|776,0|205,0|403,0|488,30000000000007
N|454|542|372|StSt SPDR S&P US Health Cr Sel Sctr UCITS ETF Acc|Healthcare / Biotech|Health Care|Pharmaceuticals & Biotech|Acc|IE00BWBXM617|ZPDH.DE|EUR|0,15|46,29499816894531|45,994998931884766|0,007508104467413013|0,03800447876265589|0,21764854317596116|0,13551625335166118|0,10365522582782782|0,6067881068634019|620,0|570,0|394,0|345,0|488,5
N|455|540|373|Amundi MSCI World Momentum Advanced UCITS ACC ETF|Factor / Smart Beta|Broad Market / Other|Broad Market / Other|Acc|IE0001FQFU60|WMSE.DE|EUR|0,25|13,350000381469727|13,236000061035156|0,029774810300536192|0,02629151274604613|0,23519623076272156|0,21033551266220996|0,08241081364628067|1,9466422182207155|413,0|647,0|312,0|450,0|488,75
N|456|420|528|First Trust Cboe Vest U.S. Equity Moderate Buffer UCITS ETF|Other|Broad Market / Other|Broad Market / Other|Unknown|IE000X8M8M80|FEBB.DE|EUR|0,85|35,96500015258789|35,775001525878906|0,043371014764770344|0,04473495859571264|0,15680282972254056|0,13687371241909752|0,0823996065370971|1,8602244755028352|227,0|523,0|622,0|451,0|488,95
N|457|492|464|Amundi S&P World Materials Screened UCITS Dist ETF|Global / Broad|Materials|Materials|Distr|IE000WP7CVZ7|WELV.DE|EUR|0,18|14,65999984741211|14,501999855041504|-0,02370804152090733|0,07699084235880393|0,23882883105048003|0,19409494827028517|0,04529633155970236|0,5694070436336789|1321,0|218,0|299,0|679,0|495,90000000000003
N|458|486|466|Amundi S&P World Materials Screened UCITS Acc ETF|Global / Broad|Materials|Materials|Acc|IE000FCGBU62|WELI.DE|EUR|0,18|15,642000198364258|15,486000061035156|-0,023107603796067133|0,07712435349360858|0,2361308558100086|0,19240739152118258|0,045224237367148534|0,5462121293810559|1310,0|217,0|309,0|681,0|496,75
N|459|444|524|iShares MSCI Wrld Par-Align Clim UCITS ETF USD Acc|Other|Broad Market / Other|Broad Market / Other|Acc|IE00BMXC7W70|WPAB.DE|EUR|0,2|7,558000087738037|7,482999801635742|0,028999360603225943|0,05001391161487345|0,15406937460281767|0,14376518078392375|0,09126218993805257|2,0941975944385995|420,0|476,0|631,0|432,0|497,55
N|460|418|554|Global X S&P 500 Annual Tail Hdg UCITS ETF USD Acc|Region: US|Broad Market / Other|Broad Market / Other|Acc|IE000HGH8PV2|5PAH.DE|EUR|0,5|18,290000915527344|18,191999435424805|0,044069030822332156|0,04430746712725897|0,1511833743252835|0,13475622787550146|0,07992577580503402|1,8177491575340756|220,0|525,0|649,0|467,0|498,65
S|461|680|183|iShares EURO STOXX Banks 30-15 UCITS (DE) EUR (Dist) ETF|Financials|Financials|Banks & Financial Services|Distr|DE0006289309|EXX1.DE|EUR|0,51|29,8799991607666|29,045000076293945|-0,04414590716606004|0,0518918942873734|0,3806124277216967|0,18364580186724044|0,10603367560789656|-1,1489407181807116|1516,0|457,0|108,0|320,0|501,20000000000005
N|462|508|451|L&G Gerd Kommer Multifactor Equity UCITS ETF|Other|Broad Market / Other|Broad Market / Other|Unknown|IE0001UQQ933|GERD.DE|EUR|0,45|15,343999862670898|15,173999786376953|0,01602434262811081|0,0397072417662554|0,2074283633604157|0,17632629933924937|0,08077572005825462|2,5097778020357335|521,0|560,0|441,0|460,0|504,4
N|463|477|487|Amundi MSCI World ESG Selection UCITS Hedged EUR Acc ETF|ESG / Sustainable|Broad Market / Other|Broad Market / Other|Acc|IE0004CIQ1O4|MWOS.DE|EUR|0,2|14,800000190734863|14,61400032043457|0,017182130358953218|0,04726862600445547|0,17703195233600533|0,14710895214982522|0,08346408411257378|2,5119959462369787|515,0|504,0|552,0|445,0|505,85
N|464|547|411|JPM US Val Eq Active UCITS ETF - USD (dist)|Region: US|Broad Market / Other|Broad Market / Other|Distr|IE000DTA2ZH9|JPVD.DE|EUR|0,49|32,869998931884766|32,53499984741211|0,010141303229034504|0,034949581076939795|0,21983984765084497|0,17418200511756754|0,08102532205183044|3,0178242323335636|574,0|590,0|372,0|457,0|506,5
N|465|477|492|iShares MSCI USA Clmt Trans Aware UCITS ETF USD D|Region: US|Broad Market / Other|Broad Market / Other|Distr|IE000YG82CF0|UCTD.L|USD|0,07|5,347499847412109|5,302000045776367|0,01915373085756067|0,047092222288099395|0,16311706312350394|0,15362106961246447|0,09520675126172606|1,2001833940570954|507,0|507,0|592,0|411,0|509,05
N|466|461|519|Vanguard LifeStrategy 80% Equity UCITS ETF EUR Acc|Other|Broad Market / Other|Broad Market / Other|Acc|IE00BMVB5R75|V80A.DE|EUR|0,25|45,1150016784668|44,6349983215332|0,022552193351549787|0,049308124183016444|0,1659129612165704|0,1478183775138131|0,07635786204452266|2,54600162950114|482,0|486,0|584,0|484,0|509,5
N|467|554|408|JPM US Val Eq Active UCITS ETF - USD (acc)|Region: US|Broad Market / Other|Broad Market / Other|Acc|IE000TD3TI26|JPVA.DE|EUR|0,49|33,64500045776367|33,32500076293945|0,009753924547302395|0,03348180440393356|0,21990574876124347|0,17557650143887527|0,08107414675878521|2,977590535392159|583,0|599,0|370,0|456,0|510,75
N|468|460|525|UBS S&P 500 Scored & Screened UCITS hEUR acc ETF|Region: US|Broad Market / Other|Broad Market / Other|Acc|IE00BHXMHQ65|S5SG.DE|EUR|0,13|43,540000915527344|42,96500015258789|0,004846505321911776|0,056796119156696356|0,16526158061486607|0,13223244941744405|0,07587197486498387|2,617663921832106|651,0|422,0|587,0|488,0|510,8
S|469|693|189|Amundi STOXX Europe 600 Banks UCITS Dist ETF|Financials|Financials|Banks & Financial Services|Distr|LU2082996112|INDA.DE|EUR|0,3|97,81999969482422|95,26000213623047|-0,03928501288537456|0,04923303842774418|0,3921120120563557|0,1878567274723708|0,10295961828359879|-1,0454182345610727|1491,0|488,0|97,0|351,0|513,3000000000001
N|470|482|496|Xtrackers World Green Tech Innovators UCITS ETF 1C|Technology|Information Technology|Technology Hardware & Software|Acc|LU2859392081|GTIL.DE|EUR|0,35|35,28499984741211|34,935001373291016|0,02024001102991857|0,04532658068087292|0,16606079248255035|0,14153995540592956|0,08564720553186578|2,2493155519898944|497,0|516,0|582,0|441,0|514,65
N|471|566|406|iShares MSCI EMU USD Hedged UCITS ETF (Acc)|Other|Broad Market / Other|Broad Market / Other|Acc|IE00BWZN1T31|CEBP.DE|EUR|0,38|13,187999725341797|13,076000213623047|0,01837837216849847|0,026942821796203553|0,22111106411419867|0,16977111309203474|0,07959869148277932|1,5954049125381673|511,0|640,0|357,0|468,0|515,5
S|472|700|185|iShares STOXX Europe 600 Banks UCITS (DE) ETF|Financials|Financials|Banks & Financial Services|Unknown|DE000A0F5UJ7|EXV1.DE|EUR|0,46|41,3849983215332|40,30500030517578|-0,040459139887943585|0,048178315825577744|0,3928579246474966|0,19913359049511659|0,10401125036234027|-1,0052699169346386|1503,0|497,0|96,0|340,0|516,25
N|473|553|424|Invesco Wind Energy UCITS Acc ETF|Commodity / Energy|Energy|Energy|Acc|IE0008RX29L5|WDEY.DE|EUR|0,6|6,486999988555908|6,458000183105469|0,020771041555664116|0,02902920219181704|0,30694065853579344|0,24606226929246477|0,042097560191215244|1,6589054829390097|494,0|630,0|200,0|708,0|517,7
N|474|473|521|First Trust Vest US Eq Mod BffrUCITS ETFNovAUSDAcc|Region: US|Broad Market / Other|Broad Market / Other|Acc|IE000OJ31JQ4|FTGN.DE|EUR|0,85|33,58000183105469|33,584999084472656|0,03657976096762239|0,03786129828928719|0,1659723166882281|0,12401679769220708|0,0760044855966544|1,4760805539900725|306,0|573,0|583,0|486,0|518,05
N|475|518|462|L&G Gerd Kommer Multifactor Equity UCITS ETF|Other|Broad Market / Other|Broad Market / Other|Unknown|IE000FPWSL69|K0MR.DE|EUR|0,45|14,571999549865723|14,413999557495117|0,008503324694748127|0,0409570222884863|0,20350786627761264|0,18448533681033852|0,08058171918093615|2,4267928819023403|601,0|549,0|469,0|462,0|519,4
S|476|704|191|Amundi STOXX Europe 600 Banks UCITS ETF Acc|Financials|Financials|Banks & Financial Services|Acc|LU1834983477|LBNK.DE|EUR|0,3|72,56999969482422|70,72000122070312|-0,04033328406478631|0,04809361545051605|0,3920966469960596|0,19634025514954256|0,10259931665971789|-1,0594169942587055|1502,0|499,0|98,0|355,0|520,4
N|477|449|561|StSt SPDR S&P 500 EUR Hdg UCITS ETF Acc|Region: US|Broad Market / Other|Broad Market / Other|Acc|IE00BYYW2V44|SPPE.DE|EUR|0,05|18,968000411987305|18,69099998474121|0,01574384861163125|0,052170309329571785|0,1501682338888235|0,13475520029357346|0,07742947126268906|2,5651069079635227|522,0|455,0|658,0|478,0|520,4000000000001
N|478|488|503|BNPP Easy Low Carbon 300 World PAB UCITS ETF Cap|Global / Broad|Broad Market / Other|Broad Market / Other|Unknown|LU2194449075|LOWD.DE|EUR|0,3|20,5|20,30500030517578|0,03965917292187937|0,03264158475581436|0,16081541206831118|0,1574074143871076|0,09008198008486734|2,2309699878095057|263,0|612,0|602,0|435,0|521,75
N|479|493|502|StSt SPDR MSCI All Cntry World EURH UCITS ETF Acc|Global / Broad|Broad Market / Other|Broad Market / Other|Acc|IE00BF1B7389|SPP1.DE|EUR|0,17|27,489999771118164|27,114999771118164|0,012709497422602523|0,04644078005693153|0,17478633415656342|0,14804761417725998|0,07585480086456053|2,3440589386722093|547,0|509,0|558,0|489,0|522,95
N|480|588|392|Invesco Gl Active ESG Eq UCITS ETF EUR PfHdg Acc|ESG / Sustainable|Broad Market / Other|Broad Market / Other|Acc|IE00BJQRDP39|IQSE.DE|EUR|0,3|104,0|102,63999938964844|0,00038477218045041006|0,03730299006664417|0,22699383410639906|0,1770031607244713|0,07805535484864823|2,3607136395664607|765,0|578,0|329,0|475,0|523,2
S|481|703|200|Invesco STOXX Europe 600 Optimised Banks UCITS Acc ETF|Financials|Financials|Banks & Financial Services|Acc|IE00B5MTWD60|SC0U.DE|EUR|0,2|245,6999969482422|238,89999389648438|-0,040046884634551305|0,04798464553822779|0,3812682156721863|0,1866698542710128|0,10201930228039569|-1,019158352292922|1499,0|500,0|106,0|369,0|525,15
N|482|563|430|Xtrackers MSCI USA Health Care UCITS ETF 1D|Healthcare / Biotech|Health Care|Pharmaceuticals & Biotech|Distr|IE00BCHWNW54|XUHC.DE|EUR|0,12|59,630001068115234|59,099998474121094|0,008285452883392663|0,033388483447660766|0,20320480590802914|0,12683932812850407|0,10049831783463548|0,7280598697304623|607,0|601,0|474,0|380,0|525,95
N|483|503|495|iShares Growth Portfolio UCITS ETF EUR Acc|Factor / Smart Beta|Broad Market / Other|Broad Market / Other|Acc|IE00BLLZQ805|MAGR.DE|EUR|0,29|8,706000328063965|8,571999549865723|0,017888444975737716|0,04064070588769053|0,17807855011561857|0,158020774446197|0,07817783998767691|2,7497157503376375|513,0|551,0|549,0|474,0|529,4000000000001
N|484|481|543|Invesco S&P 500 Scored & Screened UCITS - EUR Hedged ETF|Region: US|Broad Market / Other|Broad Market / Other|Unknown|IE000QF66PE6|5ESE.DE|EUR|0,09|90,27999877929688|89,22000122070312|0,0031110975477430802|0,05381114402804621|0,1608589774491882|0,1293469604966493|0,07338948586180893|2,4826061416785765|677,0|447,0|601,0|498,0|530,2
N|485|456|574|Xtrackers S&P 500 UCITS 1C EUR Hedged ETF|Region: US|Broad Market / Other|Broad Market / Other|Acc|IE00BM67HW99|XDPE.DE|EUR|0,05|109,0|107,4800033569336|0,015133876600698537|0,05186972255729794|0,14649951204840406|0,13237337506417068|0,07627193396485632|2,503394700051391|530,0|458,0|683,0|485,0|530,45
N|486|499|511|iShares MSCI USA SRI UCITS EUR Hedged (Acc) ETF|ESG / Sustainable|Broad Market / Other|Broad Market / Other|Acc|IE000ATRYEA4|CEMI.DE|EUR|0,23|6,046999931335449|5,9720001220703125|0,011203998670278104|0,04492824330213563|0,1635558784424005|0,1653497360165601|0,08097671203755663|2,919301000131276|564,0|518,0|590,0|458,0|530,9000000000001
S|487|705|224|Invesco EURO STOXX Optimised Banks UCITS Acc ETF|Financials|Financials|Banks & Financial Services|Acc|IE00B3Q19T94|S7XE.DE|EUR|0,3|236,1999969482422|229,85000610351562|-0,04527080527305272|0,04884547135463824|0,36059901292514307|0,17512436292657796|0,10170581290021752|-1,174070245206971|1520,0|493,0|127,0|372,0|531,35
N|488|562|449|WisdomTree Quantum Computing UCITS - USD Acc ETF|Other|Broad Market / Other|Broad Market / Other|Acc|IE000W8WMSL2|WQTM.DE|EUR|0,5|34,220001220703125|34,099998474121094|0,07694733694810174|0,011378813259881326|0,1723193077977756|0,3159008777177885|0,11029459807580033|1,7215418087469627|86,0|795,0|567,0|299,0|532,45
N|489|419|622|First Trust Vest U.S. Equity Moderate Buffer UCITS May A USD Acc ETF|Other|Broad Market / Other|Broad Market / Other|Acc|IE000P0FL8E3|GMAY.DE|EUR|0,85|36,57500076293945|36,314998626708984|0,040096681663656986|0,046046063301172335|0,13446026236927944|0,11850152628717159|0,07460618742494618|1,9445092313064247|253,0|513,0|769,0|493,0|534,0
N|490|501|514|iShares MSCI USA SRI UCITS EUR Hedged (Dist) ETF|ESG / Sustainable|Broad Market / Other|Broad Market / Other|Distr|IE00BZ173V67|3SUR.DE|EUR|0,23|2267,0|2240,5|0,010699955416852536|0,04421925380009206|0,16332628285734585|0,1654130700243841|0,08062154882853645|2,8766728315366215|569,0|526,0|591,0|461,0|535,7
N|491|417|627|Xtrackers MSCI Emerging Markets ESG UCITS ETF|ESG / Sustainable|Broad Market / Other|Broad Market / Other|Unknown|IE00BG370F43|XZEM.DE|EUR|0,25|61,86000061035156|60,720001220703125|0,04158951416210388|0,04528557437235081|0,13796909337362662|0,1337976366077247|0,06685799630014899|2,1713608076036954|241,0|517,0|752,0|531,0|537,15
N|492|466|573|iShares S&P 500 EUR Hedged UCITS ETF (Acc)|Region: US|Broad Market / Other|Broad Market / Other|Acc|IE00B3ZW0K18|IBCF.DE|EUR|0,2|160,57000732421875|158,2899932861328|0,015141483965562141|0,04995759507184894|0,14696962694850813|0,1316513356467961|0,07593713795885737|2,5152034823025176|529,0|477,0|680,0|487,0|537,55
N|493|500|538|UBS MSCI World Selection UCITS hEUR acc ETF|Global / Broad|Broad Market / Other|Broad Market / Other|Acc|IE0009W21NT4|CSY7.DE|EUR|0,18|268,6000061035156|265,3999938964844|0,006746695625577281|0,048195145769817094|0,16126244081117114|0,13261654234222386|0,07489447423205053|2,453598432384273|629,0|496,0|598,0|492,0|540,65
N|494|398|678|VanEck Morningstar US ESG Wide Moat UCITS ETF|ESG / Sustainable|Broad Market / Other|Broad Market / Other|Unknown|IE00BQQP9H09|GMVM.DE|EUR|0,49|59,439998626708984|58,27000045776367|-0,004021475825059295|0,07215007393728445|0,10074071530942574|0,08964251985408356|0,07787284550329732|2,9935551036850536|849,0|255,0|875,0|477,0|543,5
N|495|471|593|Invesco S&P 500 UCITS EUR Hedged Acc ETF|Region: US|Broad Market / Other|Broad Market / Other|Acc|IE00BRKWGL70|E500.DE|EUR|0,05|59,25400161743164|58,4739990234375|0,013894121624885347|0,04989549427325657|0,1455360867797506|0,1310174137764819|0,07492699476371656|2,442304568342804|541,0|478,0|695,0|491,0|544,3
N|496|459|604|Invesco MSCI USA UCITS EUR Hdg Acc ETF|Region: US|Broad Market / Other|Broad Market / Other|Acc|IE000CH3OQ51|MXUE.DE|EUR|0,05|7,335400104522705|7,230400085449219|0,015420837176611801|0,05091691754699945|0,13992232630141155|0,12970496856665448|0,07664329425791427|2,5389590790558803|527,0|468,0|739,0|481,0|547,2
N|497|476|580|UBS Core S&P 500 UCITS hEUR acc ETF|Region: US|Broad Market / Other|Broad Market / Other|Acc|IE00BD34DK07|UEQD.DE|EUR|0,06|36,45000076293945|36,005001068115234|0,01325997820172975|0,049011397652227284|0,14651487710344102|0,13079355499144962|0,07447293562700086|2,3487621207932543|544,0|491,0|682,0|494,0|547,3
N|498|504|546|UBS MSCI World Selection UCITS hEUR dis ETF|Global / Broad|Broad Market / Other|Broad Market / Other|Distr|IE000V6KDJC9|BCFJ.DE|EUR|0,18|26,985000610351562|26,645000457763672|0,006527457959538241|0,047145061282939826|0,16045964264871548|0,13205592973592073|0,07439583433397257|2,450301822242255|636,0|506,0|604,0|495,0|547,8
N|499|589|447|Invesco S&P 500 QVM UCITS ETF Dist|Region: US|Broad Market / Other|Broad Market / Other|Distr|IE00BDZCKK11|QVMP.DE|EUR|0,35|69,0199966430664|68,2300033569336|0,028672112383810067|0,019421268750901444|0,21035369701786188|0,2102861740429649|0,07644082918304806|2,869875506757718|427,0|710,0|419,0|483,0|549,4000000000001
N|500|374|748|Xtrackers MSCI World Communication Services UCITS 1C ETF|Global / Broad|Communication Services|Communication Services|Acc|IE00BM67HR47|XWTS.DE|EUR|0,25|29,924999237060547|29,6299991607666|0,047427355852643016|0,05129102675729014|0,11018361423709266|0,08345395828348301|0,05237612719962481|0,7954222100361624|191,0|466,0|845,0|625,0|551,3
N|501|575|467|Xtrackers S&P 500 Equal Weight Score & Screened UCITS ETF|Region: US|Broad Market / Other|Broad Market / Other|Unknown|IE0004MFRED4|XZEW.DE|EUR|0,17|53,189998626708984|52,41999816894531|0,005862283516114841|0,033216765728012465|0,20257741752668412|0,17703032182151257|0,0780545478055501|3,3025422808755147|640,0|604,0|476,0|476,0|551,8
N|502|600|431|Invesco S&P 500 Quality UCITS ETF Acc|Factor / Smart Beta|Broad Market / Other|Broad Market / Other|Acc|IE000E6TPCH9|QSPA.DE|EUR|0,2|5,556000232696533|5,486999988555908|0,04044945204804229|0,011101064314443576|0,21522314091132433|0,19664012105480944|0,07933851152837623|2,214563263451703|249,0|799,0|404,0|470,0|551,95
N|503|409|689|Global X S&P 500 Qtr Tail Hedge UCITS ETF USD Acc|Region: US|Broad Market / Other|Broad Market / Other|Acc|IE000EPX8KB7|SPQH.DE|EUR|0,5|19,07200050354004|18,90399932861328|0,03889316426731182|0,04941128687787355|0,1111629570749868|0,09070115732408346|0,06585836046258553|1,6803622533779385|270,0|485,0|842,0|536,0|552,2
N|504|457|615|iShares China CNY Bond UCITS ETF USD (Dist)|Bonds / Fixed Income|Fixed Income|Bonds|Distr|IE00BYPC1H27|ICGB.DE|EUR|0,35|5,124599933624268|5,105400085449219|0,038209090008039404|0,03928285565002554|0,143473145407792|0,11747367006932419|0,06650750015920481|1,7486540710362104|275,0|562,0|722,0|532,0|552,95
N|505|594|453|UBS MSCI USA Select Factor Mix UCITS ETF USD acc|Factor / Smart Beta|Broad Market / Other|Broad Market / Other|Acc|IE00BDGV0415|USUE.DE|EUR|0,26|43,685001373291016|43,31999969482422|0,01972458491347795|0,021751848484207637|0,20493725241426497|0,1932532271233829|0,08402936662953775|2,5920669141489387|501,0|689,0|457,0|442,0|553,4
N|506|514|539|Invesco FTSE All-World UCITS EUR PfHdg Acc ETF|Global / Broad|Broad Market / Other|Broad Market / Other|Acc|IE0006VDD4K1|FWEA.DE|EUR|0,2|9,149999618530273|9,043999671936035|0,00770921755643017|0,042972741958855476|0,16560506110713824|0,1397608068835614|0,06999330806561521|2,123928723121357|615,0|534,0|585,0|510,0|554,1
N|507|464|616|First Trust Vest U.S. Equity Moderate Buffer UCITS ETF|Other|Broad Market / Other|Broad Market / Other|Unknown|IE000TGSG3Y5|GAUG.DE|EUR|0,85|33,83000183105469|33,59000015258789|0,04012298982176654|0,03773016608911828|0,13523498983792792|0,12485456268857065|0,07726336588147409|1,9539747597744077|252,0|575,0|765,0|479,0|554,85
N|508|564|480|HSBC MSCI World Small Cap Scrnd UCITS ETF USD Acc|Global / Broad|Broad Market / Other|Broad Market / Other|Acc|IE000C692SN6|H41G.DE|EUR|0,25|24,03499984741211|23,850000381469727|0,002920913598102315|0,037780656552887315|0,19726022087048833|0,18050093943475032|0,07165628028934301|2,569472101261777|682,0|574,0|495,0|506,0|556,85
N|509|665|353|Avantis Global Small Cap Val UCITS ETF USD A ETF|Global / Broad|Broad Market / Other|Broad Market / Other|Unknown|IE0003R87OG3|AVWS.DE|EUR|0,39|25,350000381469727|25,184999465942383|-0,011695876862462762|0,03279691597773793|0,2828947412873697|0,24631269377077203|0,07364530585968687|0,9682250782908761|1017,0|609,0|249,0|496,0|557,5999999999999
N|510|447|643|iShares Edge MSCI USA Min Vol Adv UCITS ETF USD A|Region: US|Broad Market / Other|Broad Market / Other|Acc|IE00BKVL7331|MVEA.DE|EUR|0,2|8,050000190734863|7,914999961853027|0,02508595728867724|0,05022834061290227|0,1144953807927247|0,12618920776318676|0,08087643610414808|2,9899846427171917|459,0|475,0|835,0|459,0|559,4000000000001
N|511|496|597|Xtrackers II Harvest China Government Bond UCITS 1D ETF|Bonds / Fixed Income|Fixed Income|Bonds|Distr|LU1094612022|CGB.DE|EUR|0,2|20,520999908447266|20,444000244140625|0,0371999022851357|0,03272851184734038|0,15112514046802672|0,12553786211376217|0,06406335948123365|1,6889659998076898|294,0|610,0|652,0|556,0|562,3
N|512|423|692|State Street SPDR S&P Emerging Markets Dividend Aristocrats UCITS ETF|Factor / Smart Beta|Broad Market / Other|Broad Market / Other|Unknown|IE00B6YX5B26|SPYV.DE|EUR|0,55|15,321999549865723|15,196000099182129|0,003536802597531974|0,0623031978231694|0,1272082733086366|0,13167999838837385|0,054631112181054986|2,1209637950225755|669,0|359,0|787,0|609,0|562,5
N|513|587|476|L&G S&P 100 Equal Weight UCITS USD Acc ETF|Other|Broad Market / Other|Broad Market / Other|Acc|IE000YELA4E3|SNPE.DE|EUR|0,19|10,666000366210938|10,597999572753906|0,007557143431133673|0,02874231624384782|0,19146567986796859|0,1637752766618048|0,08054993665365995|2,6049933655586726|619,0|632,0|515,0|463,0|567,0
S|514|616|445|StSt SPDR MSCI Europe Materials UCITS ETF|Region: Europe|Materials|Materials|Unknown|IE00BKWQ0L68|SPYP.DE|EUR|0,18|381,5|378,25|-0,03758827983326196|0,06163905251222901|0,25514059772482156|0,17024539877300615|0,0471383843434372|-0,07693766087836443|1476,0|363,0|274,0|662,0|567,5
N|515|489|607|Amundi Core MSCI USA UCITS EURH Acc ETF|Region: US|Broad Market / Other|Broad Market / Other|Acc|IE000N85G7P8|WEBU.DE|EUR|0,07|5,703999996185303|5,644000053405762|0,011885739092508674|0,04756654111268821|0,14079999923706055|0,12438400308604725|0,07274051326446784|2,2063647319612083|556,0|503,0|734,0|501,0|568,3
B|516|578|485|L&G New Energy Commodities UCITS ETF USD Acc|Commodity / Energy|Energy|Energy|Acc|IE000BLN64M9|ENTR.DE|EUR|0,65|12,526000022888184|12,640000343322754|0,007561121417267946|0,03043763420361212|0,2539793393803036|0,14727970040756078|0,03426466353567159|-0,36316769955726425|618,0|623,0|276,0|789,0|568,7
S|517|506|583|iShares Essential Metals Producers UCITS ETF USD (Acc)|Commodity / Energy|Materials|Materials|Acc|IE000ROSD5J6|CEBT.DE|EUR|0,55|8,847999572753906|8,913000106811523|-0,04962414887644162|0,09532056171629266|0,3614401406489842|0,1281396972986868|-0,0074074691659308245|-0,12119030666709805|1536,0|172,0|125,0|1194,0|569,25
N|518|633|436|Invesco Gl Active ESG Eq UCITS ETF EUR PfHdg Dist|ESG / Sustainable|Broad Market / Other|Broad Market / Other|Distr|IE0008YN55P8|IQSD.DE|EUR|0,3|81,22000122070312|80,63999938964844|7,994500985786246e-05|0,026696583181074374|0,21464062984378152|0,16802406428436156|0,07819876456323183|1,128793059975985|772,0|645,0|405,0|473,0|569,6500000000001
N|519|470|639|Goldman Sachs Access China Gv Bd UCITS ETF USD Dis|Region: Emerging Markets / Asia|Broad Market / Other|Broad Market / Other|Distr|IE00BJSBCS90|GASF.DE|EUR|0,24|51,284000396728516|51,301998138427734|0,036962129319283|0,03853989425022886|0,13806698834513087|0,11266088373152017|0,06419336657638364|1,7306799991864343|300,0|566,0|751,0|555,0|570,15
N|520|495|606|UBS Core MSCI USA hEUR UCITS ETF EUR acc|Region: US|Broad Market / Other|Broad Market / Other|Acc|IE00BD4TYG73|UBUJ.DE|EUR|0,06|58,992000579833984|58,375999450683594|0,011765527164392164|0,04643984824577663|0,14117693158251132|0,12791102977939417|0,07317578174430128|2,182983937583577|558,0|510,0|733,0|499,0|570,75
N|521|494|614|UBS S&P 500 Climate Transition ESG UCITS hEUR acc ETF|ESG / Sustainable|Broad Market / Other|Broad Market / Other|Acc|IE0009WWNY77|BCFG.DE|EUR|0,1|8,03499984741211|7,964000225067139|0,005003122254607861|0,05060147697321615|0,1398780097767518|0,121423571554923|0,07070730622005006|2,1131188495076656|649,0|471,0|740,0|508,0|572,35
N|522|446|680|iShares US Large CapMax Bffr Sep UCITS ETF USD Acc|Region: US|Broad Market / Other|Broad Market / Other|Acc|IE000ON9GR24|MAXS.DE|EUR|0,5|4,801499843597412|4,7779998779296875|0,04459913570734919|0,03861122497120717|0,10786795593866327|0,10506330850377932|0,06914300287848385|1,990379140982293|218,0|564,0|850,0|512,0|573,2
N|523|515|571|StSt SPDR MSCI World EUR Hdg UCITS ETF Acc|Global / Broad|Broad Market / Other|Broad Market / Other|Acc|IE000BZ1HVL2|SPFH.DE|EUR|0,17|16,52549934387207|16,309999465942383|0,0074988075073891824|0,04330937833405191|0,1505203993753228|0,130567131868623|0,06909695565255292|2,279824922890972|621,0|533,0|657,0|514,0|573,4000000000001
N|524|436|710|Future of Defence UCITS - Acc ETF|Other|Broad Market / Other|Broad Market / Other|Acc|IE000OJ5TQP4|ASWC.DE|EUR|0,49|18,790000915527344|18,600000381469727|0,04925172676390854|0,03881034924368798|0,10114872379547202|0,1842935023138894|0,06696441275887866|1,3990040197587128|170,0|563,0|874,0|529,0|575,0
N|525|269|936|Global X Robotics & AI UCITS ETF USD Acc|Technology|Information Technology|Technology Hardware & Software|Acc|IE00BLCHJB90|XB0T.DE|EUR|0,5|21,850000381469727|21,510000228881836|0,05862408079469894|0,06326039867022071|0,035054464695529086|0,06222657781407648|0,036954020828491085|2,4902549578304582|114,0|352,0|1068,0|758,0|576,5
N|526|523|572|HSBC MSCI World UCITS ETF EUR Hedged Acc|Global / Broad|Broad Market / Other|Broad Market / Other|Acc|IE000QMIHY81|H41H.DE|EUR|0,16|43,4640007019043|42,95600128173828|0,006693722523466228|0,0417775221703387|0,15118127197459486|0,12940441201980502|0,06790172366608749|2,138415806805876|631,0|543,0|650,0|523,0|578,95
N|527|522|577|Xtrackers MSCI World UCITS 2C - EUR Hedged ETF|Global / Broad|Broad Market / Other|Broad Market / Other|Acc|IE000ONQ3X90|XWEU.DE|EUR|0,14|14,319000244140625|14,15999984741211|0,006537355060071581|0,041912261685511654|0,15081375225561122|0,12734718835951941|0,06737553569124399|2,148424445762649|635,0|540,0|654,0|525,0|579,75
N|528|530|569|UBS Core MSCI World UCITS hEUR acc ETF|Global / Broad|Broad Market / Other|Broad Market / Other|Acc|IE000TB15RC6|BCFI.DE|EUR|0,09|5,488399982452393|5,428800106048584|0,006122833952973972|0,04136307172009346|0,1518153486330185|0,1290216706270675|0,06727597500252824|2,0877404690285157|639,0|546,0|643,0|526,0|580,2
N|529|517|591|iShares MSCI World EUR Hedged UCITS ETF (Acc)|Global / Broad|Broad Market / Other|Broad Market / Other|Acc|IE00B441G979|IBCH.DE|EUR|0,55|121,17500305175781|119,61000061035156|0,007357237754549217|0,04218634686770595|0,14852382547057208|0,12768136417022524|0,06753605309605115|2,2798695819639754|624,0|538,0|668,0|524,0|580,6
N|530|480|646|L&G China CNY Bond UCITS EUR Dist ETF|Bonds / Fixed Income|Fixed Income|Bonds|Distr|IE000F472DU7|DRGE.DE|EUR|0,3|10,7524995803833|10,732000350952148|0,035736582143035545|0,037134825900119184|0,1378349150257856|0,10991020062291845|0,06222663980167553|1,5741847642572995|320,0|580,0|754,0|563,0|581,1
N|531|519|588|iShares Core MSCI World UCITS EUR Hedged (Dist) ETF|Global / Broad|Broad Market / Other|Broad Market / Other|Distr|IE00BKBF6H24|IWLE.DE|EUR|0,3|10,982000350952148|10,85099983215332|0,006691717991460067|0,04197926675653063|0,14900849982728137|0,12774558061926267|0,06711683827795478|2,1995473658725415|632,0|539,0|663,0|528,0|581,75
N|532|548|562|JPM All Cntr Rsch Enh Idx Eqt Actv UCITS ETF EURHA|Other|Broad Market / Other|Broad Market / Other|Unknown|IE0001JABD69|JRWE.DE|EUR|0,28|30,579999923706055|30,204999923706055|0,0052596925381600546|0,03854645069265672|0,16207483576253612|0,13385245466298668|0,06368177074390835|2,131289965101748|647,0|565,0|596,0|557,0|583,45
N|533|531|579|Amundi MSCI World ESG Broad Transition UCITS EUR Hedged Acc ETF|ESG / Sustainable|Broad Market / Other|Broad Market / Other|Acc|IE0000CRTTJ9|LWCH.DE|EUR|0,25|11,779999732971191|11,628000259399414|0,005462626482322097|0,04137194545171896|0,15016599911634754|0,12770434818333087|0,06853885081127475|2,1299489688944466|645,0|545,0|659,0|520,0|583,5
S|534|538|567|Xtrackers MSCI World Materials UCITS 1C ETF|Global / Broad|Materials|Materials|Acc|IE00BM67HS53|XDWM.DE|EUR|0,25|69,18000030517578|68,55999755859375|-0,03285332747414027|0,07023516334151436|0,21903084238195203|0,16779200447460618|0,030745055031875523|0,17972299717517962|1426,0|266,0|382,0|840,0|583,8
S|535|681|385|iShares STOXX Global Select Dividend 100 UCITS (DE) ETF|Factor / Smart Beta|Broad Market / Other|Broad Market / Other|Unknown|DE000A0F5UH1|ISPA.DE|EUR|0,46|39,470001220703125|39,255001068115234|-0,02747315236964276|0,04560447061874218|0,2632280120784576|0,19183488791700531|0,0652931710214466|-1,1414222985354856|1367,0|514,0|265,0|542,0|585,3
N|536|529|589|Xtrackers MSCI World Swap UCITS 4C EUR Hedged ETF|Global / Broad|Broad Market / Other|Broad Market / Other|Acc|LU0659579733|XWEH.DE|EUR|0,39|53,81399917602539|53,2140007019043|0,005718766524170471|0,041615005617493095|0,14903701577519146|0,12791601157481725|0,06687357348986245|2,129409040401965|642,0|544,0|662,0|530,0|585,4000000000001
N|537|606|484|Invesco Global Buyback Achievers UCITS ETF Dist|Global / Broad|Broad Market / Other|Broad Market / Other|Distr|IE00BLSNMW37|BBCK.DE|EUR|0,39|66,81999969482422|66,0199966430664|-0,016034905010775757|0,04979917936109457|0,19447245785957623|0,1481359080194089|0,07211030996012968|0,8226129606169995|1123,0|480,0|504,0|503,0|587,05
S|538|696|371|Amundi Stoxx Europe Select Dividend 30 UCITS ETF D|Factor / Smart Beta|Broad Market / Other|Broad Market / Other|Distr|LU1812092168|SELD.DE|EUR|0,3|24,389999389648438|24,155000686645508|-0,04108512279283538|0,049257840786242735|0,29290697971864277|0,17259616751289975|0,06501083007989839|-1,3668450334172297|1506,0|487,0|232,0|547,0|588,1
N|539|410|793|Amundi US Inflation Expectations 10Y UCITS ETF A|Region: US|Broad Market / Other|Broad Market / Other|Acc|LU1390062831|UINF.DE|EUR|0,25|126,32499694824219|121,70500183105469|0,038216509388591335|0,049080230766769484|0,08270832349756674|0,0831261246946493|0,056614482522915566|4,173236095641233|274,0|490,0|930,0|601,0|589,8
N|540|670|420|Vanguard FTSE All-Wld Hgh Div Yld UCITS ETF USD A|Other|Broad Market / Other|Broad Market / Other|Acc|IE00BK5BR626|VGWE.DE|EUR|0,29|93,55999755859375|92,69999694824219|-0,009003347850274124|0,026214757460229166|0,23186308516052057|0,18071681071273327|0,06560058294803728|0,9300409610023325|950,0|648,0|321,0|540,0|589,95
N|541|513|621|Xtrackers MSCI Global SDG 3 Good Health UCITS ETF|Healthcare / Biotech|Health Care|Pharmaceuticals & Biotech|Unknown|IE00036F4K40|XDG3.DE|EUR|0,35|34,685001373291016|34,26499938964844|-0,001008060085874618|0,051219957451585696|0,12522304995341305|0,08713369775319069|0,08260294177094663|0,6467606303176392|784,0|467,0|798,0|449,0|593,7
N|542|591|535|Fidelity Global Quality Income UCITS - EUR hedged Inc ETF|Factor / Smart Beta|Broad Market / Other|Broad Market / Other|Distr|IE00BYV1YH46|FGEU.DE|EUR|0,45|9,987000465393066|9,887999534606934|-0,004882401868046116|0,040373898143166054|0,18131934327936627|0,14565139194054244|0,06420255862463642|2,0007151025538445|861,0|553,0|544,0|554,0|597,1500000000001
N|543|502|644|iShares MSCI USA ESG Enhanced CTB UCITS EUR Hedged (Acc) ETF|ESG / Sustainable|Broad Market / Other|Broad Market / Other|Acc|IE000U7L59A3|CBUC.DE|EUR|0,1|7,813000202178955|7,703999996185303|0,011522556360806346|0,04368155737078383|0,1253061187487321|0,11710040735692795|0,07067513500577638|2,340552190650191|559,0|532,0|797,0|509,0|597,7
S|544|718|378|iShares STOXX Europe Select Dividend 30 UCITS (DE) ETF|Factor / Smart Beta|Broad Market / Other|Broad Market / Other|Unknown|DE0002635299|EXSH.DE|EUR|0,31|26,235000610351562|26,020000457763672|-0,04269294095891363|0,04664956682740762|0,2929953729389405|0,1721903433754186|0,06347424625825293|-1,46964369253634|1509,0|508,0|231,0|558,0|598,9000000000001
N|545|498|667|UBS J.P. Morgan CNY China Gov 1-10 UCITS USD acc ETF|Region: Emerging Markets / Asia|Broad Market / Other|Broad Market / Other|Acc|LU2095995895|JC11.DE|EUR|0,33|12,501999855041504|12,475500106811523|0,03596287877201387|0,033052355867874805|0,13355694397066253|0,10651854560383867|0,05896450160071476|1,6087590795651272|317,0|606,0|772,0|586,0|600,15
N|546|510|638|JPM US Research Enhanced Index Equity Active UCITS EUR Hedged (acc) ETF|Region: US|Broad Market / Other|Broad Market / Other|Acc|IE000CN8T855|JUHE.DE|EUR|0,2|60,720001220703125|60,040000915527344|0,008470389370293097|0,0440165299175963|0,13644021848940846|0,11720336569310352|0,06548748904342205|2,271267951947956|602,0|530,0|761,0|541,0|600,75
N|547|511|636|L&G China CNY Bond UCITS ETF USD Dist|Bonds / Fixed Income|Fixed Income|Bonds|Distr|IE00BLRPQL76|DRGN.DE|EUR|0,3|9,389200210571289|9,376999855041504|0,03553543704040596|0,02752302961433495|0,13928754099347107|0,11126298739777973|0,06292747116809694|1,6609396792540747|324,0|637,0|744,0|561,0|601,6
N|548|637|482|StSt SPDR FTSE Gl Conv Bond UCITS ETF Dist|Bonds / Fixed Income|Fixed Income|Bonds|Distr|IE00BNH72088|ZPRC.DE|EUR|0,5|61,04399871826172|60,65999984741211|0,024400042992963167|0,013419723294162855|0,20736537091116092|0,17682724501700564|0,05968506916048777|2,0479666877775617|467,0|768,0|442,0|577,0|603,1500000000001
N|549|570|585|UBS MSCI World Small Cap Socially Responsible UCITS USD acc ETF|ESG / Sustainable|Broad Market / Other|Broad Market / Other|Acc|IE00BKSCBX74|UIMS.DE|EUR|0,23|11,53600025177002|11,432000160217285|0,0012150614984174357|0,04021641957128863|0,15510160350392943|0,14421746726154816|0,06113241628853605|2,4917085835417274|746,0|554,0|628,0|569,0|604,3
N|550|541|610|iShares MSCI World SRI UCITS ETF EUR Hedged (Dist)|ESG / Sustainable|Broad Market / Other|Broad Market / Other|Distr|IE00BMZ17W23|UEEA.DE|EUR|0,23|8,630999565124512|8,541000366210938|0,005209055286026443|0,03976714018566607|0,14253210312868725|0,13444065779129089|0,06872821912113158|2,6407370855204424|648,0|559,0|727,0|517,0|605,95
N|551|497|694|iShares Edge MSCI Wld Min Vol Adv UCITS ETF USD A|Other|Broad Market / Other|Broad Market / Other|Acc|IE00BKVL7778|MVEW.DE|EUR|0,3|7,565999984741211|7,489999771118164|0,009877186429133156|0,0471972435445982|0,1095468900027754|0,10597864290933545|0,06615711757923548|2,492847732355686|580,0|505,0|849,0|534,0|608,05
N|552|625|512|Amundi S&P World Industrials Screened UCITS Acc ETF|Global / Broad|Industrials|Industrials|Acc|IE000LTA2082|WELH.DE|EUR|0,18|18,746000289916992|18,59600067138672|0,01769816570427718|0,016925261712050776|0,20058920873617936|0,18435684916563444|0,05742151301221243|2,4182037257823916|514,0|730,0|482,0|595,0|608,6
N|553|330|922|Future of Defence Screened UCITS ETF USD Acc|Other|Broad Market / Other|Broad Market / Other|Acc|IE00041H4WT9|ASWG.DE|EUR|0,49|7,6539998054504395|7,61299991607666|0,07213893695035822|0,051662535562958745|-0,00815095017694556|0,20383769176609157|0,09644454956374915|1,2677384270146737|90,0|460,0|1320,0|407,0|608,9
N|554|611|540|Amundi MSCI World ex USA UCITS Dist ETF|Region: US|Broad Market / Other|Broad Market / Other|Distr|IE0009BI8Z04|WEXF.DE|EUR|0,15|12,017999649047852|11,899999618530273|-0,004308206055602892|0,034785544813741076|0,18574689585348514|0,14715346901932103|0,059070274077313245|1,6204335715708533|853,0|591,0|529,0|584,0|613,4000000000001
N|555|603|555|L&G Global Equity UCITS ETF USD Acc|Global / Broad|Broad Market / Other|Broad Market / Other|Acc|IE00BFXR5S54|LGGL.L|EUR|0,1|28,079999923706055|27,764999389648438|-0,0006228285007950918|0,033112568374728424|0,15853536080859776|0,1338582925805869|0,0685465146603188|1,6832701786091064|777,0|605,0|611,0|519,0|615,1
N|556|521|650|UBS Fc MSCI Wld Slcn Min Vlty UCITS ETF USD acc|Other|Broad Market / Other|Broad Market / Other|Acc|IE000EJ2EHO7|CSY9.DE|EUR|0,25|138,52000427246094|137,22000122070312|0,01198129260042391|0,0380695573899239|0,11998709517034278|0,12216462680493523|0,07284539784858213|2,5568227329940303|555,0|569,0|817,0|500,0|615,1
S|557|796|314|Xtrackers Spain UCITS 1C ETF|Other|Broad Market / Other|Broad Market / Other|Acc|LU0592216393|XESP.DE|EUR|0,3|63,619998931884766|62,2400016784668|-0,030626213707917294|0,027620725063596252|0,31256441777663047|0,1510765045225937|0,06815667605464104|-0,6486691651569475|1408,0|635,0|185,0|522,0|615,85
N|558|574|603|Invesco S&P World Health Care ESG UCITS ETF Acc|Healthcare / Biotech|Health Care|Pharmaceuticals & Biotech|Acc|IE000L4EH2K5|WH2E.DE|EUR|0,18|6,043000221252441|5,985000133514404|0,004655088177617062|0,033521480261698544|0,14407424215437237|0,08084423800169493|0,07172662323190138|0,5545148701638078|653,0|598,0|711,0|505,0|615,9000000000001
N|559|573|605|WisdomTree Global Quality Div Growth UCITS ETF USD|Factor / Smart Beta|Broad Market / Other|Broad Market / Other|Unknown|IE00BZ56RN96|WTEQ.DE|EUR|0,38|36,56999969482422|36,125|0,01247602967193151|0,028817849687687858|0,14619631191068505|0,11745679832613543|0,06507250138687803|2,595926765469314|551,0|631,0|689,0|546,0|616,5
N|560|645|504|iShares MSCI World Small Cap UCITS ETF USD (Acc)|Global / Broad|Broad Market / Other|Broad Market / Other|Acc|IE00BF4RFH31|IUSN.DE|EUR|0,35|9,164999961853027|9,076000213623047|0,0014204036276301846|0,022993675241042455|0,19725665717290441|0,18227555898270298|0,06123492690834498|2,3681620938983383|740,0|674,0|496,0|568,0|618,2
N|561|621|547|Xtrackers MSCI World ex USA UCITS ETF|Region: US|Broad Market / Other|Broad Market / Other|Unknown|IE000Z0FC0G5|EXU1.DE|EUR|0,15|11,244000434875488|11,152000427246094|-0,005483753964505067|0,03515211355972214|0,1837116062919839|0,14535730689332782|0,058537801034515|1,4852713329356662|883,0|588,0|536,0|588,0|619,25
N|562|385|895|Jupiter Origin Global Smaller Companies Active UCITS Accumulating ETF|Global / Broad|Broad Market / Other|Broad Market / Other|Acc|IE000AN3AFZ1|JOGS.DE|EUR|0,45|10,157999992370605|9,994999885559082|0,03811958618038669|0,052969800248388266|0,015799999237060547|0,1524846656335015|0,06585690147300771|2,795960068383951|277,0|451,0|1165,0|537,0|620,5999999999999
N|563|630|549|Xtrackers MSCI World ex USA UCITS ETF|Region: US|Broad Market / Other|Broad Market / Other|Unknown|IE0006WW1TQ4|EXUS.DE|EUR|0,15|40,36000061035156|39,97999954223633|-0,005176216072277806|0,033414423120688985|0,1830572658545866|0,14463989028904178|0,058208707233287305|1,4970588266450982|872,0|600,0|538,0|591,0|623,5
S|564|752|386|VanEck Oil Services UCITS ETF|Commodity / Energy|Energy|Energy|Unknown|IE000NXF88S1|V0IH.DE|EUR|0,35|28,174999237060547|27,84000015258789|-0,04814192993393551|0,04120472258403041|0,5628466512002288|0,40453639018763243|0,030545072571268816|-0,30837360148792453|1532,0|548,0|26,0|843,0|624,1
N|565|608|566|Invesco STOXX Europe 600 Optimised Chemicals UCITS Acc ETF|Region: Europe|Broad Market / Other|Broad Market / Other|Acc|IE00B5MTY077|SC00.DE|EUR|0,2|639,5999755859375|632,2999877929688|-0,006215040633521407|0,038311648678470034|0,15118791161107104|0,1796384381889602|0,07145545496969441|1,060191495987661|900,0|567,0|648,0|507,0|625,2
N|566|646|531|Xtrackers S&P 500 Equal Weight UCITS 1C ETF|Region: US|Broad Market / Other|Broad Market / Other|Acc|IE00BLNMYC90|XDEW.DE|EUR|0,15|105,45999908447266|104,04000091552734|0,004572258641553528|0,01972540080879548|0,169698256443098|0,16388917750900656|0,06903896341829552|3,157004753980804|655,0|706,0|574,0|515,0|627,1500000000001
N|567|647|530|Invesco S&P 500 Equal Weight UCITS ETF Acc|Region: US|Broad Market / Other|Broad Market / Other|Acc|IE00BNGJJT35|SP2Q.DE|EUR|0,2|64,7699966430664|63,869998931884766|0,0046532560366532305|0,01967878111294863|0,1695557131427614|0,16409053475145363|0,06910909246229235|3,2005789740688555|654,0|707,0|575,0|513,0|627,25
N|568|658|515|StSt SPDR MSCI World Small Cap UCITS ETF Acc|Global / Broad|Broad Market / Other|Broad Market / Other|Acc|IE00BCBJG560|ZPRS.DE|EUR|0,45|129,52000427246094|128,32000732421875|0,00015447314641647836|0,021934720337297042|0,19505450779457623|0,1800291704778305|0,06063698983246146|2,299004955562244|769,0|687,0|503,0|572,0|630,3
N|569|509|723|WisdomTree Megatrends UCITS - USD Acc ETF|Other|Broad Market / Other|Broad Market / Other|Acc|IE0000902GT6|WMGT.DE|EUR|0,5|37,27000045776367|36,29499816894531|0,056405945218869435|0,01872355857408614|0,13645380511275307|0,1596142241921601|0,043466834171484336|2,2277190881559648|119,0|711,0|760,0|696,0|631,45
N|570|528|691|Amundi MSCI USA Minimum Vol Factor - UCITS ETF (C)|Factor / Smart Beta|Broad Market / Other|Broad Market / Other|Acc|LU1589349734|MIVU.PA|EUR|0,18|102,36499786376953|100,95600128173828|0,01860784184366926|0,03425106786472765|0,10304730188336753|0,11768045808856042|0,06994533460543684|3,1030268208426257|508,0|594,0|865,0|511,0|632,25
N|571|655|526|StSt SPDR MSCI World Small Cap UCITS ETF Dist|Global / Broad|Broad Market / Other|Broad Market / Other|Distr|IE000SU1VJ03|WDSD.DE|EUR|0,45|12,170000076293945|12,076000213623047|0,0003287612989160138|0,022149863067704834|0,1913294848952618|0,17898175434323949|0,05977856791107472|2,2237553198615316|767,0|682,0|517,0|576,0|632,3
N|572|458|824|L&G Ecommerce Logistics UCITS ETF USD Acc|Other|Industrials|Industrials|Acc|IE00BF0M6N54|ETLH.DE|EUR|0,49|17,25200080871582|17,06599998474121|0,00372359113315901|0,05762631916564964|0,04570260967341877|0,07489106721449357|0,06455980997724309|1,495769895695899|668,0|415,0|1036,0|550,0|635,2
N|573|610|596|WisdomTree Gl Ex-USA Qual Div Gr UCITS ETF EUR Acc|Region: US|Broad Market / Other|Broad Market / Other|Acc|IE000X7DRW38|DGXU.DE|EUR|0,3|29,5049991607666|28,90999984741211|-0,0021981919083007284|0,0332690893166836|0,16528434108938228|0,11360627387020283|0,0502232823224289|2,147332228896468|813,0|603,0|586,0|638,0|637,25
S|574|438|866|Global X Silver Miners UCITS ETF USD Acc|Global / Broad|Materials|Materials|Acc|IE000UL6CLP7|SLVR.DE|EUR|0,65|35,95000076293945|36,084999084472656|-0,12295683603679863|0,183539119767554|0,2232052231889987|0,08136567658182003|-0,04401834637459967|-1,3215851582430933|1601,0|28,0|347,0|1500,0|638,0999999999999
S|575|686|482|UBS MSCI Canada UCITS ETF CAD dis|Other|Broad Market / Other|Broad Market / Other|Distr|LU0446734872|UIM9.DE|EUR|0,33|57,56999969482422|57,02000045776367|-0,020918359833261402|0,039860457392719484|0,21046103959592766|0,1462464672610706|0,05500399100241138|0,32416167685849795|1265,0|557,0|418,0|607,0|638,45
N|576|571|653|State Street SPDR S&P Pan Asia Dividend Aristocrats UCITS ETF|Factor / Smart Beta|Broad Market / Other|Broad Market / Other|Unknown|IE00B9KNR336|ZPRA.DE|EUR|0,55|50,279998779296875|49,88999938964844|-0,0069129425525289445|0,04864154592323744|0,1416516452763974|0,11739790728868016|0,05418167660129547|1,010454236862079|907,0|494,0|731,0|613,0|639,0
N|577|669|507|Amundi MSCI World Small Cap ESG Broad Transition UCITS ACC ETF|ESG / Sustainable|Broad Market / Other|Broad Market / Other|Acc|IE000UZZ5D45|WMFS.DE|EUR|0,25|11,829999923706055|11,718000411987305|-0,006717038180603985|0,024242400722711777|0,19712608381293695|0,17875643951081344|0,0611221535287545|2,035381664736403|905,0|663,0|497,0|570,0|639,2
S|578|425|889|iShares Gold Producers UCITS ETF USD (Acc)|Commodity / Energy|Materials|Materials|Acc|IE00B6R52036|IS0E.DE|EUR|0,55|35,79999923706055|35,80500030517578|-0,10208176081914477|0,22330428784234524|0,1576394541720083|0,10103029091422755|-0,008680299275569126|-1,393147331921192|1597,0|13,0|616,0|1213,0|641,35
S|579|598|618|WisdomTree Strategic Metals UCITS - USD Acc ETC ETF|Commodity / Energy|Materials|Materials|Acc|IE0007UE04X9|WENU.DE|EUR|0,5|12,652000427246094|12,545999526977539|-0,007686241000306349|0,041831387648739726|0,26242267335399605|0,08619511367989663|0,0004950599810562561|-0,3906860200048465|918,0|542,0|266,0|1108,0|642,6
N|580|526|726|JPMorgan US Eqt Premium Inc Active UCITS ETF USD D|Region: US|Broad Market / Other|Broad Market / Other|Distr|IE000U5MJOZ6|JEIP.DE|EUR|0,35|21,764999389648438|21,610000610351562|0,025800973830277796|0,031656799089917254|0,11807453870756901|0,09110442892974868|0,050941375265723954|2,1162086740830555|450,0|613,0|821,0|633,0|644,5500000000001
N|581|244|1107|VanEck Video Gaming and eSports UCITS ETF USD A|Other|Broad Market / Other|Broad Market / Other|Acc|IE00BYWQWR46|ESP0.DE|EUR|0,55|57,459999084472656|57,439998626708984|0,0336391244243901|0,07562712568335361|-0,1491189082904507|-0,026431741124898767|0,06823920208996004|1,559910174923909|371,0|231,0|1573,0|521,0|645,5
S|582|856|354|StSt SPDR MSCI Europe Financials UCITS ETF|Financials|Financials|Banks & Financial Services|Unknown|IE00BKWQ0G16|SPYZ.DE|EUR|0,18|156,9600067138672|153,72000122070312|-0,04595184392333029|0,026956362697551084|0,2584990793586708|0,1411953931634542|0,07850646351371404|-0,958429696368875|1524,0|639,0|269,0|472,0|645,85
N|583|533|736|JPMorgan US Eqt Premium Inc Active UCITS ETF USD A|Region: US|Broad Market / Other|Broad Market / Other|Acc|IE0000EAPBT6|JEIA.DE|EUR|0,35|24,90999984741211|24,71500015258789|0,024681217385887244|0,03125643300784575|0,11704039011866785|0,09110818793942443|0,05054397959601231|2,1080808338564485|465,0|614,0|826,0|636,0|649,05
N|584|671|537|Xtrackers MSCI World Small Cap UCITS 1C ETF Acc|Global / Broad|Broad Market / Other|Broad Market / Other|Acc|IE000F354Q61|XSWC.DE|EUR|0,25|28,594999313354492|28,375|-0,0005243375280336027|0,018340434154120455|0,19245203749857032|0,16809639902232787|0,05588196312978533|2,1450242747404213|774,0|717,0|506,0|606,0|650,5999999999999
S|585|644|587|BNPPE MSCI Wld Equal Wght Select UCITS ETF EUR C|Other|Broad Market / Other|Broad Market / Other|Acc|IE0008D0AIU9|ESAE.DE|EUR|0,2|13,255999565124512|13,14799976348877|-0,005849712824867237|0,031113847245794357|0,15853863960305414|0,1366832364380468|0,057677543768009265|1,4474366298101313|894,0|615,0|610,0|593,0|651,2
N|586|648|581|Amundi S&P 500 Buyback UCITS ETF - EUR (C)|Region: US|Broad Market / Other|Broad Market / Other|Acc|LU1681048127|B500.DE|EUR|0,15|353,70001220703125|348,20001220703125|-0,005203137813113101|0,0290951400780759|0,15174212040819013|0,1382140376734715|0,06524918365432453|2,154369191978326|874,0|629,0|644,0|543,0|652,3000000000001
S|587|769|435|L&G Eur X-UK Qual Div Eur Dist|Region: Europe|Broad Market / Other|Broad Market / Other|Distr|IE00BMYDM919|LGGE.DE|EUR|0,25|17,972000122070312|17,823999404907227|-0,030287536990050823|0,03110640707199175|0,24386215834975689|0,15394932789904758|0,0537294005663036|-1,2742166587065815|1403,0|616,0|291,0|615,0|652,6
N|588|675|534|JPM Global Equity Multi-Factor UCITS - USD (acc) ETF|Factor / Smart Beta|Broad Market / Other|Broad Market / Other|Acc|IE00BJRCLL96|JPGL.DE|EUR|0,19|45,775001525878906|45,35499954223633|-0,0022885688707906526|0,019601315494876204|0,1915918374318364|0,16772960803499792|0,058086131129821084|1,701502453106789|816,0|709,0|513,0|592,0|652,65
S|589|565|704|Fidelity Pj Research Enhance Etf Acc|Other|Broad Market / Other|Broad Market / Other|Acc|IE00BNGFMY78|FEPX.DE|EUR|0,2|6,678999900817871|6,5879998207092285|-0,017216024563147747|0,05931801469656772|0,12195528704507219|0,14386018896600983|0,05707976021190686|1,0006416349664728|1174,0|390,0|809,0|597,0|653,75
S|590|874|360|iShares MSCI Europe Financials Sector UCITS EUR (Acc) ETF|Financials|Financials|Banks & Financial Services|Acc|IE00BMW42306|ESIF.DE|EUR|0,18|16,736000061035156|16,38599967956543|-0,04551159562208351|0,02536451076602564|0,25740041573320394|0,14254507996039734|0,0772614572079875|-0,9108738529771158|1522,0|655,0|270,0|480,0|653,8
N|591|583|673|Rize Global Sustainable Infrastructure UCITS USD acc ETF|Global / Broad|Utilities|Utilities|Acc|IE000QUCVEN9|RIZD.DE|EUR|0,45|5,563000202178955|5,390999794006348|0,024493623949344512|0,02214720305710438|0,15534034809181718|0,11864851917679275|0,035085170966148604|3,4163066823434796|466,0|683,0|626,0|778,0|655,2
S|592|607|626|iShares STOXX Europe Small 200 UCITS (DE) ETF|Region: Europe|Broad Market / Other|Broad Market / Other|Unknown|DE000A0D8QZ7|EXSE.DE|EUR|0,2|39,369998931884766|39,005001068115234|-0,014419660174380122|0,047785328764365476|0,15061728312478517|0,11089524800618444|0,04818565724502211|0,30352284220395265|1074,0|501,0|655,0|652,0|655,65
N|593|673|550|Invesco S&P 500 Equal Weight UCITS ETF Dist|Region: US|Broad Market / Other|Broad Market / Other|Distr|IE00BM8QRY62|SP2D.DE|EUR|0,2|59,77000045776367|59,130001068115234|0,0016535740078571504|0,016426194126746285|0,1660702360912476|0,16039249251275334|0,06584072687557696|2,943761367989921|731,0|735,0|581,0|538,0|656,5
N|594|682|529|iShares MSCI World SC ESG Enh CTB UCITS ETF USD A|ESG / Sustainable|Broad Market / Other|Broad Market / Other|Acc|IE000T9EOCL3|CBUG.DE|EUR|0,35|6,13100004196167|6,0879998207092285|-0,0021158872609198243|0,017424496958956315|0,19210575381944883|0,17474615889796974|0,05742904338206367|2,090021021273803|811,0|723,0|508,0|594,0|656,65
N|595|468|865|Amundi US Curve steepening 2-10Y UCITS ETF Acc|Region: US|Broad Market / Other|Broad Market / Other|Acc|LU2018762653|UCT2.DE|EUR|0,3|89,22000122070312|88,91200256347656|0,04345999618101959|0,03453079204179854|0,05401188987851535|0,048931348364413374|0,046723020363647505|1,9486710798513192|225,0|592,0|1011,0|667,0|656,7
N|596|649|598|UBS Factor MSCI USA Prime Value Screened UCITS USD dis ETF|Factor / Smart Beta|Broad Market / Other|Broad Market / Other|Distr|IE00BX7RR706|UBUS.DE|EUR|0,25|37,125|36,73500061035156|0,010478995752437603|0,015067110376924875|0,15366590558501803|0,12788282650767369|0,05964151451907007|2,878979157405336|571,0|744,0|635,0|580,0|658,0
N|597|734|473|iShares MSCI USA Small Cap CTB Enhanced ESG UCITS ETF|ESG / Sustainable|Broad Market / Other|Broad Market / Other|Unknown|IE00B3VWM098|SXRG.DE|EUR|0,43|604,2999877929688|598,7000122070312|0,0038205777291839826|0,007670461051032085|0,20859997558593757|0,19663363919399757|0,06460848466446456|2,499694205537724|666,0|851,0|435,0|549,0|658,85
S|598|584|688|VanEck Morningstar US Wide Moat UCITS ETF USD A|Region: US|Broad Market / Other|Broad Market / Other|Acc|IE0007I99HX7|WMOT.DE|EUR|0,46|23,239999771118164|22,8700008392334|-0,005349882354996449|0,044025136215623206|0,12406290828102073|0,08496730571156519|0,05929595028222456|2,418411470748822|879,0|529,0|804,0|582,0|660,85
S|599|701|505|iShares MSCI Canada UCITS ETF USD (Acc)|Other|Broad Market / Other|Broad Market / Other|Acc|IE00B52SF786|SXR2.DE|EUR|0,48|271,45001220703125|269,1499938964844|-0,022506300775170573|0,03745468579840305|0,20564077088908972|0,1434288929484724|0,05302874317563755|0,1797346673517382|1296,0|576,0|455,0|620,0|662,55
S|600|694|523|Franklin Global Quality Dividend UCITS ETF|Factor / Smart Beta|Broad Market / Other|Broad Market / Other|Unknown|IE00BF2B0M76|FLXX.DE|EUR|0,3|38,68000030517578|38,44499969482422|-0,009247368499734843|0,02204768775712518|0,18905338159251794|0,17408509819387552|0,061584503399254364|1,1367710633415125|964,0|686,0|521,0|567,0|662,65
N|601|653|599|iShares STOXX Europe 600 Chemicals UCITS (DE) ETF|Region: Europe|Broad Market / Other|Broad Market / Other|Unknown|DE000A0H08E0|EXV7.DE|EUR|0,46|126,80000305175781|125,68000030517578|-0,007514081625084934|0,029857567991644185|0,14633883904769318|0,17457958778443383|0,067214704145097|0,9419247606962743|913,0|625,0|686,0|527,0|663,8499999999999
N|602|683|551|Xtrackers S&P 500 Equal Weight Swap UCITS 1D ETF|Region: US|Broad Market / Other|Broad Market / Other|Distr|IE000FL46JJ1|XEQL.DE|EUR|0,08|34,08000183105469|33,779998779296875|0,0001467664857890405|0,015855840489855888|0,1677046089788452|0,16161964469048495|0,06519431284186661|2,762952269403767|770,0|739,0|577,0|544,0|664,1500000000001
S|603|663|594|Invesco MSCI World Equal Weight UCITS Acc ETF|Global / Broad|Broad Market / Other|Broad Market / Other|Acc|IE000OEF25S1|MWEQ.DE|EUR|0,2|5,986000061035156|5,939000129699707|-0,0049866579119699495|0,024999983669960812|0,16075237265086972|0,13715807949121905|0,05496722056213699|1,6055790093162683|864,0|660,0|603,0|608,0|665,95
S|604|823|433|StSt SPDR MSCI USA Sm Cp Value Weighted UCITS ETF|Factor / Smart Beta|Broad Market / Other|Broad Market / Other|Unknown|IE00BSPLC413|ZPRV.DE|EUR|0,3|80,54000091552734|79,73999786376953|-0,01636536862285609|0,014229910607058027|0,2264352544723216|0,20478687739545598|0,06330943606120054|1,220441493706612|1136,0|755,0|333,0|559,0|667,45
N|605|928|329|Global X DataCntrREITS&Dig Infra UCITS ETF USD Acc|Global / Broad|Broad Market / Other|Broad Market / Other|Acc|IE00BMH5Y327|V9N.DE|EUR|0,5|22,389999389648438|21,985000610351562|0,02004549482530682|-0,005551854469845963|0,35960643851760055|0,3256364830522638|0,053622979838651386|0,9383382551092738|500,0|1095,0|128,0|616,0|668,2
N|606|534|802|iShares $ Floating Rate Bd UCITS ETF USD Dist|Other|Broad Market / Other|Broad Market / Other|Distr|IE00BZ048462|QDVY.DE|EUR|0,1|4,52839994430542|4,524099826812744|0,03631828064939424|0,022997326475967084|0,08663583681690956|0,07736096709859086|0,04920121455027737|1,595736717890133|312,0|672,0|914,0|644,0|672,9000000000001
S|607|428|955|VanEck Gold Miners UCITS ETF USD A|Commodity / Energy|Materials|Materials|Acc|IE00BQQP9F84|G2X.DE|EUR|0,53|87,33999633789062|87,2699966430664|-0,10273269340680458|0,21966199683658738|0,1480020272849123|0,08672381924990069|-0,015647791613633832|-1,4160502630779208|1598,0|14,0|671,0|1305,0|674,05
S|608|896|390|Amundi IBEX 35 UCITS ETF - Acc|Other|Broad Market / Other|Broad Market / Other|Acc|FR0010655746|AMES.DE|EUR|0,3|502,70001220703125|493,3500061035156|-0,03009835221560686|0,01771434311926412|0,28947032021733743|0,13514735300585223|0,0590950833968773|-0,6053735833425162|1397,0|720,0|240,0|583,0|674,15
N|609|623|658|BNPPE ECPI Global ESG Blue Economy UCITS ETF C|ESG / Sustainable|Broad Market / Other|Broad Market / Other|Acc|LU2194447293|BJLE.DE|EUR|0,3|18,694000244140625|18,511999130249023|0,013444709428668045|0,018302671649170765|0,1505416774127204|0,12034036443776874|0,04192213640600562|2,7768421564466244|543,0|718,0|656,0|713,0|675,25
N|610|483|883|VanEck Morningstar Gl Wide Moat UCITS ETF USD A|Other|Broad Market / Other|Broad Market / Other|Acc|IE00BL0BMZ89|VVGM.DE|EUR|0,52|32,79999923706055|32,34000015258789|0,014537500135691328|0,04775591494364528|0,058747570100604385|0,055001578516567395|0,04096991690944729|2,5448057949280036|536,0|502,0|997,0|733,0|677,05
S|611|791|465|VanEck Ms Developed Markets Div Lead UCITS ETF|Other|Broad Market / Other|Broad Market / Other|Unknown|NL0011683594|VDIV.DE|EUR|0,38|53,970001220703125|53,54999923706055|-0,031580806315983256|0,029154840247595182|0,23833588958330543|0,14939217833270146|0,04440822994699789|-1,328391691873806|1419,0|628,0|301,0|689,0|677,1
N|612|642|642|iShares Edge MSCI World Size Factor UCITS USD (Acc) ETF|Factor / Smart Beta|Broad Market / Other|Broad Market / Other|Acc|IE00BP3QZD73|IS3T.DE|EUR|0,3|52,720001220703125|52,06999969482422|-0,004531681796042464|0,029285434678859357|0,14621159789084026|0,12086746873039078|0,04979196334383684|1,9500196876759428|856,0|627,0|688,0|641,0|679,4000000000001
N|613|581|751|Amundi MSCI World Minimum Volatility Advanced UCITS ACC ETF|Global / Broad|Broad Market / Other|Broad Market / Other|Acc|IE0001DKJVC2|WMMV.DE|EUR|0,25|10,23799991607666|10,121999740600586|0,00392233399025077|0,03288944949648753|0,10263867359461165|0,10263867359461165|0,05648009189423053|2,545576897318783|664,0|608,0|866,0|602,0|679,7
N|614|685|575|StSt SPDR S&P 400 U.S. Mid Cap UCITS ETF Dist|Other|Broad Market / Other|Broad Market / Other|Distr|IE000UYVEVN3|US4D.DE|EUR|0,3|32,13999938964844|31,94499969482422|0,008751693563333829|0,010650487253674124|0,17199891609712625|0,1632818702900456|0,05220016438693409|2,6823778534467864|595,0|808,0|569,0|628,0|680,3000000000001
N|615|768|488|Xtrackers Future Mobility UCITS 1C ETF|Other|Broad Market / Other|Broad Market / Other|Acc|IE00BGV5VR99|XMOV.DE|EUR|0,35|121,08000183105469|119,87999725341797|0,03646637688203325|-0,0016490513708375953|0,21529664929204695|0,1689515320587034|0,0507343053467062|1,9896509683263919|309,0|1025,0|403,0|634,0|683,9000000000001
N|616|535|823|Global X 1-3 Month T-Bill UCITS ETF|Global / Broad|Broad Market / Other|Broad Market / Other|Unknown|IE000GSIFIB0|C71P.DE|EUR|0,07|15,10200023651123|15,072999954223633|0,0367624712241299|0,022512641778303255|0,08018026566047354|0,07361465522840516|0,047002286087396206|1,5958111517614912|303,0|677,0|942,0|664,0|684,55
N|617|552|808|Regan Total Return Income UCITS ETF USD Acc|Other|Broad Market / Other|Broad Market / Other|Acc|IE000TD32PU3|MBSR.DE|EUR|0,75|9,508000373840332|9,462400436401367|0,03278233575734979|0,023003640076239007|0,08906811609780907|0,075760374650373|0,046534962341772346|1,7944315288282227|382,0|671,0|901,0|669,0|684,75
N|618|551|810|First Trust Vest U.S. Equity Max Buffer UCITS - June - A USD Acc ETF|Other|Broad Market / Other|Broad Market / Other|Acc|IE000CO3P697|MJUN.DE|EUR|0,85|22,770000457763672|22,760000228881836|0,03148356379633821|0,024061157307233794|0,085578071210894|0,07735983965817717|0,04872883197103972|1,5385531729297501|398,0|665,0|918,0|648,0|684,8
N|619|525|836|Invesco US Treasury Bond 0-1 Year UCITS ETF Dist|Bonds / Fixed Income|Fixed Income|Bonds|Distr|IE00BKWD3C98|TRD1.DE|EUR|0,06|36,020999908447266|35,95899963378906|0,03517087788516937|0,025132366176357168|0,07826019733393874|0,07130062084840327|0,04617324748208085|1,6082324486537385|328,0|658,0|951,0|674,0|684,95
N|620|558|800|JPM US Equity Active UCITS ETF - EUR Hedged (acc)|Region: US|Broad Market / Other|Broad Market / Other|Acc|IE000BZFW5H7|JAUH.DE|EUR|0,39|33,60499954223633|33,21500015258789|0,0010425930214561507|0,04185392743501093|0,08315874151260583|0,07673824184619127|0,05155118371103384|2,144779480385238|750,0|541,0|925,0|629,0|685,95
N|621|545|819|iShares $ Corp Bd Int Rate Hgd UCITS ETF USD Dist|Other|Broad Market / Other|Broad Market / Other|Distr|IE00BCLWRB83|IS3F.DE|EUR|0,25|93,1520004272461|92,86399841308594|0,039440019757638556|0,019980717502387835|0,08066050331674002|0,07727078297530832|0,048593676638623684|1,6584726605049318|266,0|704,0|940,0|650,0|686,5
S|622|634|674|UBS MSCI Pacific ex Japan UCITS ETF USD dis|Region: Japan|Broad Market / Other|Broad Market / Other|Distr|LU0446734526|UIMD.DE|EUR|0,09|48,26499938964844|47,66999816894531|-0,02188675254508987|0,05201287454798975|0,13993446564744172|0,1536781321917502|0,05019867805936995|0,8681717062548987|1282,0|456,0|738,0|639,0|687,0
N|623|543|822|iShares $ Ultrashort Bond UCITS ETF USD Dist|Bonds / Fixed Income|Fixed Income|Bonds|Distr|IE00BCRY6227|IS3L.DE|EUR|0,09|88,53600311279297|88,41000366210938|0,035104987696043644|0,022302844524677123|0,08089858671603789|0,07394747587072859|0,04685357396261902|1,5955196915203087|331,0|679,0|938,0|666,0|688,95
B|624|727|552|Global X Agtech and Food Innvtn UCITS ETF USD Acc|Global / Broad|Consumer Staples|Consumer Staples|Acc|IE000EBFYWX3|KROP.DE|EUR|0,5|9,083999633789062|8,822999954223633|-0,04799834331316577|0,044858451655931386|0,1846634548356001|0,21200797498230384|0,05640309673095567|0,04094943529503193|1531,0|519,0|531,0|603,0|690,6
N|625|537|829|iShares iBond Dec 2026 Term $ Corp UCITS ETF USD D|Other|Broad Market / Other|Broad Market / Other|Distr|IE0007UPSEA3|CBU8.DE|EUR|0,12|4,47790002822876|4,468699932098389|0,035455055166973004|0,022439290048338778|0,07922655658234468|0,0720002620972553|0,04621927147690208|1,595411379510044|326,0|678,0|945,0|672,0|690,75
N|626|539|832|iShares $ Treasury Bond 0-1yr UCITS ETF USD D|Bonds / Fixed Income|Fixed Income|Bonds|Distr|IE00BGR7L912|IBCC.DE|EUR|0,07|4,388700008392334|4,382699966430664|0,035567055141492165|0,02223743843404069|0,07896967321082826|0,07166526417543695|0,04612247628245414|1,590799606979836|323,0|680,0|946,0|675,0|691,95
N|627|582|787|iShares Edge S&P 500 Minimum Volatility UCITS EUR Hedged (Acc) ETF|Region: US|Broad Market / Other|Broad Market / Other|Acc|IE00BYX8XD24|IS31.DE|EUR|0,25|11,21399974822998|11,093999862670898|0,000535293096582512|0,03794889403701984|0,08789291535973587|0,08243244400131933|0,053839386388925714|2,0072842045432484|763,0|571,0|906,0|614,0|692,1500000000001
N|628|592|765|Xtrackers MSCI World Minimum Volatility ESG UCITS ETF|ESG / Sustainable|Broad Market / Other|Broad Market / Other|Unknown|IE0008YN0OY8|XWEB.DE|EUR|0,25|41,06999969482422|40,689998626708984|0,00036534866732296223|0,03503022628422525|0,10358725047508166|0,09359604210052441|0,0515440892086767|2,089579074711114|766,0|589,0|863,0|630,0|692,25
S|629|544|834|Xtrackers Physical Silver (EUR) ETC|Other|Materials|Materials|Unknown|DE000A1E0HS6|XAD6.DE|EUR|0,4|506,3500061035156|498,9800109863281|-0,047766796232222575|0,07569256626107745|0,3020726181488871|-0,11554584086722164|-0,13532794913287172|-0,860746941378596|1529,0|230,0|213,0|1593,0|693,2
S|630|422|997|UBS Solactive Global Pure Gold Miners UCITS USD dis ETF|Commodity / Energy|Materials|Materials|Distr|IE00B7KMNP07|UBUD.DE|EUR|0,43|45,70000076293945|45,65999984741211|-0,09540775239806043|0,2285920067143994|0,1271116795392495|0,07035065028819099|-0,012090672820301518|-1,2829451627843516|1594,0|12,0|788,0|1263,0|693,5
N|631|546|835|JPM BetaBuilders US Treasury Bond 0-1yr UCITS - USD (acc) ETF|Bonds / Fixed Income|Fixed Income|Bonds|Acc|IE00BJK3WF00|BBLL.DE|EUR|0,07|107,91999816894531|107,79000091552734|0,035899384265827505|0,022066501675013006|0,07887633195974231|0,07169812750256654|0,046112183679517305|1,5864792987606757|319,0|685,0|948,0|676,0|694,0500000000001
N|632|597|758|Vanguard LifeStrategy 60% Equity UCITS ETF EUR Dis|Other|Broad Market / Other|Broad Market / Other|Distr|IE00BMVB5Q68|V60D.DE|EUR|0,25|33,05500030517578|32,78499984741211|0,011320144296738999|0,022741355733034485|0,11289469018371001|0,09826099834845836|0,04854476555279752|2,3099982665047887|563,0|675,0|839,0|651,0|694,4000000000001
S|633|641|681|HSBC MSCI Pacific ex Japan UCITS ETF USD Acc|Region: Japan|Broad Market / Other|Broad Market / Other|Acc|IE000SGVQIZ9|W450.DE|EUR|0,15|18,775999069213867|18,558000564575195|-0,021471787681120125|0,05081704931416353|0,13835331998243205|0,15204311464478115|0,049392254861674534|0,8226793214588055|1277,0|469,0|749,0|642,0|694,8
N|634|576|801|JPM Global Eq Prem Inc Active UCITS ETF USD (dist)|Global / Broad|Broad Market / Other|Broad Market / Other|Distr|IE0003UVYC20|JGPI.DE|EUR|0,35|22,985000610351562|22,75|0,004901693039989441|0,03326996629694512|0,08891383042081569|0,08019536947209027|0,047753406718587854|2,959786054660832|650,0|602,0|903,0|657,0|695,45
S|635|684|608|State Street SPDR FTSE UK All Share UCITS ETF|Region: Europe|Broad Market / Other|Broad Market / Other|Unknown|IE00B7452L46|SPYF.DE|EUR|0,2|108,27999877929688|107,36000061035156|-0,010056669425329678|0,024408721906756803|0,17351254707597885|0,11686438563895285|0,041862600834296826|0,2604907111687765|983,0|662,0|563,0|715,0|696,0
N|636|550|838|Vanguard US Treasury 0-1Y Bd UCITS ETF USD Acc|Bonds / Fixed Income|Fixed Income|Bonds|Acc|IE00BLRPPV00|VUCF.DE|EUR|0,05|53,06999969482422|52,99399948120117|0,03551218916730181|0,021913280937928326|0,07846125891134803|0,07155834608852962|0,04595459210144881|1,5884753244070489|325,0|688,0|949,0|677,0|696,5999999999999
S|637|787|499|Fidelity Europe Quality Income UCITS - Inc EUR ETF|Factor / Smart Beta|Broad Market / Other|Broad Market / Other|Distr|IE00BYSX4176|FEUI.DE|EUR|0,3|7,334000110626221|7,26200008392334|-0,01662645071531965|0,016945462200842476|0,20405160026663616|0,14775536611839168|0,05690814120428711|0,28973061270931527|1150,0|727,0|463,0|598,0|698,6500000000001
N|638|638|704|Fidelity US Quality Income UCITS - Acc-EUR Hedged ETF|Factor / Smart Beta|Broad Market / Other|Broad Market / Other|Acc|IE00BYV1Y969|FUSU.DE|EUR|0,3|12,265999794006348|12,170000076293945|-0,005674501133879795|0,03266539199642615|0,12697537594299546|0,10864060468329595|0,05278153348560499|1,9805413684961484|887,0|611,0|789,0|622,0|699,0999999999999
N|639|580|803|Rize Environmental Impact 100 UCITS ETF USD Acc|Other|Broad Market / Other|Broad Market / Other|Acc|IE00BLRPRR04|WRLD.DE|EUR|0,55|5,565000057220459|5,482999801635742|0,014770213016819245|0,025239514479975522|0,1383859699365817|0,1379204537543528|0,030212638954747018|2,216201368572749|533,0|657,0|748,0|852,0|700,15
N|640|579|811|Xtrackers MSCI World Minimum Volatility UCITS 1C ETF|Global / Broad|Broad Market / Other|Broad Market / Other|Acc|IE00BL25JN58|XDEB.DE|EUR|0,25|45,54499816894531|45,09000015258789|0,0066305502075971745|0,030663036531921373|0,08234306528317425|0,0944370138644508|0,051132010404914|2,666271489881348|633,0|618,0|931,0|632,0|701,3
N|641|561|831|Invesco BlltShs 2026 USD Crp Bd UCITS ETF Dist|Other|Broad Market / Other|Broad Market / Other|Distr|IE000O36LOH8|BS26.DE|EUR|0,1|4,732999801635742|4,732999801635742|0,034487754083856625|0,021278390865741015|0,07956879548021623|0,07313331852874061|0,04566157539972249|1,4864469141162302|352,0|695,0|943,0|678,0|702,1500000000001
S|642|743|559|State Street SPDR S&P UK Dividend Aristocrats UCITS ETF|Factor / Smart Beta|Broad Market / Other|Broad Market / Other|Unknown|IE00B6S2Z822|SPYG.DE|EUR|0,3|15,20199966430664|15,07800006866455|-0,013616959713335763|0,01838008943219127|0,17639923703004956|0,13480172322657547|0,056734233096666475|-0,251467753090221|1055,0|715,0|556,0|599,0|703,05
N|643|560|840|JPM Global Eq Prem Inc Active UCITS ETF USD (acc)|Global / Broad|Broad Market / Other|Broad Market / Other|Acc|IE000WX7BVB0|JEGA.DE|EUR|0,35|28,2549991607666|28,014999389648438|0,0076675548580384945|0,0344132750624313|0,0819452195444843|0,07331427699497794|0,04288831142086491|2,8337080156788033|616,0|593,0|934,0|700,0|703,1
N|644|657|677|Amundi S&P World Health Care Screened UCITS Acc ETF|Healthcare / Biotech|Health Care|Pharmaceuticals & Biotech|Acc|IE0006FM6MI8|WELS.DE|EUR|0,18|12,062000274658203|11,854000091552734|0,0038282690945783404|0,017375196439937568|0,11705870528514661|0,0655477561693969|0,06569364993784377|0,9998009137821936|665,0|724,0|825,0|539,0|703,4000000000001
N|645|556|847|Invesco BlltShs 2027 USD Crp Bd UCITS ETF Dist|Other|Broad Market / Other|Broad Market / Other|Distr|IE000BMDG046|BS27.DE|EUR|0,1|4,715400218963623|4,703000068664551|0,03467603174262712|0,02161728151073028|0,0774629740664563|0,06812308163573255|0,0448431446967823|1,6684823972909013|342,0|691,0|955,0|685,0|703,45
N|646|617|755|Invesco Gl Act Def ESG Eq UCITS ETF EUR PfHdg Acc|ESG / Sustainable|Broad Market / Other|Broad Market / Other|Acc|IE000XIBT2R7|LVLE.DE|EUR|0,3|8,206000328063965|8,07699966430664|-0,007738830248748663|0,03794588736703619|0,10563195957716065|0,09078832726939434|0,053604040439923395|1,3272861809772687|919,0|572,0|857,0|617,0|704,3
N|647|585|814|iShares Edge MSCI Wld Min Vol UCITS ETF USD A|Other|Broad Market / Other|Broad Market / Other|Acc|IE00B8FHGS14|IQQ0.DE|EUR|0,3|67,91000366210938|67,18000030517578|0,006969175618157353|0,030031902741825878|0,08188630184580425|0,09303078214431904|0,05071227140777279|2,5980868471736316|627,0|624,0|935,0|635,0|704,4000000000001
S|648|762|543|Dimensional Global Targeted Value UCITS ETF USD (Acc)|Factor / Smart Beta|Broad Market / Other|Broad Market / Other|Acc|IE000S67ID55|DEGT.DE|EUR|0,44|25,940000534057617|25,700000762939453|-0,01686563164540389|0,020055061846697475|0,19594282597304025|0,1485499927202365|0,052712763530650575|0,9473305759915521|1158,0|703,0|501,0|623,0|704,75
N|649|559|846|Xtrackers US Treasuries Ultrashort Bond UCITS 1C ETF|Bonds / Fixed Income|Fixed Income|Bonds|Acc|IE00BM97MR69|XT01.DE|EUR|0,06|56,7859992980957|56,77000045776367|0,03454180961067421|0,021441117568891777|0,07736964219517772|0,06989974884204653|0,04497556170451711|1,533182691273105|350,0|692,0|956,0|683,0|704,9000000000001
S|650|432|1018|VanEck Junior Gold Miners UCITS ETF USD A|Commodity / Energy|Materials|Materials|Acc|IE00BQQP9G91|G2XJ.DE|EUR|0,55|91,5999984741211|92,1500015258789|-0,11171454582649121|0,20812449014523127|0,14858932255951207|0,05712633423051727|-0,03488278721246929|-1,5159571720357992|1600,0|20,0|667,0|1454,0|705,55
S|651|651|706|iShares Core MSCI Pacific ex-Japan UCITS ETF USD A|Region: Japan|Broad Market / Other|Broad Market / Other|Acc|IE00B52MJY50|SXR1.DE|EUR|0,2|215,64999389648438|213,75|-0,021995492532950633|0,04964710197008082|0,13619594535874358|0,14927517905535215|0,047868338055126136|0,7256346420002577|1284,0|481,0|763,0|656,0|706,95
N|652|631|747|Vanguard LifeStrategy 60% Equity UCITS ETF EUR Acc|Other|Broad Market / Other|Broad Market / Other|Acc|IE00BMVB5P51|V60A.DE|EUR|0,25|37,529998779296875|37,2400016784668|0,013913262140765159|0,01693537517065624|0,11646577139212111|0,09801048695759706|0,0491702116525945|2,328117470538981|539,0|728,0|828,0|645,0|708,05
S|653|733|586|UBS MSCI Canada Universal UCITS ETF CAD acc|Other|Broad Market / Other|Broad Market / Other|Acc|IE0004YRJHW4|BCFD.DE|EUR|0,33|8,781999588012695|8,692999839782715|-0,025088896142139827|0,03378454459328406|0,17831738992406554|0,12058181800481638|0,04646530018548334|0,17032199205920784|1344,0|596,0|548,0|670,0|711,0
N|654|567|849|iShares iBond Dec 2027 Term $ Corp UCITS ETF USD A|Other|Broad Market / Other|Broad Market / Other|Acc|IE000I1D7D10|CEBK.DE|EUR|0,12|104,8949966430664|104,67500305175781|0,03355009213683724|0,021422629677977145|0,07597855899699701|0,06726425756931231|0,04409404214227397|1,6733599411882787|372,0|693,0|959,0|692,0|711,15
N|655|567|859|JPM Global Equity Premium Income Active UCITS EUR Dist ETF|Global / Broad|Broad Market / Other|Broad Market / Other|Distr|IE000AP27VA7|JGPD.DE|EUR|0,35|21,81999969482422|21,665000915527344|0,0068571234441521245|0,03369391955649337|0,07772260293814104|0,07317087814078183|0,04184199139856748|2,371916188995577|628,0|597,0|954,0|717,0|714,9
S|656|835|508|iShares Euro Dividend UCITS ETF EUR Dist|Factor / Smart Beta|Broad Market / Other|Broad Market / Other|Distr|IE00B0M62S72|IQQA.DE|EUR|0,4|25,8799991607666|25,65999984741211|-0,04674764847887214|0,030487408010592354|0,20467129568344045|0,121441589973043|0,053044328488474735|-1,4249463519053287|1525,0|621,0|458,0|619,0|715,45
S|657|615|785|Xtrackers MSCI Europe Materials UCITS ETF|Region: Europe|Materials|Materials|Unknown|LU0292100806|DXSC.DE|EUR|0,17|179,74000549316406|178,86000061035156|-0,038000379918048166|0,06191664496305327|0,13372027945509934|0,08669898504140439|0,034829820667635625|-0,14041191550117393|1481,0|361,0|771,0|781,0|715,5
S|658|654|722|iShares MSCI Pacific ex-Japan UCITS ETF USD (Dist)|Region: Japan|Broad Market / Other|Broad Market / Other|Distr|IE00B4WXJD03|EUNJ.DE|EUR|0,6|49,54499816894531|49,04499816894531|-0,02258829135498064|0,04959477468774409|0,12748454105303053|0,14314306860720483|0,04722759500304585|0,6681668001901558|1297,0|482,0|785,0|661,0|715,8000000000001
N|659|632|769|Franklin Future of Health and Wellness UCITS ETF|Healthcare / Biotech|Health Care|Pharmaceuticals & Biotech|Unknown|IE0003WEWAX4|FOHW.DE|EUR|0,3|25,959999084472656|25,625|0,0007709541250311425|0,026086951277267678|0,0868745587484534|0,07561627670535032|0,06002770487270981|1,0219896350297495|753,0|651,0|912,0|575,0|716,35
S|660|618|788|iShares MSCI UK Small Cap UCITS ETF GBP (Acc)|Region: Europe|Broad Market / Other|Broad Market / Other|Acc|IE00B3VWLG82|SXRD.DE|EUR|0,58|330,29998779296875|329,6000061035156|-0,01637879749832194|0,0489043956652051|0,11719937294710836|0,09334651148530693|0,04160093166362455|0,09507482710865488|1138,0|492,0|824,0|723,0|718,1
S|661|836|517|iShares EURO STOXX Select Dividend 30 UCITS (DE) EUR (Dist) ETF|Factor / Smart Beta|Broad Market / Other|Broad Market / Other|Distr|DE0002635281|EXSG.DE|EUR|0,31|23,434999465942383|23,260000228881836|-0,04735776005942238|0,03056079711915438|0,2033129305892103|0,12121235626089799|0,05286241598912289|-1,465789494801335|1528,0|620,0|471,0|621,0|719,15
S|662|885|489|iShares UK Dividend UCITS ETF GBP (Dist)|Factor / Smart Beta|Broad Market / Other|Broad Market / Other|Distr|IE00B0M63060|IQQD.DE|EUR|0,4|11,630000114440918|11,550000190734863|-0,023565302389606635|0,014986924955428194|0,23697595750989153|0,12939118425894014|0,037068184986872144|-1,1397336054579479|1319,0|746,0|306,0|756,0|723,95
S|663|773|576|iShares MSCI EMU Mid Cap UCITS ETF EUR (Acc)|Other|Broad Market / Other|Broad Market / Other|Acc|IE00BCLWRD08|IS3H.DE|EUR|0,49|80,20999908447266|79,37999725341797|-0,015465841626994825|0,016861078567000698|0,17454968530004833|0,13115209338696898|0,0493801196047603|-0,7502686956463709|1109,0|732,0|559,0|643,0|727,5
N|664|605|827|iShares Edge MSCI World Minimum Volatility UCITS USD (Dist) ETF|Global / Broad|Broad Market / Other|Broad Market / Other|Distr|IE00BMCZLJ20|UEEH.DE|EUR|0,3|5,943999767303467|5,901000022888184|0,0030374027486772537|0,026774871662109012|0,07795867505594978|0,08924812475522326|0,047282278584483084|2,3149356955055556|678,0|644,0|953,0|660,0|729,55
S|665|820|557|iShares STOXX Europe 600 Top 20 UCITS ETF (DE)|Region: Europe|Broad Market / Other|Broad Market / Other|Unknown|DE0005933949|EXW3.DE|EUR|0,2|55,16999816894531|54,88999938964844|-0,007474437763242636|0,008236982835726714|0,1913774900949774|0,13120135633245855|0,048997780192397755|0,8291659849815651|911,0|838,0|516,0|646,0|730,0500000000001
B|666|740|619|Amundi MSCI World Health Care UCITS EUR Acc ETF|Healthcare / Biotech|Health Care|Pharmaceuticals & Biotech|Acc|LU0533033238|LYPE.DE|EUR|0,3|522,2999877929688|519,4000244140625|-0,003624617264053165|0,011621150768661215|0,1438895768971109|0,08654040884030789|0,06453499100462246|0,3738319458130058|845,0|791,0|715,0|551,0|732,1
N|667|572|897|StSt SPDR BBG Em Mkts Local Bond UCITS ETF Dist|Bonds / Fixed Income|Fixed Income|Bonds|Distr|IE00B4613386|SYBM.DE|EUR|0,55|50,54399871826172|49,90399932861328|0,01565355848824379|0,026964530528498454|0,06509959952472544|0,04796913658021862|0,0351059421991442|3,136923956580555|524,0|638,0|974,0|777,0|732,7
B|668|746|617|Xtrackers MSCI World Health Care UCITS 1C ETF|Healthcare / Biotech|Health Care|Pharmaceuticals & Biotech|Acc|IE00BM67HK77|XDWH.DE|EUR|0,25|54,150001525878906|53,79999923706055|-0,0049613497271391305|0,011771320305058897|0,14409464253072146|0,08527910670563288|0,06453356421270828|0,396598964899049|863,0|789,0|710,0|552,0|732,95
S|669|732|628|Vanguard FTSE 100 UCITS ETF GBP Acc|Region: Europe|Broad Market / Other|Broad Market / Other|Acc|IE00BFMXYP42|VUKG.DE|EUR|0,09|66,9000015258789|66,23999786376953|-0,013856056349559442|0,020594941438143666|0,17142358275080882|0,11148036305474163|0,036942451543266364|-0,16347522994458685|1061,0|701,0|571,0|759,0|734,1000000000001
N|670|677|719|UBS MSCI World ex USA Climate Paris Aligned UCITS USD acc ETF|ESG / Sustainable|Broad Market / Other|Broad Market / Other|Acc|IE00BN4Q0370|AW10.DE|EUR|0,12|23,280000686645508|23,084999084472656|-0,004915570372643452|0,021276622449146076|0,13699634934875804|0,1096282742894672|0,04405507199675185|1,6043828707344974|862,0|696,0|757,0|693,0|735,5500000000001
S|671|672|731|BNPP Easy MSCI Pac ex Japan Min TE UCITS ETF C|Region: Japan|Broad Market / Other|Broad Market / Other|Acc|LU1291106356|PAC.DE|EUR|0,15|17,444000244140625|17,285999298095703|-0,024057306252697086|0,04617970898576962|0,12585515390046575|0,14296947636081825|0,04659082315502072|0,6395674855407224|1326,0|511,0|795,0|668,0|735,6500000000001
S|672|713|662|State Street SPDR MSCI Europe Small Cap Value Weighted UCITS ETF|Factor / Smart Beta|Broad Market / Other|Broad Market / Other|Unknown|IE00BSPLC298|ZPRX.DE|EUR|0,3|69,0199966430664|68,62000274658203|-0,02939113977424035|0,0413397392008612|0,14803722337495762|0,10361361740770647|0,04262412029696616|-0,8969769765892616|1394,0|547,0|670,0|703,0|736,0
S|673|664|762|Invesco MSCI Pac ex Japan Univ Scrnd UCITS ETF Acc|Region: Japan|Broad Market / Other|Broad Market / Other|Acc|IE00BMDBMT65|ESGP.DE|EUR|0,19|52,40999984741211|51,84000015258789|-0,020922827525225562|0,04548172213678736|0,11939342565194089|0,13257694477010995|0,04502260743248798|0,9432257301898567|1266,0|515,0|818,0|682,0|736,8
S|674|662|773|L&G Asia Pacific Ex Japan Equity UCITS ETF USD Acc|Region: Japan|Broad Market / Other|Broad Market / Other|Acc|IE00BFXR5W90|ETLK.DE|EUR|0,1|15,857999801635742|15,706000328063965|-0,022438683127572023|0,04811630414331458|0,11849339103988776|0,13955155104336736|0,043024587831740124|0,6429737660677634|1291,0|498,0|820,0|699,0|737,6500000000001
S|675|755|620|iShares Core FTSE 100 UCITS ETF GBP (Acc)|Region: Europe|Broad Market / Other|Broad Market / Other|Acc|IE00B53HP851|SXRW.DE|EUR|0,07|256,1499938964844|253,8000030517578|-0,0146182655591508|0,01828658632049418|0,17688950645370038|0,1127280507917503|0,0372229782820237|-0,12056282533720052|1081,0|719,0|553,0|754,0|738,8
B|676|555|931|iShares S&P 500 Communication Sctr UCITS ETF USD A|Region: US|Communication Services|Communication Services|Acc|IE00BDDRF478|IU5C.DE|EUR|0,15|12,458000183105469|12,326000213623047|0,026532672383159595|0,026025364814586505|0,0814235840337707|0,04689080524895939|0,023476383842202297|0,4678673711440543|442,0|652,0|936,0|903,0|741,7
B|677|1007|441|Xtrackers S&P Select Frontier Swap UCITS 1C ETF|Other|Broad Market / Other|Broad Market / Other|Acc|LU0328476410|DX2Z.DE|EUR|0,95|26,639999389648438|25,645000457763672|-0,027559812210233736|0,007754867707493895|0,2333332832948669|0,09426987640270834|0,05733479172929945|0,23453532973945587|1370,0|848,0|318,0|596,0|743,4000000000001
N|678|679|744|Fidelity USD HY Crp Bd Rs Enh PAB UCITS ETFInc USD|Other|Broad Market / Other|Broad Market / Other|Unknown|IE000ARLR807|FYUI.DE|EUR|0,3|4,266300201416016|4,263000011444092|0,008867854489788218|0,011192868029039182|0,11861830182957522|0,09839247211965518|0,048059508696797204|1,3630142397269318|593,0|798,0|819,0|653,0|743,5
N|679|577|912|State Street SPDR Bloomberg Emerging Markets Local Bond UCITS ETF|Bonds / Fixed Income|Fixed Income|Bonds|Unknown|IE00BFWFPY67|SPFA.DE|EUR|0,55|31,325000762939453|30,969999313354492|0,014344951554135177|0,02617446498356868|0,063450618829616|0,04622426702192883|0,03361963748531416|2,991062296701029|537,0|649,0|982,0|797,0|745,05
S|680|695|712|StSt SPDR S&P US Materials Sel Sctr UCITS ETF Acc|Region: US|Materials|Materials|Acc|IE00BWBXM831|ZPDM.DE|EUR|0,15|44,80500030517578|44,19499969482422|-0,011472707093451495|0,02306204312040938|0,16270923790297465|0,15002570220882339|0,02599449908754714|1,5444779516461635|1010,0|670,0|594,0|886,0|745,2
S|681|750|637|Amundi UK Equity All Cap UCITS ETF - Dist|Region: Europe|Broad Market / Other|Broad Market / Other|Distr|LU1781541096|LCUK.DE|EUR|0,04|17,676000595092773|17,534000396728516|-0,01614154595249484|0,021025896179507564|0,16637062643187672|0,10946525341057378|0,03603805324058307|-0,2813471277492089|1126,0|698,0|580,0|766,0|746,3000000000001
N|682|850|568|iShares Dow Jones Indust Average UCITS ETF USD A|Region: US|Broad Market / Other|Broad Market / Other|Acc|IE00B53L4350|SXRU.DE|EUR|0,33|558,9000244140625|552,7999877929688|-0,0005364588455296637|0,005215871248313908|0,1612300822547983|0,12443423828602018|0,05965819257725924|3,0490801702819423|775,0|916,0|599,0|578,0|748,0
N|683|602|872|State Street SPDR Bloomberg 0-3 Year U.S. Corporate Bond UCITS ETF|Bonds / Fixed Income|Fixed Income|Bonds|Unknown|IE00BC7GZX26|SYBF.DE|EUR|0,12|43,5880012512207|43,49599838256836|0,028892523935056147|0,016061231511065532|0,07024903967477214|0,061843371794373825|0,03866271602069227|1,7489297751840913|423,0|737,0|967,0|752,0|750,4
S|684|767|631|iShares Core FTSE 100 UCITS ETF GBP Dist|Region: Europe|Broad Market / Other|Broad Market / Other|Distr|IE0005042456|IUSZ.DE|EUR|0,07|12,067999839782715|11,956000328063965|-0,014876482525759571|0,016901705672148326|0,17310179104032075|0,11248173807944295|0,0357323704268917|-0,2514735665740953|1091,0|731,0|565,0|771,0|751,5000000000001
S|685|775|624|Xtrackers FTSE 100 UCITS 1C ETF|Region: Europe|Broad Market / Other|Broad Market / Other|Acc|LU0838780707|XDUK.DE|EUR|0,09|20,094999313354492|19,93400001525879|-0,016878728556208977|0,01860293291582038|0,17377326683906325|0,11144908175615753|0,0363963288949678|-0,5263050047181803|1161,0|714,0|561,0|765,0|753,0
N|686|601|882|iShares iBond Dec 2028 Term $ Corp UCITS ETF USD D|Other|Broad Market / Other|Broad Market / Other|Distr|IE0000VITHT2|CBU4.DE|EUR|0,12|4,5019001960754395|4,480999946594238|0,0302136020897652|0,01566632693392167|0,06505711789715174|0,05655459472719193|0,03701507080776878|1,9097587160244052|410,0|741,0|975,0|757,0|753,05
S|687|1087|388|UBS Factor MSCI EMU Prime Value Screened UCITS EUR dis ETF|Factor / Smart Beta|Broad Market / Other|Broad Market / Other|Distr|LU1215452928|UIMZ.DE|EUR|0,25|25,764999389648438|25,479999542236328|-0,022015560403224166|0,002550260436496643|0,2455408156500416|0,18033797615029235|0,06864325729142995|-0,6593780446451659|1285,0|965,0|288,0|518,0|754,35
N|688|604|887|Invesco BlltShs 2028 USD Crp Bd UCITS ETF Dist|Other|Broad Market / Other|Broad Market / Other|Distr|IE000A0RC215|BS28.DE|EUR|0,1|4,651100158691406|4,639400005340576|0,030853428801669747|0,015060235635207198|0,06431722599330625|0,056013379690508014|0,03651945215131258|1,7438273906043464|404,0|745,0|977,0|761,0|755,0500000000001
S|689|776|632|UBS FTSE 100 UCITS ETF GBP dis|Region: Europe|Broad Market / Other|Broad Market / Other|Distr|LU0136242590|UIM3.DE|EUR|0,2|114,41999816894531|113,16000366210938|-0,014979385660364275|0,015836604643018948|0,17215537587383545|0,11102255877050426|0,03579151685663495|-0,17821308451715978|1095,0|740,0|568,0|770,0|756,25
B|690|434|1128|VanEck Crypto and Blckchn Innvtrs UCITS ETF USD A|Other|Broad Market / Other|Broad Market / Other|Acc|IE00BMDKNW35|DAVV.DE|EUR|0,65|12,105999946594238|12,100000381469727|-0,016571930631080645|0,08651945172030273|-0,1937932796571853|0,14705325567191796|0,06492328159538951|-0,34375602509713443|1147,0|194,0|1589,0|548,0|756,5
S|691|977|477|Xtrackers MSCI Thailand UCITS 1C ETF|Other|Broad Market / Other|Broad Market / Other|Acc|LU0514694701|XCS4.DE|EUR|0,5|24,735000610351562|24,549999237060547|-0,0016144907687019039|-0,002218648775496046|0,28694076451735984|0,23898015130765726|0,03341589285376467|0,07196066335613215|794,0|1040,0|244,0|802,0|756,5
S|692|817|613|Xtrackers MSCI Canada Screened UCITS 1C ETF|Other|Broad Market / Other|Broad Market / Other|Acc|LU0476289540|D5BH.DE|EUR|0,35|111,08000183105469|109,83999633789062|-0,023214908207086937|0,022083193956014435|0,17185357905043452|0,11750503144745816|0,04170624705036219|0,5045047704978727|1314,0|684,0|570,0|720,0|757,2
S|693|826|609|JPM Eurozone Research Enhanced Index Equity Active UCITS EUR (dist) ETF|Other|Broad Market / Other|Broad Market / Other|Distr|IE000783LRG9|JRZD.DE|EUR|0,25|39,810001373291016|39,459999084472656|-0,011545627187353524|0,010803813486678582|0,16697984568869684|0,11173225838410339|0,04282505273085224|0,4195640577290433|1012,0|804,0|578,0|701,0|758,1
B|694|676|790|Franklin Future of Food UCITS ETF|Other|Consumer Staples|Consumer Staples|Unknown|IE000ZOKLHY7|FOFD.DE|EUR|0,3|25,19499969482422|24,924999237060547|-0,011767057640081235|0,027528516495064936|0,10991184352549266|0,12678886435987802|0,04351426304770745|0,2287547192172799|1020,0|636,0|848,0|695,0|758,4
S|695|770|648|iShares MSCI EMU Screened UCITS ETF EUR Dist|Other|Broad Market / Other|Broad Market / Other|Distr|IE00BFNM3C07|SLMB.DE|EUR|0,12|9,147000312805176|9,0649995803833|-0,010814256580579884|0,013405748904294246|0,14931623633076296|0,10266673978441077|0,04365769173399725|0,2610052559884078|1002,0|769,0|660,0|694,0|761,7
S|696|719|731|Amundi S&P Eurozone Climate Paris Aligned UCITS Dist ETF|ESG / Sustainable|Broad Market / Other|Broad Market / Other|Distr|LU2932780914|EPAZ.DE|EUR|0,14|27,315000534057617|27,065000534057617|-0,014788091677940485|0,023608809470627712|0,12414480842382103|0,09676770853109806|0,04764354219133482|0,3818200419938516|1088,0|668,0|803,0|658,0|762,75
N|697|612|891|Vanguard USD Corpo 1-3 Year Bd UCITS ETF USD A|Other|Broad Market / Other|Broad Market / Other|Acc|IE00BGYWSV06|VAGY.DE|EUR|0,09|55,0099983215332|54,88199996948242|0,028801142054842632|0,014233551640907782|0,06492953783644273|0,0564218736470139|0,03595774169804122|1,971723504363205|424,0|754,0|976,0|768,0|762,8000000000001
S|698|659|842|UBS Factor MSCI EMU Quality Screened UCITS EUR dis ETF|Factor / Smart Beta|Broad Market / Other|Broad Market / Other|Distr|LU1215451524|UIM2.DE|EUR|0,25|27,8700008392334|27,844999313354492|-0,004287207319257913|0,02506011533192276|0,05918406209241511|0,08433029599689457|0,05225223389468936|1,5018638300477625|852,0|659,0|994,0|627,0|765,3
N|699|731|713|Ishs MSCI USA MID CAP EW UCTS ETF|Region: US|Broad Market / Other|Broad Market / Other|Unknown|IE00BD1F4K20|QDVC.DE|EUR|0,2|11,777999877929688|11,654000282287598|0,001530582372238909|0,0096005064463347|0,12192795916333576|0,12171427408854174|0,0535948519008993|2,737796216239498|735,0|823,0|810,0|618,0|765,5500000000001
N|700|894|578|Amundi Dow Jones Industrial Average UCITS ETF Dist|Region: US|Industrials|Industrials|Distr|FR0007056841|DJAM.DE|EUR|0,5|465,1000061035156|460,79998779296875|-0,0017170804967782116|0,003776842509869427|0,16020463223232473|0,12329433598745254|0,058684023066780444|2,8606369016696807|799,0|944,0|605,0|587,0|766,1
N|701|613|899|iShares iBond Dec 2028 Term $ Corp UCITS ETF USD A|Other|Broad Market / Other|Broad Market / Other|Acc|IE0000UJ3480|CBU5.DE|EUR|0,12|104,11499786376953|103,87000274658203|0,028702685560467955|0,014172941260055527|0,06350482208613717|0,05507699170840685|0,03534783987899237|1,7632676021786369|425,0|756,0|981,0|774,0|766,2
S|702|873|600|Invesco EURO STOXX Hi Div Low Vlty UCITS ETF Dist|Region: Europe|Broad Market / Other|Broad Market / Other|Distr|IE00BZ4BMM98|EHDV.DE|EUR|0,3|35,09000015258789|34,97999954223633|-0,039126423583843106|0,023629662519237593|0,1985951680054705|0,12613737648982104|0,035645259842736365|-1,7282211615382883|1488,0|667,0|490,0|773,0|767,1
S|703|788|651|WisdomTree Energy Transition Metals Securities ETC|Commodity / Energy|Energy|Energy|Unknown|XS2425848053|NRGT.DE|EUR|0,81|23,757999420166016|23,98200035095215|-0,01631339019999367|0,01651547509197049|0,2513430603492097|0,08385033473881376|-0,004883459178981919|-1,1728556005753716|1135,0|733,0|279,0|1174,0|768,0
S|704|557|976|Global X Disruptive Materials UCITS ETF USD Acc|Global / Broad|Materials|Materials|Acc|IE000FP52WM7|D6AT.DE|EUR|0,5|20,739999771118164|20,40999984741211|-0,05231896028278782|0,07438866831026947|0,17948135822663436|0,04747477627666652|-0,04836674823049736|-0,16626548453309742|1547,0|242,0|546,0|1518,0|768,95
N|705|697|778|Amundi MSCI Europe Momentum Factor UCITS ETF EUR C|Factor / Smart Beta|Broad Market / Other|Broad Market / Other|Acc|LU1681041460|MJMT.DE|EUR|0,22|151,13999938964844|149,27999877929688|-0,0034287502301495465|0,01586235132218561|0,14586813027651613|0,07664905351597784|0,028095425560596077|0,7962228395112688|842,0|738,0|694,0|872,0|769,4
S|706|748|707|iShares MSCI EMU Climate Transition Aware UCITS EUR (Dist) ETF|ESG / Sustainable|Broad Market / Other|Broad Market / Other|Distr|IE000E9XXE77|MCTD.DE|EUR|0,12|6,375|6,315999984741211|-0,00886196498716496|0,013835860641006281|0,14509090772050115|0,09719886240254194|0,04071786548928813|0,4237273641512014|947,0|763,0|700,0|736,0|769,45
S|707|820|635|Invesco RAFI Europe Fundamental Value UCITS ETF D|Factor / Smart Beta|Broad Market / Other|Broad Market / Other|Distr|IE00B23D8X81|6PSC.DE|EUR|0,39|15,90999984741211|15,741999626159668|-0,02573194302274351|0,02299387724804891|0,1846355949293743|0,09764218227754817|0,03167917149259436|-0,8327999161798756|1351,0|673,0|532,0|824,0|769,6500000000001
N|708|688|796|iShares Edge MSCI Eu Mmntm Fctr UCITS ETF EUR A|Other|Broad Market / Other|Broad Market / Other|Acc|IE00BQN1K786|CEMR.DE|EUR|0,25|15,899999618530273|15,692000389099121|-0,002008570258925646|0,016234162825596865|0,1438848960350887|0,07519607138808104|0,028050230100643336|0,9394985553735291|810,0|736,0|716,0|874,0|769,7
N|709|609|914|Invesco US Treasury Bond 1-3 Year UCITS Acc ETF|Bonds / Fixed Income|Fixed Income|Bonds|Acc|IE00BF2FNH52|TRX3.DE|EUR|0,06|39,2140007019043|39,12300109863281|0,02896877653822094|0,014776262777478122|0,058836259307949|0,05125737651857465|0,03390895532240834|1,8693076314621107|422,0|748,0|996,0|791,0|769,7
S|710|764|679|State Street SPDR S&P Euro Dividend Aristocrats UCITS ETF|Factor / Smart Beta|Broad Market / Other|Broad Market / Other|Unknown|IE00B5M1WJ87|SPYW.DE|EUR|0,3|29,44499969482422|29,309999465942383|-0,027896729100814865|0,030439277969086076|0,14728351718291477|0,11120276564434906|0,041267934036318676|-1,4356917937088762|1378,0|622,0|676,0|729,0|770,3
S|711|667|839|WisdomTree US Quality Dividend Growth UCITS - EUR Hedged Acc ETF|Factor / Smart Beta|Broad Market / Other|Broad Market / Other|Acc|IE000CXVOXQ1|WDGE.DE|EUR|0,35|21,350000381469727|21,1200008392334|-0,009969865395938249|0,029411794459179852|0,09050982462874502|0,08068433998845714|0,03983672099811497|1,223388341016584|982,0|626,0|896,0|746,0|770,9000000000001
S|712|760|687|iShares MSCI Europe Quality Dividend Advanced UCITS EUR (Acc) ETF|Factor / Smart Beta|Broad Market / Other|Broad Market / Other|Acc|IE000PYEKKW0|CEML.DE|EUR|0,28|5,730999946594238|5,684000015258789|-0,014953574352749688|0,017216919611549475|0,13395331599963245|0,11606615212209714|0,05252717559286135|0,43627868673103726|1094,0|725,0|770,0|624,0|771,4000000000001
S|713|986|497|First Trust US Equity Income UCITS ETF B USD|Region: US|Broad Market / Other|Broad Market / Other|Distr|IE00BD6GCF16|FTGI.DE|EUR|0,55|42,32500076293945|42,33000183105469|-0,03455746770929258|0,010867013199472364|0,20687200260186933|0,20070924150182856|0,05605646569162315|-0,5931443322390615|1446,0|803,0|451,0|605,0|771,85
S|714|929|558|Xtrackers MSCI World Financials UCITS 1C ETF|Financials|Financials|Banks & Financial Services|Acc|IE00BM67HL84|XDWF.DE|EUR|0,25|41,3849983215332|40,68000030517578|-0,03147674315731419|0,014338213122839338|0,15989344079489398|0,10847728234563991|0,06615447702634603|-0,31113736440685547|1416,0|752,0|607,0|535,0|771,95
S|715|801|656|Amundi MSCI EMU ESG Broad Transition UCITS ETF A|ESG / Sustainable|Broad Market / Other|Broad Market / Other|Acc|LU0908501058|LGQG.DE|EUR|0,12|367,1000061035156|363,6499938964844|-0,009176771650430182|0,010737868296825104|0,15150570941023145|0,10505717222771871|0,04162160657434577|0,4906613801629385|958,0|807,0|646,0|722,0|772,4
B|716|451|1140|iShares Blockchain Technology UCITS ETF (Acc)|Other|Broad Market / Other|Broad Market / Other|Acc|IE000RDRMSD1|CBUT.DE|EUR|0,5|15,654000282287598|15,505999565124512|0,003461532019064295|0,05870418069373895|-0,17679850300821642|0,11575200144159115|0,05964157858226837|-0,09899465740432971|672,0|402,0|1585,0|579,0|773,65
N|717|800|665|iShares MSCI Wld Hlth Care Sec Adv UCITS ETF USD D|Other|Broad Market / Other|Broad Market / Other|Distr|IE00BJ5JNZ06|CBUF.DE|EUR|0,18|7,0970001220703125|7,038000106811523|-0,005325873243521739|0,00852635231644805|0,13002001747020642|0,07761319147022872|0,06071918454300662|0,5749564522525519|877,0|836,0|780,0|571,0|775,1500000000001
N|718|618|915|iShares $ Treasury Bd 1-3yr UCITS ETF USD Dist|Bonds / Fixed Income|Fixed Income|Bonds|Distr|IE00B14X4S71|IUSU.DE|EUR|0,07|111,30500030517578|111,1500015258789|0,028702547301097336|0,014040906339996884|0,05902265408815999|0,05084625753084682|0,033657807632907266|1,7715184983433492|426,0|759,0|995,0|796,0|775,45
N|719|741|729|BNPP Easy ECPI Circular Economy Leaders UCITS ETFC|Other|Broad Market / Other|Broad Market / Other|Unknown|LU1953136527|EMEC.DE|EUR|0,3|22,799999237060547|22,65999984741211|0,0024180433412990254|0,007734772908753351|0,13151363120093018|0,11627907411083926|0,04435051037997462|2,1035493638049796|695,0|849,0|777,0|690,0|776,1
S|720|973|522|Amundi S&P World Financials Screened UCITS Dist ETF|Financials|Financials|Banks & Financial Services|Distr|IE000ENYES77|WELY.DE|EUR|0,18|18,534000396728516|18,277999877929688|-0,038692959717253395|0,0126762293941578|0,1785434031117321|0,11587110578122783|0,06647884439362639|-0,683398024109163|1486,0|778,0|547,0|533,0|777,45
N|721|622|919|Xtrackers II US Treasuries 1-3 UCITS ETF|Region: US|Broad Market / Other|Broad Market / Other|Unknown|LU0429458895|D5BE.DE|EUR|0,06|147,31500244140625|147,13999938964844|0,028664168250063904|0,013887020448318577|0,05814005485332707|0,05080832615338804|0,03336578105913235|1,7477438590445031|428,0|761,0|998,0|804,0|778,9000000000001
S|722|793|683|Ishrs Europe Quality Adv Div Eur Dist|Factor / Smart Beta|Broad Market / Other|Broad Market / Other|Distr|IE00BYYHSM20|QDVX.DE|EUR|0,28|7,105999946594238|7,060999870300293|-0,017014821330853858|0,01751368765737804|0,13597830000273659|0,11682849994360534|0,05233307294406986|0,2906858443754461|1170,0|722,0|764,0|626,0|780,5
S|723|742|751|iShares S&P 500 Materials Sector UCITS ETF|Region: US|Materials|Materials|Unknown|IE00B4MKCJ84|2B7B.DE|EUR|0,15|9,930999755859375|9,821999549865723|-0,014586258365113847|0,01981924845409866|0,15732424847721638|0,14610499706633706|0,022704723736356014|1,2758166984710129|1080,0|705,0|618,0|912,0|780,9
S|724|926|582|State Street SPDR S&P Global Dividend Aristocrats Screened UCITS ETF|Factor / Smart Beta|Broad Market / Other|Broad Market / Other|Unknown|IE00BYTH5S21|ZPD3.DE|EUR|0,45|20,895000457763672|20,799999237060547|-0,01786130047380241|0,009092612335378725|0,18142189732185465|0,15285102583765342|0,046279852550785705|-0,23713435307512684|1190,0|832,0|543,0|671,0|781,25
S|725|743|753|Amundi S&P Eurozone Cl Paris Aligned UCITS ETF A|Other|Broad Market / Other|Broad Market / Other|Acc|LU2195226068|ZPAB.DE|EUR|0,2|42,36000061035156|42,08000183105469|-0,0155704900755812|0,021338207806871345|0,12152502242409713|0,09133072546866527|0,04621526346216309|0,2636758799948575|1111,0|694,0|811,0|673,0|781,6
S|726|816|670|iShares Core EURO STOXX 50 UCITS (DE) ETF|Region: Europe|Broad Market / Other|Broad Market / Other|Unknown|DE0005933956|EXW1.DE|EUR|0,09|63,290000915527344|62,88999938964844|-0,01585116617209381|0,014042244940269066|0,14629441753428774|0,09883883772902813|0,04335038823712045|-0,043522209660271684|1116,0|758,0|687,0|698,0|781,95
N|727|620|932|L&G Crp Bd exBks Hgh Rtngs 0-2Y UCITS ETF USD Acc|Other|Broad Market / Other|Broad Market / Other|Acc|IE000CWS09Q9|XBHR.DE|EUR|0,12|9,601400375366211|9,581999778747559|0,02375623781354297|0,015183284189866919|0,05688746903965125|0,050504420231067604|0,032235492122233866|1,7693008055690098|472,0|742,0|1004,0|821,0|782,8000000000001
N|728|643|908|Vanguard USD Corpo 1-3 Year Bd UCITS ETF USD D|Other|Broad Market / Other|Broad Market / Other|Distr|IE00BDD48R20|VUSC.DE|EUR|0,09|43,14099884033203|43,104000091552734|0,02644868747690654|0,012257738130188711|0,06320467845053823|0,05487357266607851|0,03430737349748125|1,7059486433617248|444,0|783,0|983,0|787,0|782,95
N|729|629|927|UBS Core BBG US Treasury 1-3 UCITS USD dis ETF|Bonds / Fixed Income|Fixed Income|Bonds|Distr|LU0721552544|UEFF.DE|EUR|0,05|21,284000396728516|21,266000747680664|0,028510686461161283|0,013699774993715996|0,05735749174903737|0,05020441863483316|0,033000676654357575|1,763729956840284|430,0|765,0|1002,0|812,0|783,4
S|730|852|644|UBS Core MSCI EMU UCITS EUR dis ETF|Other|Broad Market / Other|Broad Market / Other|Distr|LU0147308422|UIM4.DE|EUR|0,09|212,25|210,60000610351562|-0,013478940175474352|0,010462377899273623|0,15456465450875245|0,10584630296369646|0,041779861485558234|0,048223074308669296|1053,0|813,0|629,0|719,0|784,2
S|731|532|1033|Invesco KBW NASDAQ Fintech UCITS ETF Acc|Technology|Information Technology|Technology Hardware & Software|Acc|IE00BYMS5W68|KFTK.DE|EUR|0,49|49,974998474121094|48,60499954223633|-0,030928858447583196|0,0717348773189952|-0,035790146467294615|0,02386799975522158|0,07358484059209802|1,0084493169275657|1411,0|258,0|1480,0|497,0|784,25
S|732|803|690|Xtrackers MSCI EMU Screened UCITS - 1D ETF|Other|Broad Market / Other|Broad Market / Other|Distr|IE00BDGN9Z19|XMVE.DE|EUR|0,12|39,45000076293945|39,125|-0,01214475006068072|0,012277419885939445|0,1464773383619853|0,10106767006792028|0,04075661297059585|0,19863761911455508|1026,0|782,0|684,0|735,0|784,7
S|733|951|556|Invesco S&P World Financials ESG UCITS ETF Acc|Financials|Financials|Banks & Financial Services|Acc|IE00018LB0D8|WF1E.DE|EUR|0,18|8,36400032043457|8,220999717712402|-0,03529408917723753|0,013204143486681863|0,16652722893104688|0,10459591797922307|0,062191044714898114|-0,5289330648177295|1454,0|773,0|579,0|564,0|784,8500000000001
N|734|636|918|Xtrackers II GBP Overnight Rate Swap UCITS 1D ETF|Other|Broad Market / Other|Broad Market / Other|Distr|LU0321464652|DXS1.DE|EUR|0,1|213,00399780273438|212,26199340820312|0,01628895235696204|0,014803948010255974|0,06291754149012196|0,054869350305433384|0,032378150676233064|2,6925859651233734|519,0|747,0|985,0|818,0|786,5
S|735|825|676|iShares MSCI EMU Screened UCITS ETF EUR Acc|Other|Broad Market / Other|Broad Market / Other|Acc|IE00BFNM3B99|SLMA.DE|EUR|0,12|11,187999725341797|11,105999946594238|-0,012707382299444125|0,011390295385568239|0,14678149077992586|0,10053111571072848|0,04181165405291787|0,021441394915773924|1037,0|794,0|681,0|718,0|787,0
N|736|614|941|StSt SPDR BBG 1-3 Y U.S. Treas Bd UCITS ETF Dist|Other|Broad Market / Other|Broad Market / Other|Distr|IE00BC7GZJ81|SYBW.DE|EUR|0,05|42,16299819946289|42,099998474121094|0,029143898505164634|0,01398051664968869|0,04090040407866402|0,05126356764184825|0,03376540376953252|1,7917564151362557|416,0|760,0|1050,0|795,0|787,9
S|737|948|564|Amundi MSCI World Financials UCITS EUR Acc ETF|Financials|Financials|Banks & Financial Services|Acc|LU0533032859|LYPD.DE|EUR|0,3|401,0|394,04998779296875|-0,03291931531992753|0,012370597881798062|0,1584573366189872|0,10559687483855629|0,06518903888626348|-0,33797141099069916|1427,0|780,0|612,0|545,0|788,05
S|738|716|808|L&G Global Quality Dividends UCITS ETF USD Acc|Factor / Smart Beta|Broad Market / Other|Broad Market / Other|Acc|IE000MRIQ479|LDGA.DE|EUR|0,29|10,484000205993652|10,380000114440918|-0,01503192846761725|0,024428375509860212|0,07091059446688086|0,17718392592993948|0,05853496318850038|0,70830038392259|1099,0|661,0|965,0|589,0|788,3
S|739|854|652|Xtrackers MSCI EMU UCITS 1D ETF|Other|Broad Market / Other|Broad Market / Other|Distr|LU0846194776|XD5E.DE|EUR|0,09|67,69999694824219|67,29000091552734|-0,013982037032674643|0,010607215722040264|0,15327821488811466|0,10566918158049132|0,041220235919481985|-0,04319777749233966|1063,0|810,0|637,0|730,0|788,7
N|740|652|909|Global X EURO STOXX 50 Covered Call UCITS - EUR Distributing ETF|Region: Europe|Broad Market / Other|Broad Market / Other|Distr|IE000SAXJ1M1|SY7D.DE|EUR|0,45|14,619999885559082|14,491999626159668|-0,0025914748797853937|0,025281278551455788|0,08596920970072874|0,035535679389509855|0,028350516917896584|1,3612440130948456|826,0|656,0|917,0|870,0|789,55
S|741|639|925|Xtrackers MSCI Pacific ex Japan UCITS ETF|Region: Japan|Broad Market / Other|Broad Market / Other|Unknown|LU2755521270|DXPJ.DE|EUR|0,1|10,378000259399414|10,253999710083008|-0,020388862192889268|0,0504422870387764|0,07184259121000425|0,09915072821707072|0,03006254133695463|0,8510779374095508|1257,0|473,0|964,0|856,0|789,95
S|742|721|807|Xtrackers DAX ESG Screened UCITS ETF|ESG / Sustainable|Broad Market / Other|Broad Market / Other|Unknown|LU0838782315|XDDX.DE|EUR|0,09|159,32000732421875|157,97999572753906|-0,024491794150237167|0,037135735385064095|0,09567379105354701|0,07548759380726078|0,04484308226271572|0,18174462375532244|1335,0|579,0|885,0|686,0|790,3000000000001
S|743|792|714|iShares EURO STOXX Small UCITS EUR (Dist) ETF|Region: Europe|Broad Market / Other|Broad Market / Other|Distr|IE00B02KXM00|IQQS.DE|EUR|0,4|52,33000183105469|51,779998779296875|-0,023527804729990498|0,02393437980482549|0,14703499561479316|0,09365946792231594|0,03465475010743324|-0,053335018423938466|1318,0|666,0|678,0|784,0|790,4000000000001
S|744|624|942|Xtrackers MSCI Pacific ex Japan Screened UCITS ETF|Region: Japan|Broad Market / Other|Broad Market / Other|Unknown|LU0322252338|DXS6.DE|EUR|0,25|83,13999938964844|82,0|-0,024178375966904864|0,05655098246509427|0,06262783307344577|0,10104617981141617|0,027445920135697133|0,5665488316278994|1329,0|424,0|986,0|877,0|790,85
S|745|876|641|UBS EURO STOXX 50 ESG UCITS ETF EUR acc|ESG / Sustainable|Broad Market / Other|Broad Market / Other|Acc|LU1971906984|CHSE.DE|EUR|0,1|20,375|20,260000228881836|-0,016413234375256103|0,01091537116643515|0,15321489951549805|0,10505479463674816|0,04340380967608359|0,27105397635013095|1141,0|802,0|639,0|697,0|791,1
N|746|915|612|Global X U.S. Infra Developments UCITS ETF USD Acc|Global / Broad|Broad Market / Other|Broad Market / Other|Acc|IE00BLCHJ534|94VE.DE|EUR|0,47|45,45000076293945|44,790000915527344|0,025727812103738756|-0,005579281433087502|0,1888569528421391|0,1739635950873517|0,03519317102402897|2,869199520160729|452,0|1096,0|522,0|775,0|791,7
S|747|890|630|JPM Eurozone Research Enhanced Index Equity Active UCITS EUR (acc) ETF|Other|Broad Market / Other|Broad Market / Other|Acc|IE00004PGEY9|JREZ.DE|EUR|0,25|45,220001220703125|44,90999984741211|-0,013525282064157262|0,007800363208158023|0,16396404110093443|0,10779033705962537|0,04054911279372364|0,14844325959651963|1054,0|847,0|589,0|738,0|791,75
S|748|884|634|UBS EURO STOXX 50 ESG UCITS ETF EUR dis|ESG / Sustainable|Broad Market / Other|Broad Market / Other|Distr|LU1971906802|UET5.DE|EUR|0,1|22,829999923706055|22,719999313354492|-0,017430629481674065|0,011200895233562269|0,15589812486486188|0,10378914432444475|0,04248919751200031|0,13088191491125248|1177,0|797,0|623,0|704,0|791,9000000000001
S|749|756|768|iShares Edge MSCI Europe Minimum Volatility Advanced UCITS ETF|Region: Europe|Broad Market / Other|Broad Market / Other|Unknown|IE00BKVL7D31|MVEE.DE|EUR|0,25|8,956999778747559|8,892000198364258|-0,011695900894473477|0,015072463141580839|0,12908101344815415|0,10335054755801587|0,04112541352904109|-0,08830425890143213|1018,0|743,0|783,0|732,0|792,05
S|750|1069|478|State Street SPDR MSCI Europe Value UCITS ETF|Factor / Smart Beta|Broad Market / Other|Broad Market / Other|Unknown|IE00BSPLC306|ZPRW.DE|EUR|0,2|76,55999755859375|75,80000305175781|-0,03963878090469386|0,006970916583010522|0,24690546670956026|0,13037049703255654|0,03756564519109373|-1,2099726458550581|1494,0|866,0|285,0|753,0|792,35
S|751|722|813|Amundi MSCI Eu SmCp ESG Brd Transition UCITS ETF A|ESG / Sustainable|Broad Market / Other|Broad Market / Other|Acc|LU1681041544|CEM.PA|EUR|0,23|171,74000549316406|170,49000549316406|-0,01958093687066864|0,030604933522536015|0,12453942468725643|0,09917467801602409|0,03354139489186636|0,03314420732825604|1240,0|619,0|802,0|799,0|793,9000000000001
B|752|779|740|Amundi S&P World Health Care Screened UCITS Dist ETF|Healthcare / Biotech|Health Care|Pharmaceuticals & Biotech|Distr|IE000JKS50V3|WELG.DE|EUR|0,18|11,496000289916992|11,399999618530273|-0,00501987289239747|0,00930640416146944|0,10694300502909226|0,05586254340803176|0,056131842242265195|0,4659271922152799|866,0|827,0|853,0|604,0|794,75
S|753|716|821|iShares MSCI Australia UCITS ETF USD (Acc)|Other|Broad Market / Other|Broad Market / Other|Acc|IE00B5377D42|IBC6.DE|EUR|0,5|55,060001373291016|54,540000915527344|-0,02514161084373634|0,03828026854088229|0,1159303040740487|0,14469860956262948|0,03388967551408628|0,7419642202397762|1347,0|568,0|830,0|792,0|795,15
S|754|871|657|iShares Core MSCI EMU UCITS ETF EUR (Acc)|Other|Broad Market / Other|Broad Market / Other|Acc|IE00B53QG562|SXR7.DE|EUR|0,12|243,6999969482422|242,14999389648438|-0,013759648204335173|0,009318699641492678|0,1527909365388822|0,10396374608490233|0,041159316801211654|0,05641135063300633|1059,0|826,0|640,0|731,0|795,45
S|755|866|663|BNP Paribas Easy MSCI EMU Min TE UCITS ETF C|Other|Broad Market / Other|Broad Market / Other|Acc|LU1291098827|EMUX.DE|EUR|0,15|20,450000762939453|20,31999969482422|-0,014457794557134807|0,010375543191505132|0,1509455857083679|0,1027825751201068|0,04144257861667744|-0,028709963295276558|1077,0|815,0|653,0|726,0|796,0
N|756|666|900|VanEck J.P. Morgan EM LC Bond UCITS ETF USD A|Bonds / Fixed Income|Fixed Income|Bonds|Acc|IE00BDS67326|EM1C.DE|EUR|0,3|61,63600158691406|60,944000244140625|0,009367260883778705|0,01338336472839341|0,08548483610513924|0,05299486057950897|0,030102393354462853|2,7689760799954057|588,0|770,0|919,0|854,0|796,75
S|757|794|733|BNP Paribas Easy MSCI Europe SRI PAB UCITS ETF|ESG / Sustainable|Broad Market / Other|Broad Market / Other|Unknown|LU1753045415|ZSRI.DE|EUR|0,25|33,18000030517578|32,9900016784668|-0,010880843156743203|0,012048206789753824|0,13466633879645973|0,10860118399909258|0,042667346091517455|0,5643726145232749|1004,0|786,0|768,0|702,0|797,4
N|758|595|990|Amundi MSCI Water UCITS ETF Dist|Commodity / Energy|Materials|Materials|Distr|FR0010527275|LYM8.DE|EUR|0,6|70,7699966430664|69,48999786376953|0,023427260758356327|0,02062302250792536|0,043595241925775685|0,06421047583558503|0,01959440418934766|3,0584159764840617|474,0|700,0|1042,0|930,0|797,6
S|759|723|817|iShares DAX ESG UCITS (DE) ETF|ESG / Sustainable|Broad Market / Other|Broad Market / Other|Unknown|DE000A0Q4R69|EXIA.DE|EUR|0,12|8,105999946594238|8,029000282287598|-0,01994921577553288|0,030773157147740093|0,08732394762581785|0,08267663403025094|0,04484546747647977|0,3880789100766775|1247,0|617,0|909,0|684,0|797,9000000000001
S|760|838|696|iShares Core EURO STOXX 50 UCITS ETF EUR Dist|Region: Europe|Broad Market / Other|Broad Market / Other|Distr|IE0008471009|EUN2.DE|EUR|0,1|63,959999084472656|63,58000183105469|-0,016756401478073446|0,013735315958338434|0,1441945878663058|0,09583376469370286|0,04206392419875482|-0,12230312751256005|1155,0|764,0|709,0|710,0|798,1
S|761|715|828|BNPPE MSCI Europe Small Caps SRI PAB UCITS ETF|ESG / Sustainable|Broad Market / Other|Broad Market / Other|Unknown|LU1291101555|EESM.DE|EUR|0,25|334,25|330,6499938964844|-0,02308927089700452|0,03611281362699703|0,1154680687744929|0,08434712084347118|0,03303470119446339|0,19840520677307008|1309,0|582,0|833,0|811,0|799,6
S|762|839|702|Invesco EURO STOXX 50 UCITS Acc ETF|Region: Europe|Broad Market / Other|Broad Market / Other|Acc|IE00B60SWX25|SC0D.DE|EUR|0,05|164,0|163,0800018310547|-0,0173756381218505|0,014098434096505574|0,14381360311739888|0,09669658528203295|0,04206776879991447|-0,09683987515403288|1176,0|757,0|718,0|709,0|800,5
S|763|955|592|iShares Edge MSCI Europe Multifactor UCITS EUR (Acc) ETF|Region: Europe|Broad Market / Other|Broad Market / Other|Acc|IE00BZ0PKV06|IBC0.DE|EUR|0,25|13,052000045776367|12,934000015258789|-0,024805721988969576|0,010060371082782016|0,19109324946894324|0,10236485452439514|0,04193609467973314|-0,6275565385189983|1341,0|819,0|518,0|712,0|800,65
S|764|844|701|Xtrackers EURO STOXX 50 UCITS 1C ETF|Region: Europe|Broad Market / Other|Broad Market / Other|Acc|LU0380865021|XESC.DE|EUR|0,09|112,08000183105469|111,41999816894531|-0,018047989921231578|0,01429865910456729|0,14367348807198654|0,09688785962332225|0,0424849047015976|-0,21876498910248135|1195,0|753,0|719,0|705,0|801,2
S|765|1000|560|Xtrackers MSCI North America High Dividend Yield UCITS 1C ETF|Factor / Smart Beta|Broad Market / Other|Broad Market / Other|Acc|IE00BH361H73|XDND.DE|EUR|0,39|61,349998474121094|61,220001220703125|-0,011121896054543057|0,0009789126725001651|0,18390580539213564|0,17124851514113626|0,051375112175464865|0,5148606862743321|1007,0|979,0|534,0|631,0|802,3499999999999
S|766|881|664|Goldman Sachs Alp Enh Eur Eq Actv UCITS EURAcc ETF|Other|Broad Market / Other|Broad Market / Other|Acc|IE000RITWOD4|GQEU.DE|EUR|0,25|11,25|11,12399959564209|-0,01643641631895376|0,010781660765967649|0,1581223277311592|0,0979894282328917|0,034872916552593836|0,4614676305032033|1142,0|806,0|613,0|779,0|802,75
S|767|891|661|State Street SPDR MSCI EMU UCITS ETF|Other|Broad Market / Other|Broad Market / Other|Unknown|IE00B910VR50|ZPRE.DE|EUR|0,08|104,27999877929688|103,63999938964844|-0,01659753037565992|0,010465134331315351|0,15213784463666902|0,10512927198791333|0,040557068191549694|-0,12498512628188674|1148,0|812,0|641,0|737,0|804,65
S|768|853|703|Invesco EURO STOXX 50 UCITS Dist ETF|Region: Europe|Broad Market / Other|Broad Market / Other|Distr|IE00B5B5TG76|S6X0.DE|EUR|0,05|60,810001373291016|60,43000030517578|-0,01697379933237253|0,013331162708444033|0,14364096752983313|0,09692605657644626|0,04210897165279959|-0,10996847441127533|1166,0|771,0|720,0|707,0|804,7
S|769|868|685|Amundi Core EURO STOXX 50 UCITS ETF EUR Dist|Region: Europe|Broad Market / Other|Broad Market / Other|Distr|LU1681047319|V50D.DE|EUR|0,09|101,63999938964844|101,12000274658203|-0,017781251522948183|0,013157891734845384|0,14513724722310517|0,09667672696341456|0,041983289567555815|-0,2265623588360733|1188,0|775,0|699,0|711,0|805,1500000000001
S|770|883|668|Amundi Core MSCI EMU UCITS ETF Dist|Other|Broad Market / Other|Broad Market / Other|Distr|LU1646360971|LMVF.DE|EUR|0,12|82,76000213623047|82,30000305175781|-0,0147618793305897|0,009145225953709257|0,1516021759961408|0,10243775772835706|0,039568573367201765|-0,20670663928315136|1086,0|830,0|645,0|747,0|805,55
S|771|870|686|JPM US Val Eq Active UCITS ETF - EUR Hedged (acc)|Region: US|Broad Market / Other|Broad Market / Other|Acc|IE000CQQ22C8|JPVE.DE|EUR|0,49|33,06999969482422|32,7599983215332|-0,023763846647255504|0,017069054762229863|0,1474670383415464|0,10824395193430325|0,04028467577803707|-0,22708885907146267|1322,0|726,0|675,0|742,0|805,85
S|772|969|595|Robeco 3D European Equity UCITS ETF EUR Acc|Other|Broad Market / Other|Broad Market / Other|Acc|IE0007WLHX89|3D3D.DE|EUR|0,25|6,6539998054504395|6,578000068664551|-0,01655335382290779|0,005591612796991718|0,1829332987467447|0,11850730168435164|0,04420283093749555|0,09535267072824502|1146,0|903,0|539,0|691,0|806,0500000000001
S|773|691|869|Xtrackers S&P ASX 200 UCITS 1D ETF|Other|Broad Market / Other|Broad Market / Other|Distr|LU0328474803|DX2S.DE|EUR|0,5|44,650001525878906|44,165000915527344|-0,02617223529286472|0,042640759526753946|0,09652602611394112|0,12269772117319588|0,030558354133384036|0,647677777503773|1357,0|536,0|881,0|842,0|806,5999999999999
N|774|628|972|HSBC Bloomberg Gl ESG Aggrt 1-3Y Bd UCITS ETF USD|ESG / Sustainable|Broad Market / Other|Broad Market / Other|Unknown|IE000XGNMWE1|HGGA.DE|EUR|0,18|9,895400047302246|9,87600040435791|0,01794057552250239|0,01649748356090397|0,04313631383606831|0,039891501737816304|0,026491224836597826|2,0349302576747164|512,0|734,0|1043,0|883,0|807,75
S|775|913|648|Amundi Prime Eurozone UCITS ETF DR C|Other|Broad Market / Other|Broad Market / Other|Acc|LU2089238112|PRAZ.DE|EUR|0,05|38,435001373291016|38,185001373291016|-0,016378742857388273|0,008527965303972707|0,15715794661215488|0,10668015778545903|0,03984615040314354|-0,2145990104367634|1137,0|835,0|620,0|744,0|808,3499999999999
N|776|635|960|iShares Global Water UCITS ETF USD (Dist)|Commodity / Energy|Materials|Materials|Distr|IE00B1TXK627|IQQQ.DE|EUR|0,65|67,20999908447266|65,54000091552734|0,0246989302794971|0,013572636993141707|0,05008212940447243|0,05909361576634442|0,025683256438890245|3,349058461352646|464,0|767,0|1021,0|889,0|809,45
S|777|916|653|Amundi Prime Eurozone UCITS ETF DR D|Other|Broad Market / Other|Broad Market / Other|Distr|LU1931974429|PR1Z.DE|EUR|0,05|39,68000030517578|39,44499969482422|-0,01611707156874953|0,007874050843317493|0,15522146547870586|0,10483083095288714|0,03999172867622458|-0,23034073460765228|1125,0|844,0|627,0|743,0|811,7
S|778|875|698|Amundi Core EURO STOXX 50 UCITS ETF EUR Acc|Region: Europe|Broad Market / Other|Broad Market / Other|Acc|LU1681047236|V50A.DE|EUR|0,09|168,6199951171875|167,86000061035156|-0,018167056458495034|0,012489503512114641|0,14489405564070656|0,0963588541701288|0,04148198728281449|-0,29199011274930164|1201,0|779,0|702,0|724,0|812,05
S|779|979|601|The Royal Mint Physical Gold ETC |Commodity / Energy|Materials|Materials|Unknown|XS2115336336|RM8U.DE|EUR|0,22|36,220001220703125|36,43000030517578|-0,05029102844989142|0,013884285377463224|1,3939194280727554|1,3939194280727554|-0,024130771230787995|-1,2072053956491706|1541,0|762,0|4,0|1382,0|813,3500000000001
S|780|1117|472|Invesco S&P SmallCap 600 UCITS ETF Acc|Other|Broad Market / Other|Broad Market / Other|Acc|IE00BH3YZ803|SMLK.DE|EUR|0,14|72,72000122070312|72,43000030517578|-0,005198320948700097|-0,01074684930716363|0,21301084729356612|0,21058767421583435|0,060420045955190904|1,9111021587246044|873,0|1166,0|411,0|574,0|814,9000000000001
S|781|771|806|OSSIAM Stoxx Europe 600 EqualWeightNR UCITS ETF 1C|Region: Europe|Broad Market / Other|Broad Market / Other|Acc|LU0599613147|OSX6.DE|EUR|0,3|156,1199951171875|154,39999389648438|-0,02119125318377746|0,023066768498581247|0,126406841573923|0,08251278460519185|0,03353490748043142|-0,0433680236052438|1271,0|669,0|792,0|800,0|816,25
S|782|1106|491|iShares S&P SmallCap 600 UCITS ETF USD (Dist)|Other|Broad Market / Other|Broad Market / Other|Distr|IE00B2QWCY14|IUS3.DE|EUR|0,3|100,4800033569336|99,80000305175781|-0,004557153490655774|-0,009569267165116413|0,20458119172191958|0,2032895657706668|0,06063520268323974|2,114316729865905|857,0|1149,0|459,0|573,0|817,5
S|783|1101|494|Invesco Russell 2000 UCITS Acc ETF|Region: US|Broad Market / Other|Broad Market / Other|Acc|IE00B60SX402|SC0K.DE|EUR|0,25|130,6199951171875|129,25999450683594|-0,0035093584638492548|-0,009554213822972168|0,20298390969292845|0,20498148780933279|0,06175954538879558|1,9111172367213425|843,0|1148,0|475,0|566,0|817,6000000000001
N|784|674|929|StSt SPDR ICE BofA 0-5Y EMUSDGvtBd UCITS ETF Dist|Other|Broad Market / Other|Broad Market / Other|Distr|IE00BP46NG52|ZPR5.DE|EUR|0,42|23,860000610351562|23,766000747680664|0,022542255284894175|0,009301507871366299|0,06426062351770834|0,0504981831382838|0,030388573762350823|1,9352412422553524|483,0|828,0|979,0|848,0|818,0
S|785|1061|542|UBS MSCI EMU Value UCITS EUR acc ETF|Factor / Smart Beta|Broad Market / Other|Broad Market / Other|Acc|LU0950669845|AW1T.DE|EUR|0,25|23,079999923706055|22,75|-0,03552028293480136|0,006541631772085665|0,2100241503503555|0,11336229779849827|0,04168734789048223|-1,2375027863284571|1455,0|876,0|422,0|721,0|818,3500000000001
S|786|877|715|iShares Core EURO STOXX 50 UCITS ETF EUR (Acc)|Region: Europe|Broad Market / Other|Broad Market / Other|Acc|IE00B53L3W79|SXRT.DE|EUR|0,1|244,75|243,5|-0,018447988734381582|0,012828496510716159|0,1428905298886305|0,09532335351381338|0,041442828338759785|-0,1902116249344308|1209,0|777,0|726,0|725,0|818,65
S|787|1072|535|UBS MSCI EMU Value UCITS ETF EUR dis|Factor / Smart Beta|Broad Market / Other|Broad Market / Other|Distr|LU0446734369|UIME.DE|EUR|0,25|62,880001068115234|62,040000915527344|-0,035730686230176945|0,006261443866282912|0,21091015569932603|0,11435990108979821|0,04186757235684735|-1,247438925352479|1458,0|884,0|416,0|714,0|819,0999999999999
S|788|940|647|Invesco MSCI Eu Ex UK Univ Scrnd UCITS ETF Acc|Region: Europe|Broad Market / Other|Broad Market / Other|Acc|IE00BMDBMW94|ESGX.DE|EUR|0,16|74,72000122070312|73,97000122070312|-0,016971462692703443|0,007279602498055926|0,1532643951976853|0,1090989783950096|0,04184896678803862|0,24893081094999622|1165,0|857,0|638,0|716,0|820,25
S|789|472|1242|Xtrackers IE Physical Platinum ETC |Other|Broad Market / Other|Broad Market / Other|Unknown|DE000A2T0VT7|XPPT.DE|EUR|0,38|37,0620002746582|36,68000030517578|-0,033232426679318694|0,09969736644173355|0,08374753661570411|-0,1673331459837818|-0,0931363003283514|-0,7098043505156073|1430,0|148,0|924,0|1578,0|820,3
N|790|668|939|iShares $ Short Dur Corp Bd UCITS ETF USD Dist|Other|Broad Market / Other|Broad Market / Other|Distr|IE00BCRY5Y77|IS3J.DE|EUR|0,2|87,22000122070312|87,11000061035156|0,02553323987714151|0,009173672132122945|0,05721878429781202|0,050244364333491554|0,0303280868001099|1,7314277166218575|455,0|829,0|1003,0|849,0|820,4000000000001
N|791|523|1132|UBS BBG Japan Gov 1-3 UCITS ETF JPY acc|Region: Japan|Broad Market / Other|Broad Market / Other|Acc|LU2098179695|CHSD.DE|EUR|0,15|6,509399890899658|6,534800052642822|0,008958989314549193|0,03980701356299399|-0,0157256618121816|0,031894995742012267|0,03136312616609005|0,9545755053705217|591,0|558,0|1373,0|829,0|820,9000000000001
N|792|690|910|UBS J.P. Morgan USD EM Diversified Bond 1-5 UCITS USD dis ETF|Bonds / Fixed Income|Fixed Income|Bonds|Distr|LU1645385839|SEAA.DE|EUR|0,35|9,566200256347656|9,538800239562988|0,019198868840209604|0,007356870323875331|0,07941975186950145|0,06008770154546683|0,03077916231162714|1,8909169972178057|506,0|855,0|944,0|838,0|821,5
S|793|706|885|Amundi Australia S&P/ASX 200 UCITS ETF Dist|Other|Broad Market / Other|Broad Market / Other|Distr|LU0496786905|LYPU.DE|EUR|0,4|56,16999816894531|55,650001525878906|-0,02769607540488317|0,04095624762730199|0,09597230979264282|0,11870143782408027|0,027373426648915622|0,47211345255813475|1371,0|550,0|883,0|878,0|822,0
S|794|933|659|iShares EURO STOXX 50 ESG UCITS EUR (Acc) ETF|ESG / Sustainable|Broad Market / Other|Broad Market / Other|Acc|IE000LXEN6X4|ES50.DE|EUR|0,1|8,430000305175781|8,397000312805176|-0,019539343559692113|0,009580828748653625|0,15353040557844655|0,10152886967721875|0,04044919972350214|0,023802864994872257|1238,0|824,0|636,0|739,0|822,0999999999999
S|795|749|845|VanEck Circular Economy UCITS ETF USD A|Other|Broad Market / Other|Broad Market / Other|Acc|IE0001J5A2T9|REUS.DE|EUR|0,4|24,80500030517578|24,43000030517578|-0,005612322764529276|0,011829529787783732|0,13135695180536544|0,106624996298476|0,02334764394613842|1,8268453594215064|885,0|788,0|778,0|904,0|823,25
S|796|867|750|Xtrackers MSCI World Industrials UCITS 1C ETF|Global / Broad|Industrials|Industrials|Acc|IE00BM67HV82|XDWI.DE|EUR|0,25|75,16999816894531|74,63999938964844|0,011437008579270547|-0,0010631472565406641|0,1486857482355859|0,13532697792430448|0,030273599940102702|2,203098443309216|561,0|1009,0|666,0|851,0|824,45
S|797|893|717|Amundi EURO STOXX 50 II UCITS ETF Acc|Region: Europe|Broad Market / Other|Broad Market / Other|Acc|FR0007054358|LYSX.DE|EUR|0,2|71,44999694824219|71,08999633789062|-0,018409176403778704|0,01175296190002384|0,1431999511718749|0,09434823014759464|0,040766084099549627|-0,28093572561359287|1207,0|790,0|723,0|734,0|824,5999999999999
N|798|626|1010|L&G Clean Water UCITS ETF USD Acc|Commodity / Energy|Materials|Materials|Acc|IE00BK5BC891|XMLC.DE|EUR|0,49|18,506000518798828|18,215999603271484|0,010704590855997509|0,018716291188692002|0,04106669035830701|0,06552282855145397|0,014395385436166253|2,7688572540462966|568,0|712,0|1049,0|963,0|824,85
N|799|738|861|Global X Lithium and Battery Tech UCITS ETF USDAcc|Technology|Information Technology|Technology Hardware & Software|Acc|IE00BLCHJN13|LI7U.DE|EUR|0,6|11,29800033569336|10,883999824523926|-0,005807812643451871|0,013273607374579832|0,21850732900538827|0,11004124936389692|-0,029704846584163502|1,8472936598360188|891,0|772,0|388,0|1432,0|825,8500000000001
S|800|969|623|iShares EURO STOXX Mid UCITS ETF EUR (Dist)|Region: Europe|Broad Market / Other|Broad Market / Other|Distr|IE00B02KXL92|IQQM.DE|EUR|0,4|88,08000183105469|86,94000244140625|-0,02419921823163751|0,00853454395452613|0,17020483816461218|0,1114522163006968|0,03884667589239421|-1,0858900015068473|1330,0|834,0|572,0|751,0|826,3000000000001
S|801|952|640|Invesco MSCI Europe Universal Scrnd UCITS ETF Acc|Region: Europe|Broad Market / Other|Broad Market / Other|Acc|IE00BJQRDL90|ESGE.DE|EUR|0,16|81,91999816894531|81,20999908447266|-0,01821673331719187|0,0068829591247876465|0,16099774664700206|0,10463853996275829|0,0398380126181741|0,07627322093204879|1203,0|868,0|600,0|745,0|826,6500000000001
S|802|1206|440|iShares FTSE MIB UCITS ETF EUR (Acc)|Other|Broad Market / Other|Broad Market / Other|Acc|IE00B53L4X51|SXRY.DE|EUR|0,33|255,10000610351562|251,5|-0,016387121264626714|-0,009512645333233483|0,2335590055076997|0,14832326406628238|0,05841292460111136|-0,8162345024291112|1139,0|1147,0|317,0|590,0|826,9
N|803|660|970|iShares JPM EM Local Govt Bond UCITS ETF USD D|Bonds / Fixed Income|Fixed Income|Bonds|Distr|IE00B5M4WH52|IUSP.DE|EUR|0,52|40,345001220703125|39,83599853515625|0,008095782539093266|0,014669058743392194|0,04809699074211715|0,016351162674709707|0,024285499075269668|2,5652097384305255|611,0|750,0|1028,0|897,0|828,05
S|804|902|724|UBS Core EURO STOXX 50 UCITS EUR dis ETF|Region: Europe|Broad Market / Other|Broad Market / Other|Distr|LU0136234068|UIM1.DE|EUR|0,06|63,09000015258789|62,83000183105469|-0,019275635678098202|0,011981320767924464|0,14223073984126833|0,09483129730570994|0,04040342993278112|-0,3673129711179596|1234,0|787,0|729,0|740,0|830,15
S|805|736|871|UBS MSCI Pacific ex Japan IMI SR UCITS ETF USD acc|Region: Japan|Broad Market / Other|Broad Market / Other|Acc|IE000BKMMHF9|BCFB.DE|EUR|0,19|18,190000534057617|18,02400016784668|-0,02872704444688423|0,03646731195552255|0,08080811744009098|0,09909373852565517|0,03515783294415287|0,476397601762056|1387,0|581,0|939,0|776,0|830,4000000000001
S|806|863|771|Xtrackers MSCI Europe ESG UCITS ETF|ESG / Sustainable|Broad Market / Other|Broad Market / Other|Unknown|IE0004ZJGWT9|XZEP.DE|EUR|0,18|583,5|579,5|-0,014524532917649657|0,010375941883903117|0,10595984582837858|0,10250303416952322|0,048727620384334536|0,7927911754966346|1078,0|814,0|856,0|649,0|831,1
S|807|847|789|Amundi MSCI EMU Screened UCITS ETF Acc|Other|Broad Market / Other|Broad Market / Other|Acc|LU2240851688|DECD.DE|EUR|0,12|91,23999786376953|90,48999786376953|-0,012447251147051697|0,010297866574211723|0,11336182137254625|0,08891272069268608|0,04212470588412742|0,14919194156699433|1030,0|817,0|838,0|706,0|832,0
S|808|908|734|iShares STOXX Europe Mid 200 UCITS (DE) ETF|Region: Europe|Broad Market / Other|Broad Market / Other|Unknown|DE0005933998|EXSD.DE|EUR|0,2|65,62000274658203|64,97000122070312|-0,01943349092117974|0,011428236114792378|0,1481457947573146|0,10024180274000472|0,031565745150066826|-0,7254988999575633|1236,0|793,0|669,0|826,0|835,0500000000001
N|809|677|951|Invesco BlltShs 2029 USD Crp Bd UCITS ETF Dist|Other|Broad Market / Other|Broad Market / Other|Distr|IE000C5Q64P6|BS29.DE|EUR|0,1|4,576300144195557|4,565000057220459|0,024736571122647044|0,0078063749349197575|0,053724692653470685|0,04542659490186085|0,02793870902713591|1,9023505731977448|462,0|846,0|1012,0|876,0|835,9000000000001
S|810|914|728|iShares MSCI EMU Large Cap UCITS ETF EUR (Acc)|Other|Broad Market / Other|Broad Market / Other|Acc|IE00BCLWRF22|IS3G.DE|EUR|0,49|77,08000183105469|76,55000305175781|-0,01432218875825253|0,0070551464471930725|0,14311139674039408|0,09488636591464039|0,03718557594604133|0,17925728113378248|1070,0|862,0|724,0|755,0|837,3
S|811|956|671|iShares Europe Equity Enh Active UCITS ETF EUR Acc|Region: Europe|Broad Market / Other|Broad Market / Other|Acc|IE00000EF730|EUEE.DE|EUR|0,25|6,642000198364258|6,5960001945495605|-0,01905179616411934|0,007126673186935939|0,15452815042625656|0,10058001098582281|0,035679679186004565|-0,17161166988856513|1230,0|861,0|630,0|772,0|840,8000000000001
S|812|937|709|UBS Core MSCI Europe UCITS EUR acc ETF|Region: Europe|Broad Market / Other|Broad Market / Other|Acc|LU0950668524|CHSU.DE|EUR|0,06|11,704000473022461|11,593999862670898|-0,0151463610029694|0,006362885456007605|0,1488025901600427|0,10165671295990841|0,03424390278133749|0,07594583139996197|1103,0|879,0|664,0|790,0|841,05
S|813|910|756|iShares MSCI EMU ESG Enhanced CTB UCITS EUR (Acc) ETF|ESG / Sustainable|Broad Market / Other|Broad Market / Other|Acc|IE00BHZPJ015|EDM4.DE|EUR|0,12|10,350000381469727|10,3100004196167|-0,012027439165937293|0,006613576753719208|0,13949137650805055|0,09512222489962752|0,03646144665170681|-0,08164612639598474|1024,0|874,0|742,0|764,0|841,5
N|814|730|906|iShares Moderate Portfolio UCITS ETF EUR Acc|Other|Broad Market / Other|Broad Market / Other|Acc|IE00BLLZQS08|MODR.DE|EUR|0,28|6,8429999351501465|6,793000221252441|-0,0016049250445947516|0,010932173313715987|0,08275312488659092|0,0663861820806122|0,030076631884614624|1,8346854384084446|793,0|801,0|928,0|855,0|842,35
S|815|661|1002|WisdomTree Strategic Metals and Rare Earths Miners UCITS USD Acc ETF|Commodity / Energy|Materials|Materials|Acc|IE000KHX9DX6|RARE.DE|EUR|0,5|46,244998931884766|45,66999816894531|-0,06970428920547322|0,059328833467203745|0,17641814592521743|0,030758881127609605|-0,07894175591676222|-0,4987765407745431|1575,0|389,0|555,0|1567,0|844,0
N|816|739|907|UBS JPM EM Mlt-Fc Enhcd LC Bond UCITS ETF USD dis|Bonds / Fixed Income|Fixed Income|Bonds|Distr|LU1720938841|UEFE.DE|EUR|0,4|11,4375|11,322999954223633|0,0022784053753084343|0,007977783468663624|0,09011344440962143|0,05183233496382367|0,025139405424370986|1,982197325690527|702,0|843,0|897,0|894,0|845,5500000000001
S|817|902|775|Xtrackers MSCI Europe Climate Transition UCITS ETF|ESG / Sustainable|Broad Market / Other|Broad Market / Other|Unknown|IE000N9MLVT1|XECT.DE|EUR|0,12|47,040000915527344|46,57500076293945|-0,014249796474874454|0,007712095287018439|0,13939690176542352|0,09471723479643002|0,033440176926476495|0,4528338735916024|1066,0|850,0|743,0|801,0|845,85
S|818|712|938|Xtrackers MSCI Malaysia UCITS 1C ETF|Other|Broad Market / Other|Broad Market / Other|Acc|LU0514694370|XCS3.DE|EUR|0,5|12,607999801635742|12,491999626159668|0,000634874597129409|0,012202911815064388|0,12692171175849443|0,058606210173486994|-0,00027040601106143036|0,44088361907136076|757,0|784,0|790,0|1112,0|847,05
S|819|954|695|Amundi Prime Europe UCITS DR (C) ETF|Region: Europe|Broad Market / Other|Broad Market / Other|Acc|LU2089238039|PRAE.DE|EUR|0,05|36,380001068115234|36,025001525878906|-0,020067311296559365|0,007616715949745556|0,15199497010783647|0,09809839707876877|0,03382306308511085|-0,14318771100200522|1250,0|852,0|642,0|793,0|847,4
S|820|918|760|Xtrackers Europe Biodiversity Focus SRI UCITS 1C ETF|ESG / Sustainable|Broad Market / Other|Broad Market / Other|Acc|IE000VMAR5O6|XBEE.DE|EUR|0,3|43,900001525878906|43,60499954223633|-0,022706960922620034|0,01233713424892513|0,14382491673116427|0,08811501295361279|0,03313568710637793|-0,15791435043635377|1300,0|781,0|717,0|806,0|847,8500000000001
N|821|747|920|iShares $ Sht Duration HY Crp Bd UCITS ETF USD D|Other|Broad Market / Other|Broad Market / Other|Distr|IE00BCRY6003|IS3K.DE|EUR|0,45|75,0999984741211|75,06600189208984|0,01954350667200555|0,004913850150080945|0,06517097369770264|0,0553471761133939|0,03080476994868464|1,6289821006744223|502,0|925,0|973,0|837,0|855,95
S|822|953|718|State Street SPDR FTSE Global Convertible Bond UCITS ETF|Bonds / Fixed Income|Fixed Income|Bonds|Unknown|IE00BDT6FP91|SPF1.DE|EUR|0,55|53,444000244140625|52,90800094604492|-0,00569301871366279|0,0002994467303971682|0,1596580727956105|0,11973852671594831|0,027354641372483002|1,3219175534795995|889,0|987,0|608,0|879,0|855,95
N|823|701|958|StSt SPDR BBG 0-5 Y Strlg Corp Bd UCITS ETF Dist|Other|Broad Market / Other|Broad Market / Other|Distr|IE00BCBJF711|SYBQ.DE|EUR|0,2|33,89400100708008|33,76599884033203|0,008509857282566369|0,008394712058890974|0,05455927203188815|0,041231926908173344|0,024564651503446555|2,5869382898086637|600,0|837,0|1009,0|895,0|856,05
S|824|687|981|Xtrackers IE Physical Silver EUR Hedged ETC |Other|Materials|Materials|Unknown|DE000A2UDH55|XSLE.DE|EUR|0,73|64,33000183105469|63,47999954223633|-0,08034303591672609|0,053985450837717774|0,19929162123497757|-0,18077044786998286|-0,17788451966834073|-1,1615963420654964|1582,0|445,0|488,0|1599,0|857,0999999999999
N|825|708|963|iShares $ TIPS 0-5 UCITS ETF USD Dist|Other|Broad Market / Other|Broad Market / Other|Distr|IE00BDQYWQ65|SXRH.DE|EUR|0,1|4,316199779510498|4,315999984741211|0,024106603525852366|0,005896093533822144|0,04763236855734987|0,04780590789587014|0,026219146994546083|1,7751843499389142|469,0|889,0|1030,0|885,0|860,45
S|826|1275|452|Xtrackers FTSE MIB UCITS 1D ETF|Other|Broad Market / Other|Broad Market / Other|Distr|LU0274212538|DBXI.DE|EUR|0,3|49,810001373291016|49,26499938964844|-0,01987403242027308|-0,012272804808907356|0,23165244921390538|0,15757430367002145|0,054590352396509445|-1,1058056125404063|1246,0|1180,0|322,0|610,0|861,4
S|827|795|886|BNP Paribas Easy Growth Europe UCITS ETF Cap|Factor / Smart Beta|Broad Market / Other|Broad Market / Other|Unknown|LU2244387887|EGRE.DE|EUR|0,31|11,758000373840332|11,649999618530273|-0,008433077202583128|0,0104847626018032|0,06522923175045969|0,08129490629671521|0,036031150845780235|0,7567827499108255|938,0|811,0|972,0|767,0|861,5
S|828|949|745|iShares EURO STOXX UCITS (DE) ETF|Region: Europe|Broad Market / Other|Broad Market / Other|Unknown|DE000A0D8Q07|EXSI.DE|EUR|0,2|66,06999969482422|65,6500015258789|-0,017528416471626618|0,006682755902134296|0,14392584127802688|0,09375428830128363|0,03461607408762979|-0,26015697991240827|1183,0|873,0|714,0|785,0|862,1500000000001
N|829|596|1137|Market Access STOXX China A Minimum Variance Index UCITS - EUR Share Class ETF|Region: Emerging Markets / Asia|Broad Market / Other|Broad Market / Other|Unknown|LU1750178011|M9SV.DE|EUR|0,45|140,33999633789062|139,3000030517578|0,006309978356941581|0,026928088520178806|0,013431547282909628|-0,02024580455221947|0,002599704958547111|1,4346132988675804|638,0|641,0|1175,0|1084,0|862,6500000000001
N|830|872|843|Fidelity Gl HY Crp Bd Rs Enh PAB UCITS ETF Inc USD|Other|Broad Market / Other|Broad Market / Other|Distr|IE0006OIQXE9|FFGH.DE|EUR|0,35|4,530099868774414|4,522500038146973|0,00013243429606113466|0,00428668516538|0,09573747719354042|0,07458959643229712|0,03591445878926236|0,6387290003022714|771,0|935,0|884,0|769,0|864,45
S|831|988|716|Amundi MSCI Europe UCITS ETF Acc|Region: Europe|Broad Market / Other|Broad Market / Other|Acc|FR0010261198|LYY5.DE|EUR|0,25|244,4499969482422|242,60000610351562|-0,018864126282880478|0,006174109976710751|0,147652567832123|0,09324682591946831|0,033778035855338784|-0,09216245710855295|1225,0|886,0|674,0|794,0|865,45
S|832|1039|653|UBS S&P Dividend Aristocrats ESG Elite UCITS USD dis ETF|ESG / Sustainable|Broad Market / Other|Broad Market / Other|Distr|IE00BMP3HG27|UBUM.DE|EUR|0,3|11,055999755859375|11,02400016784668|-0,024700130179567736|0,005711089305724393|0,16209847125596943|0,11155774770129279|0,03469463722024568|-1,1222181822675263|1340,0|898,0|595,0|783,0|865,5500000000001
S|833|1032|666|JPM Europe Rsrch Enh Idx Eqty Actv UCITS ETF EUR D|Region: Europe|Broad Market / Other|Broad Market / Other|Distr|IE000WGK3YY5|JRED.DE|EUR|0,26|50,220001220703125|49,790000915527344|-0,01760558939723078|0,0034187453096481413|0,15766515003582948|0,10174313945868851|0,03477632466018599|0,25648989218080115|1186,0|949,0|615,0|782,0|867,65
S|834|840|876|Xtrackers MSCI EMU High Dividend Yield ESG UCITS ETF|ESG / Sustainable|Broad Market / Other|Broad Market / Other|Unknown|IE000VCBWFL8|XZDZ.DE|EUR|0,25|40,2400016784668|39,80500030517578|-0,011423661262020435|0,009724630257963884|0,10128282678748124|0,05739732309550605|0,028076401111550187|0,49893843051478604|1009,0|820,0|873,0|873,0|872,2
S|835|1140|570|Amundi MSCI EMU Value Factor UCITS ETF Dist|Factor / Smart Beta|Broad Market / Other|Broad Market / Other|Distr|LU1598690169|LGWS.DE|EUR|0,4|188,72000122070312|186,52000427246094|-0,03714285091477998|0,0027630408123966443|0,20390554329116561|0,11024829958933768|0,0390050891806093|-1,3775759224000186|1473,0|963,0|465,0|750,0|872,4000000000001
N|836|815|905|Guinness Sustainable Energy UCITS ETF Acc|Commodity / Energy|Energy|Energy|Acc|IE00BNC1F287|ECLM.DE|EUR|0,65|6,991000175476074|6,997000217437744|0,015100927876493975|0,0010022865515402213|0,1073974261973103|0,094053258458207|0,018368827756709116|1,6887624392069132|531,0|977,0|852,0|946,0|872,6500000000001
S|837|1199|527|StSt SPDR Russell 2000 US Small Cap UCITS ETF Acc|Region: US|Broad Market / Other|Broad Market / Other|Acc|IE00BJ38QD84|ZPRR.DE|EUR|0,3|74,12000274658203|73,69999694824219|-0,0074986282311910735|-0,014623749750994897|0,1966419824010286|0,19954687891833722|0,05672787721815209|1,524176348311372|912,0|1228,0|499,0|600,0|872,75
S|838|1041|668|BNP Paribas Easy ESG Enhanced Europe UCITS ETF C|ESG / Sustainable|Broad Market / Other|Broad Market / Other|Acc|LU2881684745|BJL6.DE|EUR|0,2|12,776000022888184|12,668000221252441|-0,018137108785200584|0,0031407005073282868|0,1539017830833571|0,10118942961942046|0,03651492525682021|0,23483451583012085|1198,0|956,0|633,0|762,0|872,75
B|839|692|1011|Amundi S&P World Communication Services Screened UCITS Dist ETF|Global / Broad|Communication Services|Communication Services|Distr|IE000ANYHV73|WELR.DE|EUR|0,18|19,996000289916992|19,893999099731445|0,021350556431821932|0,007050734453106555|0,02500690513541648|0,02678703562323137|0,022838811610458754|-0,20018388488811326|490,0|863,0|1092,0|910,0|873,7
N|840|1243|490|Amundi MSCI New Energy UCITS ETF Dist|Commodity / Energy|Energy|Energy|Distr|FR0010524777|LYM9.DE|EUR|0,6|41,91999816894531|41,720001220703125|0,01648876000976429|-0,02850529115731104|0,32898685438037756|0,23330379814315494|0,019043821640987835|1,8848429660823254|518,0|1418,0|167,0|937,0|874,0500000000001
S|841|1010|720|Amundi MSCI Europe ESG Broad Transition UCITS DR - EUR (D) ETF|ESG / Sustainable|Broad Market / Other|Broad Market / Other|Distr|LU2678230652|CEUE.DE|EUR|0,12|14,836000442504883|14,696000099182129|-0,015919326593090255|0,003517319019273879|0,14871025644679792|0,09604020142987735|0,033095863400335324|0,24122992961654627|1120,0|947,0|665,0|809,0|874,8499999999999
S|842|1221|509|iShares Edge MSCI Europe Val Fctr UCITS ETF EUR A|Region: Europe|Broad Market / Other|Broad Market / Other|Acc|IE00BQN1K901|CEMS.DE|EUR|0,25|13,534000396728516|13,383999824523926|-0,030932208135089345|-0,0035340437933263358|0,2457658318797935|0,12614418305468766|0,031062166065239927|-1,0702056814477952|1412,0|1062,0|287,0|833,0|874,95
N|843|753|947|Vanguard LifeStrategy 40% Equity UCITS ETF EUR Acc|Other|Broad Market / Other|Broad Market / Other|Acc|IE00BMVB5M21|V40A.DE|EUR|0,25|31,149999618530273|30,9950008392334|0,0009639710311015737|0,008090614986612454|0,06368447262542754|0,053967156044155695|0,02327665639945531|1,8874133741366712|751,0|842,0|980,0|905,0|875,45
S|844|1030|699|Invesco MSCI Europe Cath Principles UCITS ETF Dis|Region: Europe|Broad Market / Other|Broad Market / Other|Distr|IE00BG0NY640|ICFP.DE|EUR|0,3|68,81999969482422|68,5|-0,015649109865143007|0,0012066147037617103|0,14613226934665802|0,11139326019757956|0,040400039906679286|0,11802594086736384|1112,0|975,0|690,0|741,0|877,5
S|845|1037|708|Amundi Prime Europe - UCITS ETF DR (D)|Region: Europe|Broad Market / Other|Broad Market / Other|Distr|LU1931974262|PR1E.DE|EUR|0,05|36,66999816894531|36,404998779296875|-0,020566252297198773|0,004932761912826544|0,1511647902955937|0,09708299195073189|0,03355890885918078|-0,1958584129392542|1260,0|924,0|651,0|798,0|880,95
N|846|765|949|Xtrackers II Australia Government Bond UCITS 1C ETF|Bonds / Fixed Income|Fixed Income|Bonds|Acc|LU0494592974|XCS2.DE|EUR|0,25|148,25|147,92999267578125|-0,003193854994263834|0,009396098105071804|0,07829944606217576|0,08354036006368504|0,01849871946799797|0,8544280496431701|837,0|825,0|950,0|944,0|881,85
S|847|978|781|iShares MSCI Europe ESG Screened UCITS ETF EUR Dis|ESG / Sustainable|Broad Market / Other|Broad Market / Other|Distr|IE00BFNM3F38|SLMD.DE|EUR|0,12|8,880000114440918|8,795999526977539|-0,018892888493225124|0,00634630027013916|0,13884701731241988|0,09265902182641361|0,03310997242770819|0,04615760991482086|1226,0|880,0|746,0|808,0|884,0
N|848|590|1204|iShares Emerging Asia Local Gvt Bd UCITS ETF USD D|Region: Emerging Markets / Asia|Broad Market / Other|Broad Market / Other|Distr|IE00B6QGFW01|IS0S.DE|EUR|0,5|74,03399658203125|73,91400146484375|0,023388814883256392|0,02121488548541839|-0,018116776076971486|-0,016368642910251308|0,01898090333516933|2,1187310893094278|476,0|697,0|1387,0|938,0|884,55
S|849|1063|682|JPM Europe Research Enhanced Index Equity Active UCITS EUR (acc) ETF|Region: Europe|Broad Market / Other|Broad Market / Other|Acc|IE00BF4G7183|JREE.DE|EUR|0,24|55,43000030517578|55,040000915527344|-0,018590638200613796|0,0023508330905746|0,15696097853713242|0,09805865308690853|0,033398560718696624|0,05096519138040445|1214,0|967,0|621,0|803,0|884,75
S|850|865|894|WisdomTree Global Qual Div Gro UCITS ETF EURH Acc|Global / Broad|Broad Market / Other|Broad Market / Other|Acc|IE0007M3MLF3|WGRU.DE|EUR|0,43|22,235000610351562|22,024999618530273|-0,016150432077755017|0,011371389268112653|0,08941699052343965|0,06591562606751178|0,029182332149076506|0,9239160092066966|1127,0|796,0|899,0|866,0|885,4000000000001
S|851|1058|693|Amundi Stoxx Europe 50 UCITS ETF Acc|Region: Europe|Broad Market / Other|Broad Market / Other|Acc|FR0010790980|AE50.DE|EUR|0,15|150,27999877929688|149,3800048828125|-0,016878201103971313|0,0005326353707066911|0,15139437526823007|0,10014635479162814|0,03447823553165574|0,09970201783603369|1160,0|984,0|647,0|786,0|886,5500000000001
S|852|975|794|Xtrackers MSCI Europe ESG UCITS ETF|ESG / Sustainable|Broad Market / Other|Broad Market / Other|Unknown|IE00BFMNHK08|XZEU.DE|EUR|0,2|36,7599983215332|36,625|-0,01855569284594838|0,00629618258751985|0,10241406435186406|0,09813293494103315|0,04522973868023539|0,4020145957112195|1213,0|882,0|867,0|680,0|887,5
N|853|708|1025|Amundi Global Agg SRI 1-5 UCITS DR - USD (C) ETF|ESG / Sustainable|Broad Market / Other|Broad Market / Other|Acc|LU2470620761|AHYF.DE|EUR|0,14|49,09700012207031|48,999000549316406|0,012643324555323021|0,007179897476541797|0,027628350106120303|0,02666140193439026|0,016552182644744118|2,273364342440235|549,0|859,0|1086,0|953,0|888,0500000000001
S|854|964|804|Xtrackers Europe Equity Enhanced Active UCITS 1C ETF|Region: Europe|Broad Market / Other|Broad Market / Other|Acc|IE00002ZKAP0|XEEE.DE|EUR|0,25|35,880001068115234|35,51499938964844|-0,016986272106431888|0,005887381832072824|0,13670205800889734|0,09140687659666114|0,03077681391491338|0,09541624693889775|1168,0|890,0|759,0|839,0|888,75
S|855|1024|742|State Street SPDR MSCI Europe UCITS ETF|Region: Europe|Broad Market / Other|Broad Market / Other|Unknown|IE00BKWQ0Q14|SPYE.DE|EUR|0,08|405,8500061035156|402,6499938964844|-0,0181444293921742|0,004206389292849222|0,14646894379524178|0,09644742076374335|0,032326841586378|-0,046416922679181606|1199,0|937,0|685,0|819,0|889,7
N|856|720|1019|iShares China CNY Bond UCITS EUR Hedged (Dist) ETF|Bonds / Fixed Income|Fixed Income|Bonds|Distr|IE000W336086|CEB0.DE|EUR|0,4|5,3206000328063965|5,3206000328063965|0,003016301240715169|0,009639805088362152|0,033483985782923664|0,030601686243261872|0,01599990883222846|1,2964560319469471|679,0|822,0|1073,0|954,0|889,7
S|857|1027|738|Xtrackers STOXX Europe 600 UCITS ETF|Region: Europe|Broad Market / Other|Broad Market / Other|Unknown|LU2581375156|XSX7.DE|EUR|0,07|98,7300033569336|97,87999725341797|-0,01975772279240684|0,0049509256280935166|0,14771834826331487|0,09355006246569109|0,03142935267631697|-0,1077872258855257|1245,0|923,0|673,0|828,0|889,8000000000001
N|858|757|978|UBS BBG US Liquid Corp 1-5 UCITS ETF USD dis|Region: US|Broad Market / Other|Broad Market / Other|Distr|LU1048314949|UEF7.DE|EUR|0,16|11,917499542236328|11,89799976348877|0,02217163879506745|0,0038466423194598587|0,04590833398616789|0,03789575763857789|0,022992994271338052|1,888966171312313|485,0|943,0|1035,0|908,0|890,3000000000001
N|859|781|954|Vanguard LifeStrategy 40% Equity UCITS ETF EUR Dis|Other|Broad Market / Other|Broad Market / Other|Distr|IE00BMVB5N38|V40D.DE|EUR|0,25|27,09000015258789|26,934999465942383|0,0016638963271213836|0,006315010245622199|0,06302227854566378|0,05272410416296691|0,022568157618707563|1,831717935597099|729,0|881,0|984,0|913,0|890,35
N|860|725|1015|HSBC China Government Local Bond UCITS C H EUR ETF|Bonds / Fixed Income|Fixed Income|Bonds|Unknown|IE000YUU9UG5|H41U.DE|EUR|0,2|11,564000129699707|11,565999984741211|0,0021666152321109244|0,009691789083181135|0,036061475017987954|0,033422749181514666|0,017015049427887563|1,0148054840469931|707,0|821,0|1065,0|950,0|890,7
S|861|1026|741|iShares Core MSCI Europe UCITS ETF EUR Dist|Region: Europe|Broad Market / Other|Broad Market / Other|Distr|IE00B1YZSC51|IQQY.DE|EUR|0,12|39,665000915527344|39,375|-0,01758511664328566|0,0036990735471886804|0,14608978723371413|0,09437943877113919|0,03306209435323981|-0,073683337771499|1185,0|945,0|692,0|810,0|890,75
S|862|1236|545|Xtrackers Russell 2000 UCITS 1C ETF|Region: US|Broad Market / Other|Broad Market / Other|Acc|IE00BJZ2DD79|XRS2.DE|EUR|0,3|375,5|373,6000061035156|-0,008449992352474123|-0,01611422506180482|0,19187435184652424|0,19566952585758712|0,054549412270297415|1,412478897517868|940,0|1250,0|511,0|611,0|890,95
N|863|549|1286|Vaneck Medical Robotics Bionic Ucits Etf|Technology|Information Technology|Technology Hardware & Software|Unknown|IE0005TF96I9|CIB0.DE|EUR|0,55|16,700000762939453|16,323999404907227|0,008575926653128452|0,03598014227731494|-0,047999034474060176|-0,05318061568061572|0,013287456987841173|1,5142551687381411|599,0|584,0|1499,0|970,0|892,2
S|864|1019|761|Invesco MSCI Europe UCITS Acc ETF|Region: Europe|Broad Market / Other|Broad Market / Other|Acc|IE00B60SWY32|SC0E.DE|EUR|0,19|441,8500061035156|438,04998779296875|-0,018547325360079636|0,00488968350419805|0,14468913498320113|0,09504338563448722|0,031921018778536814|-0,08404729560021874|1212,0|926,0|704,0|823,0|892,8000000000001
N|865|751|986|State Street SPDR Bloomberg 1-5 Year Gilt UCITS ETF|Bonds / Fixed Income|Fixed Income|Bonds|Unknown|IE00B6YX5K17|SYB5.DE|EUR|0,15|56,428001403808594|56,2599983215332|0,009409340856183945|0,005656240261107115|0,044475421652173885|0,032760449550035986|0,019696922248634507|2,515452827643903|587,0|901,0|1038,0|927,0|893,35
S|866|1034|746|BNP Paribas Easy MSCI Europe Min TE UCITS ETF C|Region: Europe|Broad Market / Other|Broad Market / Other|Acc|LU1291099718|EEUX.DE|EUR|0,15|20,399999618530273|20,2450008392334|-0,018759080318548338|0,004184055241847284|0,14401069877926265|0,09442061622916342|0,03430336161717773|-0,06204357111258068|1218,0|938,0|712,0|788,0|893,5000000000001
N|867|724|1021|iShares   AAA CLO Active UCITS ETF EUR (Acc)|Other|Broad Market / Other|Broad Market / Other|Acc|IE000Q9IHH10|EUCL.DE|EUR|0,25|1044,0|1043,1500244140625|0,0032673693002425175|0,00908566077313|0,03407292516434324|0,02599382096637859|0,014162089203966444|2,341153750680075|673,0|833,0|1070,0|965,0|894,6500000000001
S|868|1038|749|Amundi Core Stoxx Europe 600 UCITS ETF A|Region: Europe|Broad Market / Other|Broad Market / Other|Acc|LU0908500753|LYP6.DE|EUR|0,07|314,1000061035156|311,70001220703125|-0,020121609530738493|0,004637813002840829|0,1469782695012447|0,09309204604771626|0,031003144556240203|-0,2239137509304259|1253,0|928,0|679,0|834,0|895,7
S|869|1189|584|BNP Paribas Easy ECPI Global ESG Hydrogen Economy UCITS ETF|ESG / Sustainable|Broad Market / Other|Broad Market / Other|Unknown|LU2365458145|HYDRO.PA|EUR|0,3|14,0|13,942500114440918|-0,009368512294607667|-0,013591282120129833|0,24073878742146526|0,1678540195204199|0,012629074679968433|0,2369445912390707|966,0|1201,0|297,0|981,0|895,7500000000001
S|870|1044|726|UBS Core MSCI Europe UCITS ETF EUR dis|Region: Europe|Broad Market / Other|Broad Market / Other|Distr|LU0446734104|UIMA.DE|EUR|0,06|104,36000061035156|103,54000091552734|-0,018804061569414388|0,00330911392982558|0,14703812837556862|0,09760887441816268|0,03290062352706946|-0,091734339537291|1221,0|952,0|677,0|813,0|895,8000000000001
S|871|841|933|iShares STOXX Europe 600 Industrial Goods & Services UCITS (DE) ETF|Region: Europe|Industrials|Industrials|Unknown|DE000A0H08J9|EXH4.DE|EUR|0,46|116,44000244140625|117,33999633789062|-0,014222826499421082|0,010995402303266788|0,08280500969996507|0,08786805211978899|0,020463244652662693|-0,17090834977028488|1065,0|800,0|926,0|923,0|895,85
S|872|999|797|Xtrackers STOXX Europe 600 UCITS 2C EUR Hedged ETF|Region: Europe|Broad Market / Other|Broad Market / Other|Acc|LU1772333404|XSXE.DE|EUR|0,25|158,10000610351562|156,86000061035156|-0,022867718655472435|0,007006408302647316|0,1398702925892119|0,08719576464193723|0,030278225172792883|-0,5034752385831661|1303,0|865,0|741,0|850,0|896,7
N|873|827|944|BNP PARIBAS EASY II US High Yield Opportunities UCITS USD Acc ETF|Bonds / Fixed Income|Fixed Income|Bonds|Acc|IE000IAPH329|AHYT.DE|EUR|0,35|10,842000007629395|10,817500114440918|0,010438068049509308|0,0015242227824878718|0,06023862561968785|0,04961516040691816|0,027252947847788977|1,591936707045529|572,0|972,0|991,0|880,0|898,35
S|874|887|903|Ossiam Shiller Barclays CAPE US Sector Val TR 1CE|Region: US|Broad Market / Other|Broad Market / Other|Unknown|LU1079841273|USCP.DE|EUR|0,65|1482,4000244140625|1460,199951171875|-0,010281762526387572|0,006791632595890107|0,07544979552957343|0,07326967623791525|0,03312568630196577|1,5105164236814543|991,0|870,0|962,0|807,0|898,55
N|875|729|1022|Invesco EUR AAA CLO UCITS ETF Dist|Other|Broad Market / Other|Broad Market / Other|Distr|IE000U7LIXH5|CLOD.DE|EUR|0,25|20,090999603271484|20,114999771118164|0,00294194602998199|0,008133136162915777|0,03403444212782292|0,026965288698621137|0,01394075333102629|1,1317249990224958|680,0|840,0|1071,0|967,0|899,15
S|876|1250|548|iShares Ageing Population UCITS ETF USD (Acc)|Other|Broad Market / Other|Broad Market / Other|Acc|IE00BYZK4669|2B77.DE|EUR|0,4|9,217000007629395|9,109000205993652|-0,03335079652560491|-0,004965942922234068|0,17548780939454933|0,130642728725062|0,062357153861696935|-0,24922896819071383|1433,0|1085,0|557,0|562,0|900,6
S|877|1256|541|Amundi Russell 2000 UCITS ETF - EUR (C)|Region: US|Broad Market / Other|Broad Market / Other|Acc|LU1681038672|RS2K.DE|EUR|0,35|380,45001220703125|378,8500061035156|-0,00950271762167243|-0,017432850690073942|0,19207275413713276|0,1967600487935668|0,054539061013700874|1,3686048618844802|970,0|1266,0|509,0|612,0|901,5500000000001
S|878|849|937|Invesco STOXX Europe 600 Optimised Industrial Goods & Services UCITS Acc ETF|Region: Europe|Industrials|Industrials|Acc|IE00B5MJYX09|SC0S.DE|EUR|0,2|566,7000122070312|569,5|-0,013061650715005313|0,010340501944223757|0,08025169382455899|0,0866730818926773|0,020598844497639934|-0,034036891451184687|1041,0|816,0|941,0|922,0|902,2
S|879|971|826|Invesco MSCI Europe Equal Weight UCITS Acc ETF|Region: Europe|Broad Market / Other|Broad Market / Other|Acc|IE000LUZJNI7|MEEQ.DE|EUR|0,2|18,625999450683594|18,441999435424805|-0,023180266644686975|0,00811861982533868|0,12871158270977334|0,08974961863068609|0,028418694325944793|-0,525025618562781|1312,0|841,0|784,0|869,0|903,0
N|880|880|917|VanEck Emerging Markets HY Bond UCITS ETF USD A|Bonds / Fixed Income|Fixed Income|Bonds|Acc|IE00BF541080|HY3M.DE|EUR|0,4|122,22000122070312|121,30999755859375|0,01209008826304614|-0,0017152583839680213|0,07806296427374759|0,06709737034859065|0,02968647990346618|1,413212672232939|554,0|1026,0|952,0|859,0|903,3
S|881|1048|757|Xtrackers MSCI Europe UCITS 1D ETF|Region: Europe|Broad Market / Other|Broad Market / Other|Distr|LU1242369327|XIEE.DE|EUR|0,12|90,19999694824219|89,56999969482422|-0,020097838589700046|0,004013013867253612|0,14539001767199533|0,09188935087100347|0,03155409731871206|-0,1623971776539875|1252,0|941,0|696,0|827,0|903,6
S|882|1029|784|Xtrackers MSCI Europe Screened UCITS 1C ETF|Region: Europe|Broad Market / Other|Broad Market / Other|Acc|LU0322253732|DX2I.DE|EUR|0,12|206,3000030517578|204,5|-0,018787143630164982|0,004381738958215475|0,14205050790971052|0,09084183787084377|0,03131411953539476|-0,05962113634659945|1219,0|934,0|730,0|831,0|905,1500000000001
S|883|1050|759|iShares Core MSCI Europe UCITS EUR (Acc) ETF|Region: Europe|Broad Market / Other|Broad Market / Other|Acc|IE000MAO75G5|CEBZ.DE|EUR|0,12|6,788000106811523|6,738999843597412|-0,018081874449392132|0,002658807376029859|0,14468807812989115|0,09678461214394574|0,03224238470641594|-0,17855668540384032|1196,0|964,0|705,0|820,0|905,25
S|884|1035|780|iShares MSCI Europe ESG Enhanced UCITS ETF EUR Dis|ESG / Sustainable|Broad Market / Other|Broad Market / Other|Distr|IE00BHZPJ676|EMNU.DE|EUR|0,12|8,185999870300293|8,131999969482422|-0,017286921335492145|0,003186277374310098|0,14490079803598133|0,09312461731406185|0,02935129191133523|-0,16907958967091846|1175,0|955,0|701,0|864,0|906,3
B|885|527|1355|Global X Blockchain UCITS - USD Accumulating ETF|Global / Broad|Broad Market / Other|Broad Market / Other|Acc|IE000XAGSCY5|BLCH.DE|EUR|0,5|14,399999618530273|14,37600040435791|-0,008401094315314439|0,05540893888634968|-0,23769189603990393|0,0627305841941328|0,013052167772939383|-0,37854296281562094|935,0|433,0|1598,0|971,0|907,1500000000001
N|886|728|1036|iShares Floating Rate Bond ESG UCITS EUR (Acc) ETF|ESG / Sustainable|Fixed Income|Bonds|Acc|IE000NVM56L3|EFRB.DE|EUR|0,1|5,2170000076293945|5,215199947357178|0,002922092059145953|0,008154921767117074|0,026443136940337286|0,020300363008733058|0,011281696541135089|1,8125342085102436|681,0|839,0|1089,0|990,0|908,0
S|887|1281|531|Xtrackers MSCI Europe Value UCITS 1C ETF|Factor / Smart Beta|Broad Market / Other|Broad Market / Other|Acc|LU0486851024|D5BL.DE|EUR|0,15|50,27000045776367|49,810001373291016|-0,03345506479374638|-0,007110420753640434|0,24123457920404134|0,12687737659655474|0,02918762480022985|-1,178401683554589|1436,0|1116,0|294,0|865,0|908,3000000000001
N|888|745|1026|Xtrackers II Rolling Target Maturity Sept 2027 EUR High Yield UCITS ETF|Bonds / Fixed Income|Fixed Income|Bonds|Unknown|LU1109939865|XHY1.DE|EUR|0,3|8,523200035095215|8,510199546813965|0,0031779417259865106|0,007255393900063911|0,03045870929187222|0,018650980494067104|0,012930580603980113|2,193630265367957|674,0|858,0|1080,0|975,0|909,3000000000001
S|889|1154|633|Amundi MSCI EMU High Dividend UCITS ETF Acc|Factor / Smart Beta|Broad Market / Other|Broad Market / Other|Acc|FR0010717090|18M2.DE|EUR|0,3|208,89999389648438|207,10000610351562|-0,035549455171073885|0,00023934781665246874|0,18424036918658704|0,0978557664317865|0,032561749042806065|-1,412342102436452|1456,0|988,0|533,0|816,0|910,0500000000001
S|890|980|844|Franklin STOXX Europe 600 Paris Aligned Climate UCITS ETF|ESG / Sustainable|Broad Market / Other|Broad Market / Other|Unknown|IE00BMDPBY65|FLXP.DE|EUR|0,15|42,72999954223633|42,26499938964844|-0,012593921766049232|0,0032871422668903083|0,11247070325399333|0,08122467224926488|0,031578032695154246|0,8323178750682293|1032,0|953,0|840,0|825,0|911,0
S|891|1068|763|Vanguard FTSE Developed Europe UCITS - (EUR) Accumulating ETF|Region: Europe|Broad Market / Other|Broad Market / Other|Acc|IE00BK5BQX27|VWCG.DE|EUR|0,1|59,29999923706055|58,86000061035156|-0,020482353150225396|0,00321432286833212|0,14611513941523646|0,09268470125058381|0,030531882089859685|-0,2817066153262094|1259,0|954,0|691,0|844,0|912,0
S|892|806|988|Xtrackers DAX UCITS 1C ETF|Region: Europe|Broad Market / Other|Broad Market / Other|Acc|LU0274211480|DBXD.DE|EUR|0,09|237,60000610351562|235,5|-0,022624433821108236|0,022155341892390545|0,039597475086046385|0,033043504797894085|0,022984893888186253|0,06104171160801565|1298,0|681,0|1054,0|909,0|912,4000000000001
N|893|798|995|Invesco BlltShs 2030 USD Crp Bd UCITS ETF Dist|Other|Broad Market / Other|Broad Market / Other|Distr|IE000GB2EQ90|BS30.DE|EUR|0,1|4,356400012969971|4,347700119018555|0,021286069064444524|0,0007648111506881605|0,04159252263312174|0,033846116589945074|0,01930680271846308|2,0057253735302685|491,0|980,0|1047,0|933,0|914,0
S|894|1052|783|State Street SPDR S&P Global Dividend Aristocrats UCITS ETF|Factor / Smart Beta|Broad Market / Other|Broad Market / Other|Unknown|IE00B9CQXS71|ZPRG.DE|EUR|0,45|34,10499954223633|34,04999923706055|-0,021938612362529475|0,004394976014739482|0,14308945781690285|0,11603363347274143|0,030887805600907425|-0,4014127040693996|1283,0|933,0|725,0|836,0|914,1000000000001
S|895|1051|786|iShares MSCI Europe ESG Enhanced CTB UCITS EUR (Acc) ETF|ESG / Sustainable|Broad Market / Other|Broad Market / Other|Acc|IE00BHZPJ783|EDM6.DE|EUR|0,12|9,647000312805176|9,593000411987305|-0,017917096837894442|0,002494042137082708|0,14477278514318703|0,09277302194952508|0,02892830929552548|-0,23030343333749959|1191,0|966,0|703,0|867,0|914,2
N|896|726|1057|Xtrackers MSCI GCC Select Swap UCITS 1C ETF|Other|Broad Market / Other|Broad Market / Other|Acc|IE00BQXKVQ19|XGLF.DE|EUR|0,65|24,579999923706055|24,325000762939453|0,008617114371805012|0,006964362038370364|0,019071271495332054|0,061312611642897474|0,0139636527811553|1,229981470302786|596,0|867,0|1140,0|966,0|914,4000000000001
N|897|784|1005|UBS Core BBG US Treasury 1-10 UCITS ETF USD acc|Bonds / Fixed Income|Fixed Income|Bonds|Acc|LU0950676469|CHSV.DE|EUR|0,05|10,82450008392334|10,809499740600586|0,020264871481160185|0,0017120422433780647|0,03867004461583301|0,031395922054048286|0,0185849868462169|1,924841089011964|496,0|970,0|1055,0|943,0|914,75
N|898|786|1007|UBS Core BBG US Treasury 7-10 UCITS USD dis ETF|Bonds / Fixed Income|Fixed Income|Bonds|Distr|LU0721552973|UEFI.DE|EUR|0,05|33,130001068115234|33,0890007019043|0,02010653243831584|0,0016086020304968418|0,03794296138478259|0,031232159395853554|0,018608871045343367|1,895545049571821|498,0|971,0|1059,0|942,0|916,25
S|899|1062|777|Invesco STOXX Europe 600 UCITS Acc ETF|Region: Europe|Broad Market / Other|Broad Market / Other|Acc|IE00B60SWW18|SC0C.DE|EUR|0,19|163,1199951171875|161,75999450683594|-0,02088842052122042|0,0034448669230073836|0,14438054441143877|0,09241887969510221|0,030140679135039594|-0,19361872703321995|1264,0|948,0|708,0|853,0|916,4000000000001
S|900|1079|770|iShares STOXX Europe 600 UCITS (DE) EUR (Dist) ETF|Region: Europe|Broad Market / Other|Broad Market / Other|Distr|DE0002635307|EXSA.DE|EUR|0,2|63,040000915527344|62,54999923706055|-0,020987425104364243|0,0029285739298476887|0,14529192106824507|0,09269019242335363|0,030478303126939776|-0,19724573803738746|1267,0|960,0|697,0|846,0|917,5
S|901|1055|791|Invesco MSCI Europe ESG Climate PA UCITS ETF Acc|ESG / Sustainable|Broad Market / Other|Broad Market / Other|Acc|IE000TI21P14|PAUE.DE|EUR|0,16|6,369999885559082|6,313000202178955|-0,009639345944311817|-0,0026616875122718042|0,12544170623460382|0,09356224792094903|0,0364759658881979|1,0733525794843402|973,0|1051,0|796,0|763,0|917,95
N|902|759|1031|Janus Henderson HMT Global IG Credit Curve Steepener Core UCITS ETF|Global / Broad|Broad Market / Other|Broad Market / Other|Unknown|IE00BMQ5Y557|TCRS.DE|EUR|0,4|114,77999877929688|114,62999725341797|0,003804255139707724|0,006444829866740331|0,028678946905623448|0,02299466935141581|0,012347175684531475|1,583938875898244|667,0|878,0|1084,0|983,0|918,8500000000001
S|903|822|992|iShares Core DAX UCITS (DE) EUR (Acc) ETF|Region: Europe|Broad Market / Other|Broad Market / Other|Acc|DE0005933931|EXS1.DE|EUR|0,16|209,75|208,0500030517578|-0,02305541228971464|0,02167558150069926|0,0386234373341281|0,032234267471107136|0,02238474254018019|0,0400526118783333|1308,0|690,0|1056,0|914,0|919,0
N|904|868|959|Goldman Sachs USD HY Bond Active UCITS ETF USD Dis|Bonds / Fixed Income|Fixed Income|Bonds|Distr|IE0006B9CPY7|GUHY.DE|EUR|0,35|43,42100143432617|43,32600021362305|0,012663909304185594|-0,0012360658516780143|0,05647523140245947|0,04438876233028832|0,02411343483913364|1,581574250328055|548,0|1015,0|1006,0|900,0|919,7
S|905|986|858|Amundi Global Gender Equality|Global / Broad|Broad Market / Other|Broad Market / Other|Unknown|LU1691909508|VOOM.DE|EUR|0,2|18,025999069213867|17,881999969482422|-0,02117730719166533|0,00681410551695083|0,11354085588442042|0,08629620455549891|0,029436488593571397|0,0009436363593963324|1270,0|869,0|837,0|862,0|919,75
S|906|1047|798|Amundi Core Stoxx Europe 600 UCITS EUR Hedged Dist ETF|Region: Europe|Broad Market / Other|Broad Market / Other|Distr|LU1574142243|STXH.DE|EUR|0,15|165,16000366210938|164,0399932861328|-0,02318428037907283|0,005111954116659989|0,14067661217573124|0,08829737506790591|0,02963218353287944|-0,6659929217738134|1313,0|918,0|735,0|860,0|919,9000000000001
S|907|1075|781|iShares STOXX Europe 600 UCITS (DE) EUR (Acc) ETF|Region: Europe|Broad Market / Other|Broad Market / Other|Acc|DE000A2QP4B6|EXIE.DE|EUR|0,2|7,684000015258789|7,622000217437744|-0,021021781415999197|0,0030022504897058155|0,14464475204573657|0,09194256351905139|0,029930173497511037|-0,252192589950697|1268,0|957,0|706,0|858,0|921,1
N|908|754|1043|UBS EUR Overnight Rate SF UCITS ETF EUR acc|Other|Broad Market / Other|Broad Market / Other|Acc|IE0006BDZN36|BCFQ.DE|EUR|0,05|5,168499946594238|5,167099952697754|0,00248263850191921|0,007014081583792464|0,025272246291673905|0,019267200903346327|0,01037290316439754|1,9726634716940954|693,0|864,0|1091,0|996,0|921,5
S|909|1053|799|iShares MSCI Europe ESG Screened UCITS ETF EUR Acc|ESG / Sustainable|Broad Market / Other|Broad Market / Other|Acc|IE00BFNM3D14|SLMC.DE|EUR|0,12|10,881999969482422|10,79800033569336|-0,02140287037104538|0,0042450650700514014|0,13673874663305052|0,090053108856055|0,031210165797942446|-0,19174335879327822|1276,0|936,0|758,0|832,0|921,7
S|910|1083|774|iShares Core MSCI Europe UCITS ETF EUR (Acc)|Region: Europe|Broad Market / Other|Broad Market / Other|Acc|IE00B4K48X80|EUNK.DE|EUR|0,12|103,37999725341797|102,73999786376953|-0,020837322783504808|0,002132547339074975|0,14396363960858682|0,09281182791666476|0,030911358859464055|-0,3679105933030183|1262,0|968,0|713,0|835,0|921,75
S|911|1085|772|Amundi MSCI Eu ESG Brd Transition UCITS ETF EUR A|ESG / Sustainable|Broad Market / Other|Broad Market / Other|Acc|LU1681042609|CEUG.DE|EUR|0,12|437,20001220703125|434,1000061035156|-0,018300199359579716|-0,00022862014344449122|0,14525216033276034|0,09368358275680122|0,030444330090728666|-0,11737922449710045|1205,0|994,0|698,0|847,0|922,25
S|912|1082|776|Xtrackers MSCI Europe High Dividend Yield ESG UCITS ETF|ESG / Sustainable|Broad Market / Other|Broad Market / Other|Unknown|IE000WQ16XQ4|XZDE.DE|EUR|0,25|40,21500015258789|39,84000015258789|-0,030145906075005446|0,005244336316070575|0,1491751040644489|0,09320678605871424|0,02319830404585632|-0,44294399027899517|1400,0|915,0|661,0|906,0|922,45
S|913|983|864|Amundi S&P 500 Equal Weight UCITS EUR Hedged Acc ETF|Region: US|Broad Market / Other|Broad Market / Other|Acc|IE000M86QRT4|MWOQ.DE|EUR|0,2|13,965999603271484|13,807999610900879|-0,030138890746934988|0,010271935836705381|0,10211487365433292|0,08718666590150992|0,030697274334186453|0,16298743130207297|1399,0|818,0|870,0|841,0|922,7500000000001
S|914|959|874|iShares Core FTSE 100 UCITS EUR Hedged (Acc) ETF|Region: Europe|Broad Market / Other|Broad Market / Other|Acc|IE000HARJEE2|CEB4.DE|EUR|0,1|6,566999912261963|6,51800012588501|-0,02797515223887259|0,010618615845523038|0,1266083233075368|0,07303922141528707|0,012972574463268272|-1,1980394970847414|1380,0|809,0|791,0|974,0|923,1500000000001
N|915|810|1009|UBS Sustainable Dev Bank Bonds UCITS ETF USD dis|Financials|Financials|Banks & Financial Services|Distr|LU1852212965|MDBU.DE|EUR|0,15|9,314599990844727|9,300200462341309|0,019236697365655697|0,0004318411119703658|0,03740363427642568|0,030184399335463352|0,017444999600564115|1,9606829080432824|504,0|985,0|1060,0|949,0|924,4000000000001
N|916|906|946|Global X Hydrogen UCITS ETF|Global / Broad|Broad Market / Other|Broad Market / Other|Unknown|IE0002RPS3K2|HYCN.DE|EUR|0,5|9,317999839782715|9,263999938964844|0,04731926628929162|-0,01208654776273288|0,14457684259406456|0,3976301328478229|-0,010655274751923738|1,0445431177454843|192,0|1179,0|707,0|1241,0|925,3500000000001
S|917|1074|792|UBS MSCI EMU Select Factor Mix UCITS EUR acc ETF|Factor / Smart Beta|Broad Market / Other|Broad Market / Other|Acc|LU1804202403|UIQN.DE|EUR|0,34|18,559999465942383|18,371999740600586|-0,023055044951404202|0,003894341886861774|0,13795218109591745|0,09498516994306772|0,032026146649905884|-0,7734740501781564|1307,0|942,0|753,0|822,0|925,5
S|918|960|888|UBS MSCI United Kingdom UCITS ETF hEUR dis|Other|Broad Market / Other|Broad Market / Other|Distr|LU1169821029|CHSC.DE|EUR|0,24|3,0485000610351562|3,0230000019073486|-0,029294700085300773|0,010803278945124228|0,12501761918177667|0,069607393464725|0,012254960327961362|-1,2552363114419938|1392,0|805,0|799,0|984,0|927,3499999999999
N|919|783|1028|Invesco EUR AAA CLO UCITS ETF Acc|Other|Broad Market / Other|Broad Market / Other|Acc|IE000Y2JPPS4|CLOA.DE|EUR|0,25|21,06999969482422|21,10700035095215|0,0007123908540029866|0,00668893395160719|0,033451009918062935|0,024805459247537964|0,011967572312590713|-0,697027149728786|755,0|872,0|1074,0|986,0|927,75
N|920|761|1049|Amundi Smart Overnight Rtn UCITS ETF Acc|Other|Broad Market / Other|Broad Market / Other|Acc|LU1190417599|LYOR.DE|EUR|0,1|110,16200256347656|110,1500015258789|0,002383994849499249|0,006597223190458745|0,02462937502106688|0,018509604600434493|0,009944392641446198|1,703502750840635|697,0|875,0|1095,0|1000,0|928,3
N|921|772|1041|iShares $ Floating Rate Bd UCITS ETF EUR Hgd Dist|Other|Broad Market / Other|Broad Market / Other|Distr|IE00BF11F458|SXRR.DE|EUR|0,12|4,277500152587891|4,2729997634887695|0,002531315105927412|0,006162890261610432|0,026215338968809343|0,020356007764679163|0,010901072560612013|2,175565850661286|692,0|887,0|1090,0|993,0|929,7
N|922|766|1051|BNP Paribas Easy Overnight UCITS ETF Cap|Other|Broad Market / Other|Broad Market / Other|Unknown|LU3025345516|EDEG.DE|EUR|0,1|10,321900367736816|10,318699836730957|0,0023208420338285407|0,006504015443735467|0,024414721068792167|0,01870246111120899|0,0098541844581852|1,7577739854112944|700,0|877,0|1096,0|1001,0|930,0
N|923|711|1122|iShares MSCI Saudi Arabia Capped UCITS ETF USD A|Other|Broad Market / Other|Broad Market / Other|Acc|IE00BYYR0489|IUSS.DE|EUR|0,6|5,619999885559082|5,508999824523926|-0,0035460959929022318|0,014623551313368344|0,000177954712265338|0,09168611961054962|0,017829193344805816|1,311632320701928|844,0|751,0|1259,0|947,0|931,15
N|924|878|975|AMUNDI LIFECYCLE 2033 UCITS ETF Acc|Other|Broad Market / Other|Broad Market / Other|Acc|LU2872292086|LC33.DE|EUR|0,18|10,78600025177002|10,715999603271484|0,0005566344107110766|0,003535551386212754|0,0566222627641757|0,04799848850216426|0,018656183220999933|2,282520123061341|761,0|946,0|1005,0|941,0|932,0
N|925|831|1014|UBS Sustainable Dev Bank Bonds UCITS ETF USD acc|Financials|Financials|Banks & Financial Services|Acc|LU1852211215|MDBA.DE|EUR|0,15|10,923500061035156|10,911999702453613|0,01841322319340244|-0,0006860941351863881|0,03672947228814216|0,02945056999363671|0,016698962150166308|1,882743550447055|510,0|1001,0|1063,0|952,0|933,05
S|926|972|898|Global X Superdividend UCITS ETF USD Dist|Global / Broad|Broad Market / Other|Broad Market / Other|Distr|IE00077FRP95|UDIV.DE|EUR|0,45|8,539999961853027|8,343000411987305|-0,02165700305700813|0,007436035380484762|0,12744769455149063|0,08547950206929689|0,008603134505774879|0,20117823716071173|1279,0|854,0|786,0|1017,0|933,35
S|927|1426|428|Alerian Midstream Energy Dividend UCITS ETF Dist|Commodity / Energy|Energy|Energy|Distr|IE00BKPTXQ89|JMLP.DE|EUR|0,49|17,805999755859375|17,540000915527344|-0,015788339510658056|-0,03173136451972203|0,2696262945011436|0,2823078010851745|0,04990736645595195|-0,026540666410921444|1114,0|1436,0|261,0|640,0|934,75
S|928|855|999|iShares Core DAX UCITS (DE) EUR (Dist) ETF|Region: Europe|Broad Market / Other|Broad Market / Other|Distr|DE000A2QP331|EXIC.DE|EUR|0,16|7,140999794006348|7,089000225067139|-0,024695028372929584|0,019649605625047473|0,03650570765478833|0,03004411872327517|0,020311464726114004|-0,1822489314614401|1339,0|708,0|1064,0|924,0|934,8499999999999
N|929|773|1055|iShares UltraShort Bond ESG SRI UCITS EUR (Dist) ETF|ESG / Sustainable|Fixed Income|Bonds|Distr|IE00BJP26D89|EUED.DE|EUR|0,09|5,018599987030029|5,011600017547607|0,002313228246678678|0,006187545082263046|0,022446028712280075|0,017154091577207486|0,009270062585948757|2,6838985911346276|701,0|885,0|1101,0|1005,0|935,4
S|930|897|974|WisdomTree Strategic Metals UCITS ETF EUR Hedged Acc|Commodity / Energy|Materials|Materials|Acc|IE000611IJM3|WENH.DE|EUR|0,5|13,581999778747559|13,345999717712402|-0,03523229773389558|0,020742524271176732|0,17389802394060538|0,02583081673274923|-0,042159929134830465|-1,1065239456725084|1453,0|699,0|560,0|1496,0|936,75
B|931|789|1048|iShares Floating Rate Bond Advanced UCITS ETF|Bonds / Fixed Income|Fixed Income|Bonds|Unknown|IE00BF5GB717|EFRN.DE|EUR|0,1|5,078999996185303|5,082799911499023|0,0017356376105288618|0,0059418124534873495|0,02477011922772565|0,01910219529050683|0,010171305907766603|0,3796735984047003|725,0|888,0|1094,0|999,0|937,25
N|932|778|1056|Invesco BulletShares 2026 EUR Corporate Bond UCITS - Acc ETF|Bonds / Fixed Income|Fixed Income|Bonds|Acc|IE0004QWOTD5|BSE6.DE|EUR|0,1|5,788599967956543|5,786600112915039|0,002424399767006591|0,005838375820586661|0,02214297015027289|0,01582899533748261|0,008805209460450714|1,852369908936867|694,0|891,0|1104,0|1009,0|938,3
S|933|1135|737|Xtrackers MSCI Mexico UCITS 1C ETF|Other|Broad Market / Other|Broad Market / Other|Acc|LU0476289466|D5BI.DE|EUR|0,65|7,739999771118164|7,410999774932861|-0,03128911228554565|0,0006463655484758579|0,21947370761881646|0,0989634428467725|-0,007453107224394961|0,3053065934549686|1413,0|983,0|379,0|1195,0|938,9000000000001
N|934|777|1061|iShares Govt Bond 0-3 month UCITS EUR (Acc) ETF|Bonds / Fixed Income|Fixed Income|Bonds|Acc|IE000JLXYKJ8|E0UA.DE|EUR|0,07|5,2067999839782715|5,205599784851074|0,002618784621698955|0,005833945967973708|0,02118141479827984|0,016436946883193526|0,008825964127010533|1,5043527200680653|690,0|892,0|1110,0|1008,0|939,4000000000001
N|935|909|971|StSt SPDR BBG U.S. HY Crp Scored UCITS ETF Dist|Other|Broad Market / Other|Broad Market / Other|Distr|IE00B99FL386|SYBK.DE|EUR|0,3|34,61399841308594|34,64699935913086|0,014151296092860921|-0,0029927187834335456|0,048488471869568395|0,04536164757397021|0,02371105268235052|1,5283380887975608|538,0|1055,0|1026,0|902,0|939,5999999999999
N|936|782|1059|Invesco BulletShares 2026 EUR Corporate Bond UCITS - Dist ETF|Bonds / Fixed Income|Fixed Income|Bonds|Distr|IE000AYJ75E5|BE26.DE|EUR|0,1|5,412399768829346|5,410799980163574|0,002407411577742158|0,0058124784947422015|0,02188026779531249|0,016882181558929732|0,00877126262916117|1,8092731371885926|696,0|894,0|1106,0|1011,0|940,7
B|937|805|1050|Amundi EURFloatRateCpBdESG UCITS ETF Acc|Other|Broad Market / Other|Broad Market / Other|Acc|LU1681041114|FRNE.DE|EUR|0,18|113,29499816894531|113,3499984741211|0,001724135256012671|0,00572566919067663|0,024784024749726852|0,018839939552140805|0,009632464409941255|0,41729213463179476|726,0|895,0|1093,0|1004,0|940,95
S|938|1031|862|iShares MSCI Europe Climate Transition Aware UCITS EUR (Dist) ETF|ESG / Sustainable|Broad Market / Other|Broad Market / Other|Distr|IE000ZQF1PE1|ECTD.DE|EUR|0,12|5,76200008392334|5,718999862670898|-0,015883848821039437|0,0013903192115563012|0,12041000820572734|0,07793852182479855|0,023837979639943274|0,21582682184096377|1119,0|973,0|815,0|901,0|941,0000000000001
S|939|1108|795|Vanguard FTSE Developed Europe ex UK UCITS - (EUR) Accumulating ETF|Region: Europe|Broad Market / Other|Broad Market / Other|Acc|IE00BK5BQY34|VERE.DE|EUR|0,1|59,869998931884766|59,400001525878906|-0,021732055792066052|0,0|0,14059815236099515|0,08834758695946299|0,030506377450683964|-0,07556719743654439|1280,0|992,0|736,0|845,0|941,8
S|940|1009|884|Xtrackers MSCI Nordic UCITS 1D ETF|Other|Broad Market / Other|Broad Market / Other|Distr|IE00B9MRHC27|XDN0.DE|EUR|0,3|52,95000076293945|52,36000061035156|-0,031992686939515846|0,009099361994160837|0,11595284296725472|0,07755937065460339|0,018466899844648887|-0,5727086202985365|1422,0|831,0|829,0|945,0|941,95
S|941|1191|684|iShares MSCI Mexico Capped UCITS ETF USD (Acc)|Other|Broad Market / Other|Broad Market / Other|Acc|IE00B5WHFQ43|CEBG.DE|EUR|0,65|188,86000061035156|180,72000122070312|-0,02769771792969722|-0,0026404731642817314|0,22716054646098205|0,09968553959239834|-0,004519614409674078|0,5028143640455278|1372,0|1050,0|328,0|1171,0|942,0
S|942|1054|850|iShares MSCI Europe Climate Transition Aware UCITS EUR (Acc) ETF|ESG / Sustainable|Broad Market / Other|Broad Market / Other|Acc|IE000U3XZQN5|ECTA.DE|EUR|0,12|6,057000160217285|6,013000011444092|-0,01672072885490339|0,0006608602243205475|0,1204217547818669|0,05375783010893098|0,027961355293847134|0,1970500389986346|1154,0|982,0|813,0|875,0|944,15
N|943|1227|660|Harbor Health Care UCITS ETF Acc|Healthcare / Biotech|Health Care|Pharmaceuticals & Biotech|Acc|IE00BJQTJ848|W311.DE|EUR|0,89|7,323999881744385|7,210000038146973|-0,0012273695808463492|-0,01967612220281023|0,11680387065541398|0,08231116699461105|0,0726624698073024|1,988583454066094|789,0|1299,0|827,0|502,0|945,1
N|944|790|1064|iShares EUR Cash UCITS ETF EUR (Acc)|Other|Broad Market / Other|Broad Market / Other|Acc|IE000JJPY166|YCSH.DE|EUR|0,1|15,633999824523926|15,630000114440918|0,00220518389085389|0,005718818869856923|0,021089263233320388|0,01607894474402194|0,00866867533251603|1,9147013698267819|704,0|896,0|1113,0|1015,0|945,25
S|945|900|994|Amundi DAX II UCITS Acc ETF|Region: Europe|Broad Market / Other|Broad Market / Other|Acc|LU0252633754|LYY7.DE|EUR|0,15|231,39999389648438|229,8000030517578|-0,02156450783727537|0,013578584333280741|0,03836655848686488|0,03165399352708986|0,02188843432549592|0,2240883176634555|1278,0|766,0|1057,0|916,0|945,5500000000001
N|946|899|997|Infrastructure Capital Prfrd Inc UCITS ETF USD Dis|Other|Utilities|Utilities|Distr|IE0008LRGGP4|ASWN.DE|EUR|0,8|16,483999252319336|16,45400047302246|0,008206117111252631|-0,001285839586109172|0,04422926261323279|0,050285501716607506|0,01748901888473564|1,5349067429310255|610,0|1016,0|1040,0|948,0|947,5
N|947|799|1065|Amundi EUR Overnight Return UCITS ETF Acc|Other|Broad Market / Other|Broad Market / Other|Acc|FR0010510800|L8I3.DE|EUR|0,1|114,64600372314453|114,61900329589844|0,0021766352474990036|0,005657882611283194|0,02113599033749125|0,015528031113640983|0,008557456638364158|1,7799775739342005|705,0|900,0|1112,0|1020,0|947,75
S|948|843|1032|Amundi MSCI Millennials UCITS ETF Acc|Other|Broad Market / Other|Broad Market / Other|Acc|LU2023678449|GENY.DE|EUR|0,45|16,031999588012695|15,815999984741211|-0,006814558852669905|0,007161663850717259|-0,00037414383083089753|0,024147138041948457|0,03668686629728901|1,5972447272192178|906,0|860,0|1266,0|760,0|948,4
N|949|780|1081|iShs V-iBds Dec 2026 Term EO CReg.Shs () EUR Dis. oN|Other|Broad Market / Other|Broad Market / Other|Distr|IE000WA6L436|CEBE.DE|EUR|0,12|5,594600200653076|5,595799922943115|0,001790679535219164|0,006295475398835126|0,019647153725140143|0,015464535419574599|0,008392006814585296|1,2514220129395464|720,0|883,0|1133,0|1023,0|949,0500000000001
S|950|898|1001|iShares Edge MSCI World Minimum Volatility UCITS EUR Hedged (Acc) ETF|Global / Broad|Broad Market / Other|Broad Market / Other|Acc|IE00BYXPXL17|SXR0.DE|EUR|0,35|8,699000358581543|8,61299991607666|-0,020162186932621284|0,013160949249112042|0,03794306287525817|0,046181695439188486|0,019098023701705547|0,021281210502994082|1254,0|774,0|1058,0|936,0|949,4000000000001
N|951|818|1058|Ishs Eur Ultrashort Bd Ucits Etf (Dist)|Other|Broad Market / Other|Broad Market / Other|Distr|IE00BCRY6557|IS3M.DE|EUR|0,09|100,83999633789062|100,86499786376953|0,0019237530361382316|0,005498507343692616|0,021315862637254712|0,016182123504111967|0,008905690518729248|1,248182801938279|718,0|908,0|1109,0|1007,0|949,55
N|952|812|1063|iShares EUR Ultrashort Bond UCITS EUR (Acc) ETF|Bonds / Fixed Income|Fixed Income|Bonds|Acc|IE000RHYOR04|ERNX.DE|EUR|0,09|5,6184000968933105|5,6203999519348145|0,002176140383466807|0,005368300482161414|0,021155987807805587|0,015728367137529675|0,00873116489874004|1,4822000035932152|706,0|910,0|1111,0|1012,0|950,05
S|953|1005|913|iShares Euro Total Market Growth Large UCITS EUR (Dist) ETF|Factor / Smart Beta|Broad Market / Other|Broad Market / Other|Distr|IE00B0M62V02|IQQG.DE|EUR|0,4|70,29000091552734|70,52999877929688|0,00199571470567661|-0,005377066127970398|0,08226609972040744|0,08261481581842722|0,029384808250805694|0,9960899562936486|715,0|1093,0|932,0|863,0|950,0500000000001
N|954|807|1067|iShares Govt Bond 0-3 month UCITS EUR (Dist) ETF|Bonds / Fixed Income|Fixed Income|Bonds|Distr|IE000LJ2O0V5|EU03.DE|EUR|0,07|5,058599948883057|5,057000160217285|0,002139523091055029|0,005525976763618878|0,020858469110635713|0,016110704040534607|0,008631334306074656|1,792011883334201|708,0|906,0|1117,0|1016,0|951,0500000000001
N|955|797|1076|Xtrackers II Germany Government Bond 0-1 UCITS ETF|Bonds / Fixed Income|Fixed Income|Bonds|Unknown|LU2641054551|XG01.DE|EUR|0,07|35,16999816894531|35,159000396728516|0,0025368970085057896|0,005575402525564099|0,01998199577010129|0,015300195976771791|0,008479405821903319|2,1499609281829692|691,0|904,0|1128,0|1021,0|951,45
N|956|804|1074|UBS EUR Ultra-Short Bond Screened UCITS EUR acc ETF|Bonds / Fixed Income|Fixed Income|Bonds|Acc|IE000RW7V8Q4|BCFH.DE|EUR|0,08|5,38040018081665|5,3796000480651855|0,0023473200407955197|0,005569546657117952|0,020251835044510447|0,01601334020309242|0,008567531628243863|1,764489490564375|699,0|905,0|1124,0|1019,0|951,6500000000001
N|957|923|982|iShares J.P. Morgan $ EM Corp Bd UCITS ETF USD D|Region: Emerging Markets / Asia|Broad Market / Other|Broad Market / Other|Distr|IE00B6TLBW47|IS0Q.DE|EUR|0,5|77,03199768066406|76,63200378417969|0,013767290944103117|-0,004178868594752139|0,04865100431425606|0,04161427683043928|0,019620496179223457|1,8917129937758426|542,0|1072,0|1025,0|928,0|951,95
N|958|931|973|iShares $ High Yield Corp Bond UCITS ETF USD D|Bonds / Fixed Income|Fixed Income|Bonds|Distr|IE00B4PY7Y77|IS0R.DE|EUR|0,5|81,39600372314453|81,12200164794922|0,011130481032851414|-0,004229306378073616|0,05241675626091946|0,041636412187319616|0,021432265302796516|1,751580855758008|565,0|1074,0|1016,0|918,0|951,95
S|959|699|1182|Xtrackers Ie Physical Gold ETC|Commodity / Energy|Materials|Materials|Unknown|DE000A2T0VU5|XGDU.DE|EUR|0,11|56,775001525878906|56,58000183105469|-0,03312329111700463|0,044329987547239824|0,09277258252242415|0,004067616312346312|-0,053382764858828535|-0,867616463613212|1429,0|524,0|890,0|1529,0|952,25
N|960|834|1054|Invesco EUR Overnight Return Swap UCITS ETF Acc|Other|Broad Market / Other|Broad Market / Other|Acc|IE000YPOHA39|RONS.DE|EUR|0,1|5,140999794006348|5,138700008392334|0,0023787004550908097|0,004552766595590452|0,022189510682047553|0,018302023049048932|0,009697057716093749|0,9289426610266888|698,0|931,0|1103,0|1002,0|953,25
S|961|1138|779|Amundi MSCI Europe ESG Broad Transition UCITS EUR Hedged Acc (C) ETF|ESG / Sustainable|Broad Market / Other|Broad Market / Other|Acc|LU2873560481|CEUH.DE|EUR|0,14|25,690000534057617|25,44499969482422|-0,019091255815355868|-0,0029108813261199407|0,14228549557607906|0,09063893870605089|0,031329310493839024|-0,26219939194768976|1231,0|1052,0|728,0|830,0|953,45
S|962|689|1212|Global X Wind Energy UCITS ETF|Commodity / Energy|Energy|Energy|Unknown|IE000JNHCBM6|WNDY.DE|EUR|0,5|9,967000007629395|10,065999984741211|0,01922484097707966|0,007581864917222569|0,08726957638424793|0,01735225859808409|-0,06628163907860418|-0,8734216684516936|505,0|853,0|911,0|1550,0|954,7
N|963|808|1075|Amundi EUR Corporate Bond 0-1Y ESG - UCITS DR (C) ETF|ESG / Sustainable|Fixed Income|Bonds|Acc|LU2300294316|ECR1.DE|EUR|0,08|55,37200164794922|55,3380012512207|0,001736751387413582|0,005630041984393541|0,020343481607765446|0,016149178939135922|0,008324002177741763|2,0116052630098693|724,0|902,0|1122,0|1027,0|955,3
N|964|830|1060|iShares   UltraShort Bond ESG SRI UCITS ETF|ESG / Sustainable|Fixed Income|Bonds|Unknown|IE000NBRE3P7|CEBY.DE|EUR|0,09|5,567999839782715|5,56879997253418|0,0013307981367283173|0,005271914188592186|0,022101467511113304|0,01642929409561944|0,00870165334213624|1,185380154814729|741,0|913,0|1105,0|1014,0|955,4000000000001
S|965|710|1186|iShares Physical Gold ETC|Commodity / Energy|Materials|Materials|Unknown|IE00B4ND3602|PPFB.DE|EUR|0,12|71,61000061035156|71,38999938964844|-0,033668478963081894|0,04410587688647727|0,09269850627557985|0,003503363198734899|-0,053613685720679816|-0,8773470445650714|1438,0|528,0|891,0|1531,0|955,85
S|966|707|1188|Xtrackers Physical Gold (EUR) ETC|Commodity / Energy|Materials|Materials|Unknown|DE000A1E0HR8|XAD5.DE|EUR|0,25|353,6000061035156|352,4800109863281|-0,03335150928533637|0,044176679683318065|0,0912232958248913|0,0029498767645896873|-0,053838093100048834|-0,8676203004359614|1434,0|527,0|893,0|1534,0|955,9499999999999
S|967|735|1148|iShares STOXX Europe 600 Media UCITS (DE) ETF|Region: Europe|Communication Services|Communication Services|Unknown|DE000A0H08L5|EXH6.DE|EUR|0,46|33,19499969482422|32,584999084472656|-0,014107469556063013|0,02016790230908172|-0,05349044480957599|-0,006917218203700726|0,04479207638647087|0,5229569992214084|1064,0|702,0|1513,0|687,0|956,05
N|968|824|1072|Janus Henderson EUR Ultrashort IG Bond Paris-aligned Climate Core UCITS ETF|ESG / Sustainable|Fixed Income|Bonds|Unknown|IE000WXLHR76|TUCP.DE|EUR|0,15|10,932000160217285|10,928999900817871|0,0018787685605525795|0,005287588772523|0,020632966910859363|0,01570200064275329|0,008593402660143967|2,0689843297457324|719,0|912,0|1121,0|1018,0|956,5
S|969|1089|848|iShares MSCI Europe SRI UCITS EUR Hedged (Dist) ETF|ESG / Sustainable|Broad Market / Other|Broad Market / Other|Distr|IE000CR424L6|CBUD.DE|EUR|0,23|5,604000091552734|5,598999977111816|-0,01969495236873442|0,0007426097303588897|0,08683607986836384|0,07130072569885115|0,03902871709680289|-0,03216545283379342|1243,0|981,0|913,0|749,0|956,9000000000001
S|970|763|1119|L&G Digital Payments UCITS USD Acc ETF|Technology|Information Technology|Technology Hardware & Software|Acc|IE00BF92J153|DPGA.DE|EUR|0,49|6,5269999504089355|6,275000095367432|-0,020852076398384378|0,02416441267026559|-0,09031361994424691|0,031936782171582134|0,059393894918444046|1,7089261730429235|1263,0|664,0|1544,0|581,0|957,25
S|971|1114|816|iShares MSCI Europe ex-UK UCITS ETF EUR (Dist)|Region: Europe|Broad Market / Other|Broad Market / Other|Distr|IE00B14X4N27|IQQU.DE|EUR|0,4|54,560001373291016|54,16999816894531|-0,02136267731013275|-0,0009706999083712864|0,1350790348836619|0,0859631748661982|0,029549204185154387|-0,15898581636830095|1275,0|1006,0|766,0|861,0|957,3500000000001
S|972|714|1184|Deutsche Boerse Commodities Xetra-Gold ETC|Commodity / Energy|Materials|Materials|Unknown|DE000A0S9GB0|4GLD.DE|EUR||118,66999816894531|118,3499984741211|-0,03418250576830517|0,04371153345734502|0,09282624708531695|0,0038064366739609667|-0,05361582708654633|-0,9204773316153039|1442,0|531,0|889,0|1532,0|957,3500000000001
N|973|819|1077|Amundi Euro Government Bond 0-6 M UCITS ETF Acc|Bonds / Fixed Income|Fixed Income|Bonds|Acc|FR0010754200|18M1.DE|EUR|0,14|127,40499877929688|127,36000061035156|0,0020054836835063927|0,005365952364281501|0,020219423297671346|0,01489620474478004|0,008209572304553214|1,7563337590552452|714,0|911,0|1125,0|1028,0|958,35
N|974|813|1083|Xtrackers II Eurozone Government Bond 0-1 UCITS ETF|Bonds / Fixed Income|Fixed Income|Bonds|Unknown|LU2641054122|XE01.DE|EUR|0,07|35,63600158691406|35,62799835205078|0,002137238770753447|0,005445385242117018|0,01927806623379902|0,01469255896135091|0,008414056973061745|2,7766989381136895|709,0|909,0|1138,0|1022,0|958,85
S|975|1125|812|Xtrackers S&P Europe ex UK UCITS ETF 1D|Region: Europe|Broad Market / Other|Broad Market / Other|Distr|IE00BGV5VM45|XUEK.DE|EUR|0,09|88,20999908447266|87,62999725341797|-0,023361388590355303|-0,0010295688261490188|0,13754626687105098|0,08725929687463263|0,030021252368097384|-0,31904165934322176|1316,0|1008,0|755,0|857,0|960,75
N|976|802|1096|Vanguard EUR Cash UCITS ETF EUR Dist|Other|Broad Market / Other|Broad Market / Other|Distr|IE000AFVKJZ0|VCAS.DE|EUR|0,07|15,024200439453125|15,02239990234375|0,002023890301329434|0,005697949135380798|0,01716721349410344|0,015718082748638507|0,008373476131895874|1,7619340352698072|713,0|899,0|1158,0|1024,0|960,85
S|977|1085|860|iShares MSCI Europe SRI UCITS ETF EUR (Dist)|ESG / Sustainable|Broad Market / Other|Broad Market / Other|Distr|IE00BGDPWW94|36B3.DE|EUR|0,2|7,966000080108643|7,943999767303467|-0,016253802423210506|-0,0014902414378806794|0,08735157371951408|0,08549898743196671|0,03483491658763915|0,5526358688152151|1133,0|1021,0|908,0|780,0|961,35
N|978|810|1098|Vanguard EUR Cash UCITS ETF (Acc)|Other|Broad Market / Other|Broad Market / Other|Acc|IE000SOORXS0|VCAA.DE|EUR|0,07|15,257800102233887|15,255399703979492|0,002055662538890113|0,005502718898460657|0,017186673482259218|0,015582070031334716|0,008329274739268477|1,7378740494139997|712,0|907,0|1157,0|1026,0|964,0500000000001
N|979|911|1024|State Street SPDR Bloomberg Sterling Corporate Bond UCITS ETF|Bonds / Fixed Income|Fixed Income|Bonds|Unknown|IE00B4694Z11|SYBS.DE|EUR|0,2|58,45399856567383|58,20800018310547|0,0031576815936962266|-0,0009673232886097116|0,040201969378617086|0,017574608296565097|0,010770375492856976|1,926931610897615|675,0|1005,0|1052,0|994,0|965,05
N|980|921|1017|StSt SPDR BBG 1-10 Y U.S. Corpo Bd UCITS ETF Dist|Other|Broad Market / Other|Broad Market / Other|Distr|IE00BYV12Y75|SYBR.DE|EUR|0,12|25,5939998626709|25,55699920654297|0,016118792351765165|-0,004447134146594811|0,03715633338388247|0,030026028089580548|0,014960758173268252|1,8282169060302333|520,0|1077,0|1061,0|958,0|965,6500000000001
N|981|912|1023|Jupiter Global Government Bd Active UCITS ETF Acc|Global / Broad|Broad Market / Other|Broad Market / Other|Acc|IE000GDU4WA8|ZINS.DE|EUR|0,3|9,055000305175781|9,017000198364258|0,015681091625023402|-0,003806471757406449|0,030687265527302943|0,02841634911099944|0,014545739356935483|1,4659011580047816|523,0|1065,0|1078,0|959,0|965,75
N|982|828|1092|iShares iBonds Dec 2026 Term Italy Govt Bond UCITS EUR (Dist) ETF|Bonds / Fixed Income|Fixed Income|Bonds|Distr|IE000LZ7BZW8|26TP.DE|EUR|0,12|5,056600093841553|5,05620002746582|0,0016595999070170286|0,005264327382711764|0,018699395050933765|0,014312046615013951|0,007815902706748368|1,5380363549842933|730,0|914,0|1144,0|1033,0|967,7
N|983|837|1087|iShares   Govt Bond 0-1yr UCITS ETF EUR D|Bonds / Fixed Income|Fixed Income|Bonds|Distr|IE00B3FH7618|EUN6.DE|EUR|0,07|98,89399719238281|98,9000015258789|0,0014784713829718577|0,005148481991091636|0,019340700889850515|0,014295740355619868|0,0077426434766190155|1,8460849002410427|737,0|917,0|1137,0|1035,0|968,6
N|984|829|1103|Invesco BulletShares 2027 EUR Corporate Bond UCITS - Acc ETF|Bonds / Fixed Income|Fixed Income|Bonds|Acc|IE000LGHLQ71|BSE7.DE|EUR|0,1|5,714799880981445|5,703400135040283|0,001788034902748814|0,005065074100965683|0,018317871103914474|0,013981497940403598|0,007410656677846905|2,9273962506458404|721,0|919,0|1150,0|1040,0|971,25
N|985|1225|739|L&G Hydrogen Economy UCITS ETF USD Acc|Other|Broad Market / Other|Broad Market / Other|Acc|IE00BMYDM794|HTMW.DE|EUR|0,49|6,822000026702881|6,689000129699707|0,03426316335467505|-0,03535067859955243|0,19579318456348127|0,2847457815850516|0,00688377062884471|1,8057145572951463|359,0|1459,0|502,0|1042,0|971,35
S|986|1087|877|BNP PARIBAS EASY II MSCI Europe PAB UCITS EUR Acc ETF|Region: Europe|Broad Market / Other|Broad Market / Other|Acc|IE000YASIPS3|AIME.DE|EUR|0,14|13,720000267028809|13,616000175476074|-0,0171919606348383|-0,0010193635324640127|0,10449205787057325|0,07540365770493396|0,025536012907634076|0,26390831848039525|1173,0|1007,0|859,0|892,0|971,9
N|987|857|1080|iShares iBonds Dec 2026 Term EUR Corp UCITS EUR (Dist) ETF|Other|Broad Market / Other|Broad Market / Other|Distr|IE000SIZJ2B2|IB26.DE|EUR|0,12|5,048999786376953|5,0447998046875|0,0010716461894162421|0,00459397962011554|0,019989679228614277|0,014851781697201583|0,007935914675069933|1,302455202348759|749,0|930,0|1127,0|1030,0|972,1
N|988|904|1045|iShares Broad $ High Yield Corp Bd UCITS ETF USD D|Bonds / Fixed Income|Fixed Income|Bonds|Distr|IE00BG0J4957|UDHY.DE|EUR|0,2|4,0605998039245605|4,053999900817871|0,01143295109078557|-0,0021851708813237503|0,017820869780358572|0,009295785932501355|0,020802528244900254|1,8225759047378205|562,0|1039,0|1154,0|919,0|972,2
N|989|842|1093|Xtrackers II Target Maturity Sept 2027 EUR Corporate Bond UCITS ETF|Bonds / Fixed Income|Fixed Income|Bonds|Unknown|LU2673523218|XB27.DE|EUR|0,12|25,96299934387207|25,944000244140625|0,0013112147888256764|0,00497589756932082|0,01875188741413325|0,014236850622933561|0,007723258787052156|2,321505192200053|743,0|921,0|1143,0|1036,0|972,8000000000001
N|990|851|1088|Amundi Prime Euro Government Bond 0-1Y UCITS Acc ETF|Bonds / Fixed Income|Fixed Income|Bonds|Acc|LU2233156582|PRAB.DE|EUR|0,05|21,777999877929688|21,775999069213867|0,0016097064509490444|0,004520275432399856|0,01918756303007063|0,014818304148350059|0,007781633581359859|1,8468056732313485|734,0|932,0|1139,0|1034,0|974,45
S|991|1094|880|HSBC MSCI Europe Cl Paris Aligned UCITS ETF EUR|Region: Europe|Broad Market / Other|Broad Market / Other|Unknown|IE00BP2C0316|HPAE.DE|EUR|0,15|28,274999618530273|28,065000534057617|-0,015837101669185727|-0,0019414156485668688|0,1053557350610721|0,07407402845495992|0,02412626629873671|0,3275246578109513|1115,0|1034,0|858,0|899,0|975,1500000000001
N|992|845|1099|Amundi US Treasury Bond 0-1Y UCITS EUR Hedged Acc ETF|Bonds / Fixed Income|Fixed Income|Bonds|Acc|LU2182388749|PR1H.DE|EUR|0,07|21,48699951171875|21,492000579833984|0,0012581746690580875|0,004957625478130723|0,0183411906754698|0,013968171732843038|0,0076538712615965565|1,9282634619790107|745,0|922,0|1149,0|1037,0|975,2
S|993|1244|721|Amundi MSCI Turkey UCITS ETF Acc|Other|Broad Market / Other|Broad Market / Other|Acc|LU1900067601|LTUR.DE|EUR|0,45|49,64500045776367|49,095001220703125|-0,016151380132699455|-0,01341413436316008|0,20234922153015455|0,18796361259034455|0,006875439798769367|-0,6993578002999958|1128,0|1195,0|478,0|1043,0|975,3000000000001
S|994|1123|851|iShares Dow Jones Eurozone Sustainability Screened UCITS (DE) ETF|Region: US|Broad Market / Other|Broad Market / Other|Unknown|DE000A0F5UG3|EXXV.DE|EUR|0,41|22,684999465942383|22,655000686645508|-0,022694075393445923|-0,0011311888476487342|0,12263303564399841|0,07111572534021415|0,02636864351492285|-0,4493907722166754|1299,0|1011,0|807,0|884,0|977,8
S|995|1065|916|Xtrackers MSCI Europe Industrials Screened UCITS ETF|Region: Europe|Industrials|Industrials|Unknown|LU0292106084|DXSL.DE|EUR|0,17|211,4499969482422|212,60000610351562|-0,010760248195358146|-0,002594354017725564|0,10440817681704995|0,0828041697563735|0,013051314562369187|0,15762643529724712|1001,0|1047,0|860,0|972,0|978,35
N|996|833|1117|iShares eb.rexx Government Germany 0-1yr UCITS (DE) EUR (Dist) ETF|Region: Europe|Broad Market / Other|Broad Market / Other|Distr|DE000A0Q4RZ9|EXVM.DE|EUR|0,13|76,83000183105469|76,84649658203125|0,0017014555726126979|0,005044252733609422|0,01556814365629311|0,011512460062870877|0,006356427530508579|1,6855142381415518|727,0|920,0|1169,0|1047,0|978,7
N|997|1159|820|First Trust Nasdaq Cln Edge Grn En UCITS ETF A USD|Technology|Information Technology|Technology Hardware & Software|Unknown|IE00BDBRT036|QCLN.DE|EUR|0,6|17,270000457763672|17,083999633789062|0,07561040859266743|-0,047014639390380975|0,1978083085549771|0,1402350826723433|-0,008687016046910578|2,2711273018782068|87,0|1505,0|492,0|1214,0|980,8499999999999
S|998|1162|818|iShares STOXX Europe Large 200 UCITS (DE) ETF|Region: Europe|Broad Market / Other|Broad Market / Other|Unknown|DE0005933980|EXSC.DE|EUR|0,2|65,41000366210938|65,02999877929688|-0,021232941769580793|-0,0037918660273181803|0,13922961527670208|0,08149354093762784|0,025541514522297692|-0,5057793821629148|1274,0|1064,0|745,0|891,0|981,1500000000001
N|999|895|1071|StSt SPDR S&P US Con Dis Sel Sector UCITS ETF Acc|Region: US|Broad Market / Other|Broad Market / Other|Acc|IE00BWBXM278|ZPDD.DE|EUR|0,15|62,58000183105469|61,849998474121094|0,009517666343165088|-0,001595380881209696|0,019882679409512827|0,018057598638500094|0,008997647783211882|2,384136277589599|586,0|1024,0|1130,0|1006,0|981,2
B|1000|656|1348|WisdomTree Blockchain UCITS - USD Acc ETF|Other|Broad Market / Other|Broad Market / Other|Acc|IE000940RNE6|WBKN.DE|EUR|0,45|48,255001068115234|47,78499984741211|-0,01600733753582695|0,04053910659008597|-0,1889915786871389|0,02159416628736399|0,012888079727408241|-0,24686111823391482|1122,0|552,0|1588,0|977,0|981,5
N|1001|882|1085|JPM EUR Ultra-Short Income Active UCITS EUR (acc) ETF|Other|Broad Market / Other|Broad Market / Other|Acc|IE00BD9MMF62|JEST.DE|EUR|0,18|110,4800033569336|110,36499786376953|0,0005434268156432331|0,003314766382828571|0,020082203459020453|0,01450874021043247|0,007483660122602043|2,496781108923567|762,0|951,0|1126,0|1039,0|984,0
N|1002|758|1201|iShares MSCI Saudi Arabia Capped UCITS ETF USD D|Other|Broad Market / Other|Broad Market / Other|Distr|IE00BJ5JPJ87|IUSW.DE|EUR|0,6|4,548999786376953|4,4710001945495605|-0,005683065349102123|0,011480798557115257|-0,014169994465265678|0,07257303348932198|0,014460945463999675|1,0585477049368615|888,0|792,0|1368,0|960,0|984,0
S|1003|1111|873|L&G MSCI Europe Select UCITS ETF EUR Acc|Region: Europe|Broad Market / Other|Broad Market / Other|Acc|IE00BKLTRN76|DELF.DE|EUR|0,1|19,516000747680664|19,368000030517578|-0,02008433476477056|-0,0011259780433304778|0,11138959801974635|0,07277931801590021|0,022715849277049616|-0,19907988177771352|1251,0|1010,0|841,0|911,0|984,1
N|1004|858|1113|iShares iBond Dec 2027 Term   Corp UCITS ETF EUR A|Other|Broad Market / Other|Broad Market / Other|Acc|IE000ZOI8OK5|IB27.DE|EUR|0,12|5,6479997634887695|5,645599842071533|0,0006377371608827787|0,004624607798908054|0,016631793937964545|0,012186351382161176|0,006270801179500518|1,7187579341247616|756,0|929,0|1160,0|1049,0|984,8
S|1005|1142|851|iShares S&P 500 Financials Sector UCITS ETF USD A|Financials|Financials|Banks & Financial Services|Acc|IE00B4JNQZ49|QDVH.DE|EUR|0,15|14,307999610900879|14,057999610900879|-0,0303605291018354|0,00013979135157504707|0,062054593323600304|0,04407465827715362|0,047509060664233216|-0,07431796409599623|1405,0|990,0|987,0|659,0|985,3
N|1006|1015|964|JPM Global High Yield Corporate Bond Multi-Factor Active UCITS USD (acc) ETF|Bonds / Fixed Income|Fixed Income|Bonds|Acc|IE00BKKCKJ46|JGHY.DE|EUR|0,35|113,08499908447266|112,7249984741211|0,004441088991126163|-0,008069805632294202|0,06043698173023282|0,043460199164684354|0,018747292402935933|1,0831589056224866|657,0|1129,0|990,0|940,0|985,65
S|1007|586|1459|Xtrackers IE Physical Platinum EUR Hedged Securities ETC|Other|Broad Market / Other|Broad Market / Other|Unknown|DE000A2UDH63|XPPE.DE|EUR|0,73|30,920000076293945|30,673999786376953|-0,07308596162202963|0,06974815923431543|-0,0036734007532779334|-0,22961932295779308|-0,14164924540245583|-1,2067318317190698|1578,0|271,0|1287,0|1595,0|985,85
S|1008|1096|911|iShares Edge MSCI Europe Qual Fctr UCITS ETF EUR A|Region: Europe|Broad Market / Other|Broad Market / Other|Acc|IE00BQN1K562|CEMQ.DE|EUR|0,25|11,973999977111816|11,918000221252441|-0,012535083471666986|-0,003992707905874249|0,08973426179158683|0,06929809127169118|0,024185626725830467|0,8413199604653148|1031,0|1068,0|898,0|898,0|985,95
N|1009|935|1042|Invesco US Treasury Bond 3-7 Year UCITS ETF Dist|Bonds / Fixed Income|Fixed Income|Bonds|Distr|IE00BF2FNQ44|TRD7.DE|EUR|0,06|32,2400016784668|32,22999954223633|0,013908619387489995|-0,005131302534609916|0,02687310427214018|0,02006603164012577|0,010288517338481462|1,8853305986979783|540,0|1087,0|1088,0|997,0|987,1999999999999
N|1010|937|1038|StSt SPDR BBG 3-7 Y U.S. Treas Bd UCITS ETF Dist|Other|Broad Market / Other|Broad Market / Other|Distr|IE00BYSZ5R67|SPP3.DE|EUR|0,05|23,844999313354492|23,82699966430664|0,014637669491154082|-0,005369897165613979|0,027682784446286357|0,020835196112126475|0,010277433952255999|1,8958999174418134|535,0|1092,0|1085,0|998,0|987,9
S|1011|1258|743|Xtrackers MSCI USA Industrials UCITS 1D ETF|Region: US|Industrials|Industrials|Distr|IE00BCHWNV48|XUIN.DE|EUR|0,12|97,93000030517578|97,02999877929688|0,01481865601218435|-0,031157087378801962|0,1558495072871151|0,14566708280341878|0,024389007852734013|2,5297875462629262|532,0|1433,0|624,0|896,0|988,2
S|1012|1190|815|iShares MSCI Turkey UCITS USD (Dist) ETF|Other|Broad Market / Other|Broad Market / Other|Distr|IE00B1FZS574|IQQ5.DE|EUR|0,74|19,076000213623047|18,922000885009766|-0,01751133838973251|-0,0073889163971337934|0,18335293890751636|0,17404096135179103|-0,0024482605865687734|-0,6660206347297997|1181,0|1121,0|537,0|1146,0|989,0000000000001
S|1013|1249|763|Invesco STOXX Europe 600 Optimised Insurance UCITS Acc ETF|Financials|Financials|Banks & Financial Services|Acc|IE00B5MTXJ97|SC0Y.DE|EUR|0,2|253,10000610351562|250,6999969482422|-0,04328097606420467|-0,002954500618346123|0,11106234729070419|0,07747983260932578|0,04794094210517175|-0,8216239616575723|1513,0|1054,0|843,0|654,0|990,0999999999999
S|1014|1148|853|StSt SPDR S&P US Financials Sel Sctr UCITS ETF Acc|Financials|Financials|Banks & Financial Services|Acc|IE00BWBXM500|ZPDF.DE|EUR|0,15|57,40999984741211|56,439998626708984|-0,03072766687304118|-0,0005222628832537435|0,0611830215646747|0,04400796681359154|0,0469199165212939|-0,1210793591265647|1409,0|998,0|988,0|665,0|990,5500000000001
N|1015|901|1091|PIMCO Euro Short Maturity UCITS ETF EUR Acc|Region: Europe|Broad Market / Other|Broad Market / Other|Acc|IE00BVZ6SP04|PJSR.DE|EUR|0,19|107,73999786376953|107,71499633789062|-0,0004638932306624266|0,002932229956372101|0,019685729032451915|0,014262173795347444|0,006467659898420353|-1,0527999925255966|773,0|959,0|1132,0|1046,0|991,75
S|1016|1276|735|iShares STOXX Europe 600 Insurance UCITS (DE) ETF|Financials|Financials|Banks & Financial Services|Unknown|DE000A0H08K7|EXH5.DE|EUR|0,46|52,90999984741211|52,36000061035156|-0,044428375147684274|-0,0044698960653702935|0,11795144477287023|0,08056101136486782|0,050327964268639835|-0,7796317312311358|1518,0|1078,0|822,0|637,0|991,8000000000001
N|1017|860|1125|Amundi MDAX ESG UCITS ETF|ESG / Sustainable|Broad Market / Other|Broad Market / Other|Unknown|LU2611731667|AK8G.DE|EUR|0,3|10,34749984741211|10,343500137329102|0,0016456317643671614|0,00412416700414675|0,012218957767504701|0,008704871265818204|0,005770834185591545|2,3313331264839676|732,0|939,0|1183,0|1054,0|991,95
N|1018|860|1125|Amundi MDAX ESG UCITS ETF|ESG / Sustainable|Broad Market / Other|Broad Market / Other|Unknown|LU2611731667|AK8G.DE|EUR|0,3|10,34749984741211|10,343500137329102|0,0016456317643671614|0,00412416700414675|0,012218957767504701|0,008704871265818204|0,005770834185591545|2,3313331264839676|732,0|939,0|1183,0|1054,0|991,95
N|1019|848|1136|Amundi EUR Corporate Bond 0-1Y ESG - UCITS DR (D) ETF|ESG / Sustainable|Fixed Income|Bonds|Distr|LU1686830065|LCVB.DE|EUR|0,08|128,43499755859375|128,40499877929688|0,0013253667777979317|0,0046935383769559635|0,005795041822608926|0,015657709848317047|0,007918303691699657|1,3514490917719721|742,0|927,0|1214,0|1032,0|992,0
S|1020|593|1464|Xtrackers Physical Platinum Euro Hedged ETC|Region: Europe|Broad Market / Other|Broad Market / Other|Unknown|DE000A1EK0H1|XAD3.DE|EUR|0,75|87,0|86,81999969482422|-0,07441887911255363|0,06905877287119222|-0,004633588295327673|-0,22611633679929455|-0,14184574567511354|-1,2730224451425147|1580,0|284,0|1292,0|1596,0|992,8000000000001
N|1021|1012|987|Invesco US High Yield Fallen Angels UCITS ETF Dist|Bonds / Fixed Income|Fixed Income|Bonds|Distr|IE00BD0Q9673|FAHY.DE|EUR|0,45|18,364500045776367|18,329500198364258|0,009897603547081024|-0,009972064523054769|0,04210022176980743|0,04078618740186846|0,020729552747341673|1,3666405447380803|579,0|1153,0|1045,0|920,0|993,3000000000001
B|1022|626|1414|Xtrackers II Japan Government Bond UCITS 1C ETF|Bonds / Fixed Income|Fixed Income|Bonds|Acc|LU0952581584|XJSE.DE|EUR|0,15|5,940400123596191|5,9842000007629395|0,000909887256733688|0,02679161546619291|-0,09772467741354907|-0,03761780719481367|-0,005393432385933705|-0,46459630117857476|752,0|643,0|1552,0|1179,0|993,8
S|1023|1272|754|Amundi STOXX Europe 600 Insurance UCITS ETF Acc|Financials|Financials|Banks & Financial Services|Acc|LU1834987973|LIRU.DE|EUR|0,3|94,44999694824219|93,5|-0,04480178426605541|-0,004217201184120611|0,11563894238897188|0,07146903361667833|0,0488622934213514|-0,8040097595416675|1519,0|1073,0|832,0|647,0|994,45
N|1024|907|1095|PIMCO Euro Short Maturity UCITS ETF EUR Inc|Region: Europe|Broad Market / Other|Broad Market / Other|Distr|IE00B5ZR2157|PJS1.DE|EUR|0,19|97,18800354003906|97,20800018310547|-0,0006451790050090445|0,0029003795214310735|0,019436117395688735|0,013937573710427253|0,006320054414229004|-1,800281254258344|778,0|961,0|1136,0|1048,0|994,7
N|1025|917|1084|iShares $ Intermediate Credit Bond UCITS ETF USD D|Bonds / Fixed Income|Fixed Income|Bonds|Distr|IE00BDQZ5152|SXRF.DE|EUR|0,15|4,190400123596191|4,18310022354126|0,015633034037361382|-0,004096868367917339|0,01337769733400851|0,006542366288670998|0,012893513360729525|1,8684919428194537|525,0|1070,0|1176,0|976,0|995,95
N|1026|1127|881|StSt SPDR S&P US Con St Sel Sector UCITS ETF Acc|Region: US|Broad Market / Other|Broad Market / Other|Acc|IE00BWBXM385|ZPDS.DE|EUR|0,15|39,7599983215332|39,189998626708984|0,00990600457783053|-0,018877314633959474|0,12586719149586578|0,11544389987160919|0,01235586862510396|1,2527517450325734|578,0|1286,0|794,0|982,0|996,0
S|1027|1327|671|StSt SPDR MSCI Europe Utilities UCITS ETF|Region: Europe|Utilities|Utilities|Unknown|IE00BKWQ0P07|SPYU.DE|EUR|0,18|252,6999969482422|251,8000030517578|0,01100220057441903|-0,04569483158053167|0,22968368344643397|0,10687688817486629|-0,0030024471801951558|1,015402699901087|567,0|1498,0|326,0|1152,0|996,15
S|1028|1102|926|UBS MSCI EMU Socially Responsible UCITS EUR dis ETF|ESG / Sustainable|Broad Market / Other|Broad Market / Other|Distr|LU0629460675|UIMR.DE|EUR|0,2|141,77999877929688|141,3800048828125|-0,014732419785316586|-0,0032001204953181484|0,07732683360294446|0,06162616046347469|0,028438334774743668|-0,2505051308474074|1083,0|1059,0|957,0|868,0|998,9
S|1029|1165|855|Amundi MSCI EMU SmCp ESG Brd Trnstn UCITS ETF D|ESG / Sustainable|Broad Market / Other|Broad Market / Other|Distr|LU1598689153|LGWU.DE|EUR|0,4|432,6000061035156|427,75|-0,028520058472037646|-0,0017307026409060233|0,13244763080485344|0,09256217392745292|0,019302795507847526|-0,5425344454579225|1385,0|1027,0|775,0|934,0|999,0999999999999
N|1030|891|1118|Invesco BulletShares 2027 EUR Corporate Bond UCITS - Dist ETF|Bonds / Fixed Income|Fixed Income|Bonds|Distr|IE000XOS4OJ6|BE27.DE|EUR|0,1|5,333199977874756|5,331200122833252|-0,0007409211473351496|0,0033655646825629937|0,01654164846252204|0,012272314028456188|0,0057293349078413325|1,1351917951747996|780,0|950,0|1162,0|1058,0|999,1
S|1031|832|1167|iShares MSCI South Africa UCITS ETF USD (Acc)|Other|Broad Market / Other|Broad Market / Other|Acc|IE00B52XQP83|IBC4.DE|EUR|0,65|50,599998474121094|49,95500183105469|-0,08795964506813203|0,03423606056577588|0,08805499004307027|-0,02184421183287688|-0,04119274340521695|-1,1886706727617673|1593,0|595,0|905,0|1489,0|1001,0
S|1032|1143|878|iShares MSCI Europe SRI UCITS ETF EUR (Acc)|ESG / Sustainable|Broad Market / Other|Broad Market / Other|Acc|IE00B52VJ196|IUSK.DE|EUR|0,2|76,48999786376953|76,41999816894531|-0,0181001750255545|-0,00416612036187225|0,08496450870595074|0,08312085654048773|0,03265224786492649|0,286098911438149|1197,0|1071,0|922,0|814,0|1001,25
S|1033|1322|697|Amundi STOXX Europe 600 Utilities UCITS Dist ETF|Region: Europe|Utilities|Utilities|Distr|LU2082999215|LUTL.DE|EUR|0,3|150,82000732421875|150,16000366210938|0,010586985881121835|-0,04277729334102409|0,22381355902823352|0,09895075260494002|-0,004397712155472133|1,039535043862026|570,0|1492,0|345,0|1169,0|1002,3500000000001
N|1034|1134|891|iShares S&P 500 Consumer Staples Sector UCITS ETF|Region: US|Consumer Staples|Consumer Staples|Unknown|IE00B40B8R38|2B7D.DE|EUR|0,15|8,777999877929688|8,654999732971191|0,009777986853051424|-0,019546541873417755|0,12466368622562518|0,11381802197589441|0,011565925576758174|1,2051190854837426|581,0|1295,0|800,0|988,0|1002,75
B|1035|905|1121|iShares iBond Dec 2027 Term   Corp UCITS ETF EUR D|Other|Broad Market / Other|Broad Market / Other|Distr|IE000H5X52W8|CEBD.DE|EUR|0,12|5,1092000007629395|5,115799903869629|-0,0006790679021269064|0,00294412334147931|0,015577676638025117|0,011325103244219648|0,005736857507816495|-0,20604135074333318|779,0|958,0|1168,0|1057,0|1003,45
N|1036|1314|711|L&G Clean Energy UCITS ETF USD Acc|Commodity / Energy|Energy|Energy|Acc|IE00BK5BCH80|RENW.DE|EUR|0,49|14,045999526977539|13,932000160217285|0,020339948943853825|-0,04953311388541559|0,2608616781054789|0,17304155285003597|-0,014233503207433218|1,4536856657674408|495,0|1513,0|268,0|1291,0|1004,6500000000001
B|1037|924|1097|Xtrackers II Italy Government Bond 0-1 Swap UCITS 1C ETF|Bonds / Fixed Income|Fixed Income|Bonds|Acc|LU0613540268|XBO2.DE|EUR|0,15|34,28200149536133|34,04999923706055|0,0016655375831013952|-0,0009033960956078557|0,018569687501310606|0,011149191075786602|0,007581000068356936|0,4170208934301873|728,0|1004,0|1147,0|1038,0|1005,1500000000001
S|1038|1334|699|Amundi STOXX Europe 600 Utilities UCITS ETF Acc|Region: Europe|Utilities|Utilities|Acc|LU1834988864|LUTI.DE|EUR|0,3|100,54000091552734|100,0199966430664|0,008829994191065227|-0,042840822170392756|0,22400781181644058|0,10024079598849789|-0,005044043640091034|1,0224252801941947|594,0|1493,0|342,0|1176,0|1007,0000000000001
S|1039|1217|837|Amundi Stoxx Europe 600 ESG UCITS ETF Acc|ESG / Sustainable|Broad Market / Other|Broad Market / Other|Acc|LU1681040223|AME6.DE|EUR|0,18|160,5800018310547|159,1999969482422|-0,024304289436733018|-0,005203793504020893|0,13180149636791794|0,07728434496943115|0,02546550420976823|-0,04641020702904265|1334,0|1089,0|776,0|893,0|1008,3000000000001
N|1040|1255|805|VanEck Space Innovators UCITS ETF|Other|Broad Market / Other|Broad Market / Other|Unknown|IE000YU9K6K2|JEDI.DE|EUR|0,55|72,70999908447266|71,0999984741211|0,05929486787609162|-0,08930357690953705|0,30304659639100917|0,23299978937334176|-0,05204929405838166|1,560591503123066|111,0|1588,0|211,0|1526,0|1009,8
S|1041|1293|766|Amundi STOXX Europe 600 Insurance UCITS Dist ETF|Financials|Financials|Banks & Financial Services|Distr|LU2082997946|EGV1.DE|EUR|0,3|109,04000091552734|107,9800033569336|-0,045351079056343724|-0,005653863996689434|0,11076162773572462|0,07470926374387021|0,04790988408954289|-0,8238762458222558|1521,0|1100,0|844,0|655,0|1010,15
S|1042|1067|980|iShares MSCI Europe Industr Sector UCITS ETF EUR A|Region: Europe|Broad Market / Other|Broad Market / Other|Acc|IE00BMW42520|ESIN.DE|EUR|0,18|9,480999946594238|9,531000137329102|-0,013628850650858837|-0,0017898713523689658|0,08416238658282182|0,07360430238742555|0,0062277625734710185|0,07444461194758854|1056,0|1029,0|923,0|1050,0|1010,75
S|1043|942|1090|iShares   Cp Bd IntRt Hedg ESG SRI UCITS ETF EURD|ESG / Sustainable|Broad Market / Other|Broad Market / Other|Unknown|IE00B6X2VY59|IS0Y.DE|EUR|0,25|98,95999908447266|98,61199951171875|-0,002499809472775172|0,00020210877878490408|0,02066231979693267|0,014973078834787046|0,005465699460448059|-0,7225822940034196|825,0|989,0|1120,0|1060,0|1011,35
S|1044|864|1171|Invesco STOXX Europe 600 Optimised Media UCITS Acc ETF|Region: Europe|Communication Services|Communication Services|Acc|IE00B5MTZ488|SC06.DE|EUR|0,2|165,8800048828125|162,55999755859375|-0,0050383657134133175|0,005821044897682759|-0,04939825282055876|-0,013323758621415771|0,03921492217719291|1,0070244800280765|868,0|893,0|1502,0|748,0|1012,5
S|1045|1117|933|Amundi MSCI Europe Minimum Volatility Factor UCITS - EUR (C) ETF|Factor / Smart Beta|Broad Market / Other|Broad Market / Other|Acc|LU1681041627|MIVA.DE|EUR|0,23|165,83999633789062|164,6199951171875|-0,0152018862908474|-0,004681303577930618|0,09450892068138872|0,07117935985233603|0,013015738422633483|-0,558455417430228|1105,0|1079,0|886,0|973,0|1013,45
S|1046|1130|923|iShares Edge MSCI Europe Min Vol UCITS ETF EUR Acc|Region: Europe|Broad Market / Other|Broad Market / Other|Acc|IE00B86MWN23|EUN0.DE|EUR|0,25|73,61000061035156|73,11000061035156|-0,016172134314461406|-0,004866846078282916|0,09800118742693087|0,07381469486986392|0,01442745030223147|-0,44818026919570253|1131,0|1082,0|877,0|961,0|1013,9000000000001
S|1047|919|1130|Franklin Euro Short Maturity UCITS ETF (Dis)|Region: Europe|Broad Market / Other|Broad Market / Other|Distr|IE00BFWXDY69|FVSH.DE|EUR|0,15|25,635000228881836|25,594999313354492|-0,0010910601961247046|0,0012889987879596276|0,01463905414159572|0,010010662128072889|0,0038422187310409583|0,23897076771779274|786,0|974,0|1171,0|1072,0|1014,65
S|1048|1176|879|Xtrackers MSCI USA Consumer Staples UCITS ETF 1D|Region: US|Consumer Staples|Consumer Staples|Distr|IE00BGQYRQ28|XUCS.DE|EUR|0,12|43,08000183105469|42,59000015258789|0,008073036522188604|-0,021378577055027437|0,1292881677958051|0,11523114219716413|0,011063991912934279|0,9730950924227315|612,0|1323,0|782,0|992,0|1014,9
S|1049|1202|870|BNP Paribas Easy Low Vol Europe UCITS ETF C|Region: Europe|Broad Market / Other|Broad Market / Other|Acc|LU1377381717|VLEU.DE|EUR|0,31|219,39999389648438|217,4499969482422|-0,01746533408855111|-0,008137446096705858|0,12041663614701181|0,08132085015447554|0,019596061676529164|0,22234839593267508|1178,0|1130,0|814,0|929,0|1018,0
N|1050|943|1112|StSt SPDR BBG Global Aggregate Bond UCITS ETF Dis|Bonds / Fixed Income|Fixed Income|Bonds|Distr|IE00B43QJJ40|SYBZ.DE|EUR|0,1|21,93199920654297|21,900999069213867|0,005778201049907672|-0,003501058099677379|0,017924965917742286|0,016920036970600405|0,005953704081307576|1,9675208622344775|641,0|1061,0|1153,0|1051,0|1019,0000000000001
N|1051|920|1138|iShares   Corp Bond 0-3Yr ESG SRI UCITS ETF EUR D|ESG / Sustainable|Fixed Income|Bonds|Distr|IE00BYZTVV78|QDVL.DE|EUR|0,12|4,938899993896484|4,9334001541137695|-0,0011931536720791724|0,0010336400298098791|0,012303085828395677|0,007754190120245141|0,003417936741015426|1,6864055224054642|788,0|976,0|1182,0|1076,0|1019,3000000000001
S|1052|982|1070|Amundi MSCI Pacific Ex Japan SRI Climate Paris Aligned UCITS DR - EUR (D) ETF|ESG / Sustainable|Broad Market / Other|Broad Market / Other|Distr|LU2402389261|APXJ.DE|EUR|0,45|9,564000129699707|9,51099967956543|-0,03869737812902507|0,012170575378772419|0,029924093199649615|0,06101621859984441|0,004582289195211642|-0,2517430488442857|1487,0|785,0|1081,0|1067,0|1020,6999999999999
S|1053|859|1208|Inqq India Internet Ucits Etf Acc|Region: Emerging Markets / Asia|Broad Market / Other|Broad Market / Other|Acc|IE000WYTQSF9|INQQ.DE|EUR|0,86|7,439000129699707|7,304999828338623|-0,04554785890392432|0,026918853229008333|-0,12286284912818246|-0,05739990588931332|0,04128758121812415|-0,5338030792424959|1523,0|642,0|1563,0|727,0|1021,4
N|1054|1028|1027|iShares Global HY Corp Bond UCITS ETF USD Dist|Bonds / Fixed Income|Fixed Income|Bonds|Distr|IE00B74DQ490|IBC9.DE|EUR|0,5|75,88999938964844|75,51000213623047|0,0019260808796837114|-0,007548160392197412|0,034575885474412926|0,02542265337778904|0,011186154337332388|1,1702028696870719|717,0|1122,0|1069,0|991,0|1021,8000000000001
S|1055|1235|857|VanEck Morningstar US SMID Moat UCITS ETF USD A|Region: US|Broad Market / Other|Broad Market / Other|Acc|IE000SBU19F7|SMTV.DE|EUR|0,49|22,19499969482422|21,985000610351562|-0,031631779190942955|-0,004038597855244852|0,1017621836921081|0,08959247817387439|0,032426409784678034|0,34793109940849265|1420,0|1069,0|872,0|817,0|1022,0
N|1056|998|1068|Amundi Core US Treasury Bond UCITS ETF Acc|Bonds / Fixed Income|Fixed Income|Bonds|Acc|LU2089239193|PRAS.DE|EUR|0,05|17,664499282836914|17,63949966430664|0,012263189511348083|-0,00933767581147893|0,023050345982748244|0,018185390231372|0,007090557317888102|1,699771524285009|552,0|1146,0|1099,0|1041,0|1024,15
S|1057|1241|854|BNPP Easy Low Crbn 100 Europe PAB UCITS ETF C|Region: Europe|Broad Market / Other|Broad Market / Other|Acc|LU1377382368|LCEU.DE|EUR|0,3|294,6499938964844|291,6499938964844|-0,030437644573138023|-0,004897035383796378|0,12034218211591008|0,0728199542853003|0,02663714806273898|-0,19689738035479534|1407,0|1083,0|816,0|882,0|1024,65
N|1058|994|1073|Amundi Core US Treasury Bond UCITS ETF Dist|Bonds / Fixed Income|Fixed Income|Bonds|Distr|LU1931975319|PR1S.DE|EUR|0,05|16,293500900268555|16,278499603271484|0,01179871020193124|-0,008971418077340143|0,02225681140592628|0,01802572662478874|0,006694620449478661|1,7076005402465306|557,0|1142,0|1102,0|1045,0|1024,85
N|1059|985|1078|State Street SPDR Bloomberg UK Gilt UCITS ETF|Bonds / Fixed Income|Fixed Income|Bonds|Unknown|IE00B3W74078|SYBG.DE|EUR|0,15|47,7859992980957|47,72999954223633|0,00262268944925359|-0,005095951259060483|0,03247128208357419|0,004441514723943607|0,0018410565777760013|1,5166256480571993|689,0|1086,0|1075,0|1092,0|1024,9
S|1060|1349|729|iShares STOXX Europe 600 Utilities UCITS (DE) ETF|Region: Europe|Utilities|Utilities|Unknown|DE000A0Q4R02|EXH9.DE|EUR|0,46|55,40999984741211|55,27000045776367|0,0076377187875187325|-0,04601678452058455|0,2199565295865138|0,09898973651224807|-0,007586314591652932|0,7366833690046886|617,0|1501,0|369,0|1200,0|1025,1999999999998
N|1061|1057|1020|Invesco Gl HY Corp Bd ESG Cl Trnstn UCITS ETF Dist|ESG / Sustainable|Broad Market / Other|Broad Market / Other|Distr|IE000ZWSN3F7|GB1D.DE|EUR|0,25|4,931300163269043|4,915299892425537|0,004276022895702614|-0,011334625017052624|0,04031069839439039|0,0303455030110773|0,012037294068567572|0,8104809346762659|658,0|1172,0|1051,0|985,0|1027,25
N|1062|924|1151|Invesco BulletShares 2028 EUR Corporate Bond UCITS - Acc ETF|Bonds / Fixed Income|Fixed Income|Bonds|Acc|IE00079EUF59|BSE8.DE|EUR|0,1|5,578999996185303|5,569399833679199|-0,0005374028450658708|0,000394514183656991|0,008204449882807108|0,006059049419551821|0,0025910325590803307|1,7397118398870453|776,0|986,0|1199,0|1085,0|1027,55
S|1063|932|1144|Amundi EUR Corporate Bond 0-3Y ESG UCITS ETF DR C|ESG / Sustainable|Fixed Income|Bonds|Acc|LU2037748774|ECR3.DE|EUR|0,12|54,36600112915039|54,29600143432617|-0,0015793457666647415|3,6839013371148255e-05|0,011535793644929626|0,008009846041376223|0,002912129401324348|1,2186442342324475|792,0|991,0|1188,0|1082,0|1028,6
S|1064|1098|990|Amundi Euro Inflt Expectations 2-10Y UCITS ETF A|Region: Europe|Broad Market / Other|Broad Market / Other|Acc|LU1390062245|EUIN.DE|EUR|0,25|121,87000274658203|126,04000091552734|0,001191244808204095|-0,011878188257716249|0,04965332434404646|0,052236255117415364|0,015478002728803508|-1,3148208058687614|748,0|1177,0|1022,0|955,0|1029,5
S|1065|939|1143|State Street SPDR Bloomberg 0-3 Year Euro Corporate Bond UCITS ETF|Bonds / Fixed Income|Fixed Income|Bonds|Unknown|IE000IUNJSL2|SEUA.DE|EUR|0,2|10,789999961853027|10,77400016784668|-0,001342002388665442|-0,0005094567073107292|0,011625688297828285|0,00803433156111244|0,002986881722407242|1,444138594678253|790,0|997,0|1187,0|1079,0|1029,85
S|1066|934|1147|StSt SPDR BBG 0-3 Year Euro Corp Bd UCITS ETF Dis|Region: Europe|Broad Market / Other|Broad Market / Other|Distr|IE00BC7GZW19|SYBD.DE|EUR|0,2|29,618999481201172|29,54400062561035|-0,0008770779612415902|-0,00034620243353655766|0,011411928782373959|0,0076989047026121415|0,0024507910165256774|1,0923466184073551|783,0|995,0|1189,0|1088,0|1030,3000000000002
N|1067|1007|1082|Vanguard U.K. Gilt UCITS ETF GBP Acc|Bonds / Fixed Income|Fixed Income|Bonds|Acc|IE00BH04GW44|VX6F.DE|EUR|0,05|23,78700065612793|23,76799964904785|0,0017687856563533|-0,005352299999968113|0,03228752385530931|0,003797955465901559|0,0014919305804137473|1,4755476299476873|722,0|1091,0|1076,0|1095,0|1032,7
S|1068|1286|825|UBS S&P USA Div Arist ESG Elite UCITS ETF USD dis|ESG / Sustainable|Broad Market / Other|Broad Market / Other|Distr|IE000JQ2IJD3|CHSB.DE|EUR|0,2|3,874500036239624|3,877500057220459|-0,026018072224528677|-0,009953389161389992|0,11508326535675906|0,12537590827041822|0,03330039562667464|0,142093992166441|1354,0|1152,0|834,0|805,0|1033,4
S|1069|1163|935|UBS Factor MSCI USA Prime Value Screened UCITS hEUR acc ETF|Factor / Smart Beta|Broad Market / Other|Broad Market / Other|Acc|IE00BWT3KL42|UBUW.DE|EUR|0,28|34,07500076293945|33,88999938964844|-0,02293904622395837|-0,0029260709979080923|0,0850183097569337|0,06301670374457968|0,019375641607531913|0,6495283734709334|1304,0|1053,0|921,0|932,0|1033,45
S|1070|1345|767|Invesco STOXX Europe 600 Optimised Utilities UCITS Acc ETF|Region: Europe|Utilities|Utilities|Acc|IE00B5MTXK03|SC0Z.DE|EUR|0,2|400,25|398,8500061035156|0,0080594693499898|-0,045887961859356396|0,21841704718417043|0,09672554216258944|-0,009674383390504748|0,7409236375285231|613,0|1499,0|390,0|1223,0|1033,65
S|1071|1090|1013|Amundi STOXX Europe 600 Industrials UCITS Dist ETF|Region: Europe|Industrials|Industrials|Distr|LU2082997789|INDU.DE|EUR|0,3|201,39999389648438|202,35000610351562|-0,020189779098317318|0,0009940206325829148|0,0686437176603294|0,0577731110956885|0,004384299799933933|-0,23658765693790756|1255,0|978,0|969,0|1069,0|1035,5
N|1072|1233|890|VanEck Hydrogen Economy UCITS ETF USD A|Other|Broad Market / Other|Broad Market / Other|Acc|IE00BMDH1538|HDR0.DE|EUR|0,55|7,840000152587891|7,703000068664551|0,0241672028359321|-0,029222394105074212|0,08137933139143327|0,3480055318357673|0,03260545662983905|1,3988558001010742|468,0|1423,0|937,0|815,0|1036,65
S|1073|941|1153|Xtrackers II Target Maturity Sept 2028 EUR Corporate Bond UCITS ETF|Bonds / Fixed Income|Fixed Income|Bonds|Unknown|LU2810185665|XB28.DE|EUR|0,12|35,790000915527344|35,775001525878906|-0,001952027150942448|-0,00042349817160658443|0,008665020486938957|0,005468482999926971|0,0022707469769489563|1,3014988530655454|805,0|996,0|1198,0|1090,0|1036,65
N|1074|930|1169|Xtrackers II Germany Government Bond 1-3 UCITS 1D ETF|Bonds / Fixed Income|Fixed Income|Bonds|Distr|LU0468897110|D5BC.DE|EUR|0,15|137,55999755859375|137,60499572753906|0,000618232051680101|-0,0006180225119827298|0,004523241196371375|0,0023220398550318766|0,0013802238632412145|1,6542272511915395|758,0|999,0|1221,0|1098,0|1038,15
N|1075|1017|1079|StSt SPDR Bloomberg U.S. Treas Bond UCITS ETF Dist|Bonds / Fixed Income|Fixed Income|Bonds|Distr|IE00B44CND37|SYBT.DE|EUR|0,05|82,24600219726562|82,31199645996094|0,009723276864850305|-0,010374856228627105|0,021872123654308684|0,016958445459795746|0,005857016598227682|1,435237588655812|584,0|1160,0|1107,0|1053,0|1038,95
N|1076|1014|1086|iShares $ Treasury Bond UCITS ETF USD Dist|Bonds / Fixed Income|Fixed Income|Bonds|Distr|IE00BK95B138|SNA2.DE|EUR|0,07|3,601300001144409|3,6054999828338623|0,01012691732525206|-0,010152314534789597|0,021029427043321558|0,01712712059628041|0,0055706693553485565|1,4041096903056451|575,0|1156,0|1115,0|1059,0|1039,2
S|1077|1209|924|Xtrackers MSCI Global SDGs UCITS ETF|Global / Broad|Broad Market / Other|Broad Market / Other|Unknown|IE000PSF3A70|XDGI.DE|EUR|0,35|31,204999923706055|30,989999771118164|-0,01917336476856457|-0,00652658149321661|0,0863359272167723|0,08690354994064697|0,021518000167791485|0,5017123795936763|1233,0|1113,0|915,0|917,0|1042,3000000000002
N|1078|1016|1089|Xtrackers II US Treasuries UCITS ETF 1D|Region: US|Broad Market / Other|Broad Market / Other|Distr|LU0429459356|XUTD.DE|EUR|0,06|164,8350067138672|164,85000610351562|0,010018442378669556|-0,010561156585225384|0,020807405933266354|0,016580537122750982|0,005223484136189338|1,4783806885135782|576,0|1162,0|1118,0|1061,0|1042,9
S|1079|945|1154|iShares USD Corp Bond 0-3yr ESG UCITS EUR Hedged (Acc) ETF|ESG / Sustainable|Fixed Income|Bonds|Acc|IE00BG5QQ390|IU0E.DE|EUR|0,14|5,423399925231934|5,413599967956543|-0,003234710450033984|-3,6925953089572694e-05|0,008967132814216683|0,0041845089909775535|0,0008030838094468251|0,08464618943639259|839,0|993,0|1196,0|1105,0|1043,0500000000002
S|1080|944|1166|iShares   Govt Bond 1-3yr UCITS ETF EUR Dist|Bonds / Fixed Income|Fixed Income|Bonds|Distr|IE00B14X4Q57|IBCA.DE|EUR|0,15|139,30999755859375|139,125|-0,001983610345731468|-0,0006739290171154932|0,006445900482034306|0,002299955976976298|0,00047364265561933294|1,477737252350394|807,0|1000,0|1208,0|1109,0|1044,85
N|1081|1018|1094|Vanguard USD Treasury Bond UCITS ETF Acc|Bonds / Fixed Income|Fixed Income|Bonds|Acc|IE00BGYWFS63|VAGT.DE|EUR|0,05|23,490999221801758|23,506999969482422|0,009931168987397099|-0,010655334607791|0,020283141528432136|0,01617851073179577|0,0050913160775285515|1,4121039116374485|577,0|1164,0|1123,0|1062,0|1045,3
S|1082|947|1155|Invesco BulletShares 2028 EUR Corporate Bond UCITS - Dist ETF|Bonds / Fixed Income|Fixed Income|Bonds|Distr|IE000LKGEZQ6|BE28.DE|EUR|0,1|5,2129998207092285|5,208799839019775|-0,0027902836830978606|-0,0008166239968823152|0,007825720855458407|0,004412635891435368|0,0012930070687611206|0,851358960008629|829,0|1003,0|1201,0|1099,0|1045,6
S|1083|1303|830|L&G UK Quality Div Gbp Dist|Factor / Smart Beta|Broad Market / Other|Broad Market / Other|Distr|IE00BMYDM802|BAT3.DE|EUR|0,25|14,684000015258789|14,583999633789062|-0,03485325777119053|-0,00898047463772822|0,13277253676089207|0,07415829071057889|0,025585472368960804|-1,4767345873034547|1448,0|1143,0|773,0|890,0|1045,65
S|1084|1093|1029|iShares Fallen Angels HY Corp Bd UCITS ETF USD D|Other|Broad Market / Other|Broad Market / Other|Distr|IE00BYM31M36|QDVQ.DE|EUR|0,5|4,610000133514404|4,596700191497803|-0,0008114123163108777|-0,010282025271723061|0,035747477795893934|0,028999920705919502|0,010737812819163528|0,798413537606456|781,0|1158,0|1067,0|995,0|1046,1
S|1085|1253|891|Xtrackers MSCI USA Financials UCITS 1D ETF|Financials|Financials|Banks & Financial Services|Distr|IE00BCHWNT26|XUFN.DE|EUR|0,12|35,334999084472656|34,845001220703125|-0,03588001055000545|-0,0048263920261982785|0,05495256171305152|0,03481167434715826|0,0412692706951594|-0,3226328663764268|1460,0|1081,0|1008,0|728,0|1049,0
N|1086|927|1213|iShares India INR Govt Bond UCITS USD (Acc) ETF|Bonds / Fixed Income|Fixed Income|Bonds|Acc|IE000ANOU8J3|CEB6.DE|EUR|0,35|4,239999771118164|4,232600212097168|0,005668640208337683|-0,002165136123928324|-0,016469520138766125|-0,004578062087679191|0,013497626456491663|1,6040340216550906|643,0|1038,0|1377,0|968,0|1049,5
S|1087|737|1388|Global X E-commerce UCITS ETF USD Acc|Global / Broad|Broad Market / Other|Broad Market / Other|Acc|IE00BMH5XY61|E61Z.DE|EUR|0,5|11,847999572753906|11,553999900817871|-0,008535584781528383|0,014731066856606523|-0,16586882721830987|-0,0959865999516687|0,0032039845384645993|2,1906416470823595|943,0|749,0|1579,0|1078,0|1051,4
S|1088|1178|957|iShares MSCI EMU Small Cap UCITS ETF EUR (Acc)|Other|Broad Market / Other|Broad Market / Other|Acc|IE00B3VWMM18|SXRJ.DE|EUR|0,58|359,3999938964844|356,0|-0,037493305379863395|-0,0006951202676009904|0,09723708530145547|0,06347087117816907|0,005882323167538672|-0,9709777562236516|1475,0|1002,0|878,0|1052,0|1051,9499999999998
S|1089|962|1163|iShs V-iBds Dec 2028 Term EO CReg.Shs () EUR Dis. oN|Other|Broad Market / Other|Broad Market / Other|Distr|IE0008UEVOE0|IVOA.DE|EUR|0,12|5,667200088500977|5,659800052642822|-0,0026749502826122207|-0,0013040629640824752|0,006178547763168618|0,005036522589766612|0,001087801018295531|1,334983724525254|828,0|1017,0|1211,0|1103,0|1054,35
S|1090|958|1168|iShares iBonds Dec 2028 Term EUR Corp UCITS EUR (Dist) ETF|Other|Broad Market / Other|Broad Market / Other|Distr|IE000264WWY0|IB28.DE|EUR|0,12|5,1020002365112305|5,103000164031982|-0,002008077641316053|-0,0015040425868860785|0,005944752750427051|0,0016443388264766323|0,0007091472860982773|0,6669293388087735|809,0|1022,0|1213,0|1106,0|1054,6
N|1091|1013|1129|JPM Glbl Aggrgte Bd Active UCITS ETF - USD (dist)|Other|Broad Market / Other|Broad Market / Other|Distr|IE000LHP8TA1|JAGG.DE|EUR|0,31|8,73639965057373|8,72819995880127|0,0034687930217089935|-0,007228517428376935|0,015280332079265824|0,013333942461906778|0,0038222756441592676|1,4971818270522006|671,0|1119,0|1170,0|1073,0|1055,35
S|1092|974|1159|iShares GBP Corp Bond 0-5yr UCITS EUR Hedged (Acc) ETF|Bonds / Fixed Income|Fixed Income|Bonds|Acc|IE000WJWZK35|CEBV.DE|EUR|0,25|5,599599838256836|5,595200061798096|-0,004869382884401308|-0,0011773357509458071|0,010028803750293136|0,0002857786087173686|-0,0003044210901851363|0,4427674956842005|860,0|1013,0|1194,0|1114,0|1055,5
N|1093|650|1518|iShares BIC 50 UCITS ETF|Other|Broad Market / Other|Broad Market / Other|Unknown|IE00B1W57M07|IQQ9.DE|EUR|0,74|20,110000610351562|19,336000442504883|-0,00223270031063616|0,02549719451492849|-0,16287945283158334|-0,10311096222646665|-0,02576900341130417|2,2384569093885744|815,0|653,0|1577,0|1400,0|1057,7
S|1094|965|1173|iShares iBonds Dec 2028 Term Italy Govt Bond UCITS EUR (Dist) ETF|Bonds / Fixed Income|Fixed Income|Bonds|Distr|IE000Q2EQ5K8|28IY.DE|EUR|0,12|5,061600208282471|5,051000118255615|-0,0022987194205087436|-0,0015947290700627503|0,004925723628373513|0,001205508611260786|-0,00024758387032408624|1,3817245672820682|817,0|1023,0|1216,0|1111,0|1057,95
S|1095|1248|921|State Street SPDR S&P 400 U.S. Mid Cap UCITS ETF|Other|Broad Market / Other|Broad Market / Other|Unknown|IE000G8WOLX8|US4E.DE|EUR|0,35|35,18000030517578|34,994998931884766|-0,02563545036367143|-0,006554511265236318|0,10415155359846762|0,09871200559469218|0,012757162119428456|0,5368161295777887|1349,0|1114,0|861,0|979,0|1059,0
N|1096|1036|1116|JPM BetaBuilders US Trs Bond UCITS ETF USD Acc|Bonds / Fixed Income|Fixed Income|Bonds|Acc|IE00BJK9HH50|BBTR.DE|EUR|0,07|92,42400360107422|92,43599700927734|0,009193977658475072|-0,011613715221331145|0,018491188186570584|0,014689470252681414|0,0038556235517996917|1,4231569371987651|590,0|1175,0|1148,0|1071,0|1059,7
S|1097|1291|875|Amundi MSCI Europe Action UCITS Dist ETF|Region: Europe|Broad Market / Other|Broad Market / Other|Distr|LU2608817958|AE5B.DE|EUR|0,09|133,33999633789062|132,72000122070312|-0,023865370570734568|-0,011270979279116689|0,11570852286086142|0,0692862838900834|0,020305845830310032|-0,07787062687962419|1324,0|1171,0|831,0|925,0|1059,75
S|1098|1319|856|StSt SPDR S&P U.S. Div Aristocrats UCITS ETF Dist|Other|Broad Market / Other|Broad Market / Other|Distr|IE00B6YX5D40|SPYD.DE|EUR|0,35|72,83999633789062|72,5199966430664|-0,014880566979370236|-0,019366901890407573|0,12104731613615471|0,12572368957079338|0,02573156913854535|0,9126828793086514|1092,0|1292,0|812,0|888,0|1061,2
N|1099|862|1303|Performance Trust Total Rtn Bond UCITS ETF Acc|Bonds / Fixed Income|Fixed Income|Bonds|Acc|IE000X5OD4M3|PTAM.DE|EUR|0,75|7,334199905395508|7,322199821472168|0,015226618447424345|-0,001416046479513433|-0,10662042439347674|0,03877965779349557|0,01947526809921185|1,4740980186082793|528,0|1019,0|1559,0|931,0|1062,75
S|1100|966|1189|Amundi SDAX UCITS Dist ETF|Other|Broad Market / Other|Broad Market / Other|Distr|LU2611732475|AK8E.DE|EUR|0,7|10,276000022888184|10,262999534606934|-0,0019424538663733726|-0,0017971079152232505|0,0038156514373812733|0,0007825952161382155|-0,0005866451556796326|1,410939545757598|802,0|1031,0|1226,0|1119,0|1063,0
S|1101|966|1189|Amundi SDAX UCITS Dist ETF|Other|Broad Market / Other|Broad Market / Other|Distr|LU2611732475|AK8E.DE|EUR|0,7|10,276000022888184|10,262999534606934|-0,0019424538663733726|-0,0017971079152232505|0,0038156514373812733|0,0007825952161382155|-0,0005866451556796326|1,410939545757598|802,0|1031,0|1226,0|1119,0|1063,0
S|1102|966|1189|Amundi SDAX UCITS Dist ETF|Other|Broad Market / Other|Broad Market / Other|Distr|LU2611732475|AK8E.DE|EUR|0,7|10,276000022888184|10,262999534606934|-0,0019424538663733726|-0,0017971079152232505|0,0038156514373812733|0,0007825952161382155|-0,0005866451556796326|1,410939545757598|802,0|1031,0|1226,0|1119,0|1063,0
N|1103|962|1199|iShares Core Gl Aggregate Bd UCITS ETF USD Dis|Other|Broad Market / Other|Broad Market / Other|Distr|IE00B3F81409|EUNU.DE|EUR|0,1|3,732800006866455|3,730799913406372|0,004088632245316637|-0,00482393329939057|-0,0013139550007249534|-0,002495465945822284|0,0029602224365101737|1,6399628724761968|660,0|1080,0|1269,0|1081,0|1064,45
S|1104|976|1192|Xtrackers II Eurozone Government Bond 1-3 UCITS 1D ETF|Bonds / Fixed Income|Fixed Income|Bonds|Distr|LU0614173549|X03B.DE|EUR|0,1|156,82000732421875|156,64999389648438|-0,0024807542331466426|-0,0017376952430276926|0,004102736756869341|0,0005784987344488179|-0,0006756820275219955|1,199591660236488|824,0|1028,0|1224,0|1122,0|1065,2
S|1105|1307|868|VanEck European Equal Weight Screened UCITS ETF|Other|Broad Market / Other|Broad Market / Other|Unknown|NL0010731816|V3ET.DE|EUR|0,4|93,62000274658203|92,9000015258789|-0,03663302683077008|-0,008890052676558624|0,12314776364195024|0,06937234153896865|0,019098973721965784|-0,8614044479222561|1469,0|1141,0|806,0|935,0|1065,25
N|1106|1193|977|UBS BBG USD EM Sovereign UCITS USD dis ETF|Bonds / Fixed Income|Fixed Income|Bonds|Distr|LU1324516050|UEFS.DE|EUR|0,25|8,036999702453613|7,9618000984191895|0,0017449756172940312|-0,019524794289852765|0,06583015604232911|0,037708108842924304|0,011811612808885652|0,6862885421353444|723,0|1294,0|971,0|987,0|1066,2
S|1107|992|1176|Amundi DJ Switzerland Titans 30 UCITS Dist ETF|Other|Broad Market / Other|Broad Market / Other|Distr|LU2611732632|AK8F.DE|EUR|0,25|10,286499977111816|10,275500297546387|-0,0024244406255748974|-0,002279383273367186|0,004906876213547795|0,0006830992723318996|-0,00032381849585594313|1,3715772373491133|820,0|1042,0|1217,0|1115,0|1067,05
S|1108|992|1176|Amundi DJ Switzerland Titans 30 UCITS Dist ETF|Other|Broad Market / Other|Broad Market / Other|Distr|LU2611732632|AK8F.DE|EUR|0,25|10,286499977111816|10,275500297546387|-0,0024244406255748974|-0,002279383273367186|0,004906876213547795|0,0006830992723318996|-0,00032381849585594313|1,3715772373491133|820,0|1042,0|1217,0|1115,0|1067,05
S|1109|994|1174|iShares S&P 500 Cnsmr Dscrtnr Sctr UCITS ETF USD A|Region: US|Broad Market / Other|Broad Market / Other|Acc|IE00B4MCHD36|QDVK.DE|EUR|0,15|14,27400016784668|14,093999862670898|0,008335690122410755|-0,007647362209342035|0,002528462704187051|0,00862067106539266|0,002555217095996598|2,460667805649245|605,0|1124,0|1239,0|1087,0|1067,5
S|1110|1120|1035|PIMCO Advantage EM Local Bond UCITS ETF USD Acc|Bonds / Fixed Income|Fixed Income|Bonds|Acc|IE00B4P11460|EMLB.SW|EUR|0,42|129,1699981689453|128,69500732421875|-0,021735801750369488|-0,0011985214224200513|0,05054691753354046|0,022480774928576697|0,0037624451318003516|-1,2264822422287327|1281,0|1014,0|1020,0|1074,0|1067,55
S|1111|1005|1164|BNPP Easy EUR Corp Bond SRI PAB 1-3Y UCITS ETF D|ESG / Sustainable|Fixed Income|Bonds|Distr|LU2008760592|ASR3.DE|EUR|0,15|9,597999572753906|9,59119987487793|-0,0031366201266475047|-0,0025980018526433613|0,006596233892606218|0,003623892239764892|0,0003302733332006813|1,212213176093591|835,0|1048,0|1206,0|1110,0|1067,95
S|1112|1195|983|Ossiam Eur ESG Machine Learning UCITS ETF 1C/A EUR|ESG / Sustainable|Broad Market / Other|Broad Market / Other|Acc|LU0599612842|OSX4.DE|EUR|0,65|302,70001220703125|300,95001220703125|-0,019595102163461497|-0,005748070060217159|0,07895214891403968|0,06005962229806405|0,008038206285798655|-0,6494523699840081|1241,0|1102,0|947,0|1029,0|1069,5
S|1113|990|1193|Xtrackers II Eurozone Government Bond 1-3 UCITS 1C ETF|Bonds / Fixed Income|Fixed Income|Bonds|Acc|LU0290356871|DBXP.DE|EUR|0,1|173,67999267578125|173,74000549316406|-0,0026415913373118993|-0,002097190364584667|0,004104708620382036|0,0001439284596473911|-0,00098809371124442|0,9692600999192574|827,0|1037,0|1223,0|1125,0|1069,6
S|1114|1025|1149|Xtrackers MSCI USA Cons Discretionary UCITS ETF 1D|Region: US|Broad Market / Other|Broad Market / Other|Distr|IE00BGQYRR35|XUCD.DE|EUR|0,12|82,33000183105469|81,41999816894531|0,006602285236370742|-0,009608610689645913|0,01011977106159212|0,007659538388315568|0,0024326243253458557|2,271439808243837|634,0|1150,0|1193,0|1089,0|1071,15
S|1115|984|1202|BNP Paribas Easy JPMTilted EMU GovernmentBond IG - UCITS Capitalisation ETF|Other|Broad Market / Other|Broad Market / Other|Unknown|LU2533810862|BJLG.DE|EUR|0,15|10,780500411987305|10,76200008392334|-0,0024059613974820593|-0,002082758234698834|0,0028372476267259916|-0,0003245534692555285|-0,001272864502585791|1,4234400733770176|819,0|1036,0|1235,0|1127,0|1071,4
S|1116|989|1197|Vanguard EUR Eurozone Government 1-3 Year Bond UCITS EUR Distributing ETF|Bonds / Fixed Income|Fixed Income|Bonds|Distr|IE000HARFTG3|VEGE.DE|EUR|0,07|4,935299873352051|4,929500102996826|-0,0029525878927134652|-0,001962696235873751|0,0033941624980864393|-9,438655069904378e-05|-0,0013359241279550238|1,086138536875816|832,0|1035,0|1230,0|1128,0|1071,9
S|1117|991|1198|State Street SPDR Bloomberg 1-3 Year Euro Government Bond UCITS ETF|Bonds / Fixed Income|Fixed Income|Bonds|Unknown|IE00B6YX5F63|SYB3.DE|EUR|0,15|51,5260009765625|51,422000885009766|-0,0024393914977420827|-0,0022350526009661253|0,003057464469933935|-0,0004833590404568211|-0,001232580350624346|1,2413741969474126|822,0|1041,0|1232,0|1126,0|1072,9
N|1118|950|1247|UBS JPM Gl Gov ESG Liquid Bond UCITS ETF USD acc|ESG / Sustainable|Fixed Income|Bonds|Acc|LU1974693662|UIQG.DE|EUR|0,15|8,313599586486816|8,308600425720215|0,002701647915510863|-0,003428435159991583|-0,004144636989842687|0,002266453952112446|-0,0013595840962091765|1,7737278703193435|686,0|1060,0|1288,0|1131,0|1075,1
S|1119|946|1257|StSt SPDR BBG EM Loc Bd USD BCCYHEUR UCITS ETF Acc|Region: Emerging Markets / Asia|Broad Market / Other|Broad Market / Other|Acc|IE00BK8JH525|SPFD.DE|EUR|0,6|27,86400032043457|27,593000411987305|-0,019736110173559696|0,007848987822689057|0,0005026907997516261|-0,013803333816459928|-0,006054301288293207|-0,03444625171465868|1244,0|845,0|1255,0|1186,0|1075,5500000000002
S|1120|1282|927|US Global Investors Travel UCITS ETF Acc|Region: US|Consumer Discretionary|Consumer Discretionary|Acc|IE00BMFNW783|7RIP.DE|EUR|0,69|8,991999626159668|8,982999801635742|0,008297757689092577|-0,02998930074174666|0,09618426805932812|0,00011116123502263875|0,014420933789467627|1,7844890224161623|606,0|1430,0|882,0|962,0|1075,8
S|1121|997|1207|Amundi Euro Government Bond 1-3Y UCITS ETF Acc|Bonds / Fixed Income|Fixed Income|Bonds|Acc|LU1650487413|LYQ2.DE|EUR|0,15|127,55000305175781|127,36000061035156|-0,002463495227578383|-0,002346464027717654|0,002672777059446352|-0,0007050794290267559|-0,001347237671398882|1,3026114038704915|823,0|1044,0|1237,0|1130,0|1076,3
S|1122|961|1239|Amundi Pan Africa UCITS Acc ETF|Other|Broad Market / Other|Broad Market / Other|Acc|LU1287022708|LGQM.DE|EUR|0,85|14,411999702453613|14,458000183105469|-0,09585946788920463|0,01693478494785383|0,055051234512566216|-0,012876758500275365|-0,03796669230902283|-1,5410968157131|1595,0|729,0|1007,0|1473,0|1077,2
S|1123|1001|1202|Vanguard EUR Eurozon Gov 1-3Y Bond UCITS ETF EUR A|Bonds / Fixed Income|Fixed Income|Bonds|Acc|IE00004S2680|VEGF.DE|EUR|0,07|5,098599910736084|5,092599868774414|-0,002972376304686386|-0,002543237272479515|0,0033453480978686834|-0,00027450861228695|-0,0013812292497401568|1,0509264366616033|833,0|1046,0|1231,0|1132,0|1077,5
N|1124|1091|1109|iShares US Aggregate Bond UCITS ETF USD (Dist)|Bonds / Fixed Income|Fixed Income|Bonds|Distr|IE00B44CGS96|EUNX.DE|EUR|0,25|80,19000244140625|80,12200164794922|0,008425626592355462|-0,014428936563801842|0,01976828369771977|0,015126162745832561|0,003273802053764596|1,4824715697538782|603,0|1224,0|1131,0|1077,0|1078,2
S|1125|1004|1211|BNP Paribas Easy JPMTilted EMU GovernmentBond IG 1-3Y - UCITS Capitalisation ETF|Other|Broad Market / Other|Broad Market / Other|Unknown|LU2533810789|BJLH.DE|EUR|0,15|10,098999977111816|10,086999893188477|-0,002912574189054329|-0,0026171299144532867|0,0023403090476299404|-0,0008324847769359822|-0,0017635229647388062|1,1517979612375657|831,0|1049,0|1241,0|1135,0|1081,5
S|1126|879|1344|iShares Physical Gold EUR Hedged ETC|Commodity / Energy|Materials|Materials|Unknown|IE0009JOT9U1|IGLD.DE|EUR|0,25|71,93499755859375|71,7750015258789|-0,06462520381758419|0,02639649708622116|0,023257388845804083|-0,05640457817709965|-0,09230458701484423|-1,2795674984681755|1566,0|646,0|1097,0|1577,0|1082,95
S|1127|1147|1046|VanEck US Fallen Angel High Yield Bond UCITS ETF|Bonds / Fixed Income|Fixed Income|Bonds|Unknown|IE000J6CHW80|EM1A.DE|EUR|0,35|21,607999801635742|21,559999465942383|0,003995931840244937|-0,018487376756597507|0,03382616926973858|0,03180213848560953|0,008348218201800872|0,34108901358600296|661,0|1278,0|1072,0|1025,0|1083,35
N|1128|994|1232|Amundi JP Morgan INR India Government Bond UCITS Acc ETF|Bonds / Fixed Income|Fixed Income|Bonds|Acc|IE0004W4ZVJ5|INGE.DE|EUR||8,528599739074707|8,523599624633789|0,006348188572472768|-0,00652339149258474|-0,01798549261623872|-0,007448284649246184|0,011325951385996014|1,5212577410668497|637,0|1112,0|1385,0|989,0|1084,4
S|1129|1290|940|Invesco EURO STOXX 50 Equal Weight UCITS Dist ETF|Region: Europe|Broad Market / Other|Broad Market / Other|Distr|IE000DB78H45|EWSD.DE|EUR|0,2|5,322999954223633|5,2870001792907715|-0,03856740675004544|-0,0063526585808066915|0,08732070220770183|0,03957235306760798|0,013457865319070894|-1,0677433291256728|1484,0|1109,0|910,0|969,0|1087,5
S|1130|1458|675|Xtrackers Euro Stoxx Quality Dividend UCITS ETF 1D|Factor / Smart Beta|Broad Market / Other|Broad Market / Other|Distr|LU0292095535|DXSA.DE|EUR|0,3|29,5|29,239999771118164|-0,040806346773293756|-0,02448861247132328|0,1892680192432865|0,1034470162653689|0,022178430866018894|-1,313586566029084|1505,0|1372,0|520,0|915,0|1087,5500000000002
N|1131|1003|1232|Amundi Core Global Government Bond UCITS Dist ETF|Bonds / Fixed Income|Fixed Income|Bonds|Distr|LU1737653631|10AK.DE|EUR||42,70600128173828|42,61000061035156|0,0031240320003382838|-0,006213163932473287|-0,002356267126067957|0,00274720181046062|-0,0009430923039991379|1,746063362356559|676,0|1107,0|1277,0|1124,0|1088,25
S|1132|1033|1195|Xtrackers II EURCorpBdShortDurSRI PAB UCITS ETF 1C|Other|Broad Market / Other|Broad Market / Other|Acc|LU2178481649|XZE5.DE|EUR|0,16|47,58399963378906|47,49800109863281|-0,003872833205442072|-0,004289728279957883|0,0046661038411472955|0,0020637571626993534|-0,001636323944533724|0,9266278619633616|848,0|1076,0|1219,0|1133,0|1088,95
S|1133|1040|1180|BNP PARIBAS EASY II Short Duration Income Opportunities UCITS EUR (H) Dist ETF|Other|Broad Market / Other|Broad Market / Other|Distr|IE0002FPYN09|ASHE.DE|EUR|0,22|9,744199752807617|9,739399909973145|-0,005907424725527299|-0,00397065157015819|0,007610876027343005|0,0020169723016658647|-0,0018895903551208182|-0,7005580999909701|895,0|1067,0|1203,0|1137,0|1089,1999999999998
N|1134|1073|1150|iShares Global Corp Bond UCITS ETF USD Dist|Bonds / Fixed Income|Fixed Income|Bonds|Distr|IE00B7J7TB45|IS0X.DE|EUR|0,2|75,27400207519531|75,197998046875|0,004530015360695305|-0,012963223996095175|0,012579561322539012|0,012579561322539012|0,0005010184550087171|1,378322915567279|656,0|1186,0|1180,0|1107,0|1089,2
S|1135|957|1273|iShares MSCI Wld Cons Dscrt Sec Adv UCITS ETF USDD|Other|Broad Market / Other|Broad Market / Other|Unknown|IE00BJ5JP212|36BB.DE|EUR|0,18|7,541999816894531|7,46999979019165|-0,0019849600376775633|-0,001456395662846277|-0,02139318039358673|-0,003946813332222465|0,006758081437107322|1,8926773233934664|808,0|1020,0|1407,0|1044,0|1089,75
N|1136|1105|1120|Vanguard USD Corporate Bond UCITS ETF USD Acc|Bonds / Fixed Income|Fixed Income|Bonds|Acc|IE00BGYWFK87|VUCE.DE|EUR|0,07|52,84600067138672|52,82600021362305|0,008588456441822823|-0,015646539874372034|0,018698458458140443|0,01658201547570637|0,0029774770517259075|1,1478339420881862|597,0|1245,0|1145,0|1080,0|1089,8
S|1137|1020|1221|Xtrackers II iBoxx Eurozone Government Bond Yield Plus 1-3 UCITS 1C ETF|Bonds / Fixed Income|Fixed Income|Bonds|Acc|LU0925589839|XYP1.DE|EUR|0,15|150,00999450683594|149,55999755859375|-0,004248253671275903|-0,0035869049085055504|0,002003792528993076|-0,0018299174806006846|-0,0026441787950071127|0,5647539178070573|851,0|1063,0|1244,0|1147,0|1093,25
N|1138|1119|1104|StSt SPDR BBG U.S. Aggregate Bond UCITS ETF Dist|Bonds / Fixed Income|Fixed Income|Bonds|Distr|IE00B459R192|SYBU.DE|EUR|0,17|80,10600280761719|80,50800323486328|0,007419940337665576|-0,017085857477620703|0,02101135577078095|0,01542854285747719|0,0028523953148011927|1,2844248986632487|622,0|1261,0|1116,0|1083,0|1093,3000000000002
S|1139|1274|966|UBS MSCI EMU Small Cap UCITS EUR dis ETF|Other|Broad Market / Other|Broad Market / Other|Distr|LU0671493277|UEFD.DE|EUR|0,28|148,75999450683594|147,36000061035156|-0,039886458223772236|-0,00495484594772988|0,09447799769319709|0,07091938842550882|0,0043476700980362715|-1,0427926363647455|1497,0|1084,0|887,0|1070,0|1093,9
S|1140|1254|984|Amundi MSCI Eu SRI Cl Paris Aligned UCITS ETF DR A|ESG / Sustainable|Broad Market / Other|Broad Market / Other|Acc|LU1861137484|MIVB.DE|EUR|0,18|90,19999694824219|90,25|-0,018925445366101412|-0,011073370752860856|0,04956940174327307|0,056453500232822584|0,0188826186659099|-0,10190915967862456|1227,0|1169,0|1023,0|939,0|1095,2
N|1141|1103|1131|Goldman Sachs USD InvGr Crp Bd Act UCITS ETF USD D|Other|Broad Market / Other|Broad Market / Other|Distr|IE000RRCJI06|GIGU.DE|EUR|0,18|43,0989990234375|43,01900100708008|0,0082580979325797|-0,015126481148777793|0,01635310920655031|0,015829310482949666|0,0018696197993199881|1,3610222092674786|609,0|1238,0|1163,0|1091,0|1095,5
S|1142|889|1371|Xtrackers Physical Gold Euro Hedged ETC|Commodity / Energy|Materials|Materials|Unknown|DE000A1EK0G3|XAD1.DE|EUR|0,59|232,83999633789062|232,22000122070312|-0,06550010870264167|0,025365485557470313|0,01961812802401952|-0,06112904702463462|-0,09396936707886572|-1,2753686536502928|1568,0|654,0|1134,0|1579,0|1096,1
S|1143|886|1373|Xtrackers IE Physical Gold EUR Hedged Securities ETC|Commodity / Energy|Materials|Materials|Unknown|DE000A2T5DZ1|XGDE.DE|EUR|0,24|49,88999938964844|50,09000015258789|-0,0706035934050081|0,026120947874616496|0,01957819420093032|-0,06062890573711499|-0,09617478580904404|-1,3758314438647787|1576,0|650,0|1135,0|1580,0|1096,15
S|1144|1238|1008|Fidelity USD HY Crp Bd Rs Enh PAB UCITS ETFIncEURH|Other|Broad Market / Other|Broad Market / Other|Unknown|IE000FK14CA5|FYUE.DE|EUR|0,35|4,61329984664917|4,616499900817871|-0,024837300542161822|-0,006074735343061133|0,054509452314651874|0,03723969277743944|0,008787374839712037|-1,3184430623489367|1342,0|1106,0|1010,0|1010,0|1098,2
N|1145|1022|1237|Amundi Global Aggregate Bond ESG UCITS DR (C) ETF|ESG / Sustainable|Fixed Income|Bonds|Acc|LU2439734141|8OUU.DE|EUR|0,14|41,48400115966797|41,44200134277344|0,0028283554087560336|-0,007844616685057981|-0,0014682154763684396|0,0026586892466549106|-0,00196997593027759|1,6359941097812731|684,0|1127,0|1272,0|1138,0|1099,0
N|1146|1132|1110|Xtrackers II Global Inflation-Linked Bond UCITS 5C ETF|Bonds / Fixed Income|Fixed Income|Bonds|Unknown|LU0908508814|XGIU.DE|EUR|0,2|22,350000381469727|22,290000915527344|0,0007164300144635316|-0,014463317853121715|0,02246219616382006|0,017805945361874187|-0,00033409592716393544|1,0380497679815714|754,0|1226,0|1100,0|1117,0|1101,9
S|1147|1361|902|iShares STOXX Europe 600 Financial Services UCITS (DE) ETF|Financials|Financials|Banks & Financial Services|Unknown|DE000A0H08G5|EXH2.DE|EUR|0,46|93,41000366210938|92,05000305175781|-0,054841627729710574|-0,011117525017803387|0,08893613403105305|0,06128041179992927|0,027228668250399934|-0,44930257389040873|1551,0|1170,0|902,0|881,0|1102,35
S|1148|1021|1258|iShares $ Treasury Bd 1-3yr UCITS ETF EUR Hgd Acc|Bonds / Fixed Income|Fixed Income|Bonds|Acc|IE00BDFK1573|2B7S.DE|EUR|0,1|5,057400226593018|5,054800033569336|-0,005036387092319683|-0,003075049826804621|-0,000434747779374689|-0,006014071382562602|-0,004573986332472413|-0,00525933051600601|867,0|1058,0|1267,0|1172,0|1104,4
S|1149|1049|1223|Invesco BulletShares 2029 EUR Corporate Bond UCITS - Acc ETF|Bonds / Fixed Income|Fixed Income|Bonds|Acc|IE000P5IB8I8|BSE9.DE|EUR|0,1|5,436200141906738|5,432600021362305|-0,003263632983317555|-0,005597437214073686|0,0017690934549341453|0,0012893187320621724|-0,002705926102702705|1,1174245277937682|840,0|1097,0|1246,0|1148,0|1105,9
N|1150|1059|1218|Xtrackers II ESG Global Aggregate Bond UCITS 1D ETF|ESG / Sustainable|Fixed Income|Bonds|Distr|LU0942970103|XBAG.DE|EUR|0,1|33,20199966430664|33,176998138427734|0,001206227520553771|-0,00875579374770663|0,0017825289374644449|0,003046233885488414|-0,002270658018034055|1,4044346508482495|747,0|1140,0|1245,0|1143,0|1107,9
S|1151|1123|1132|iShares Gl Infl Lnk Govt Bd UCITS ETF USD Acc|Other|Broad Market / Other|Broad Market / Other|Acc|IE00B3B8PX14|IUS5.DE|EUR|0,2|142,30999755859375|142,05999755859375|-0,0011931371002452673|-0,01365401467542715|0,019924022100037186|0,012126182446309475|-0,0017543645562186905|0,7414454664469972|787,0|1203,0|1129,0|1134,0|1108,3
N|1152|922|1375|L&G Market Neutral Commodities UCITS USD Acc ETF|Commodity / Energy|Materials|Materials|Acc|IE000IIHLZL0|MANU.DE|EUR|0,39|8,473999977111816|8,536999702453613|0,02690258433956272|-0,006215603081820675|-0,15268476807387266|-0,039773352944984186|0,007934780151149567|1,5737653631642348|438,0|1108,0|1575,0|1031,0|1108,8500000000001
S|1153|1063|1219|iShares Global AAA-AA Govt Bd UCITS ETF USD D|Global / Broad|Broad Market / Other|Broad Market / Other|Distr|IE00B87G8S03|IS0Z.DE|EUR|0,2|68,00599670410156|67,99199676513672|-0,0019665789073551876|-0,0073277063563027545|0,004966497478869236|0,005983410951660995|-0,005635023829363872|1,2473504153112633|806,0|1120,0|1215,0|1182,0|1109,05
N|1154|1043|1241|Amundi Global Government Tilted Green Bond UCITS DIST ETF|ESG / Sustainable|Fixed Income|Bonds|Distr|LU2611732806|AK8C.DE|EUR|0,2|17,642000198364258|17,614500045776367|0,0019593992287845197|-0,00870937118265036|-0,00035794566423719143|0,0014759864731557215|-0,002932918967449738|1,6947993852274825|716,0|1139,0|1265,0|1151,0|1109,45
S|1155|1066|1225|Amundi EUR Corporate Bond 1-5Y ESG UCITS ETF Acc|ESG / Sustainable|Fixed Income|Bonds|Acc|LU1525418643|A4H7.DE|EUR|0,2|54,88600158691406|54,66600036621094|-0,00442589291626716|-0,005760397562170394|0,0017156112267058266|-0,00021853661627913024|-0,0027140416513483645|1,4044415908050532|855,0|1103,0|1247,0|1149,0|1111,0
S|1156|1045|1243|iShares   CpBd exFin 1-5Yr ESG SRI UCITS ETF EURD|ESG / Sustainable|Broad Market / Other|Broad Market / Other|Unknown|IE00B4L5ZY03|EUNS.DE|EUR|0,2|104,31999969482422|104,19000244140625|-0,004675106146201369|-0,005184474877207079|0,0003693926611065823|-0,0019595224242546783|-0,004055904918914166|0,985461452460556|859,0|1088,0|1257,0|1164,0|1111,1
S|1157|1011|1280|Xtrackers MSCI World Consumer Discretionary UCITS 1C ETF|Global / Broad|Consumer Discretionary|Consumer Discretionary|Acc|IE00BM67HP23|XDWC.DE|EUR|0,25|58,2400016784668|57,70000076293945|-0,001029117656584977|-0,004274234789294562|-0,015218087934900648|-0,012546589852711176|0,0011190662328459666|2,0478758779898563|785,0|1075,0|1372,0|1102,0|1111,15
S|1158|1333|948|Xtrackers MSCI World Consumer Staples UCITS ETF 1C|Global / Broad|Consumer Staples|Consumer Staples|Acc|IE00BM67HN09|XDWS.DE|EUR|0,25|47,349998474121094|46,775001525878906|-0,0016867347784089715|-0,0279203579534677|0,1061791411410351|0,08265686094248981|0,005052293183642087|0,7101115107826351|797,0|1415,0|854,0|1063,0|1111,65
S|1159|1403|863|Amundi MSCI Europe Hgh Dvdnd Factor UCITS ETF EURA|Factor / Smart Beta|Broad Market / Other|Broad Market / Other|Unknown|LU1681041973|EHF1.DE|EUR|0,23|236,9499969482422|235,0|-0,03403997553866234|-0,018637399282985467|0,13726897051549436|0,07949884714461142|0,012792935228868041|-1,1100762902820815|1440,0|1280,0|756,0|978,0|1112,6
S|1160|1278|1004|iShares MSCI Wld Cons Stpls Sec Adv UCITS ETF USDD|Other|Broad Market / Other|Broad Market / Other|Unknown|IE00BJ5JP329|3SUE.DE|EUR|0,18|5,201000213623047|5,146999835968018|-0,013280154816932899|-0,01700995608249467|0,07620169146772304|0,06264386646016429|0,004752920971271557|-0,13064136645704513|1048,0|1259,0|958,0|1064,0|1113,1
S|1161|1056|1240|BNPPE ESG Enh EUR Crp Bd December 2029 UCITS ETF D|ESG / Sustainable|Broad Market / Other|Broad Market / Other|Distr|LU2823896738|BJLZ.DE|EUR|0,12|10,31350040435791|10,298500061035156|-0,005016645942617637|-0,005448358903055617|0,00011115953918539034|-0,0010270093861711738|-0,0036659019306782836|0,8780610904949313|865,0|1094,0|1260,0|1157,0|1113,75
S|1162|1070|1229|Xtrackers II Target Maturity Sept 2029 EUR Corporate Bond UCITS ETF|Bonds / Fixed Income|Fixed Income|Bonds|Unknown|LU2673523309|XB29.DE|EUR|0,12|25,791000366210938|25,774999618530273|-0,00536058377666504|-0,0056318724047224045|0,0013950155797846087|-0,0010342118827465496|-0,003642270835165329|0,5345366935002481|880,0|1098,0|1250,0|1156,0|1114,9
S|1163|1077|1226|Invesco BulletShares 2029 EUR Corporate Bond UCITS - Dist ETF|Bonds / Fixed Income|Fixed Income|Bonds|Distr|IE000ZC4C5Q1|BE29.DE|EUR|0,1|5,064000129699707|5,061399936676025|-0,0056231099660459805|-0,005739292880694746|0,002416281312949131|-0,00205828254814322|-0,003790267416082682|0,6349480782721569|886,0|1101,0|1240,0|1160,0|1115,3000000000002
S|1164|808|1481|UBS MSCI China Universal UCITS USD dis ETF|Region: Emerging Markets / Asia|Broad Market / Other|Broad Market / Other|Distr|LU1953188833|UETC.DE|EUR|0,3|9,104000091552734|8,960000038146973|-0,018965479146851982|0,01864590242582409|-0,0970275954068539|-0,05933140671510018|-0,01435608560686652|0,46321060613445436|1228,0|713,0|1551,0|1294,0|1115,9499999999998
N|1165|1045|1262|Amundi Prime Global Government Bond UCITS Acc ETF|Bonds / Fixed Income|Fixed Income|Bonds|Acc|LU2089238971|PRAG.DE|EUR|0,05|17,131999969482422|17,124500274658203|0,0014321141650863733|-0,008277838043739272|-0,0029099778471358695|0,0024575667945896384|-0,0040610463196534274|1,4779051520503588|739,0|1133,0|1283,0|1165,0|1117,8000000000002
S|1166|1342|951|State Street SPDR EURO STOXX Low Volatility UCITS ETF|Factor / Smart Beta|Broad Market / Other|Broad Market / Other|Unknown|IE00BFTWP510|ZPRL.DE|EUR|0,3|61,54999923706055|61,040000915527344|-0,03329667021914229|-0,012989117468939826|0,10225643031643195|0,0682054907675651|0,005750986778854994|-1,2859114639716696|1432,0|1188,0|868,0|1056,0|1118,2
S|1167|1126|1152|Vanguard LifeStrategy 20% Equity UCITS ETF EUR Dis|Other|Broad Market / Other|Broad Market / Other|Distr|IE00BMVB5L14|V20D.DE|EUR|0,25|22,165000915527344|22,059999465942383|-0,00805542194488107|-0,010049061199399412|0,016619115617853453|0,010919310401282356|-0,001796218418744444|0,5026332737971556|926,0|1155,0|1161,0|1136,0|1118,35
S|1168|1285|1012|StSt SPDR Mstar Mlt-Asst Gl Infra UCITS ETF Dist|Other|Broad Market / Other|Broad Market / Other|Distr|IE00BQWJFQ70|ZPRI.DE|EUR|0,4|32,375|32,165000915527344|0,0014807010886008776|-0,0256343373372252|0,06987272958538249|0,055998092788193565|0,004657957528140466|1,556205319404982|736,0|1383,0|968,0|1066,0|1118,8000000000002
S|1169|1081|1236|iShares EUR Corp Bond 1-5yr UCITS EUR (Acc) ETF|Bonds / Fixed Income|Fixed Income|Bonds|Acc|IE000F6G1DE0|IE1A.DE|EUR|0,2|5,465000152587891|5,4558000564575195|-0,005061185910143151|-0,006508140506764293|0,0010257492406451352|-0,0013887056702025502|-0,0038309861617052965|0,846038767636279|869,0|1111,0|1252,0|1162,0|1120,15
N|1170|1174|1114|Xtrackers ESG USD Emerging Markets Bond Quality Weighted UCITS 1D ETF|ESG / Sustainable|Fixed Income|Bonds|Distr|IE00BD4DX952|XQUA.DE|EUR|0,45|8,8503999710083|8,788599967956543|0,004129775445083084|-0,019838509123903947|0,02080231661412313|0,01496941251355488|0,0012235007956218347|0,9628603382008886|659,0|1304,0|1119,0|1101,0|1120,4
S|1171|1388|896|L&G Battery Value-Chain UCITS ETF USD Acc|Factor / Smart Beta|Broad Market / Other|Broad Market / Other|Acc|IE00BF0M2Z96|BATE.DE|EUR|0,49|26,899999618530273|26,204999923706055|-0,005361451556835872|-0,039457224615252584|0,22244947259489645|0,04996091871069486|-0,06786563229091713|1,0455590855720283|881,0|1475,0|351,0|1555,0|1120,9
N|1172|1157|1127|iShares $ TIPS UCITS ETF USD (Acc)|Other|Broad Market / Other|Broad Market / Other|Acc|IE00B1FZSC47|IUST.DE|EUR|0,1|221,47000122070312|221,8800048828125|0,0022174201404556726|-0,0180891233688808|0,018159235337704915|0,021210892272257365|0,0016759481932677733|1,2703174520752905|703,0|1273,0|1152,0|1094,0|1121,45
S|1173|1310|985|Amundi S&P World Consumer Staples Screened UCITS Acc ETF|Global / Broad|Consumer Staples|Consumer Staples|Acc|IE000ZIJ5B20|WELW.DE|EUR|0,18|10,65999984741211|10,557999610900879|-0,006523736981411843|-0,02327283492590715|0,08786611693084834|0,07157216490397977|0,0025812105707854194|0,1839670796171633|904,0|1356,0|907,0|1086,0|1121,95
S|1174|1080|1246|BNPPE ESG Enh EUR Crp Bd December 2029 UCITS ETF C|ESG / Sustainable|Broad Market / Other|Broad Market / Other|Acc|LU2823896811|BJLW.DE|EUR|0,12|10,673500061035156|10,65999984741211|-0,005172898689904448|-0,00642310841800775|-4,681706499887195e-05|-0,0011230250115153995|-0,0038161231917589467|0,8251819100149118|871,0|1110,0|1262,0|1161,0|1122,35
S|1175|1387|901|Xtrackers MSCI Gl SDG 9 Ind Innvtn&InfrUCITS ETF1C|Other|Broad Market / Other|Broad Market / Other|Unknown|IE0005E47AH7|SDG9.DE|EUR|0,35|29,989999771118164|29,729999542236328|-0,0071180318864741965|-0,03631108732781996|0,18047624328082867|0,08111031069086794|-0,019581406212723196|1,487605579504811|909,0|1464,0|545,0|1325,0|1123,2
S|1176|1295|1006|VanEck Global Fallen Angel High Yield Bond UCITS ETF|Bonds / Fixed Income|Fixed Income|Bonds|Unknown|IE00BF540Z61|GFEA.DE|EUR|0,4|65,38600158691406|65,03800201416016|-0,007859883269243695|-0,02210452352910164|0,04842382713475102|0,05061381712818447|0,012696287366490422|-0,2716672678956574|923,0|1330,0|1027,0|980,0|1123,2
S|1177|1084|1238|iShares iBonds Dec 2029 Term Corp UCITS EUR (Dist) ETF|Other|Broad Market / Other|Broad Market / Other|Distr|IE000IHURBR0|29GI.DE|EUR|0,12|5,041600227355957|5,0441999435424805|-0,006506054504873515|-0,005844949828700319|0,0008750673765907102|-0,0014349942143118133|-0,003981337272226937|0,38333605467141096|903,0|1105,0|1253,0|1163,0|1123,3000000000002
S|1178|1100|1222|JPM EUR 1-5 yr IG Corp Bond Active UCITS ETF EUR A|Bonds / Fixed Income|Fixed Income|Bonds|Acc|IE00BF59RW70|JER5.DE|EUR|0,04|108,9000015258789|108,58499908447266|-0,0059333775241595665|-0,007654422765101532|0,0028086035429559786|-0,0016959028294118994|-0,0036717185187096213|0,7099402917967458|896,0|1125,0|1236,0|1158,0|1125,0
N|1179|1341|967|iShares STOXX Europe 600 Travel & Leisure UCITS (DE) ETF|Region: Europe|Consumer Discretionary|Consumer Discretionary|Unknown|DE000A0H08S0|EXV9.DE|EUR|0,46|24,719999313354492|24,614999771118164|-0,0028237837671480914|-0,027832610531129065|0,0513353007407793|-0,0045305522903388296|0,023161408445164566|1,4962815238674687|830,0|1413,0|1019,0|907,0|1125,85
S|1180|1366|943|Invesco STOXX Europe 600 Optimised Travel & Leisure UCITS Acc ETF|Region: Europe|Consumer Discretionary|Consumer Discretionary|Acc|IE00B5MJYC95|SC0R.DE|EUR|0,2|280,6499938964844|280,45001220703125|-0,005844824540674254|-0,029564377419272425|0,06005663416991269|0,010804970523854873|0,028233814728859885|0,9467161221179046|893,0|1427,0|992,0|871,0|1126,95
S|1181|1075|1263|Xtrackers II Target Maturity Sept 2029 Italy and Spain Government Bond UCITS ETF|Bonds / Fixed Income|Fixed Income|Bonds|Unknown|LU0484969463|XBAT.DE|EUR|0,12|204,66000366210938|204,49000549316406|-0,005297673574194972|-0,0058291894718951465|-0,0014637150757739192|-0,004765589041274776|-0,005567366692771691|0,6331334209907408|876,0|1104,0|1271,0|1181,0|1126,95
S|1182|1271|1040|iShares JP Morgan $ EM Bond UCITS ETF USD Dis|Bonds / Fixed Income|Fixed Income|Bonds|Distr|IE00B2NPKV68|IUS7.DE|EUR|0,45|78,06800079345703|77,46800231933594|-0,0018094682334872658|-0,02256822206117215|0,04705893669048855|0,02505525465425862|0,0047339907209915655|0,40978866625489235|801,0|1342,0|1032,0|1065,0|1127,95
N|1183|1168|1135|Amundi US TIPS UCITS ETF Dist|Region: US|Broad Market / Other|Broad Market / Other|Distr|LU1452600270|TIUP.DE|EUR|0,09|101,01499938964844|101,20999908447266|0,002083220910043204|-0,018652530378235888|0,016990815140355275|0,019900253391357703|0,0012807012081679225|1,0426449216919345|710,0|1281,0|1159,0|1100,0|1128,65
N|1184|1128|1174|Invesco Gl Crp Bd ESG Cl Transition UCITS ETF Dist|ESG / Sustainable|Broad Market / Other|Broad Market / Other|Distr|IE000FVQW7E7|GLBD.DE|EUR|0,15|4,3927998542785645|4,3846001625061035|0,0026272745270061737|-0,015761396443164877|0,009085016060151885|0,006337971165399026|-0,002259674889904195|1,2591493192336012|688,0|1246,0|1195,0|1142,0|1128,75
S|1185|1350|968|Xtrackers MSCI Global SDG 7 Affordable and Clean Energy UCITS ETF|Commodity / Energy|Energy|Energy|Unknown|IE000JZYIUN0|XDG7.DE|EUR|0,35|24,649999618530273|24,549999237060547|-0,0016201261507534648|-0,031624447361561|0,16273578921855036|0,11261561067739834|-0,03244072418937638|0,6491027189076468|795,0|1435,0|593,0|1440,0|1129,5
N|1186|1071|1267|L&G India INR Government Bond UCITS ETF USD Acc|Bonds / Fixed Income|Fixed Income|Bonds|Acc|IE000YSUEJ32|TIGA.DE|EUR|0,39|9,068599700927734|9,084600448608398|-0,0031219545741980603|-0,007138305544369006|-0,023117088605969394|-0,011316642127503385|0,008713844176527763|0,9339483543725571|834,0|1117,0|1421,0|1013,0|1129,75
S|1187|1364|950|Invesco Defence Innovation UCITS ETF Acc|Other|Broad Market / Other|Broad Market / Other|Acc|IE000BRM9046|IVDF.DE|EUR|0,35|8,53499984741211|8,545000076293945|0,0027020398569084225|-0,045942348224162766|0,14348869105712514|0,17126384484908885|-0,01054435932319664|0,644897497438174|685,0|1500,0|721,0|1238,0|1130,6
S|1188|1144|1161|Vanguard LifeStrategy 20% Equity UCITS ETF EUR Acc|Other|Broad Market / Other|Broad Market / Other|Acc|IE00BMVB5K07|V20A.DE|EUR|0,25|25,739999771118164|25,639999389648438|-0,008856355345302491|-0,010760979312817942|0,015785304503615816|0,010005852645066371|-0,003069426041449108|0,25121745193110073|946,0|1167,0|1167,0|1155,0|1131,45
S|1189|1078|1269|Amundi Global Aggregate Bond 1-5Y ESG DR - Hedged EUR (C) ETF|ESG / Sustainable|Fixed Income|Bonds|Acc|LU2470620845|AHYH.DE|EUR|0,16|53,630001068115234|53,599998474121094|-0,005820835952177972|-0,005636464020091547|-0,0034562363876002866|-0,007219536955638595|-0,0064142863154813545|0,5875535463399767|892,0|1099,0|1285,0|1187,0|1132,05
S|1190|1097|1249|iShares   Corp Bond 1-5 yr UCITS ETF EUR (Dist)|Bonds / Fixed Income|Fixed Income|Bonds|Distr|IE00B4L60045|EUNT.DE|EUR|0,2|104,98500061035156|104,87000274658203|-0,005447110283637757|-0,00782193364417838|-7,034085229573606e-05|-0,002052448727762446|-0,004316586435371361|0,5737221661900853|882,0|1126,0|1263,0|1168,0|1132,0500000000002
S|1191|1141|1172|Fidelity Global Government Bond Climate Aware UCITS - EUR Hedged Inc ETF|ESG / Sustainable|Fixed Income|Bonds|Distr|IE000G4ONBO6|FFGC.DE|EUR|0,25|4,624800205230713|4,620500087738037|-0,01396494525568226|-0,007216708641216041|0,0174271303858895|0,004372931030858229|-0,005769294348802023|-0,4215090331138716|1062,0|1118,0|1156,0|1184,0|1132,3
S|1192|1280|1044|iShares JP Morgan $ EM Bond UCITS ETF USD Acc|Bonds / Fixed Income|Fixed Income|Bonds|Acc|IE00BYXYYK40|IS02.DE|EUR|0,45|5,646599769592285|5,607600212097168|-0,0016972813233887551|-0,02311342771522551|0,04679098448727803|0,024122152509539863|0,004541620181039097|0,43763339655608086|798,0|1353,0|1034,0|1068,0|1133,0
N|1193|1203|1123|StSt SPDR Bloomberg U.S. TIPS UCITS ETF Dist|Other|Broad Market / Other|Broad Market / Other|Distr|IE00BZ0G8977|SYBY.DE|EUR|0,05|23,917999267578125|23,937999725341797|0,002640944311495419|-0,020570417491942883|0,018816705905713604|0,02033240916990131|0,0014879518483756904|1,0723576590924464|687,0|1315,0|1142,0|1096,0|1133,75
S|1194|1099|1250|UBS BBG Euro Area Liq Crp 1-5 UCITS ETF EUR dis|Region: Europe|Broad Market / Other|Broad Market / Other|Distr|LU1048314196|UEF6.DE|EUR|0,16|12,868000030517578|12,845499992370605|-0,006216909374828328|-0,0076357851889611306|0,00044197739842810613|-0,00312094602277202|-0,005101592487299245|0,6220675676137005|901,0|1123,0|1256,0|1177,0|1133,75
S|1195|846|1488|iShares Global Timber & Forestry UCITS ETF USD D|Global / Broad|Broad Market / Other|Broad Market / Other|Distr|IE00B27YCF74|IUSB.DE|EUR|0,65|19,95199966430664|19,856000900268555|-0,04375749421647823|0,027711966574338387|-0,029719596538391957|-0,045145442745297415|-0,03308315561914843|-1,4135418342082047|1515,0|634,0|1463,0|1442,0|1135,0
S|1196|1339|992|Amundi S&P World Consumer Staples Screened UCITS Dist ETF|Global / Broad|Consumer Staples|Consumer Staples|Distr|IE0005NYD352|WELM.DE|EUR|0,18|9,760000228881836|9,673999786376953|-0,00823080760644701|-0,024585183583267|0,08813959860446485|0,0706115354994048|0,0008386012884622485|-0,043930621411631066|928,0|1373,0|904,0|1104,0|1135,2
S|1197|1160|1158|Xtrackers II EUR High Yield Corporate Bond UCITS 1C ETF|Bonds / Fixed Income|Fixed Income|Bonds|Acc|LU1109943388|XHYA.DE|EUR|0,2|24,100000381469727|23,96500015258789|-0,012659265444569523|-0,009941610463008899|0,012605090505298344|0,003664886490431618|-0,001346302579632197|-0,3089335347383321|1034,0|1151,0|1179,0|1129,0|1136,05
S|1198|1232|1108|Rize Sustainable Future of Food UCITS ETF USD Acc|Other|Consumer Staples|Consumer Staples|Acc|IE00BLRPQH31|RIZF.DE|EUR|0,45|3,302500009536743|3,2825000286102295|-0,03138286486767328|-0,0039209806550524196|0,0320312376017684|0,04857917813528578|-0,0024368892331427805|-0,4457118987177047|1415,0|1066,0|1077,0|1144,0|1136,7
N|1199|1023|1320|iShares Global Govt Bond UCITS ETF USD Dist|Bonds / Fixed Income|Fixed Income|Bonds|Distr|IE00B3F81K65|EUN3.DE|EUR|0,2|75,11799621582031|75,13400268554688|0,0039560239659779395|-0,008603697074465066|-0,020034135046429036|-0,01687854590304072|-0,004298255469535661|1,6477164699091518|663,0|1137,0|1398,0|1167,0|1137,15
S|1200|1104|1260|Franklin Sust Euro Green Corp 1-5 Year UCITS ETF|ESG / Sustainable|Broad Market / Other|Broad Market / Other|Unknown|IE0006K7DEL9|GCOR.DE|EUR|0,18|27,89699935913086|27,85300064086914|-0,005560907572425111|-0,008494466987364668|3,582774185817428e-05|-0,0021818736524463755|-0,0054316996153985775|0,6009734921051549|884,0|1136,0|1261,0|1180,0|1138,25
N|1201|1152|1181|UBS Core BBG US Liquid Corp UCITS ETF USD dis|Region: US|Broad Market / Other|Broad Market / Other|Distr|LU1048316647|UEF9.DE|EUR|0,06|12,300000190734863|12,281000137329102|0,008403358059409838|-0,019835706110114537|0,007935641466305654|0,007896573085148573|-0,002161958375318185|1,2450662848522793|604,0|1303,0|1200,0|1141,0|1140,0
S|1202|1169|1162|Xtrackers II EUR High Yield Corporate Bond UCITS 1D ETF|Bonds / Fixed Income|Fixed Income|Bonds|Distr|LU1109942653|XHYG.DE|EUR|0,2|15,47249984741211|15,379500389099121|-0,011626060246484049|-0,011018389869774436|0,012337354768257258|0,004219816182516878|-0,002015714756184228|-0,5368022974107602|1014,0|1168,0|1181,0|1139,0|1142,35
S|1203|1518|725|iShares S&P U.S. Banks UCITS USD (Acc) ETF|Financials|Financials|Banks & Financial Services|Acc|IE00BD3V0B10|IUS2.DE|EUR|0,35|7,142000198364258|7,072999954223633|-0,04326857972155007|-0,03577694939455456|0,15734892139836698|0,0917151327213801|0,0258649817895773|-0,3641972481557509|1512,0|1461,0|617,0|887,0|1142,85
S|1204|1110|1261|State Street SPDR Bloomberg 15+ Year Gilt UCITS ETF|Bonds / Fixed Income|Fixed Income|Bonds|Unknown|IE00B6YX5L24|SYBL.DE|EUR|0,15|37,832000732421875|37,7859992980957|-0,0008186945257888656|-0,012800975828165417|0,01767790732587393|-0,03401451320961946|-0,018461645692831374|0,5873959433432078|782,0|1184,0|1155,0|1318,0|1143,25
S|1205|1362|989|First Trust Gl Cap Strength ESG Lds UCITS ETF AUSD|ESG / Sustainable|Broad Market / Other|Broad Market / Other|Unknown|IE00BKPSPT20|FTGS.DE|EUR|0,75|38,63999938964844|38,32500076293945|-0,019538199968154424|-0,0190403658700512|0,04277422942704079|0,0454545548374099|0,02001487478978814|0,2767373973977939|1237,0|1288,0|1044,0|926,0|1146,95
S|1206|1460|833|iShares Dow Jones U.S. Select Dividend UCITS (DE) ETF|Factor / Smart Beta|Broad Market / Other|Broad Market / Other|Unknown|DE000A0D8Q49|EXX5.DE|EUR|0,31|97,66999816894531|97,29000091552734|-0,16674133479271935|-0,02237678373940477|0,13813239915299302|0,14709082264762552|0,020689452822819643|-1,100087428652672|1604,0|1338,0|750,0|921,0|1147,5
S|1207|1390|945|First Trust Value Line Div Index UCITS ETF A USD|Factor / Smart Beta|Broad Market / Other|Broad Market / Other|Unknown|IE00BKVKW020|FVD.DE|EUR|0,7|25,84000015258789|25,739999771118164|-0,025824673922477448|-0,019726875786166276|0,0827571925586148|0,07599420401093626|0,014202369054987951|-0,1079798084393519|1353,0|1301,0|927,0|964,0|1147,8999999999999
S|1208|1179|1179|UBS J.P. Morgan USD EM Diversified Bond 1-5 UCITS hEUR dis ETF|Bonds / Fixed Income|Fixed Income|Bonds|Distr|LU1645386308|SEAD.DE|EUR|0,39|9,152600288391113|9,109600067138672|-0,015997580287545943|-0,008394736964460692|0,018251116132885326|0,0018156949574015258|-0,007739599937865882|-0,7740805309637788|1121,0|1135,0|1151,0|1201,0|1150,1
S|1209|1173|1194|JPM Global IG Corp Bond Active UCITS ETF USD A|Bonds / Fixed Income|Fixed Income|Bonds|Acc|IE000S2QZKI8|JIGG.DE|EUR|0,25|9,070199966430664|9,04699993133545|0,0013026375647067212|-0,017653695957905002|0,008741484217430484|0,004896958057877043|-0,0037018244259883204|1,0786953040655463|744,0|1271,0|1197,0|1159,0|1151,05
S|1210|1204|1165|PIMCO Advantage Euro Short-Term High Yield Corporate Bond UCITS - EUR Income ETF|Bonds / Fixed Income|Fixed Income|Bonds|Distr|IE00BD8D5H32|EUHI.DE|EUR|0,45|9,111599922180176|9,036199569702148|-0,013040009140082298|-0,012672633906371855|0,01444324251319995|0,0037990994999499428|-0,003032572831004887|-0,572921331015014|1040,0|1183,0|1172,0|1153,0|1152,8000000000002
S|1211|1113|1274|iShares USD Short Duration Corp Bond UCITS EUR Hedged (Acc) ETF|Bonds / Fixed Income|Fixed Income|Bonds|Acc|IE000AWT6D61|CEBU.DE|EUR|0,25|5,48199987411499|5,482399940490723|-0,008428958502507466|-0,008249500505382201|-0,0024747705206085158|-0,008070063122728621|-0,008146894572105712|-0,772836363848833|937,0|1132,0|1279,0|1207,0|1154,5
S|1212|1194|1183|iShares   High Yield Corp Bond UCITS ETF EUR D|Bonds / Fixed Income|Fixed Income|Bonds|Distr|IE00B66F4759|EUNW.DE|EUR|0,5|88,74800109863281|88,34400177001953|-0,01264037290288389|-0,01194629552208426|0,010600711011645059|0,0020411445467156675|-0,00306828717684271|-0,6974428528202884|1033,0|1178,0|1191,0|1154,0|1154,7
S|1213|1136|1255|State Street SPDR ICE BofA 0-5 Year EM USD Government Bond UCITS ETF|Bonds / Fixed Income|Fixed Income|Bonds|Unknown|IE00BJL36X53|ZPR6.DE|EUR|0,47|30,413999557495117|30,326000213623047|-0,011730302697316342|-0,008217596220780221|0,003001009247398434|-0,007861723169211299|-0,008566748685503445|-0,6877517332920299|1019,0|1131,0|1233,0|1212,0|1155,9
S|1214|814|1541|VanEck New China UCITS ETF|Region: Emerging Markets / Asia|Broad Market / Other|Broad Market / Other|Unknown|IE0000H445G8|CNIE.DE|EUR|0,6|13,767999649047852|13,59000015258789|-0,0021742778602418245|0,0067271139252422785|-0,12461851965464721|-0,07010672186461042|-0,03919565063932873|1,0335447100706927|812,0|871,0|1564,0|1475,0|1156,2
S|1215|1116|1277|Invesco BulletShares 2030 EUR Corporate Bond UCITS - Acc ETF|Bonds / Fixed Income|Fixed Income|Bonds|Acc|IE000I25S1V5|BSE0.DE|EUR|0,1|5,363800048828125|5,35099983215332|-0,005709388316190056|-0,010003722814870497|-0,00478695120947803|-0,0055250553013875825|-0,007453802933463427|0,9289256182314125|890,0|1154,0|1293,0|1196,0|1157,5500000000002
S|1216|1112|1282|Xtrackers USD Corporate Bond Short Duration SRI PAB UCITS 2C EUR Hedged ETF|ESG / Sustainable|Fixed Income|Bonds|Acc|IE00BFMKQ930|XYLE.DE|EUR|0,21|19,453500747680664|19,451000213623047|-0,008789295212016435|-0,0080058940529395|-0,00417195292388195|-0,00939503696981192|-0,0087803585413051|-0,6986379100615201|945,0|1128,0|1289,0|1215,0|1158,2
S|1217|1393|969|Xtrackers CSI300 Swap UCITS 1C ETF|Other|Broad Market / Other|Broad Market / Other|Acc|LU0779800910|XCHA.DE|EUR|0,5|17,920000076293945|17,808000564575195|-0,010382136481181914|-0,03177001093005205|0,10181997931281961|0,06400671433868266|0,0018023550837285018|-0,22101305561573265|994,0|1437,0|871,0|1093,0|1160,25
S|1218|1121|1283|Xtrackers II Target Maturity Sept 2030 EUR Corporate Bond UCITS ETF|Bonds / Fixed Income|Fixed Income|Bonds|Unknown|LU2809864296|XB30.DE|EUR||35,27899932861328|35,19900131225586|-0,006337378283237993|-0,010208950201668232|-0,005620587042436176|-0,006921669984559675|-0,00805803210463174|0,6835846126390946|902,0|1157,0|1298,0|1206,0|1163,8000000000002
S|1219|1432|929|UBS Factor MSCI EMU Low Volatility UCITS EUR dis ETF|Factor / Smart Beta|Broad Market / Other|Broad Market / Other|Distr|LU1215454460|UIMY.DE|EUR|0,26|18,447999954223633|18,351999282836914|-0,02577106297614462|-0,024400515192146477|0,10616467652906336|0,08417280872067234|0,009678042445441903|-1,0631258051638568|1352,0|1371,0|855,0|1003,0|1165,55
N|1220|1325|1065|iShares Global Clean Energy Trnstn UCITS ETF USD D|Commodity / Energy|Energy|Energy|Distr|IE00B1XNHC34|IQQH.DE|EUR|0,65|8,960000038146973|8,760000228881836|0,023649008638526148|-0,0560471564438878|0,1413857622733634|0,0743473921529254|-0,04206912923710615|1,1949852178399192|473,0|1533,0|732,0|1495,0|1166,15
N|1221|1330|1069|iShares Global Clean Energy Trnstn UCITS ETF USD A|Commodity / Energy|Energy|Energy|Acc|IE000U58J0M1|Q8Y0.DE|EUR|0,65|22,96500015258789|22,454999923706055|0,022712101118442796|-0,05590958140579394|0,1405512734808254|0,07313086738106689|-0,04206128292095812|1,1779667126822937|481,0|1531,0|737,0|1494,0|1167,6
S|1222|1410|965|Invesco STOXX Europe 600 Optimised Financial Services UCITS Acc ETF|Financials|Financials|Banks & Financial Services|Acc|IE00B5MTYK77|SC02.DE|EUR|0,2|500,79998779296875|496,8999938964844|-0,05669624267641393|-0,01611004362874513|0,06428647494367667|0,049125340713555676|0,015462046495149595|-0,861370721007336|1555,0|1249,0|978,0|956,0|1168,5500000000002
S|1223|1095|1336|iShares eb.rexx Government Germany 2.5-5.5yr UCITS (DE) ETF|Region: Europe|Broad Market / Other|Broad Market / Other|Unknown|DE0006289481|EXHC.DE|EUR|0,16|92,1520004272461|92,24600219726562|-0,004063628860233037|-0,00838573115433272|-0,014772281427283818|-0,01320987278107888|-0,010092373245491282|1,2765572242267047|850,0|1134,0|1370,0|1228,0|1169,2
S|1224|1145|1272|iShares USD TIPS 0-5 UCITS EUR Hedged (Dist) UCITS ETF|Other|Broad Market / Other|Broad Market / Other|Distr|IE000WIQIPT2|CBUL.DE|EUR|0,12|4,2804999351501465|4,278500080108643|-0,00934991056751222|-0,01056355997261671|-0,002533872657231706|-0,001452738339466686|-0,007477964437455409|-0,4819181953646337|965,0|1163,0|1280,0|1197,0|1169,35
S|1225|1385|996|Invesco STOXX Europe 600 Optimised Telecommunications UCITS Acc ETF|Region: Europe|Broad Market / Other|Broad Market / Other|Acc|IE00B5MJYB88|SC0Q.DE|EUR|0,2|136,39999389648438|136,5399932861328|-0,027242956004587038|-0,019128460440167694|0,15730521966843147|0,11274263223194447|-0,03729226556535126|-0,8310196215027646|1364,0|1290,0|619,0|1471,0|1169,55
S|1226|785|1590|VanEck Uranium and Nuclear Technologies UCITS ETF|Other|Energy|Energy|Unknown|IE000M7V94E1|NUKL.DE|EUR|0,55|45,6349983215332|43,84000015258789|-0,030074408894203986|0,028046833723883724|-0,1433264890298631|-0,052822788865137915|-0,0853137893085365|0,4542278361406064|1396,0|633,0|1571,0|1574,0|1170,15
S|1227|1151|1270|iShares   Corp Bond BBB-BB UCITS ETF EUR (Dist)|Bonds / Fixed Income|Fixed Income|Bonds|Distr|IE00BSKRK281|IS06.DE|EUR|0,25|4,742199897766113|4,715400218963623|-0,009544909776501354|-0,010723357354558316|-0,0014788385720537756|-0,003349688767062986|-0,007941928856138536|0,5696313821002795|972,0|1165,0|1273,0|1203,0|1170,65
N|1228|981|1447|UBS CMCI Commodity Carry SF UCITS USD acc ETF|Commodity / Energy|Materials|Materials|Acc|IE00BKFB6L02|UEQC.DE|EUR|0,34|123,45999908447266|122,33999633789062|0,04911623695027023|-0,018444901553028803|-0,1290913948326996|-0,1273678059601384|-0,009503027950651832|1,8777855572379654|172,0|1276,0|1565,0|1221,0|1171,65
S|1229|1122|1301|iShares Pfandbriefe UCITS (DE) ETF|Other|Broad Market / Other|Broad Market / Other|Unknown|DE0002635265|EXHE.DE|EUR|0,1|94,5459976196289|94,4000015258789|-0,006125413625420295|-0,010307950315152414|-0,008363070839079834|-0,00750780309202026|-0,009687692384418356|0,8704051933276712|898,0|1159,0|1323,0|1224,0|1173,85
S|1230|1455|904|Xtrackers SLI UCITS 1D ETF|Other|Broad Market / Other|Broad Market / Other|Distr|LU0322248146|DXS0.DE|EUR|0,25|250,25|248,60000610351562|-0,024556570230877317|-0,02976240620861792|0,11008585500804191|0,05362518238852787|0,01681282526232053|0,9195622474776372|1336,0|1429,0|847,0|951,0|1173,95
S|1231|1133|1292|VanEck iBoxx EUR Sov Cp AAA-AA 1-5 UC ETF|Other|Broad Market / Other|Broad Market / Other|Unknown|NL0010273801|VIGB.DE|EUR|0,15|18,746000289916992|18,771499633789062|-0,0032169299419413377|-0,01347229280620843|-0,008285124775841757|-0,010305675009025128|-0,0077878679517821014|1,2878105878690478|838,0|1198,0|1322,0|1202,0|1175,8000000000002
S|1232|1238|1200|UBS Core Euro Infl Linked 1-10 ETF|Region: Europe|Broad Market / Other|Broad Market / Other|Unknown|LU1645380442|CHSN.DE|EUR|0,08|8,672599792480469|8,619000434875488|-0,015484189186292463|-0,013333625554193373|0,013225248605014173|0,012704633012223576|-0,007519212895555238|-0,5602444832502401|1110,0|1193,0|1177,0|1198,0|1177,5500000000002
S|1233|1220|1227|Invesco US Treasury Bond 7-10 Year UCITS Acc ETF|Bonds / Fixed Income|Fixed Income|Bonds|Acc|IE00BF2FN752|TRXA.DE|EUR|0,06|37,56700134277344|37,54999923706055|0,0020806885483575233|-0,021412347221816508|0,006294883899631731|-0,0007713407834719632|-0,0075552451007887544|1,3694357563811195|711,0|1324,0|1209,0|1199,0|1178,3
S|1234|1149|1285|BNPP Easy EUR Corp Bond SRI PAB 3-5Y UCITS ETF C|ESG / Sustainable|Fixed Income|Bonds|Acc|LU2446383338|ASRX.DE|EUR|0,15|11,565500259399414|11,539999961853027|-0,008104595990511054|-0,012297711222424068|-0,005374956880438542|-0,006613671016639344|-0,009105489409965917|0,558773586590968|927,0|1181,0|1297,0|1219,0|1179,5
S|1235|888|1536|iShares China Large Cap UCITS ETF USD (Dist)|Region: Emerging Markets / Asia|Broad Market / Other|Broad Market / Other|Distr|IE00B02KXK85|IQQC.DE|EUR|0,74|85,16000366210938|83,76000213623047|-0,029170143879416965|0,01770539321972353|-0,1407218431295265|-0,10732258162548802|-0,03502969800871347|-0,1423266922440075|1389,0|721,0|1569,0|1456,0|1180,2
N|1236|1324|1105|Invesco Global Clean Energy UCITS ETF Dist|Commodity / Energy|Energy|Energy|Distr|IE00BLRB0028|G1CD.DE|EUR|0,6|19,857999801635742|19,729999542236328|0,007202574786015825|-0,039619338653166136|0,12462652194333468|0,08990066717389689|-0,039669112643354154|1,2854404782809463|625,0|1476,0|801,0|1480,0|1180,4
S|1237|1425|979|Xtrackers MSCI China A Screened Swap UCITS ETF|Region: Emerging Markets / Asia|Broad Market / Other|Broad Market / Other|Unknown|LU2469465822|XCNA.DE|EUR|0,29|18,70800018310547|18,577999114990234|-0,014434736212242005|-0,03347802681462442|0,10345639147963959|0,0617479734421742|-0,0008574435938620839|-0,43317478784974855|1075,0|1449,0|864,0|1123,0|1181,45
N|1238|1332|1111|Invesco Global Clean Energy UCITS ETF Acc|Commodity / Energy|Energy|Energy|Acc|IE00BLRB0242|G1CE.DE|EUR|0,6|20,9950008392334|20,864999771118164|0,006713080799332305|-0,03978956967719527|0,1240497593552552|0,09371753353857493|-0,04031057333863486|1,1983806721342911|630,0|1477,0|805,0|1486,0|1183,75
S|1239|1158|1288|iShares EUR Corp Bond Financials UCITS EUR (Dist) ETF|Financials|Financials|Banks & Financial Services|Distr|IE00B87RLX93|IS3B.DE|EUR|0,2|99,60199737548828|99,13999938964844|-0,007997623759487205|-0,01305985748484284|-0,006047525045559499|-0,006579841482351134|-0,009616938870657732|0,5634588455220607|925,0|1190,0|1300,0|1222,0|1184,15
S|1240|1137|1316|iShares EUR Covered Bond UCITS EUR (Dist) ETF|Bonds / Fixed Income|Fixed Income|Bonds|Distr|IE00B3B8Q275|IUS6.DE|EUR|0,2|138,125|137,9600067138672|-0,007116453682724511|-0,011465141766847098|-0,00912026716062364|-0,008494245709885662|-0,010785841223670323|0,6995057574639992|908,0|1173,0|1327,0|1244,0|1185,95
S|1241|1416|1003|UBS MSCI China A SF UCITS USD acc ETF|Region: Emerging Markets / Asia|Broad Market / Other|Broad Market / Other|Acc|IE00BKFB6K94|CNUA.DE|EUR|0,24|149,1999969482422|148,24000549316406|-0,010216322733195837|-0,037667676669158934|0,1022458353685336|0,06282940417898186|-0,004947272228034261|-0,7657455159178702|989,0|1468,0|869,0|1175,0|1187,8000000000002
S|1242|1155|1299|iShares Core GBP Corp Bond UCITS EUR Hedged (Acc) ETF|Bonds / Fixed Income|Fixed Income|Bonds|Acc|IE000H22E3N8|CBU0.DE|EUR|0,25|5,370999813079834|5,364200115203857|-0,01071987723718315|-0,010391770996574179|-0,0023405196068670975|-0,02099814912916942|-0,013150250835896937|-0,09805989181341296|1000,0|1161,0|1276,0|1276,0|1188,6000000000001
S|1243|1161|1294|Goldman Sachs EUR InvGr Crp Bd Act UCITS ETF EUR D|Other|Broad Market / Other|Broad Market / Other|Distr|IE0009EDBBS3|GIGE.DE|EUR|0,18|48,9370002746582|48,76499938964844|-0,007986884450811527|-0,013389056401956756|-0,007252216640809439|-0,00697864552273697|-0,010073453322024917|0,5954075981238894|924,0|1194,0|1309,0|1227,0|1188,85
S|1244|1247|1223|StSt SPDR Bloomberg Euro HY Bond UCITS ETF Dist|Bonds / Fixed Income|Fixed Income|Bonds|Distr|IE00B6YX5M31|SYBJ.DE|EUR|0,4|49,5890007019043|49,33599853515625|-0,014331159843090191|-0,01431367102987502|0,006285754627288087|-0,0012901563368625801|-0,00716031184366972|-0,9069050202075253|1071,0|1218,0|1210,0|1193,0|1188,95
S|1245|1446|953|WisdomTree US High Dividend UCITS ETF - EUR Hedged Acc|Factor / Smart Beta|Broad Market / Other|Broad Market / Other|Acc|IE00BD6RZW23|WTDY.DE|EUR|0,35|27,405000686645508|27,434999465942383|-0,06115107279047316|-0,021075196817320285|0,11425092302260209|0,07766419023863524|0,0014004514899839116|-1,1774579841143666|1565,0|1319,0|836,0|1097,0|1190,75
S|1246|1262|1215|UBS CoreBBG Euro Inflation Linked Bond 1-10 UCITS EUR dis ETF|Bonds / Fixed Income|Fixed Income|Bonds|Distr|LU1645380368|FRC3.DE|EUR|0,08|14,130000114440918|14,060999870300293|-0,016153762946267913|-0,014128948714790646|0,011675001710435451|0,011920357293818906|-0,00851593431662101|-0,6989683041986134|1129,0|1213,0|1186,0|1211,0|1193,25
S|1247|1180|1291|BNPP Easy EUR Corp Bond SRI PAB 3-5Y UCITS ETF D|ESG / Sustainable|Fixed Income|Bonds|Distr|LU2008761053|ASR5.DE|EUR|0,15|9,034600257873535|9,029199600219727|-0,00964630124238175|-0,013086561176045564|-0,006723500724658882|-0,007425867058382218|-0,009970005172974195|0,3877725922189227|974,0|1191,0|1303,0|1225,0|1193,25
S|1248|1355|1102|First Trust RBA Amer Indust Rnssnc UCITS ETF A USD|Other|Broad Market / Other|Broad Market / Other|Unknown|IE000U6ABUJ7|IRFT.DE|EUR|0,7|23,375|23,0049991607666|0,030643725109016584|-0,09556971866809871|0,13636365322268662|0,11681794835997183|-0,05099072592145426|2,6027517727313696|406,0|1593,0|762,0|1524,0|1193,4
S|1249|1172|1297|iShares Corp Bond ESG SRI UCITS EUR (Acc) ETF|ESG / Sustainable|Fixed Income|Bonds|Acc|IE000L2TO2T2|SUA0.DE|EUR|0,14|5,32919979095459|5,316199779510498|-0,008336486959515388|-0,013513092455051057|-0,007265011661556686|-0,007893431922522898|-0,010309403165822184|0,5827484473364731|932,0|1200,0|1310,0|1231,0|1193,5
S|1250|1289|1185|iShares US Mortgage Backed Sec UCITS ETF USD D|Region: US|Broad Market / Other|Broad Market / Other|Distr|IE00BZ6V7883|QDVP.DE|EUR|0,29|3,5425000190734863|3,54229998588562|-0,004356399179968773|-0,02256987112253228|0,0162520195673177|0,0061927798666121525|-0,006756796235234508|0,5039732858250321|854,0|1343,0|1164,0|1189,0|1194,1
S|1251|1139|1339|Amundi S&P World Consumer Discretionary Screened UCITS Acc ETF|Global / Broad|Consumer Discretionary|Consumer Discretionary|Acc|IE000NM0ALX6|WELJ.DE|EUR|0,18|13,053999900817871|12,89799976348877|-0,0016824955984824363|-0,01419723082988178|-0,023050483000124244|-0,017166066425766124|-0,004486453999642648|1,8393166435373012|796,0|1216,0|1420,0|1170,0|1194,8000000000002
S|1252|1164|1306|iShares   Corp Bond ESG SRI UCITS ETF EUR Dis|ESG / Sustainable|Fixed Income|Bonds|Distr|IE00BYZTVT56|OM3F.DE|EUR|0,14|4,623300075531006|4,613999843597412|-0,007832949203714246|-0,013464463553611083|-0,008180257824197512|-0,007502262501800305|-0,010556617342165953|0,5828762689890503|921,0|1197,0|1321,0|1239,0|1195,0
S|1253|1175|1300|Amundi EUR Corporate Bond ESG UCITS ETF 2 DR EUR C|ESG / Sustainable|Fixed Income|Bonds|Acc|LU1681039647|TCC4.DE|EUR|0,14|224,97999572753906|224,30999755859375|-0,008374511258737116|-0,013634971547565988|-0,007499545628950499|-0,007718431760140643|-0,010407500861023822|0,5851994081196011|934,0|1202,0|1312,0|1233,0|1195,5
S|1254|1182|1293|Invesco BulletShares 2030 EUR Corporate Bond UCITS - Dist ETF|Bonds / Fixed Income|Fixed Income|Bonds|Distr|IE000W6YTDH7|BD30.DE|EUR|0,1|4,985000133514404|4,982100009918213|-0,01008296067329073|-0,013038298177657448|-0,006882275452321451|-0,009978997465642458|-0,01027235100130619|0,11334281297483056|985,0|1189,0|1305,0|1230,0|1195,6
S|1255|1166|1305|Vanguard ESG EUR Corp Bond UCITS ETF EUR Acc|ESG / Sustainable|Fixed Income|Bonds|Acc|IE000QADMYA3|V3RE.DE|EUR|0,09|5,734000205993652|5,713799953460693|-0,007580718705447187|-0,013793766901241566|-0,008370213775170776|-0,007580718705447187|-0,010478809182882354|0,683218696327225|915,0|1204,0|1324,0|1235,0|1196,85
S|1256|1166|1307|PIMCO Advantage Euro Low Duration Corporate Bond UCITS - EUR Income ETF|Bonds / Fixed Income|Fixed Income|Bonds|Distr|IE00BP9F2J32|LDCE.DE|EUR|0,27|98,64800262451172|98,59600067138672|-0,010528125814994849|-0,01151120089317248|-0,007688919699414765|-0,01196033166978816|-0,010963430956661302|0,21933729337524988|995,0|1174,0|1314,0|1249,0|1197,15
N|1257|1245|1252|Amundi Core USD Corporate Bond UCITS Acc ETF|Bonds / Fixed Income|Fixed Income|Bonds|Acc|LU2089239276|PRAP.DE|EUR|0,05|18,443500518798828|18,421499252319336|0,00397375966795388|-0,024256687021674495|0,0015476297504526393|0,0032911440211678133|-0,00704303047062893|0,7273296147169298|662,0|1370,0|1249,0|1191,0|1197,75
S|1258|1187|1295|iShares Core   Corp Bond UCITS ETF EUR D|Bonds / Fixed Income|Fixed Income|Bonds|Distr|IE00B3F81R35|EUN5.DE|EUR|0,09|116,16500091552734|115,70999908447266|-0,008534971981274286|-0,014073782686047198|-0,006752280310992731|-0,006998628017951258|-0,010492306352122727|0,5570615775099937|942,0|1209,0|1304,0|1236,0|1198,1
N|1259|1246|1258|Amundi Core USD Corporate Bond UCITS Dist ETF|Bonds / Fixed Income|Fixed Income|Bonds|Distr|LU2037749152|PR1P.DE|EUR|0,07|15,06149959564209|15,045499801635742|0,0035312986714008954|-0,024135053728678746|0,001221958973622872|0,003297329565815854|-0,00705362826937328|0,7137490296518912|670,0|1368,0|1251,0|1192,0|1198,85
S|1260|1177|1308|iShares iBonds Dec 2030 Term Corp UCITS EUR (Dist) ETF|Other|Broad Market / Other|Broad Market / Other|Distr|IE000LX17BP9|30IG.DE|EUR|0,12|4,9868998527526855|4,991300106048584|-0,010339669963298936|-0,012478798101269284|-0,008124844994122249|-0,008524765533633794|-0,010776408976540863|0,03981293060472025|992,0|1182,0|1319,0|1243,0|1199,95
S|1261|1197|1298|State Street SPDR Bloomberg Euro Corporate Bond UCITS ETF|Bonds / Fixed Income|Fixed Income|Bonds|Unknown|IE00B3T9LM79|SYBC.DE|EUR|0,12|51,66999816894531|51,465999603271484|-0,008291486149702987|-0,01434589109703066|-0,007059163673544866|-0,007649789606059443|-0,010466964959581881|0,6067410350242625|929,0|1221,0|1308,0|1234,0|1201,55
S|1262|1401|1051|Amundi S&P World Utilities Screened UCITS Acc ETF|Global / Broad|Utilities|Utilities|Acc|IE000PMX0MW6|WELD.DE|EUR|0,18|13,369999885559082|13,185999870300293|-0,003280130713248064|-0,0467702934734503|0,09428707110220169|0,06094267851406321|-0,011924170272290424|1,0659654184146123|841,0|1503,0|888,0|1261,0|1201,5500000000002
S|1263|1287|1210|Amundi Core EUR High Yield Bond UCITS ETF Acc|Bonds / Fixed Income|Fixed Income|Bonds|Acc|LU2970735911|AEHY.DE|EUR|0,15|10,23799991607666|10,279999732971191|-0,015718870942735275|-0,015624285065215848|0,007627611493688402|-0,00019529834826215176|-0,0056566833268067995|-1,499888343782647|1113,0|1244,0|1202,0|1183,0|1201,65
S|1264|1284|1216|JPM EUR High Yield Bond Active UCITS ETF EUR D|Bonds / Fixed Income|Fixed Income|Bonds|Distr|IE000YSJPNV8|JEYE.DE|EUR|0,45|9,803999900817871|9,738800048828125|-0,013344588109735045|-0,017359639826711404|0,0074938946603380074|-0,001128853616990555|-0,006837140805225794|-0,8393498344343358|1049,0|1265,0|1204,0|1190,0|1202,35
S|1265|1145|1352|iShares $ Short Duration High Yield Corp Bond UCITS EUR Hedged (Dist) ETF|Bonds / Fixed Income|Fixed Income|Bonds|Distr|IE0000BQ75C2|CEMH.DE|EUR|0,47|4,773499965667725|4,754199981689453|-0,011551924168744288|-0,009331766988258217|-0,009539267668397744|-0,017135890793083974|-0,014887552704153761|-0,5906315791686051|1013,0|1145,0|1334,0|1299,0|1203,25
S|1266|1183|1314|Amundi EUR Corp Bd Cl Paris Aligned UCITS ETF A|Other|Broad Market / Other|Broad Market / Other|Acc|LU1829219127|LYEB.DE|EUR|0,14|153,41000366210938|152,94000244140625|-0,008306691239337693|-0,014074565266721906|-0,008530938420977074|-0,008178434554322545|-0,010776110441593212|0,5641965363946896|931,0|1210,0|1325,0|1242,0|1203,3
N|1267|1042|1461|YieldMax Future of Dfnc Option Inc UCITS ETF USD D|Other|Broad Market / Other|Broad Market / Other|Distr|IE000TAA0GK0|NA7Y.DE|EUR|0,99|39,33000183105469|38,744998931884766|0,05442366315056568|-0,023463678684580658|-0,048736227600821636|-0,06032726648661502|-0,020031013335702452|1,945035436350935|125,0|1360,0|1501,0|1330,0|1204,0
S|1268|1181|1320|Xtrackers II ESG EUR Corporate Bond UCITS 1C ETF|ESG / Sustainable|Fixed Income|Bonds|Acc|LU0484968903|XB4D.DE|EUR|0,16|7,054599761962891|7,035600185394287|-0,008293974514522406|-0,01397707481409971|-0,009352401551896983|-0,008489109079167445|-0,011175716611046882|0,5084264597188322|930,0|1208,0|1330,0|1252,0|1205,6
S|1269|1268|1251|StSt SPDR BBG 7-10 Y U.S. Treas Bd UCITS ETF Dist|Other|Broad Market / Other|Broad Market / Other|Distr|IE00BYSZ5T81|SPP7.DE|EUR|0,05|21,48200035095215|21,50200080871582|0,00023285692984265083|-0,023089436056286772|0,004089818202566153|-0,001682276855667797|-0,009060754581562303|0,9838472102468353|768,0|1352,0|1225,0|1218,0|1205,85
S|1270|1201|1308|Amundi Core EUR Corporate Bond UCITS Acc ETF|Bonds / Fixed Income|Fixed Income|Bonds|Acc|LU2089238625|PRAC.DE|EUR|0,07|19,947500228881836|19,9064998626709|-0,009164501335200859|-0,014110590399493028|-0,007784513627049572|-0,006746997609332284|-0,010931922019564055|0,4483490503599313|957,0|1212,0|1315,0|1248,0|1206,7
S|1271|1270|1255|iShares $ Treasury Bd 7-10y UCITS ETF USD Dist|Bonds / Fixed Income|Fixed Income|Bonds|Distr|IE00B1FZS798|IUSM.DE|EUR|0,07|145,3300018310547|145,4499969482422|0,00051631231779381|-0,02315571975641728|0,003778576452701632|-0,002299843436756932|-0,009013398135585882|1,0000124840973228|764,0|1354,0|1229,0|1217,0|1206,85
S|1272|1129|1381|iShares Germany Govt Bond UCITS EUR (Dist) ETF|Bonds / Fixed Income|Fixed Income|Bonds|Distr|IE00B5V94313|IS0L.DE|EUR|0,2|115,26000213623047|115,26499938964844|-0,003802893894703785|-0,012973661912671353|-0,020595911119132726|-0,01234438844571728|-0,013055159694195906|1,4453710726218512|847,0|1187,0|1402,0|1274,0|1207,15
S|1273|1207|1312|Goldman Sachs EUR InvGr Crp Bd Act UCITS ETF EUR A|Other|Broad Market / Other|Broad Market / Other|Acc|IE000O6GI299|GIGA.DE|EUR|0,18|50,645999908447266|50,512001037597656|-0,008884512313708792|-0,014324083559851597|-0,00806923027957318|-0,007836099099623572|-0,010931196584736291|0,3763903233288508|948,0|1219,0|1318,0|1247,0|1208,6999999999998
S|1274|1196|1322|Xtrackers II ESG EUR Corporate Bond UCITS 1D ETF|ESG / Sustainable|Fixed Income|Bonds|Distr|LU0484968812|XB4F.DE|EUR|0,16|139,09500122070312|138,8350067138672|-0,008518013562039295|-0,014166530762678708|-0,009481055275115113|-0,007850144799831482|-0,011010410565622686|0,5486563862641451|941,0|1215,0|1332,0|1250,0|1210,15
S|1275|1198|1319|iShares   Corp Bond ex-Financials UCITS ETF EUR D|Financials|Financials|Banks & Financial Services|Distr|IE00B4L5ZG21|EUNR.DE|EUR|0,2|105,91999816894531|105,55999755859375|-0,007542753025861826|-0,014487233154620638|-0,009298000498521364|-0,00902786606035011|-0,011111487285578314|0,8036088874663225|914,0|1227,0|1329,0|1251,0|1210,35
S|1276|936|1561|HSBC S&P India Tech UCITS ETF EUR Acc|Technology|Information Technology|Technology Hardware & Software|Acc|IE0008119MO8|H41X.DE|EUR|0,65|15,317999839782715|15,300000190734863|-0,04975192045268051|0,018348625598186175|-0,15323384684486163|-0,1989331634986412|-0,04434817298374705|-0,4614738041251765|1537,0|716,0|1576,0|1501,0|1211,15
S|1277|1218|1302|JPM EUR IG Corporate Bond Active UCITS ETF EUR D|Bonds / Fixed Income|Fixed Income|Bonds|Distr|IE000WAKWCV7|JEBE.DE|EUR|0,04|97,81400299072266|97,53199768066406|-0,009097121053572521|-0,014832746336823632|-0,0069453610221384965|-0,007531524498936348|-0,01093027422475823|0,45444950195233347|953,0|1232,0|1306,0|1246,0|1211,45
S|1278|1150|1376|iShares eb.rexx Government Germany UCITS (DE) ETF|Region: Europe|Broad Market / Other|Broad Market / Other|Unknown|DE0006289465|EXHA.DE|EUR|0,16|121,12999725341797|121,41999816894531|-0,006153593837392113|-0,013193162341314069|-0,017197609271084935|-0,013914905552472212|-0,013285033330863505|0,901914588620085|899,0|1192,0|1381,0|1277,0|1212,3
S|1279|1170|1351|iShares Core UK Gilts UCITS EUR Hedged (Dist) ETF|Region: Europe|Broad Market / Other|Broad Market / Other|Distr|IE000BI0GCN3|CBUS.DE|EUR|0,09|4,33620023727417|4,345600128173828|-0,01036143573956394|-0,011714766258934417|-0,007637777084944508|-0,03093955162868578|-0,01945506205997638|-0,28558465277451156|993,0|1176,0|1313,0|1324,0|1212,4
S|1280|1475|956|Amundi Global Equity Quality Income UCITS ETF D|Factor / Smart Beta|Broad Market / Other|Broad Market / Other|Distr|LU0832436512|LGQI.DE|EUR|0,45|155,3800048828125|155,32000732421875|-0,026685007035349373|-0,033345778444554774|0,11784851092530402|0,08901046298684712|-0,00044256032233591647|-0,9352138178734103|1362,0|1447,0|823,0|1118,0|1212,45
S|1281|1309|1206|PIMCO Advantage Euro Short-Term High Yield Corporate Bond UCITS - EUR Accumulation ETF|Bonds / Fixed Income|Fixed Income|Bonds|Unknown|IE00BD8D5G25|EUHA.DE|EUR|0,45|12,25|12,214500427246094|-0,017011707190300318|-0,016735554840426325|0,010809436457112964|-0,0008564050620151198|-0,006606471635350553|-1,24425176678751|1169,0|1256,0|1190,0|1188,0|1212,85
S|1282|1192|1335|Janus Henderson EUR IG Bond Paris-aligned Climate Active Core UCITS ETF|ESG / Sustainable|Fixed Income|Bonds|Unknown|IE00BN4GXL63|TABC.DE|EUR|0,19|9,772600173950195|9,755000114440918|-0,00840147642725042|-0,014143295898800146|-0,010930490243770574|-0,00988834893530266|-0,011812359505717351|0,47602146956623215|936,0|1214,0|1345,0|1259,0|1214,05
S|1283|1263|1271|iShares $ Corp Bond UCITS ETF USD Dist|Bonds / Fixed Income|Fixed Income|Bonds|Distr|IE0032895942|IBCD.DE|EUR|0,2|84,36799621582031|84,20800018310547|0,0029165280564593665|-0,025420042239534313|-0,001392758792111537|0,0008047503074830598|-0,008218522435122666|0,6504818204035947|683,0|1382,0|1270,0|1208,0|1214,3500000000001
S|1284|1213|1317|Vanguard EUR Corporate Bond UCITS ETF EUR Acc|Bonds / Fixed Income|Fixed Income|Bonds|Acc|IE00BGYWT403|VECA.DE|EUR|0,07|52,6619987487793|52,58399963378906|-0,009107010132498039|-0,014373976268199473|-0,008845916227002149|-0,008733966545608651|-0,011483349199066128|0,34126589722365536|954,0|1223,0|1326,0|1254,0|1214,6
N|1285|1184|1346|UBS SBI Foreign AAA-BBB 1-5 ESG UCITS CHF dis ETF|ESG / Sustainable|Broad Market / Other|Broad Market / Other|Distr|LU0879397742|UEFY.DE|EUR|0,2|12,268500328063965|12,287500381469727|0,0014693770152847119|-0,018741047491970586|-0,007826662712716037|-0,010238636073371499|-0,016179974728175672|1,6041897241867675|738,0|1283,0|1316,0|1309,0|1214,7
S|1286|1060|1483|iShares Japan Govt Bond UCITS EUR Hedged (Acc) ETF|Bonds / Fixed Income|Fixed Income|Bonds|Acc|IE000TY854T9|CEB2.DE|EUR|0,09|4,662399768829346|4,67110013961792|-0,00945427984866909|-0,003036439001376623|-0,05206875684571799|-0,039789133403732135|-0,021855157979310147|-1,100482211411983|969,0|1057,0|1507,0|1354,0|1215,6999999999998
S|1287|1186|1356|Xtrackers II Eurozone Government Bond 3-5 UCITS 1D ETF|Bonds / Fixed Income|Fixed Income|Bonds|Distr|LU0614173895|X03C.DE|EUR|0,15|179,74000549316406|179,42999267578125|-0,009724246396334846|-0,013434014741067313|-0,012665967788752175|-0,014119433799832604|-0,013396089479180473|0,21758777854473443|976,0|1196,0|1353,0|1278,0|1218,65
S|1288|1210|1338|iShares iBonds Dec 2031 Term Corp UCITS EUR (Acc) ETF|Other|Broad Market / Other|Broad Market / Other|Acc|IE000D9WMGF0|IG31.DE|EUR|0,12|5,176000118255615|5,172399997711182|-0,008922732950921386|-0,014358052277202993|-0,010552090847720352|-0,010060036466378208|-0,012316632540451233|0,4397748189401097|949,0|1222,0|1340,0|1268,0|1219,75
S|1289|1429|1046|JPM China A Research Enhanced Index Equity (ESG) UCITS ETF USD (dist)|ESG / Sustainable|Broad Market / Other|Broad Market / Other|Distr|IE000DS9ZCL4|JRDC.DE|EUR|0,4|20,540000915527344|20,399999618530273|-0,012737293235343672|-0,03991756515512346|0,08926150173354297|0,04840924043827877|-0,010623756683280638|-0,664512511166212|1038,0|1479,0|900,0|1240,0|1220,3
S|1290|1266|1281|Invesco Euro Corporate Hybrid Bond UCITS Acc ETF|Bonds / Fixed Income|Fixed Income|Bonds|Acc|IE00BKWD3B81|EHBA.DE|EUR|0,39|45,11000061035156|44,775001525878906|-0,010181258799839443|-0,017532403117159645|-0,0021677484594978536|-0,007720858232650785|-0,010225534550087234|0,04437515235969216|988,0|1269,0|1275,0|1229,0|1220,35
S|1291|1188|1362|iShares Core UK Gilts UCITS EUR Hedged (Acc) ETF|Region: Europe|Broad Market / Other|Broad Market / Other|Acc|IE000PYIUPH0|CEMM.DE|EUR|0,09|4,9558000564575195|4,969299793243408|-0,011213093879644864|-0,012867498652709974|-0,007967044059327688|-0,03154065593158717|-0,020200761606507855|-0,47157063879301325|1008,0|1185,0|1317,0|1332,0|1220,8500000000001
S|1292|1229|1324|Fidelity EUR Corp Bd Rs Enh PAB UCITS ETF Acc EUR|Other|Broad Market / Other|Broad Market / Other|Acc|IE0000VKUF67|FEIA.DE|EUR|0,2|5,283999919891357|5,274600028991699|-0,009113789853829046|-0,015061149868351609|-0,00948525702913805|-0,008109328829672302|-0,011256051624954022|0,3998578174255673|955,0|1237,0|1333,0|1253,0|1221,9
S|1293|1228|1325|iShares   Corp Bond Large Cap UCITS ETF EUR Dist|Bonds / Fixed Income|Fixed Income|Bonds|Distr|IE0032523478|IBCS.DE|EUR|0,09|120,73999786376953|120,45500183105469|-0,009194060911624002|-0,014965514279472236|-0,009439150919569816|-0,007820568972238484|-0,011675506428088678|0,43407345458656427|960,0|1235,0|1331,0|1257,0|1222,15
S|1294|1302|1247|Invesco US Treasury Bond 7-10 Year UCITS ETF Dist|Bonds / Fixed Income|Fixed Income|Bonds|Distr|IE00BF2FN646|TRDX.DE|EUR|0,06|29,60700035095215|29,63599967956543|0,0005731062033929035|-0,02658551302219625|0,004642653594343127|-0,005123845220073142|-0,008840433774017775|0,9519627393647957|760,0|1401,0|1220,0|1216,0|1222,6
S|1295|1312|1231|iShares Broad EUR High Yield Corp Bond UCITS EUR (Dist) ETF|Bonds / Fixed Income|Fixed Income|Bonds|Distr|IE00BG0J4B71|EH1Y.DE|EUR|0,2|4,736199855804443|4,714399814605713|-0,016977996408974683|-0,017017397129571066|0,005992791513164342|-0,000923482796524433|-0,008033937775043465|-0,7770427228169208|1167,0|1260,0|1212,0|1205,0|1223,05
S|1296|1200|1360|BNPP Easy JPM Tilted EMU GovBd IG 3-5Y UCITS ETF C|Other|Broad Market / Other|Broad Market / Other|Acc|LU2244387457|ASRE.DE|EUR|0,15|9,649399757385254|9,630599975585938|-0,009667898448698531|-0,013797496941183485|-0,013010671210518465|-0,015025680264162067|-0,013858270500135883|0,2681643029652431|975,0|1205,0|1357,0|1280,0|1223,5
S|1297|1294|1264|Amundi EUR High Yield Corporate Bond ESG UCITS ETF Dist|ESG / Sustainable|Fixed Income|Bonds|Distr|LU1812090543|LYQY.DE|EUR|0,25|106,05000305175781|105,47000122070312|-0,014451003732770085|-0,017555205414088948|0,002593364175770052|-0,007719269691154995|-0,010018112295319459|-0,6218359541373621|1076,0|1270,0|1238,0|1226,0|1224,1
S|1298|1481|961|Franklin European Quality Dividend UCITS ETF|Factor / Smart Beta|Broad Market / Other|Broad Market / Other|Unknown|IE00BF2B0L69|FLXD.DE|EUR|0,25|35,36000061035156|35,2400016784668|-0,047771906872965064|-0,02679660333618905|0,12596038396591447|0,08419869066808294|-0,005232542064726675|-1,8156280277899823|1530,0|1403,0|793,0|1178,0|1224,5500000000002
S|1299|1225|1333|Xtrackers II Target Maturity Sept 2031 EUR Corporate Bond UCITS ETF|Bonds / Fixed Income|Fixed Income|Bonds|Unknown|LU2673523481|XB31.DE|EUR|0,12|29,329999923706055|29,267000198364258|-0,00918854691306481|-0,01486728829489492|-0,010885022260827326|-0,009602510810577503|-0,011780739368435045|0,5019740415633768|959,0|1234,0|1343,0|1258,0|1224,8000000000002
S|1300|1230|1332|Invesco EUR Corp Bd ESG Mlt Factor UCITS ETF Dist|ESG / Sustainable|Broad Market / Other|Broad Market / Other|Distr|IE0006LBEDV2|ECMF.DE|EUR|0,19|4,919899940490723|4,908699989318848|-0,009739657084986253|-0,014657358776055451|-0,010036572250319287|-0,009409087998297982|-0,012093455154974175|0,41555936519451964|977,0|1229,0|1338,0|1264,0|1225,4499999999998
S|1301|1234|1326|Xtrackers II EUR Corporate Bond UCITS 1C ETF|Bonds / Fixed Income|Fixed Income|Bonds|Acc|LU0478205379|D5BG.DE|EUR|0,09|160,7550048828125|160,3800048828125|-0,009244707126805474|-0,015313466204570858|-0,009153109960996275|-0,00829735453460878|-0,012134512243309525|0,26020010422964823|962,0|1240,0|1328,0|1266,0|1225,5
S|1302|1231|1331|BNP Paribas Easy ESG Enhcd EUR Corp Bd UCITS ETF C|ESG / Sustainable|Broad Market / Other|Broad Market / Other|Acc|LU2697596745|BJLN.DE|EUR|0,18|10,723999977111816|10,696999549865723|-0,009421784084474472|-0,014836248017175646|-0,009924763492028421|-0,009147184471083869|-0,012098887696621707|0,40402124956152674|968,0|1233,0|1337,0|1265,0|1225,65
S|1303|1222|1340|iShares iBonds Dec 2031 Term Corp UCITS EUR (Dist) ETF|Other|Broad Market / Other|Broad Market / Other|Distr|IE000I2WYEU9|31IG.DE|EUR|0,12|4,881499767303467|4,867700099945068|-0,009245528235917955|-0,014797695315469817|-0,010687353242290754|-0,010373380005229804|-0,012553024572554139|0,5800425588344991|963,0|1231,0|1341,0|1269,0|1225,9
S|1304|1305|1253|Goldman Sachs EUR HY Bond Active UCITS ETF EUR Dis|Bonds / Fixed Income|Fixed Income|Bonds|Distr|IE000M02BVY5|GXHY.DE|EUR|0,35|48,840999603271484|48,441001892089844|-0,016056264901281092|-0,017524130498256407|0,0028946248913457318|-0,005307924821412402|-0,008364224465364889|-0,5133539943015912|1124,0|1268,0|1234,0|1210,0|1226,3000000000002
S|1305|1223|1343|BNP Paribas Easy ESG Enhcd EUR Corp Bd UCITS ETF D|ESG / Sustainable|Broad Market / Other|Broad Market / Other|Distr|LU2697596828|BJLP.DE|EUR|0,18|10,141500473022461|10,115500450134277|-0,00937726162870145|-0,014718716115168395|-0,012062734805174724|-0,009138841249345164|-0,012050100877806225|0,41019363194130004|967,0|1230,0|1349,0|1262,0|1226,6999999999998
S|1306|1205|1369|Amundi Euro Government Bond 3-5Y UCITS Dist ETF|Bonds / Fixed Income|Fixed Income|Bonds|Distr|LU1650488817|EGV5.DE|EUR|0,16|129,26499938964844|128,97000122070312|-0,009880842238920495|-0,013808869736678053|-0,013193244969115114|-0,015011248611582206|-0,014005418273826509|0,22335533494160656|980,0|1206,0|1361,0|1287,0|1227,0500000000002
S|1307|1001|1539|Amundi MSCI China ESG Selection Extra UCITS Dist ETF|ESG / Sustainable|Broad Market / Other|Broad Market / Other|Distr|LU1900067940|LHKG.DE|EUR|0,65|23,139999389648438|22,6200008392334|-0,013640226228142316|0,0028168418010792173|-0,16741425608796234|-0,10292695013734465|-0,033968716486053596|0,5661984507752492|1057,0|962,0|1581,0|1451,0|1228,8000000000002
S|1308|1156|1398|Xtrackers II Germany Government Bond UCITS 1C ETF|Bonds / Fixed Income|Fixed Income|Bonds|Acc|LU0643975161|X03G.DE|EUR|0,15|172,02000427246094|172,48500061035156|-0,005348538625481791|-0,013872954225382927|-0,02269690157680082|-0,01472015647709779|-0,01509673278353696|0,8933872636844207|878,0|1207,0|1417,0|1301,0|1228,95
S|1309|1211|1370|Amundi Euro Government Bond 3-5Y UCITS ETF Acc|Bonds / Fixed Income|Fixed Income|Bonds|Acc|LU1650488494|LYQ3.DE|EUR|0,15|149,8350067138672|149,5850067138672|-0,009813643526792815|-0,014081258784031991|-0,01336712676303986|-0,014956241452605434|-0,013967835970004505|0,2563041167554082|979,0|1211,0|1364,0|1286,0|1229,45
S|1310|1237|1342|iShares EUR Corp Bond ex-Financials UCITS EUR (Acc) ETF|Financials|Financials|Banks & Financial Services|Acc|IE0000BH4WF5|IEXA.DE|EUR|0,2|5,3429999351501465|5,332600116729736|-0,009014058099381717|-0,015913366590326272|-0,01081204005417935|-0,009785421515891124|-0,012573940116548887|0,442503150747892|951,0|1247,0|1342,0|1270,0|1230,95
S|1311|1216|1364|PIMCO Advantage Covered Bond UCITS - EUR Income ETF|Bonds / Fixed Income|Fixed Income|Bonds|Distr|IE00BF8HV717|COVR.DE|EUR|0,43|102,12999725341797|102,04499816894531|-0,007772302043970614|-0,01556706781442796|-0,013471484643876819|-0,014678703249457747|-0,013138048057674823|0,5920550459019192|920,0|1243,0|1365,0|1275,0|1231,45
S|1312|1212|1373|UBS BBG US Liquid Corp 1-5 UCITS ETF hEUR acc|Region: US|Broad Market / Other|Broad Market / Other|Acc|LU1048315243|UEF8.DE|EUR|0,19|15,045499801635742|15,033499717712402|-0,011692478548984253|-0,01347456542348835|-0,013053911672411767|-0,0181420617837329|-0,015024562904370375|-0,6034126773816196|1015,0|1199,0|1359,0|1300,0|1231,6
S|1313|1171|1392|Xtrackers II Germany Government Bond UCITS 1D ETF|Bonds / Fixed Income|Fixed Income|Bonds|Distr|LU0468896575|D5BB.DE|EUR|0,15|161,1649932861328|161,1750030517578|-0,0023523159931889692|-0,015527970573146588|-0,022051845902071987|-0,014359114671815831|-0,014573392922472284|1,1225916099916406|818,0|1242,0|1413,0|1296,0|1231,95
S|1314|1215|1368|iShares   Govt Bond 3-5yr UCITS ETF EUR (Dist)|Bonds / Fixed Income|Fixed Income|Bonds|Distr|IE00B1FZS681|IBCN.DE|EUR|0,15|156,6750030517578|156,30999755859375|-0,010140230856186982|-0,014281695981998022|-0,012948839294657843|-0,015712211142914656|-0,014279257849962645|0,17310794000632962|987,0|1217,0|1356,0|1293,0|1232,45
S|1315|1219|1367|Xtrackers II Eurozone Government Bond 3-5 UCITS 1C ETF|Bonds / Fixed Income|Fixed Income|Bonds|Acc|LU0290356954|DBXQ.DE|EUR|0,15|203,47999572753906|203,24000549316406|-0,01011870916403268|-0,014338338882297408|-0,013238984032992285|-0,015482857855825594|-0,013918703108165342|0,08349737277822455|986,0|1220,0|1362,0|1285,0|1233,4
S|1316|1224|1366|Amundi Euro Government Low Duration Tilted Green Bond UCITS Acc ETF|ESG / Sustainable|Fixed Income|Bonds|Acc|LU2924150282|LWGB.DE|EUR|0,14|20,19300079345703|20,14299964904785|-0,00990437164857949|-0,014446753006408297|-0,01280856178079881|-0,015071700471664506|-0,014134698771894105|0,20806663010274565|981,0|1225,0|1355,0|1290,0|1233,9
S|1317|1424|1100|Xtrackers S&P Global Infrastructure Swap UCITS 1C ETF|Global / Broad|Utilities|Utilities|Acc|LU0322253229|DX2E.DE|EUR|0,6|67,63999938964844|66,56999969482422|-0,004562142347554143|-0,055439201045464626|0,0822399902343749|0,06185241098146532|-0,015952949500004365|0,9631548118258215|858,0|1530,0|933,0|1308,0|1235,5500000000002
S|1318|1304|1275|iShares Global High Yield Corp Bond UCITS EUR Hedged (Dist) ETF|Bonds / Fixed Income|Fixed Income|Bonds|Distr|IE00BJSFR200|HYLE.DE|EUR|0,55|4,145999908447266|4,135900020599365|-0,016944016816482166|-0,016438594492761416|0,0021595065776431888|-0,007287109368979139|-0,011517358477093786|-0,9163816098495796|1164,0|1252,0|1243,0|1255,0|1237,15
S|1319|1251|1334|Franklin Euro IG Corporate UCITS ETF|Bonds / Fixed Income|Fixed Income|Bonds|Unknown|IE000H0TSO96|EIGC.DE|EUR|0,15|25,80699920654297|25,726999282836914|-0,010240093750788715|-0,016539004920902878|-0,009661768565795148|-0,009004020585892003|-0,01264380995185943|0,2851834044272344|990,0|1253,0|1335,0|1271,0|1237,65
S|1320|1317|1268|iShares Global High Yield Corp Bond UCITS EUR Hedged (Acc) ETF|Bonds / Fixed Income|Fixed Income|Bonds|Acc|IE00091SR7N7|CEBR.DE|EUR|0,55|5,866000175476074|5,841400146484375|-0,018406904244776423|-0,01593688822996142|0,0016050896502086687|-0,00848517361451695|-0,01033025807611443|-0,7149193642161215|1206,0|1248,0|1248,0|1232,0|1238,5
S|1321|1474|1016|Invesco S&P China A 300 Swap UCITS ETF Acc|Region: Emerging Markets / Asia|Broad Market / Other|Broad Market / Other|Acc|IE000K9Z3SF5|C3AE.DE|EUR|0,35|6,005000114440918|5,9679999351501465|-0,018149126528845483|-0,04712788466805873|0,10752493369395433|0,06528295636665149|-0,009439581591881852|-0,6516641128574645|1200,0|1506,0|851,0|1220,0|1239,15
S|1322|1240|1361|StSt SPDR BBG 3-5 Year Euro Govt Bd UCITS ETF Dis|Region: Europe|Broad Market / Other|Broad Market / Other|Distr|IE00BS7K8821|SYB4.DE|EUR|0,15|28,249000549316406|28,159000396728516|-0,010577564340364054|-0,015034042767702482|-0,012498215602670282|-0,014885456731712599|-0,014074307191350499|0,20589372484816185|997,0|1236,0|1352,0|1288,0|1239,5500000000002
S|1323|1252|1347|UBS BBG MSCI Euro Area Liquid Corp Sustainable UCITS EUR dis ETF|Region: Europe|Broad Market / Other|Broad Market / Other|Distr|LU1484799769|UIMC.DE|EUR|0,13|12,579000473022461|12,536499977111816|-0,010073133544802326|-0,016914097023665642|-0,011017933289865223|-0,01083006716961954|-0,013853970154404815|0,3948009712995301|984,0|1258,0|1346,0|1279,0|1243,1
S|1324|1462|1034|First Trust Alerian Dsrptv Tech RE UCITS ETF A USD|Technology|Information Technology|Technology Hardware & Software|Unknown|IE000RN036E0|FTGT.DE|EUR|0,6|18,5|18,371999740600586|-0,023128088060730634|-0,03404346348690257|0,07221515653491317|0,07122174346459764|-0,002441054958431832|-0,8814565782168786|1311,0|1452,0|963,0|1145,0|1247,2
S|1325|1267|1349|UBS Core BBG Euro Area Liquid Corp UCITS ETF EURd|Region: Europe|Broad Market / Other|Broad Market / Other|Unknown|LU1805389258|UIQL.DE|EUR|0,06|10,107500076293945|10,07349967956543|-0,010959392948175606|-0,017293749324872154|-0,0104577848445776|-0,010598012996256179|-0,014105252709438632|0,32646382695761483|1005,0|1263,0|1339,0|1289,0|1248,5
S|1326|1269|1350|Xtrackers iBoxx EUR Corp Bd Yld Plus UCITS ETF 1D|Other|Broad Market / Other|Broad Market / Other|Distr|IE00BYPHT736|XDEP.DE|EUR|0,25|14,732500076293945|14,665499687194824|-0,010876478220823826|-0,017294386633497916|-0,011663640736219172|-0,011245250847422894|-0,013885899139051139|0,46973550673227005|1003,0|1264,0|1347,0|1281,0|1249,0
S|1327|1372|1217|L&G Emerging Markets Government Bond (USD) 0-5 Year Screened UCITS EUR Acc Hedged ETF|Bonds / Fixed Income|Fixed Income|Bonds|Acc|IE000MINO564|ENDH.DE|EUR|0,28|11,736000061035156|11,713000297546387|-0,022407334514072952|-0,019180127803757108|0,010200107832713412|-0,00630795334735601|-0,008220878620511796|-0,8329241094251443|1290,0|1291,0|1192,0|1209,0|1249,6999999999998
N|1328|1318|1289|WisdomTree Renewable Energy UCITS - USD Acc ETF|Commodity / Energy|Energy|Energy|Acc|IE000P3D0W60|WRNW.DE|EUR|0,45|24,28499984741211|23,969999313354492|0,010401497881720179|-0,04106617509166188|0,047896468042876617|0,01271894541276275|-0,0719581230208074|0,9903559426997277|573,0|1486,0|1029,0|1562,0|1250,0
S|1329|1261|1363|BNP PARIBAS EASY II EUR Credit PAB Opportunities UCITS EUR Acc ETF|Other|Broad Market / Other|Broad Market / Other|Acc|IE000JBB8CR7|AIPE.DE|EUR|0,2|11,353500366210938|11,324999809265137|-0,010588236271869111|-0,017225657550302254|-0,012180744996933224|-0,01132051779696619|-0,014239598349035432|0,3247454879292559|998,0|1262,0|1350,0|1292,0|1250,4
S|1330|1473|1037|iShares Global Infrastructure UCITS ETF USD (Dist)|Global / Broad|Utilities|Utilities|Distr|IE00B1FZS467|IQQI.DE|EUR|0,65|32,625|32,34000015258789|-0,015391530024667976|-0,05715832571467061|0,08547613315068703|0,08594902300181628|-0,007978812576697192|0,376570446458315|1108,0|1539,0|920,0|1204,0|1252,6
S|1331|1443|1106|iShares STOXX Europe 600 Telecommunications UCITS (DE) ETF|Region: Europe|Broad Market / Other|Broad Market / Other|Unknown|DE000A0H08R2|EXV2.DE|EUR|0,46|26,674999237060547|26,834999084472656|-0,035785347757250396|-0,02306734504060426|0,1293638201284686|0,09630654731505506|-0,04518711523160657|-1,024679115937155|1459,0|1350,0|781,0|1506,0|1255,3
S|1332|1536|962|iShares US Property Yield UCITS ETF USD (Dist)|Real Estate|Real Estate|Real Estate|Distr|IE00B1FZSF77|IQQ7.DE|EUR|0,4|27,30500030517578|27,125|-0,023949957717882442|-0,0620758823305112|0,09918953329790092|0,1333108925012365|0,0035154097412457563|-0,20883900054214963|1325,0|1557,0|876,0|1075,0|1255,5500000000002
S|1333|1265|1377|VanEck iBoxx EUR Corporates UCITS ETF|Other|Broad Market / Other|Broad Market / Other|Unknown|NL0009690247|TCBT.DE|EUR|0,15|16,387500762939453|16,30900001525879|-0,009758838934208258|-0,017682081536170458|-0,015211108881114876|-0,012228142778242468|-0,014526780827470387|0,6268983657497029|978,0|1272,0|1371,0|1295,0|1257,25
S|1334|1260|1379|UBS Core BBG EUR Gov 1-10 UCITS ETF EUR acc|Other|Broad Market / Other|Broad Market / Other|Acc|LU0969639474|CHSF.DE|EUR|0,09|16,858999252319336|16,8174991607666|-0,011695110015947807|-0,016652656414930078|-0,013574416730297023|-0,015389120855116012|-0,01621636303086038|0,02618998041507193|1016,0|1255,0|1366,0|1310,0|1257,9
N|1335|1153|1477|Leverage Shares 1x Tesla|Other|Broad Market / Other|Broad Market / Other|Unknown|XS2337093798|TSLA.L|EUR||707,969970703125|688,0|0,10793422645246475|-0,05097859155077078|-0,13025802124923214|-0,12488260728909151|-0,012649058699099602|1,864444384929031|39,0|1518,0|1567,0|1272,0|1259,2
S|1336|1337|1296|BNPP Easy EUR HY SRI Fossil Free UCITS ETF Cap|ESG / Sustainable|Broad Market / Other|Broad Market / Other|Unknown|LU2244386053|ASRF.DE|EUR|0,25|11,08899974822998|10,982000350952148|-0,016889069486285768|-0,018672605216227045|-0,002698146008827229|-0,009424290637370825|-0,012153458274359208|-0,5902963564593896|1162,0|1282,0|1281,0|1267,0|1260,75
S|1337|1357|1278|iShares   Corp Bond Interest Rate Hedged ESG SRI UCITS ETF|ESG / Sustainable|Fixed Income|Bonds|Unknown|IE00BJK55C48|AYE2.DE|EUR|0,25|5,785399913787842|5,7565999031066895|-0,017124806873739518|-0,020154454410541867|0,0007957459472800466|-0,0154522109973112|-0,010892946289391858|-0,8306717063309522|1172,0|1309,0|1254,0|1245,0|1261,9
S|1338|1325|1308|Invesco Euro Corporate Hybrid Bond UCITS Dist ETF|Bonds / Fixed Income|Fixed Income|Bonds|Distr|IE00BKWD3966|EHBD.DE|EUR|0,39|38,17300033569336|37,90800094604492|-0,014393633541978534|-0,020007497706912125|-0,0049651199651259414|-0,009335595656047357|-0,012980600915495466|-0,28755068528793815|1073,0|1308,0|1295,0|1273,0|1262,5
N|1339|1273|1385|UBS SBI Foreign AAA-BBB 5-10 ESG UCITS CHF dis ETF|ESG / Sustainable|Broad Market / Other|Broad Market / Other|Distr|LU0879399441|UEFZ.DE|EUR|0,2|14,624500274658203|14,598999977111816|-0,0017405695929041398|-0,022631689208744588|-0,014631357918168164|-0,009902843944304185|-0,01973980564411959|1,7169275830798607|800,0|1344,0|1369,0|1329,0|1265,65
S|1340|1259|1393|Vanguard U.K. Gilt UCITS EUR hedged - Acc ETF|Bonds / Fixed Income|Fixed Income|Bonds|Acc|IE00BMX0B524|VGUE.DE|EUR|0,08|19,71150016784668|19,785999298095703|-0,013463081984539937|-0,015409604538613175|-0,01173193247208193|-0,036395152000007425|-0,023611703768153025|-0,5884930079337652|1052,0|1241,0|1348,0|1378,0|1266,8000000000002
S|1341|1346|1304|BNPP Easy EUR HY SRI Fossil Free UCITS ETF Dis|ESG / Sustainable|Broad Market / Other|Broad Market / Other|Distr|LU2244386137|ASRG.DE|EUR|0,25|8,909000396728516|8,864800453186035|-0,01681859423819254|-0,019609975001626645|-0,003434514701845859|-0,01026827577533862|-0,013896733210262635|-0,7234873975952084|1157,0|1296,0|1284,0|1282,0|1269,35
S|1342|1311|1358|Amundi Global Government Inflation-Linked Bond 1-10Y UCITS EUR Hedged Dist ETF|Bonds / Fixed Income|Fixed Income|Bonds|Distr|LU1910940268|B8TQ.DE|EUR|0,2|10,579000473022461|10,548500061035156|-0,015861183988030825|-0,018463481829752215|-0,00984479494614876|-0,005405902657887984|-0,015597873116515504|-0,8052396556041799|1117,0|1277,0|1336,0|1304,0|1273,15
S|1343|1486|1062|iShares Global Infrastructure UCITS USD (Acc) ETF|Global / Broad|Utilities|Utilities|Acc|IE000CK5G8J7|CBUX.DE|EUR|0,65|5,888999938964844|5,8470001220703125|-0,017517520822247334|-0,05881413334064933|0,08273575998057225|0,08833860356941403|-0,01050073578022126|0,199889712585904|1182,0|1542,0|929,0|1237,0|1273,75
S|1344|1399|1245|JPMorgan Global High Yield Corporate Bond Multi-Factor UCITS ETF EUR Hedged (dist)|Bonds / Fixed Income|Fixed Income|Bonds|Distr|IE000YK1TO74|JYEH.DE|EUR|0,35|88,85800170898438|88,6500015258789|-0,02216304144776471|-0,022326468932571952|0,011867475097520064|-0,002581839906057648|-0,011661214912287776|-1,0851103526224892|1287,0|1335,0|1185,0|1256,0|1274,5
S|1345|1538|1000|State Street SPDR Dow Jones Global Real Estate UCITS ETF|Real Estate|Real Estate|Real Estate|Unknown|IE00B8GF1M35|SPYJ.DE|EUR|0,4|31,770000457763672|31,6200008392334|-0,029256188694829044|-0,05659897537021252|0,09082761056883948|0,0926672181401087|-0,002157496398389691|-0,935079092246429|1391,0|1537,0|894,0|1140,0|1274,95
S|1346|1288|1391|Global X Clean Water UCITS ETF USD Acc|Commodity / Energy|Materials|Materials|Acc|IE000BWKUES1|AKWA.DE|EUR|0,5|27,229999542236328|27,0049991607666|0,004797016934932952|-0,02819417925128742|-0,0182080784929477|0,008518501564308556|-0,019664334719601828|2,436736361352579|652,0|1417,0|1388,0|1327,0|1277,0
S|1347|1092|1567|Xtrackers LPX Private Equity Swap UCITS 1C ETF|Other|Broad Market / Other|Broad Market / Other|Acc|LU0322250712|DX2D.DE|EUR|0,7|107,76000213623047|107,68000030517578|-0,08336165044133159|0,00729107080595659|-0,1649100453896969|-0,15508858897058986|-0,0484011794151511|-1,1867811327062634|1585,0|856,0|1578,0|1519,0|1278,45
S|1348|1300|1383|BNPPE ESG Enh EUR Crp Bd December 2032 UCITS ETF C|ESG / Sustainable|Broad Market / Other|Broad Market / Other|Acc|LU2823895847|BJLX.DE|EUR|0,12|10,4399995803833|10,418499946594238|-0,012252272053837054|-0,01962631084319355|-0,016856657610098913|-0,0136054476935209|-0,016776060265407566|0,3897558112755172|1027,0|1297,0|1379,0|1314,0|1280,4
S|1349|1296|1389|iShares Euro Govt Bond 3-7yr UCITS ETF EUR (Acc)|Bonds / Fixed Income|Fixed Income|Bonds|Acc|IE00B3VTML14|SXRP.DE|EUR|0,15|131,03500366210938|130,7899932861328|-0,013253469867869794|-0,018795121803518167|-0,018023072057068656|-0,020335696769524403|-0,01915264169415376|-0,0676287482854116|1047,0|1284,0|1386,0|1323,0|1281,75
S|1350|1301|1384|BNPPE ESG Enh EUR Crp Bd December 2032 UCITS ETF D|ESG / Sustainable|Broad Market / Other|Broad Market / Other|Distr|LU2823895763|BJLY.DE|EUR|0,12|10,053500175476074|10,031999588012695|-0,012280787723634723|-0,01969671566109843|-0,016907972887857947|-0,013562157784443363|-0,01683490182952596|0,3840806435023154|1028,0|1300,0|1380,0|1315,0|1282,2
S|1351|1115|1545|iShares Listed Private Equity UCITS ETF USD D|Other|Broad Market / Other|Broad Market / Other|Distr|IE00B1TXHL60|IQQL.DE|EUR|0,75|26,405000686645508|26,420000076293945|-0,06827803301072621|0,005713255786465865|-0,1408406177759245|-0,12529172843692693|-0,03947865350589441|-1,0376704819685867|1573,0|897,0|1570,0|1479,0|1283,05
S|1352|1283|1413|UBS Sustainable Dev Bank Bonds UCITS ETF hEUR dis|Financials|Financials|Banks & Financial Services|Distr|LU1852211645|CHSK.DE|EUR|0,18|9,439000129699707|9,443599700927734|-0,014759334717530104|-0,01633327542484231|-0,021924098612096987|-0,026103933188478257|-0,021222913300188995|-0,8244975747274044|1085,0|1251,0|1412,0|1348,0|1285,75
S|1353|1107|1569|iShares MSCI China UCITS ETF USD Acc|Region: Emerging Markets / Asia|Broad Market / Other|Broad Market / Other|Acc|IE00BJ5JPG56|ICGA.DE|EUR|0,28|4,765500068664551|4,673999786376953|-0,018838749808926414|-0,001152764596154654|-0,16991814614090828|-0,11750000286985318|-0,04721202420195292|0,30611753360863103|1223,0|1012,0|1583,0|1515,0|1287,0
S|1354|1109|1566|Amundi MSCI China UCITS ETF Acc|Region: Emerging Markets / Asia|Broad Market / Other|Broad Market / Other|Acc|LU1841731745|L4K3.DE|EUR|0,29|17,79400062561035|17,450000762939453|-0,018749318296967243|-0,0013469618800047156|-0,16831034143991397|-0,11560636762436993|-0,04638129344894604|0,3062839127090391|1216,0|1018,0|1582,0|1511,0|1287,3000000000002
S|1355|1435|1205|Xtrackers MSCI Pakistan Swap UCITS 1C ETF|Other|Broad Market / Other|Broad Market / Other|Acc|LU0659579147|XBAK.DE|EUR|0,85|1,506600022315979|1,4977999925613403|-0,009076574951936811|-0,05518621723482586|0,0068163750736593975|-0,045610049706783395|-0,004182604563337189|0,8444287558779688|952,0|1529,0|1205,0|1166,0|1288,85
S|1356|1277|1427|iShares Broad Global Govt Bond UCITS EUR Hedged (Acc) ETF|Bonds / Fixed Income|Fixed Income|Bonds|Acc|IE000XFP47S2|CEMB.DE|EUR|0,13|4,928299903869629|4,919099807739258|-0,01317558493732729|-0,016896091637961796|-0,026220108640862327|-0,02552701327542728|-0,020518781598804714|-0,679351116142044|1046,0|1257,0|1450,0|1337,0|1289,6000000000001
S|1357|1297|1411|StSt SPDR BBG Gl Aggrt Bd EUR Hdg UCITS ETF Dist|Other|Broad Market / Other|Broad Market / Other|Distr|IE00BF1QPL78|SPFE.DE|EUR|0,1|24,83099937438965|24,802000045776367|-0,014369126648914321|-0,01834616457671978|-0,022278533641040932|-0,023543321178060905|-0,020674617950906415|-0,7349404550916836|1072,0|1275,0|1414,0|1340,0|1292,3
S|1358|1308|1401|iShares EUR Green Bond UCITS EUR (Dist) ETF|ESG / Sustainable|Fixed Income|Bonds|Distr|IE00BMDBMN04|GRON.DE|EUR|0,2|3,8401999473571777|3,827399969100952|-0,012675139889706477|-0,01985707907543488|-0,018945113130966473|-0,01930064486887728|-0,02052828816157759|0,1414532948370138|1035,0|1305,0|1392,0|1338,0|1292,85
S|1359|1464|1145|Xtrackers Harvest CSI300 UCITS 1D ETF|Other|Broad Market / Other|Broad Market / Other|Distr|LU0875160326|RQFI.DE|EUR|0,65|11,192000389099121|11,137999534606934|-0,017556162726704794|-0,046690982051833974|0,06057257923638204|0,025251742523729304|-0,020444742868294452|-0,6408852639728506|1184,0|1502,0|989,0|1336,0|1292,8500000000001
S|1360|1484|1115|UBS Factor MSCI USA Low Volatility UCITS USD dis ETF|Factor / Smart Beta|Broad Market / Other|Broad Market / Other|Distr|IE00BX7RQY03|UBUR.DE|EUR|0,18|29,46500015258789|29,30500030517578|-0,024176173194711437|-0,04052167600546763|0,02989342757133584|0,04768118294078105|-0,002916873348643656|-0,0065474775332109245|1328,0|1484,0|1082,0|1150,0|1293,3
S|1361|1316|1396|Amundi Euro Aggregate Bond ESG UCITS ETF DR C|ESG / Sustainable|Fixed Income|Bonds|Acc|LU2182388236|PR10.DE|EUR|0,16|44,59400177001953|44,465999603271484|-0,0122925538076466|-0,020450295983628797|-0,018337033098023592|-0,017904721707396876|-0,020095755095599688|0,10507971687077566|1029,0|1314,0|1390,0|1331,0|1293,65
S|1362|1313|1399|Amundi Euro Aggregate Bond ESG UCITS DR - EUR (D) ETF|ESG / Sustainable|Fixed Income|Bonds|Distr|LU2439113387|9E0E.DE|EUR|0,15|43,733001708984375|43,61399841308594|-0,012687582869231218|-0,02023030392118319|-0,01877092078276521|-0,018338889833168004|-0,020300836289533164|0,0885810342547339|1036,0|1310,0|1391,0|1334,0|1293,9499999999998
S|1363|1543|1038|Invesco S&P 500 High Div Low Vlty UCITS ETF Dist|Region: US|Broad Market / Other|Broad Market / Other|Distr|IE00BWTN6Y99|HDLV.DE|EUR|0,3|32,165000915527344|32,01499938964844|-0,046844752411272395|-0,04488036964822095|0,059829364930977125|0,08205650308699775|-0,00027861168728249286|-0,8420529140223231|1526,0|1495,0|993,0|1113,0|1297,75
S|1364|1476|1139|Xtrackers Stoxx European Market Leaders UCITS 1C ETF|Region: Europe|Broad Market / Other|Broad Market / Other|Acc|IE00BNKF6C99|XZEC.DE|EUR|0,25|63,90999984741211|63,61000061035156|-0,03078560083157389|-0,031813395256137134|0,05167022158952905|0,014927721271822625|-0,013898161248762642|-0,44681246537602115|1410,0|1438,0|1018,0|1283,0|1297,8000000000002
S|1365|1299|1422|iShares USD Development Bank Bonds UCITS EUR Hedged (Acc) ETF|Financials|Financials|Banks & Financial Services|Acc|IE00BMCZLH06|UEEG.DE|EUR|0,18|4,6006999015808105|4,605599880218506|-0,015176805682932226|-0,0174903086763466|-0,023434059457931422|-0,027109910416445282|-0,021960468062203975|-0,9422881817798621|1104,0|1267,0|1422,0|1356,0|1299,1
S|1366|1321|1405|iShares Aggregate Bond ESG SRI UCITS ETF|ESG / Sustainable|Fixed Income|Bonds|Unknown|IE000CR3ZDF9|CBU2.DE|EUR|0,16|5,331399917602539|5,3256001472473145|-0,012740264052047534|-0,02089914962346573|-0,019314255812034054|-0,019314255812034054|-0,020747193405222686|0,011023846785735201|1039,0|1316,0|1394,0|1342,0|1299,15
S|1367|1498|1101|Amundi STOXX Europe 600 Telecom UCITS ETF A|Region: Europe|Communication Services|Communication Services|Acc|LU1834988609|LTCM.DE|EUR|0,3|50,560001373291016|50,90999984741211|-0,03786865637794523|-0,03493029275963311|0,13008492347968237|0,0978178490557724|-0,044401021420017006|-0,9101467294300559|1479,0|1456,0|779,0|1502,0|1299,4
S|1368|1279|1452|iShares eb.rexx Government Germany 5.5-10.5yr UCITS (DE) ETF|Region: Europe|Broad Market / Other|Broad Market / Other|Unknown|DE0006289499|EXHD.DE|EUR|0,16|112,625|112,91999816894531|-0,008539118889734576|-0,019654481290269477|-0,03161718858393381|-0,02415403178781028|-0,022025959259907135|0,8157557126428192|944,0|1298,0|1469,0|1357,0|1299,4500000000003
S|1369|1553|1030|StSt SPDR Dow Jones Gl Real Estate UCITS ETF Acc|Real Estate|Real Estate|Real Estate|Acc|IE00BH4GR342|SPY2.DE|EUR|0,4|19,29599952697754|19,257999420166016|-0,03423423578228124|-0,05896121352213035|0,08624181452806123|0,09029266453199103|-0,006018977832211614|-1,2987632659630588|1443,0|1543,0|916,0|1185,0|1299,65
S|1370|1320|1408|JPM EUR Aggregate Bond Active UCITS ETF EUR dist|Bonds / Fixed Income|Fixed Income|Bonds|Distr|IE0008QIFH42|JGGE.DE|EUR|0,3|9,552800178527832|9,515999794006348|-0,010994949149878197|-0,02182077300950913|-0,02046131869154899|-0,022746465654398862|-0,021165697973827502|0,24226120504695461|1006,0|1325,0|1401,0|1346,0|1300,35
S|1371|1453|1196|Xtrackers MSCI China A UCITS ETF|Region: Emerging Markets / Asia|Broad Market / Other|Broad Market / Other|Unknown|LU0292109856|DBX9.DE|EUR|0,35|34,375|34,060001373291016|-0,015043023006449108|-0,04791578906440763|0,046901201719709906|0,020938576459589076|-0,023122511392144496|-0,5291305574369534|1101,0|1510,0|1033,0|1373,0|1302,0
S|1372|1380|1328|iShares USD High Yield Corp Bond UCITS EUR Hedged (Dist) ETF|Bonds / Fixed Income|Fixed Income|Bonds|Distr|IE00BF3N7102|IBC2.DE|EUR|0,55|3,753000020980835|3,7488999366760254|-0,022248819460283564|-0,01986499595896951|-0,0063816398643052885|-0,013133334700043742|-0,015767311538228745|-0,9923392065527777|1288,0|1306,0|1301,0|1306,0|1302,05
S|1373|1328|1407|BNPP Easy EUR Agg Bd SRI Fossil Free UCITS ETF C|ESG / Sustainable|Broad Market / Other|Broad Market / Other|Acc|LU2533812991|BJLF.DE|EUR|0,15|10,427000045776367|10,406000137329102|-0,013108722750712398|-0,0210768162005468|-0,019604147369157277|-0,019189119339010685|-0,021045820547482386|-0,031879671455388246|1042,0|1320,0|1396,0|1345,0|1302,3
S|1374|1340|1395|iShares iBonds Dec 2033 Term Corp UCITS EUR (Dist) ETF|Other|Broad Market / Other|Broad Market / Other|Distr|IE000E0NL9T3|33GI.DE|EUR|0,12|4,784900188446045|4,761600017547607|-0,012136120893003755|-0,022437636294646346|-0,019726385553632375|-0,0157243197921485|-0,018674404397040933|0,632448311279225|1025,0|1339,0|1397,0|1319,0|1302,4
S|1375|1131|1572|Xtrackers MSCI China UCITS 1C ETF|Region: Emerging Markets / Asia|Broad Market / Other|Broad Market / Other|Acc|LU0514695690|XCS6.DE|EUR|0,65|15,484000205993652|15,196000099182129|-0,0191308780539583|-0,0024481449584932147|-0,1755058764718601|-0,12262015090836287|-0,04980659373787266|0,23891574727444922|1232,0|1045,0|1584,0|1521,0|1303,0
S|1376|1298|1433|Amundi Euro Hghst Rtd Mcr Wght Gov Bd UCITS ETF A|Region: Europe|Broad Market / Other|Broad Market / Other|Acc|LU1287023342|LYXA.DE|EUR|0,17|122,97000122070312|122,83999633789062|-0,010540694974740972|-0,019964114635431685|-0,025671483141371354|-0,020900513352336336|-0,02205679688402018|0,32941007321107585|996,0|1307,0|1442,0|1360,0|1304,7
S|1377|1315|1421|HSBC Global Government Bond UCITS C H EUR ETF|Bonds / Fixed Income|Fixed Income|Bonds|Unknown|IE000QL3QEM2|H41S.DE|EUR|0,1|10,146499633789062|10,156999588012695|-0,01490296641779476|-0,01904582597036719|-0,024093553090268838|-0,023905802119422948|-0,02117479402771094|-0,880791318939134|1093,0|1289,0|1427,0|1347,0|1305,7
S|1378|1348|1397|Xtrackers II Target Maturity Sept 2033 EUR Corporate Bond UCITS ETF|Bonds / Fixed Income|Fixed Income|Bonds|Unknown|LU2673523564|XB33.DE|EUR|0,12|27,94700050354004|27,847000122070312|-0,013136047791007521|-0,02246904360358115|-0,020456705098462535|-0,015422074704076194|-0,018943808792415306|0,3112329575582878|1044,0|1340,0|1400,0|1320,0|1306,6
S|1379|1386|1327|iShares Broad USD High Yield Corp Bond UCITS EUR Hedged (Acc) ETF|Bonds / Fixed Income|Fixed Income|Bonds|Acc|IE000VSFIC94|CBU1.DE|EUR|0,22|6,110599994659424|6,1082000732421875|-0,02349140883834344|-0,02029753624442643|-0,005695106793726978|-0,0133372271594836|-0,015572404487956937|-1,0661315875900215|1317,0|1311,0|1299,0|1303,0|1307,3
S|1380|1292|1457|UBS J.P. Morgan Global Gov ESG Liquid Bond UCITS hEUR dis ETF|ESG / Sustainable|Fixed Income|Bonds|Distr|LU1974694470|CHSP.DE|EUR|0,18|8,435600280761719|8,425999641418457|-0,013380106131121838|-0,018335225738545735|-0,029295935766975756|-0,02879596241876725|-0,023494308629760985|-0,6174652655898253|1050,0|1274,0|1462,0|1375,0|1307,6
S|1381|1552|1053|Xtrackers Developed Green Real Estate ESG UCITS 1C ETF|Real Estate|Real Estate|Real Estate|Acc|IE00BN2BCY94|XDRE.DE|EUR|0,18|28,440000534057617|28,46500015258789|-0,034459324130961644|-0,05874564320921394|0,0758464576743565|0,07829385911118925|-0,004847150058624128|-1,4932748946809067|1445,0|1541,0|960,0|1173,0|1307,75
S|1382|1452|1214|iShares MSCI China A UCITS ETF USD (Acc)|Region: Emerging Markets / Asia|Broad Market / Other|Broad Market / Other|Acc|IE00BQT3WG13|36BZ.DE|EUR|0,4|5,050000190734863|5,004000186920166|-0,015018464303431789|-0,04806779375214765|0,04403562171798603|0,01568786539612388|-0,02488235954334983|-0,5528677712051155|1098,0|1511,0|1041,0|1392,0|1307,75
S|1383|1352|1393|Amundi Global Aggregate Green Bond UCITS ETF Acc|ESG / Sustainable|Fixed Income|Bonds|Acc|LU1563454310|KLMT.DE|EUR|0,25|47,91699981689453|47,80699920654297|-0,01151106085180087|-0,023437371235409232|-0,01795338396559021|-0,01632045397965587|-0,02021085226724173|0,10074577344609582|1011,0|1359,0|1384,0|1333,0|1307,85
S|1384|1338|1410|iShares   Aggregate Bond ESG SRI UCITS ETF EUR D|ESG / Sustainable|Fixed Income|Bonds|Distr|IE00B3DKXQ41|EUN4.DE|EUR|0,16|103,6449966430664|103,76499938964844|-0,01313977493704166|-0,021968732417789516|-0,020691622421035283|-0,02001470307217168|-0,021342044127022897|-0,11331703401935418|1045,0|1327,0|1405,0|1349,0|1308,6
S|1385|1470|1187|Xtrackers Harvest CSI A500 UCITS 1D ETF|Other|Broad Market / Other|Broad Market / Other|Distr|LU1310477036|AH50.DE|EUR|0,65|28,924999237060547|28,729999542236328|-0,011955606696171794|-0,06651675154381453|0,0665340833447794|0,042716572113007834|-0,030806988988251183|-0,5050842797543199|1022,0|1568,0|970,0|1435,0|1310,0
S|1386|1323|1423|iShares Global Aggregate Bond ESG ?SRI UCITS EUR Hedged (Acc) ETF|ESG / Sustainable|Fixed Income|Bonds|Acc|IE000APK27S2|AEGE.DE|EUR|0,1|4,4899001121521|4,486400127410889|-0,016408096078597056|-0,018515302650758292|-0,024359000129933417|-0,02554477266409727|-0,021671308730580763|-0,5661371543217535|1140,0|1279,0|1429,0|1352,0|1310,25
S|1387|1336|1420|State Street SPDR Bloomberg Global Aggregate Bond UCITS ETF|Bonds / Fixed Income|Fixed Income|Bonds|Unknown|IE000AQ7A2X6|SPFF.DE|EUR|0,1|31,39900016784668|31,378000259399414|-0,016167969070294386|-0,01951655404073349|-0,022720950320127553|-0,02299459546974736|-0,02183206125226722|-0,9205567889494745|1130,0|1293,0|1418,0|1353,0|1311,8000000000002
S|1388|1505|1124|iShares UK Property UCITS EUR Hedged (Acc) ETF|Real Estate|Real Estate|Real Estate|Acc|IE000FI414K7|UKPH.DE|EUR|0,42|3,936000108718872|3,926500082015991|-0,05758404019749386|-0,03054183147987355|0,05353320246689197|0,024066661178934856|-0,011908656807903095|-1,5053198257815628|1559,0|1432,0|1013,0|1260,0|1311,9
S|1389|1396|1337|iShares $ High Yield Corp Bond ESG SRI UCITS EUR Hedged (Acc) ETF|ESG / Sustainable|Fixed Income|Bonds|Acc|IE00BMDFDY08|UEEF.DE|EUR|0,27|5,656000137329102|5,650400161743164|-0,024289262337836237|-0,020368567631118828|-0,006987550730609526|-0,014359376372379717|-0,015803327938062495|-0,9988117820900518|1333,0|1313,0|1307,0|1307,0|1313,3000000000002
S|1390|1354|1404|iShares iBonds Dec 2033 Term Corp UCITS EUR (Acc) ETF|Other|Broad Market / Other|Broad Market / Other|Acc|IE000ZBGZQM8|IG33.DE|EUR|0,12|5,087200164794922|5,072000026702881|-0,013113947043027707|-0,023082475689078397|-0,020637546649609262|-0,01677611618975572|-0,01971322617259008|0,4729720601646113|1043,0|1351,0|1404,0|1328,0|1313,4499999999998
S|1391|1420|1313|iShares Fallen Angels High Yield Corp Bond UCITS EUR Hedged (Dist) ETF|Bonds / Fixed Income|Fixed Income|Bonds|Distr|IE00BF3N7219|IBC7.DE|EUR|0,55|4,382999897003174|4,374499797821045|-0,023663253987398547|-0,022912374372326738|-0,002407532016496683|-0,010815599421414634|-0,014787230872538859|-1,0959891446867127|1320,0|1346,0|1278,0|1298,0|1315,5
S|1392|1335|1426|UBS Sustainable Dev Bank Bonds UCITS ETF hEUR acc|Financials|Financials|Banks & Financial Services|Acc|LU1852211991|MDBE.DE|EUR|0,18|9,911999702453613|9,929200172424316|-0,016617936664937716|-0,018856744381959056|-0,023448268475021128|-0,028378203033210703|-0,02278278440749215|-1,098787002584521|1149,0|1285,0|1423,0|1370,0|1316,1
S|1393|1351|1415|Goldman Sachs Global Green Bond UCITS - Class EUR-Hedged (dist) ETF|ESG / Sustainable|Fixed Income|Bonds|Distr|IE000L0X6L81|GSXG.DE|EUR|0,22|46,96799850463867|46,946998596191406|-0,014250653002812141|-0,022339629964717278|-0,021117126027290545|-0,022513724836080384|-0,02226623812217754|-0,5756622575296542|1067,0|1336,0|1406,0|1362,0|1318,35
S|1394|1242|1517|StSt SPDR MSCI Europe Com Services UCITS ETF|Region: Europe|Broad Market / Other|Broad Market / Other|Unknown|IE00BKWQ0N82|SPYT.DE|EUR|0,18|72,23999786376953|71,87999725341797|-0,055315853137300364|-0,001796391845772627|-0,06436991684542859|-0,0090535479875824|-0,03665874254781787|-1,0549951922716623|1552,0|1030,0|1520,0|1468,0|1318,4
S|1395|1459|1235|Xtrackers MSCI World Utilities UCITS 1C ETF|Global / Broad|Utilities|Utilities|Acc|IE00BM67HQ30|XDWU.DE|EUR|0,25|39,97999954223633|39,470001220703125|-0,009538018585933838|-0,07131242158493101|0,047282261722312535|0,0349468919698106|-0,029736476761961117|0,7224082697518845|971,0|1573,0|1031,0|1433,0|1319,2
S|1396|1466|1220|Xtrackers MDAX ESG Screened UCITS ETF|ESG / Sustainable|Broad Market / Other|Broad Market / Other|Unknown|IE00B9MRJJ36|XDGM.DE|EUR|0,4|22,594999313354492|22,354999542236328|-0,042584790333492606|-0,02566319260870842|0,021722945740632937|-0,0065173599463267395|-0,017784522634183064|-0,645679952535721|1508,0|1384,0|1108,0|1316,0|1320,0
S|1397|1353|1419|VanEck iBoxx EUR Sovereign Diversifi 1-10|Bonds / Fixed Income|Fixed Income|Bonds|Unknown|NL0009690254|TGBT.DE|EUR|0,15|11,843500137329102|11,822500228881836|-0,014724848640253474|-0,022321161115104737|-0,021583864009500187|-0,022007414240653|-0,02255246299409086|-0,05242440489896111|1082,0|1334,0|1409,0|1364,0|1320,9499999999998
S|1398|1356|1412|iShares Spain Govt Bond UCITS EUR (Dist) ETF|Bonds / Fixed Income|Fixed Income|Bonds|Distr|IE00B428Z604|IS0P.DE|EUR|0,2|145,7449951171875|145,8350067138672|-0,015303016510441303|-0,022206552757300324|-0,019476717209005123|-0,021106653226054428|-0,022660521603722894|-0,47357000444698844|1106,0|1333,0|1395,0|1366,0|1321,0500000000002
S|1399|1383|1378|iShares J.P. Morgan USD EM Corp Bond UCITS EUR Hedged (Acc) ETF|Bonds / Fixed Income|Fixed Income|Bonds|Acc|IE00BKT1CS59|SNAZ.DE|EUR|0,53|5,001999855041504|4,982100009918213|-0,020406634817758396|-0,02193896555373276|-0,01243834184940329|-0,016554673096746075|-0,019123495309674943|-0,9607102825810893|1258,0|1326,0|1351,0|1322,0|1321,25
S|1400|1489|1160|Amundi STOXX Europe 600 Telecommunications UCITS Dist ETF|Region: Europe|Broad Market / Other|Broad Market / Other|Distr|LU2082999058|INDB.DE|EUR|0,3|68,13999938964844|68,43000030517578|-0,034980897880646955|-0,03484418041983928|0,09058898669783066|0,10760726402188014|-0,04149602708148703|-0,805417569140564|1449,0|1455,0|895,0|1492,0|1321,5
S|1401|1358|1416|iShares EUR Green Bond UCITS EUR (Acc) ETF|ESG / Sustainable|Fixed Income|Bonds|Acc|IE000IZO7033|CBUP.DE|EUR|0,2|240,82000732421875|240,77999877929688|-0,014768995048618616|-0,02256675642667627|-0,02061894374726292|-0,021136480196477514|-0,022779135210778345|-0,31758746096822865|1087,0|1341,0|1403,0|1369,0|1324,0
S|1402|1343|1442|Xtrackers II ESG Eurozone Government Bond UCITS ETF|ESG / Sustainable|Fixed Income|Bonds|Unknown|LU2468423459|XZEB.DE|EUR|0,15|26,319000244140625|26,266000747680664|-0,013382828871949415|-0,022180120149639992|-0,025149972867721138|-0,021925755096410815|-0,023692485241874284|-0,061382365049484834|1051,0|1332,0|1437,0|1379,0|1325,5
S|1403|1347|1437|Amundi Global Aggregate Green Bond UCITS EUR Hedged Acc ETF|ESG / Sustainable|Fixed Income|Bonds|Acc|LU1563454823|KLMH.DE|EUR|0,3|45,99700164794922|45,89500045776367|-0,015053513993689815|-0,020965408630641225|-0,024805439682136332|-0,025074155353423833|-0,023577125281456945|0,12007590702142222|1102,0|1317,0|1435,0|1377,0|1326,25
S|1404|1185|1579|WisdomTree Uranium and Nuclear Energy UCITS - USD Acc ETF|Commodity / Energy|Energy|Energy|Acc|IE0003BJ2JS4|NCLR.PA|EUR|0,45|43,029998779296875|41,005001068115234|-0,07312871326992898|0,0017459421498142724|-0,08573249686917617|-0,055427538337476934|-0,12846090214546746|0,027710479266742926|1579,0|969,0|1539,0|1591,0|1327,4
S|1405|1448|1276|Rize USA Environmental Impact UCITS USD Acc ETF|Region: US|Broad Market / Other|Broad Market / Other|Acc|IE000PY7F8J9|RIZJ.DE|EUR|0,45|5,4039998054504395|5,370999813079834|-0,008440367967811002|-0,06278182474654281|0,03051103140587408|0,05320595619882251|-0,03525801625263769|0,8196146848840925|939,0|1562,0|1079,0|1462,0|1327,8000000000002
S|1406|1329|1471|Xtrackers II ESG Global Government Bond UCITS 4D - EUR Hedged ETF|ESG / Sustainable|Fixed Income|Bonds|Distr|LU2385068593|XZEG.DE|EUR|0,25|5,405600070953369|5,404600143432617|-0,01487092061415296|-0,01975167899734276|-0,03041205904135169|-0,030604662251510706|-0,02474422372799967|-0,6028764319456009|1090,0|1302,0|1467,0|1390,0|1329,0500000000002
S|1407|1423|1341|First Trust Indxx Gl Aerospc &Dfnc UCITS ETF A USD|Other|Broad Market / Other|Broad Market / Other|Unknown|IE000NVDQXE1|FTGA.DE|EUR|0,65|28,610000610351562|28,46500015258789|-0,011915016897376507|-0,03734854403257537|0,0157997401157155|0,023796776625140126|-0,041180458664578756|0,004562595392594991|1021,0|1467,0|1166,0|1488,0|1329,0500000000002
S|1408|1208|1570|VanEck Defense UCITS ETF|Other|Industrials|Industrials|Unknown|IE000YYE6WK5|DFEN.DE|EUR|0,55|51,599998474121094|52,0099983215332|-0,005971900870781255|-0,015267233367592836|-0,09122931342972329|-0,02365184552677113|-0,07577277924650261|-0,4177154030237252|897,0|1239,0|1545,0|1565,0|1329,4
S|1409|1264|1520|Xtrackers MSCI Europe Communication Services UCITS ETF|Region: Europe|Communication Services|Communication Services|Unknown|LU0292104030|DXSG.DE|EUR|0,17|85,48999786376953|85,05000305175781|-0,055776485538910014|-0,003032094883154146|-0,06660114333466283|0,009923169790302167|-0,03753763334773408|-1,0446986526162074|1553,0|1056,0|1524,0|1472,0|1330,75
S|1410|1532|1146|State Street SPDR S&P U.S. Dividend Aristocrats UCITS ETF|Factor / Smart Beta|Broad Market / Other|Broad Market / Other|Unknown|IE00B979GK47|SPPD.DE|EUR|0,4|8,779000282287598|8,76200008392334|-0,05022736685105422|-0,03842759399577722|0,052176733752377524|0,059031359719587284|-0,015545618050242793|-0,9063310407042596|1540,0|1470,0|1017,0|1302,0|1333,65
S|1411|1359|1440|Vanguard ESG Global Corporate Bond UCITS EUR Hedged - Acc ETF|ESG / Sustainable|Fixed Income|Bonds|Acc|IE00BNDS1P30|V3GF.DE|EUR|0,15|4,682499885559082|4,664400100708008|-0,014563217376914905|-0,02274865990002095|-0,025737618326293843|-0,02602132774094079|-0,022636452559581577|-0,39345801900264393|1079,0|1345,0|1446,0|1365,0|1334,35
S|1412|1365|1434|iShares Core Gl Aggregate Bd UCITS ETF EUR Hgd Acc|Other|Broad Market / Other|Broad Market / Other|Acc|IE00BDBRDM35|EUNA.DE|EUR|0,1|4,800099849700928|4,803899765014648|-0,01762107615966424|-0,02030781669973336|-0,024786212343030578|-0,025004118764140215|-0,02308516459773058|-1,1364070904681711|1187,0|1312,0|1434,0|1372,0|1335,75
S|1413|1434|1317|Amundi Euro Government Inflation-Linked Bond UCITS Dist ETF|Bonds / Fixed Income|Fixed Income|Bonds|Distr|LU1650491795|E15H.DE|EUR|0,09|140,50999450683594|139,5|-0,023320549530633006|-0,025994732724201608|0,000267325599103696|0,0019251925491763355|-0,020589032789839812|-0,7688709628626461|1315,0|1392,0|1258,0|1339,0|1336,35
S|1414|1214|1583|Franklin MSCI China Paris Aligned Climate UCITS ETF|ESG / Sustainable|Broad Market / Other|Broad Market / Other|Unknown|IE000EBPC0Z7|FVCH.DE|EUR|0,22|20,139999389648438|19,68000030517578|-0,0014873914988611237|-0,018996652895913457|-0,2066181127414719|-0,12776096766759104|-0,05351163730839803|0,8547459719520087|791,0|1287,0|1593,0|1530,0|1337,7
S|1415|1374|1418|Xtrackers II Target Maturity Sept 2034 EUR Corporate Bond UCITS ETF|Bonds / Fixed Income|Fixed Income|Bonds|Unknown|LU2809864619|XB34.DE|EUR||33,60499954223633|33,50400161743164|-0,01367730958758584|-0,02589378914405005|-0,022877340858658113|-0,019148832171979824|-0,02137193038538121|0,39624308441601486|1058,0|1388,0|1419,0|1351,0|1338,8500000000001
S|1416|1442|1315|Invesco STOXX Europe 600 Optimised Retail UCITS Acc ETF|Region: Europe|Consumer Discretionary|Consumer Discretionary|Acc|IE00B5MTZM66|SC05.DE|EUR|0,2|245,3000030517578|245,10000610351562|-0,04940897246404885|-0,02114925348233443|-0,00486814177785877|-0,031200608182073708|-0,013909964659524321|-0,32768586597246185|1535,0|1321,0|1294,0|1284,0|1338,9499999999998
S|1417|1370|1429|Amundi Euro Lwst Rtd IG Gov Bond UCITS ETF Acc|Bonds / Fixed Income|Fixed Income|Bonds|Acc|LU1681046774|KX1G.DE|EUR|0,14|226,52000427246094|226,00999450683594|-0,015001943427096043|-0,023494404102092914|-0,021765388405903252|-0,023873107577422892|-0,02466180398051676|-0,18118764454166264|1097,0|1361,0|1411,0|1388,0|1339,3
S|1418|1391|1406|iShares iBond Dec 2035 Term   Corp UCITS ETF EUR A|Other|Broad Market / Other|Broad Market / Other|Acc|IE000O1FWAW6|IG35.DE|EUR|0,12|4,897799968719482|4,870699882507324|-0,013852529567101257|-0,027751324161140567|-0,016821872943223348|-0,020165653835264252|-0,022731309226588836|0,4622715708965093|1060,0|1412,0|1378,0|1367,0|1341,7000000000003
S|1419|1368|1439|BNP Paribas Easy ESG Enhcd EUR Govt Bd UCITS ETF C|ESG / Sustainable|Broad Market / Other|Broad Market / Other|Acc|LU2697597552|BJLM.DE|EUR|0,12|10,060500144958496|10,034500122070312|-0,01473903545434252|-0,02358422151493289|-0,0241051382221823|-0,023347199770103466|-0,024642439937809568|-0,13832565878029743|1084,0|1363,0|1428,0|1387,0|1342,2000000000003
S|1420|1360|1467|Vanguard Global Aggregate Bond UCITS EUR Hedged Distributing ETF|Bonds / Fixed Income|Fixed Income|Bonds|Distr|IE00BG47KB92|VAGE.DE|EUR|0,08|19,684999465942383|19,70599937438965|-0,01646560515387352|-0,02120409639849974|-0,028734036110704575|-0,030853384657511418|-0,025359602846708462|-0,9243196608153709|1143,0|1322,0|1459,0|1397,0|1344,4
S|1421|1363|1465|Amundi Global Aggregate Bond ESG UCITS DR - Hedged EUR (C) ETF|ESG / Sustainable|Fixed Income|Bonds|Acc|LU2439733507|AHYD.DE|EUR|0,16|50,25199890136719|50,18000030517578|-0,014280122546215468|-0,023246830137797825|-0,030146298288068585|-0,029059463682580278|-0,023962298454929476|-0,7982113371677056|1069,0|1355,0|1466,0|1380,0|1344,85
S|1422|1440|1330|iShares   Inflation Linked Govt Bd UCITS ETF EUR A|Other|Broad Market / Other|Broad Market / Other|Acc|IE00B0M62X26|IBCI.DE|EUR|0,09|229,74000549316406|228,75|-0,024624216516483277|-0,02607144818515883|-0,00030456492830277515|0,0006533784470847959|-0,02188078626783896|-0,8731928441215752|1337,0|1394,0|1264,0|1355,0|1345,15
S|1423|1378|1428|Amundi Euro Government Bond 5-7Y UCITS ETF Acc|Bonds / Fixed Income|Fixed Income|Bonds|Acc|LU1287023003|LYXC.DE|EUR|0,15|156,18499755859375|155,71499633789062|-0,015878543482476637|-0,024209671742506877|-0,022316134218505423|-0,023904737701111345|-0,02399763714467229|-0,08943311916783492|1118,0|1369,0|1415,0|1381,0|1345,25
S|1424|1377|1431|iShares iBonds Dec 2034 Term Corp UCITS EUR (Dist) ETF|Other|Broad Market / Other|Broad Market / Other|Distr|IE000SBJO6L2|34GI.DE|EUR|0,12|4,755899906158447|4,740499973297119|-0,0142655017411224|-0,025869457251227357|-0,025045784166571772|-0,017500079052380157|-0,02244827947953909|0,27143534690353094|1068,0|1387,0|1436,0|1363,0|1346,6
S|1425|1417|1390|Invesco US HY Flln Angls UCITS ETF EUR Hdg Acc|Region: US|Broad Market / Other|Broad Market / Other|Acc|IE00BYVTMZ20|FAEU.DE|EUR|0,5|27,236000061035156|27,187000274658203|-0,026625239100229958|-0,02208178431024088|-0,019158729283221376|-0,019017428291687732|-0,018242851304039354|-1,0962395738337964|1360,0|1329,0|1393,0|1317,0|1347,25
S|1426|1382|1430|JPM Global Aggregate Bond Active UCITS - EUR Hedged (dist) ETF|Bonds / Fixed Income|Fixed Income|Bonds|Distr|IE000AGCIYE6|JGAD.DE|EUR|0,3|8,096199989318848|8,097800254821777|-0,01783291772823936|-0,022941448287252086|-0,023709665474193287|-0,026570739610673244|-0,022871126460678792|-0,8930465406882915|1189,0|1347,0|1425,0|1371,0|1347,6000000000001
S|1427|1381|1432|Xtrackers MSCI Global Clean Water & Sanitation UCITS ETF|Commodity / Energy|Materials|Materials|Unknown|IE0007WJ6B10|XDG6.DE|EUR|0,35|31,985000610351562|31,625|-0,008370809140371471|-0,032662878004326545|-0,02854969319637579|-0,005905163363302712|-0,020680205797974027|1,4016607138037487|933,0|1441,0|1457,0|1341,0|1348,8
S|1428|1373|1450|Invesco EUR Gv and Rltd Grn Bd Wghtd UCITS ETF Acc|Other|Broad Market / Other|Broad Market / Other|Acc|IE0007BT2BH8|EGVA.DE|EUR|0,15|5,250999927520752|5,229599952697754|-0,015339031153576155|-0,02408654214274164|-0,024702804854740856|-0,024847725229581008|-0,02504942879861649|0,0066503093468142085|1107,0|1366,0|1433,0|1393,0|1349,3
S|1429|1436|1357|Invesco USD AT1 CoCo Bond UCITS - EUR Hdg Dist ETF|Bonds / Fixed Income|Fixed Income|Bonds|Distr|IE00BFZPF439|XAT1.DE|EUR|0,39|15,539999961853027|15,50100040435791|-0,026570271967486958|-0,025277543873774455|-0,0042347399369928596|-0,01747556693525565|-0,022188536568991446|-1,505283553509323|1359,0|1377,0|1290,0|1361,0|1349,3500000000001
S|1430|1560|1141|HSBC FTSE EPRA Nareit Developed UCITS ETF USD Acc|Other|Broad Market / Other|Broad Market / Other|Acc|IE000G6GSP88|H4Z7.DE|EUR|0,24|25,059999465942383|24,969999313354492|-0,035040426317768936|-0,06107160118019783|0,05760708118583868|0,07277392171117913|-0,01660028859684115|-1,0359499132653345|1450,0|1550,0|1000,0|1312,0|1349,9
S|1431|1560|1141|HSBC FTSE EPRA Nareit Developed UCITS ETF USD Acc|Other|Broad Market / Other|Broad Market / Other|Acc|IE000G6GSP88|H4Z7.DE|EUR|0,24|25,059999465942383|24,969999313354492|-0,035040426317768936|-0,06107160118019783|0,05760708118583868|0,07277392171117913|-0,01660028859684115|-1,0359499132653345|1450,0|1550,0|1000,0|1312,0|1349,9
S|1432|1562|1134|VanEck Global Real Estate UCITS ETF|Real Estate|Real Estate|Real Estate|Unknown|NL0009690239|TRET.DE|EUR|0,25|38,95000076293945|38,869998931884766|-0,03624892043550698|-0,061922349601079674|0,05789297495653889|0,06758601350110083|-0,0146356918088405|-1,2584196086106048|1464,0|1555,0|999,0|1297,0|1350,75
S|1433|1371|1473|BNP Paribas Easy ESG Enhcd EUR Govt Bd UCITS ETF D|ESG / Sustainable|Broad Market / Other|Broad Market / Other|Distr|LU2697597719|BJLQ.DE|EUR|0,12|9,632399559020996|9,607199668884277|-0,01483016522948355|-0,02363769886622602|-0,032003403412267706|-0,02340791984682078|-0,024560424147343385|-0,1399535068097893|1089,0|1364,0|1472,0|1386,0|1354,15
S|1434|1422|1400|Goldman Sachs Emerging Markets Green and Social Bond Active UCITS ETF EUR Hedged (Dist)|ESG / Sustainable|Fixed Income|Bonds|Distr|IE000GZD8ME7|GAEM.DE|EUR|0,55|48,38199996948242|48,33599853515625|-0,020031971106242108|-0,025374959791019336|-0,017785423647353915|-0,019874149039271094|-0,021342546981320987|-1,2391918137743096|1249,0|1380,0|1382,0|1350,0|1354,85
S|1435|1257|1577|Franklin FTSE China UCITS ETF|Region: Emerging Markets / Asia|Broad Market / Other|Broad Market / Other|Unknown|IE00BHZRR147|FLXC.DE|EUR|0,19|25,114999771118164|24,610000610351562|-0,022762683830923724|-0,009270240900009719|-0,16699833867717806|-0,11675750860486922|-0,05522060452401334|0,11554059860287477|1302,0|1144,0|1580,0|1535,0|1354,9
S|1436|1447|1345|Amundi Euro Gov Inflation-Linked Bond UCITS ETF A|Bonds / Fixed Income|Fixed Income|Bonds|Acc|LU1650491282|LYQ7.DE|EUR|0,09|166,07000732421875|165,32000732421875|-0,02420820881418073|-0,02789240613681343|-0,0017131340244633808|0,001779601499600103|-0,022039690193448536|-0,9121727553481267|1332,0|1414,0|1274,0|1358,0|1355,5
S|1437|1549|1170|iShares Dvlp Mrkts Prop Yld UCITS ETF USD Dist|Other|Broad Market / Other|Broad Market / Other|Distr|IE00B1FZS350|IQQ6.DE|EUR|0,59|21,229999542236328|21,094999313354492|-0,03324223919264602|-0,059348516369488125|0,0442868752531993|0,06406135297875748|-0,019581514123133692|-0,7549753913553805|1431,0|1544,0|1039,0|1326,0|1357,2
S|1438|1367|1487|Xtrackers II Global Government Bond UCITS 1C EUR Hedged ETF|Bonds / Fixed Income|Fixed Income|Bonds|Acc|LU0378818131|DBZB.DE|EUR|0,25|203,0399932861328|202,99000549316406|-0,017944409740590972|-0,021069429144293994|-0,03456803935550168|-0,03488930234015475|-0,02674676106556917|-0,6872350294489452|1192,0|1318,0|1476,0|1417,0|1358,4
S|1439|1384|1453|Xtrackers II Eurozone Government Bond UCITS 1D ETF|Bonds / Fixed Income|Fixed Income|Bonds|Distr|LU0643975591|X03F.DE|EUR|0,09|163,18499755859375|162,9550018310547|-0,016246728025614998|-0,02520344774436678|-0,024525923987485987|-0,024412021821733187|-0,02620084548694035|-0,3455661232429699|1132,0|1376,0|1432,0|1407,0|1359,6
S|1440|1418|1417|Xtrackers II Global Inflation-Linked Bond UCITS 1D EUR Hedged ETF|Bonds / Fixed Income|Fixed Income|Bonds|Distr|LU0962078753|XGII.DE|EUR|0,2|185,17999267578125|185,19500732421875|-0,020678003796258282|-0,02413011088176875|-0,01790556596917159|-0,020084069921486147|-0,02534585996795813|-1,0608829671553672|1261,0|1367,0|1383,0|1395,0|1360,7
S|1441|1398|1442|BNPP Easy EUR Corp Bond SRI PAB 7-10Y UCITS ETF D|ESG / Sustainable|Fixed Income|Bonds|Distr|LU2742532745|BJLT.DE|EUR|0,15|9,921600341796875|9,890600204467773|-0,014981373408388898|-0,0269601811854967|-0,025664780161066325|-0,019804310446355|-0,02347120906347777|0,17970039630895226|1096,0|1404,0|1441,0|1374,0|1361,05
S|1442|1563|1157|Amundi FTSE EPRA NAREIT Global UCITS Dist ETF|Global / Broad|Broad Market / Other|Broad Market / Other|Distr|LU1737652823|10AJ.DE|EUR|0,24|53,630001068115234|53,5|-0,03699044010401131|-0,061756451867042705|0,05290693751235276|0,06896557754533927|-0,02033895180206413|-1,2038464050926063|1472,0|1554,0|1014,0|1335,0|1362,9
S|1443|1414|1424|State Street SPDR Bloomberg Euro Aggregate Bond UCITS ETF|Bonds / Fixed Income|Fixed Income|Bonds|Unknown|IE00B41RYL63|SYBA.DE|EUR|0,17|52,290000915527344|52,486000061035156|-0,016772560346055676|-0,026735967701361107|-0,021676269327277065|-0,021783437890447788|-0,02430238096431714|-0,7297423966134661|1156,0|1402,0|1410,0|1383,0|1363,3000000000002
S|1444|1565|1156|Invesco STOXX Europe 600 Optimised Food & Beverage UCITS Acc ETF|Region: Europe|Consumer Staples|Consumer Staples|Acc|IE00B5MTYL84|SC03.DE|EUR|0,2|388,70001220703125|385,5|-0,035124720571180545|-0,06416273866586275|0,04940609776484273|0,014352817914391247|-0,01898922915283796|-0,8853746935303178|1452,0|1565,0|1024,0|1321,0|1364,0
S|1445|1404|1448|BNPP Easy EUR Corp Bond SRI PAB 7-10Y UCITS ETF C|ESG / Sustainable|Fixed Income|Bonds|Acc|LU2742532828|BJLU.DE|EUR|0,15|10,41349983215332|10,381500244140625|-0,01503905351490653|-0,027048513001397434|-0,025682999648439675|-0,019767500419900386|-0,023495757200481693|0,17832141044562108|1100,0|1408,0|1443,0|1376,0|1364,15
S|1446|1392|1463|Vanguard ESG Global Corporate Bond UCITS EUR Hedged - Dist ETF|ESG / Sustainable|Fixed Income|Bonds|Distr|IE00BNDS1Q47|V3GE.DE|EUR|0,15|3,8475000858306885|3,8403000831604004|-0,016871103601227122|-0,025155065222294937|-0,02821219867736391|-0,027971856116137506|-0,02476337792282346|-0,772763366896085|1159,0|1375,0|1454,0|1391,0|1365,5500000000002
S|1447|1379|1486|iShares USD Treasury Bond 3-7yr UCITS EUR Hedged (Dist) ETF|Bonds / Fixed Income|Fixed Income|Bonds|Distr|IE00BGPP6473|CBUE.DE|EUR|0,1|3,96370005607605|3,965100049972534|-0,01878894973886447|-0,022136928191458072|-0,02990869626207382|-0,03524343372162764|-0,02722747385260904|-0,847212810280802|1220,0|1331,0|1464,0|1421,0|1365,6
S|1448|1394|1462|Amundi Core Euro Government Bond UCITS ETF Acc|Bonds / Fixed Income|Fixed Income|Bonds|Acc|LU1437018598|A4HC.DE|EUR|0,09|48,07699966430664|48,00199890136719|-0,016267023179639684|-0,02585457743182984|-0,025479384984255282|-0,025103903414322337|-0,026345306782108335|-0,3091729526119028|1134,0|1386,0|1439,0|1409,0|1366,05
S|1449|1454|1365|Janus Henderson Fallen Angels Bond ESG Active Core UCITS ETF|ESG / Sustainable|Fixed Income|Bonds|Unknown|IE000LH4DDC2|THFE.DE|EUR|0,25|11,150500297546387|11,128499984741211|-0,025646621839641393|-0,028659743420523576|-0,007300225078174516|-0,017360612691318944|-0,02075422347070155|-1,2219774031517154|1350,0|1420,0|1311,0|1343,0|1366,85
S|1450|1374|1490|Xtrackers II Global Government Bond UCITS 1D EUR Hedged ETF|Bonds / Fixed Income|Fixed Income|Bonds|Distr|LU0690964092|XGVD.DE|EUR|0,25|164,46499633789062|164,4149932861328|-0,018031490948176798|-0,02234752811718066|-0,03494084631233274|-0,034160642180895984|-0,027454899380857323|-0,8069606759829538|1194,0|1337,0|1479,0|1424,0|1368,45
S|1451|1395|1466|Amundi Prime Euro Government Bond UCITS Acc ETF|Bonds / Fixed Income|Fixed Income|Bonds|Acc|LU2089238898|PRAR.DE|EUR|0,05|17,506000518798828|17,477500915527344|-0,016682524634132|-0,02541400748370881|-0,02557676447930879|-0,025305541617218763|-0,026762878802915724|-0,38810866799889804|1151,0|1381,0|1440,0|1418,0|1368,65
S|1452|1445|1386|Amundi USD High Yield Corp Bd ESG UCITS ETF EURH D|ESG / Sustainable|Fixed Income|Bonds|Distr|LU1435356495|LYXE.DE|EUR|0,3|73,04399871826172|73,14600372314453|-0,027506349025446686|-0,025924151478096014|-0,013055896940769252|-0,01864790013807982|-0,020818809237152514|-1,3482320962821035|1368,0|1389,0|1360,0|1344,0|1369,6
S|1453|1389|1482|Xtrackers II ESG Global Aggregate Bond UCITS 5C EUR Hedged ETF|ESG / Sustainable|Fixed Income|Bonds|Unknown|LU0942970798|XBAE.DE|EUR|0,1|20,250999450683594|20,243999481201172|-0,018846896825003734|-0,022965207151209532|-0,03012450839868297|-0,03128443982208051|-0,026117076898462876|-0,8451405824163011|1224,0|1348,0|1465,0|1404,0|1369,85
S|1454|1407|1455|State Street SPDR Bloomberg Euro Government Bond UCITS ETF|Bonds / Fixed Income|Fixed Income|Bonds|Unknown|IE00B3S5XW04|SYBB.DE|EUR|0,07|53,58599853515625|53,46200180053711|-0,01651803261150986|-0,026116762011528794|-0,024362380988827814|-0,025227678215482663|-0,026449136782427773|-0,38995299116543597|1145,0|1397,0|1430,0|1413,0|1370,65
S|1455|1406|1457|iShares EUR Govt Bond Climate UCITS EUR (Dist) ETF|ESG / Sustainable|Fixed Income|Bonds|Distr|IE00BLDGH447|SECD.DE|EUR|0,09|3,8914999961853027|3,879699945449829|-0,018264863252912544|-0,024903352896240905|-0,0251503995673954|-0,024912848044769786|-0,02616930787862548|-0,17919734788623612|1204,0|1374,0|1438,0|1405,0|1370,7
S|1456|1413|1451|iShares   Govt Bond 5-7yr UCITS ETF EUR (Dist)|Bonds / Fixed Income|Fixed Income|Bonds|Distr|IE00B4WXJG34|EUN9.DE|EUR|0,15|137,85000610351562|137,47000122070312|-0,017497499735726785|-0,025952565886822487|-0,024388721483865505|-0,026301318601111512|-0,02574348849851349|-0,2673743912969433|1180,0|1391,0|1431,0|1399,0|1370,9499999999998
S|1457|1397|1476|Amundi Prime Euro Government Bond UCITS Dist ETF|Bonds / Fixed Income|Fixed Income|Bonds|Distr|LU1931975152|PR1R.DE|EUR|0,05|16,4375|16,42650032043457|-0,01651354202198485|-0,025666136159848918|-0,02606528968452282|-0,025521699652520602|-0,026883901978680402|-0,4292314783961021|1144,0|1385,0|1449,0|1419,0|1371,65
S|1458|1546|1227|StSt SPDR MSCI Europe Consumer Staples UCITS ETF|Region: Europe|Consumer Staples|Consumer Staples|Unknown|IE00BKWQ0D84|SPYC.DE|EUR|0,18|226,9499969482422|225,25|-0,028051404932581625|-0,06199628100515653|0,03962434161960826|-0,0021982853669317848|-0,025080720949634205|-1,0457075033210168|1382,0|1556,0|1053,0|1394,0|1371,75
S|1459|1523|1266|WisdomTree New Economy Real Estate UCITS ETF USD|Real Estate|Real Estate|Real Estate|Unknown|IE000X9TLGN8|WTER.DE|EUR|0,45|23,78499984741211|23,725000381469727|-0,03155535974685075|-0,04745692825504488|0,023176103565176964|0,099931729415625|-0,026263579710470886|-1,0602747420536758|1418,0|1509,0|1098,0|1408,0|1372,4
S|1460|1412|1454|Xtrackers USD Corporate Green Bond UCITS 1C - EUR Hedged ETF|ESG / Sustainable|Fixed Income|Bonds|Acc|IE00028H9QJ8|XGUE.DE|EUR|0,25|24,113000869750977|24,08099937438965|-0,019995882204378757|-0,023883668638486788|-0,02628812271112768|-0,02750551338755658|-0,024500524062104456|-1,0919986396707326|1248,0|1365,0|1451,0|1385,0|1372,95
S|1461|1547|1230|Amundi STOXX Europe 600 Consum Staples UCITS ETF A|Region: Europe|Broad Market / Other|Broad Market / Other|Acc|LU1834985845|LFOD.DE|EUR|0,3|90,79000091552734|90,02999877929688|-0,027736093532556017|-0,06266776436686816|0,041767060538347334|-0,004713881817819843|-0,026427147644325855|-0,993708399509397|1374,0|1560,0|1046,0|1412,0|1374,0
S|1462|1405|1468|iShares Global Corp Bond UCITS EUR Hedged (Dist) ETF|Bonds / Fixed Income|Fixed Income|Bonds|Distr|IE00BJSFQW37|36B7.DE|EUR|0,25|3,9767000675201416|3,975399971008301|-0,017997744387108217|-0,025342285967257072|-0,02825595496935296|-0,029232689693336367|-0,025840453899250382|-0,8422329299905089|1193,0|1378,0|1456,0|1401,0|1374,3500000000001
S|1463|1548|1234|Amundi STOXX Europe 600 Consumer Staples UCITS Dist ETF|Region: Europe|Consumer Staples|Consumer Staples|Distr|LU2082997359|DFOP.DE|EUR|0,3|127,19999694824219|126,13999938964844|-0,027522981800628066|-0,06332846767490785|0,041544891763682035|-0,004694883326979538|-0,026425082481366546|-0,996726637671478|1369,0|1564,0|1048,0|1411,0|1375,15
S|1464|1415|1456|State Street SPDR Bloomberg 10+ Year U.S. Corporate Bond UCITS ETF|Bonds / Fixed Income|Fixed Income|Bonds|Unknown|IE00BZ0G8860|SYBN.DE|EUR|0,12|21,465999603271484|21,424999237060547|-0,007627983522257686|-0,04325325480115416|-0,02568931494525284|-0,015767238883118373|-0,025352040147688104|-0,3329077571715343|916,0|1494,0|1444,0|1396,0|1375,2
S|1465|1402|1484|Vanguard Global Aggregate Bond UCITS EUR Hedged Accumulating ETF|Bonds / Fixed Income|Fixed Income|Bonds|Acc|IE00BG47KH54|VAGF.DE|EUR|0,08|23,025999069213867|23,076000213623047|-0,01900140808354367|-0,023411657752816728|-0,029176209239953232|-0,030402566391163455|-0,026517154514913654|-1,0848065987022466|1229,0|1358,0|1461,0|1414,0|1375,6
S|1466|1408|1469|iShares Core   Govt Bond UCITS ETF EUR D|Bonds / Fixed Income|Fixed Income|Bonds|Distr|IE00B4WXJJ64|EUNH.DE|EUR|0,07|104,69000244140625|104,59500122070312|-0,01671831275372193|-0,026116357775300858|-0,025702364924305887|-0,02495078896120828|-0,0265716037366599|-0,37078918908432024|1153,0|1396,0|1445,0|1415,0|1375,6
S|1467|1573|1178|iShares STOXX Europe 600 Food & Beverage UCITS (DE) ETF|Region: Europe|Consumer Staples|Consumer Staples|Unknown|DE000A0H08H3|EXH3.DE|EUR|0,46|61,36000061035156|60,93000030517578|-0,036432155837091806|-0,07084972207209883|0,05252428012879595|0,011753588152288552|-0,022735858605558157|-1,003939674858797|1466,0|1572,0|1015,0|1368,0|1376,0500000000002
S|1468|1306|1576|Sprott Uranium Miners UCITS ETF|Other|Energy|Energy|Unknown|IE0005YK6564|U3O8.DE|EUR|0,85|11,045999526977539|10,630000114440918|-0,10804266121651229|-0,005223393740722226|-0,07176471587636979|-0,06389836030251517|-0,13573015632668473|-0,4009802408077947|1599,0|1090,0|1530,0|1594,0|1377,15
S|1469|1409|1475|Vanguard EUR Eurozone Gvt Bd UCITS ETF EUR Acc|Other|Broad Market / Other|Broad Market / Other|Acc|IE00BH04GL39|VGEA.DE|EUR|0,07|23,270000457763672|23,25200080871582|-0,016691334987631423|-0,026359797942345886|-0,025993063098341707|-0,025544335194329526|-0,02700427017330065|-0,4252707689872695|1152,0|1399,0|1447,0|1420,0|1378,15
S|1470|1522|1279|iShares STOXX Europe 600 Retail UCITS (DE) ETF|Region: Europe|Consumer Discretionary|Consumer Discretionary|Unknown|DE000A0H08P6|EXH8.DE|EUR|0,46|43,845001220703125|43,79499816894531|-0,0611348928392742|-0,0337316539637863|0,01862697883622544|-0,03699326372259193|-0,024355751565444672|-0,5180023289066343|1564,0|1451,0|1146,0|1384,0|1378,3
S|1471|1410|1479|iShares EUR Govt Bond Climate UCITS EUR (Acc) ETF|ESG / Sustainable|Fixed Income|Bonds|Acc|IE00BLDGH553|SECA.DE|EUR|0,09|4,249499797821045|4,242800235748291|-0,017115845010889474|-0,026058944116986837|-0,02601423801027203|-0,026705765109008794|-0,027254543818476806|-0,40057801057035364|1171,0|1393,0|1448,0|1422,0|1379,25
S|1472|1428|1444|iShares Global Inflation Linked Govt Bond UCITS EUR Hedged (Acc) ETF|Bonds / Fixed Income|Fixed Income|Bonds|Acc|IE00BKPT2S34|IS3V.DE|EUR|0,2|4,426400184631348|4,440499782562256|-0,022481330670689026|-0,025365518090014083|-0,02018768232614121|-0,022826560771158744|-0,028154472658042162|-1,3735613777630742|1294,0|1379,0|1399,0|1427,0|1380,8500000000001
S|1473|1419|1478|Invesco EUR Gv and Rltd Grn Bd Wghtd UCITS ETF Dis|Other|Broad Market / Other|Broad Market / Other|Distr|IE0008SEV3B2|EGVD.DE|EUR|0,15|4,737100124359131|4,727700233459473|-0,01749242678233931|-0,02626847098350482|-0,027001289408874807|-0,026306359674356683|-0,026730261358463125|-0,3822277723819581|1179,0|1398,0|1452,0|1416,0|1382,25
S|1474|1400|1491|Vanguard Global Government Bond UCITS EUR Hedged Accumulating ETF|Bonds / Fixed Income|Fixed Income|Bonds|Acc|IE000B1A2798|VGGF.DE|EUR|0,1|4,891200065612793|4,8933000564575195|-0,01867866468761825|-0,02351762088998055|-0,034580764198738234|-0,034580764198738234|-0,028534888192970675|-0,9807094622957337|1215,0|1362,0|1477,0|1430,0|1382,3000000000002
S|1475|1369|1519|iShares eb.rexx Government Germany 10.5+yr UCITS (DE) ETF|Region: Europe|Broad Market / Other|Broad Market / Other|Unknown|DE000A0D8Q31|EXX6.DE|EUR|0,16|108,23999786376953|108,91000366210938|-0,007837236787814783|-0,029345615087636223|-0,06503689507984323|-0,03805450039966829|-0,0368328891637848|0,5616287135126159|922,0|1426,0|1522,0|1469,0|1383,0
S|1476|1427|1460|iShares Italy Govt Bond UCITS EUR (Dist) ETF|Bonds / Fixed Income|Fixed Income|Bonds|Distr|IE00B7LW6Y90|IS0M.DE|EUR|0,2|144,71499633789062|144,49000549316406|-0,01848213550185307|-0,026962579264135034|-0,023994963161221405|-0,029204697588468775|-0,027284945172946995|-0,4728696152254338|1210,0|1405,0|1426,0|1423,0|1384,6
S|1477|1421|1474|iShares Global Corp Bond UCITS EUR Hedged (Acc) ETF|Bonds / Fixed Income|Fixed Income|Bonds|Acc|IE000PLCL3C9|CEMD.DE|EUR|0,25|4,962800025939941|4,954999923706055|-0,01882168053513611|-0,025946961667438262|-0,028958239333674474|-0,02876821792255657|-0,025914120763518178|-0,7791753356893463|1222,0|1390,0|1460,0|1402,0|1384,7
S|1478|1331|1574|Northern Trust Listed Private Eq UCITS ETF USD Acc|Other|Broad Market / Other|Broad Market / Other|Acc|IE0008ZGI5C1|FLPE.DE|EUR|0,4|25,059999465942383|25,05500030517578|-0,08773206798882194|-0,006738013451381808|-0,18570268800740353|-0,16383049582601217|-0,04847248819535177|-0,9622105055289982|1592,0|1115,0|1586,0|1520,0|1385,3
S|1479|1556|1253|iShares MSCI Europe Consumer Staples Sector UCITS EUR (Acc) ETF|Region: Europe|Consumer Staples|Consumer Staples|Acc|IE00BMW42074|ESIS.DE|EUR|0,18|5,724999904632568|5,686999797821045|-0,03015415500221008|-0,06301149271176665|0,036949827851505246|0,008455145053576807|-0,027491844276369748|-1,088058258599565|1401,0|1563,0|1062,0|1425,0|1385,85
S|1480|1577|1209|Amundi FTSE EPRA NAREIT Global II UCITS ETF Dist|Global / Broad|Broad Market / Other|Broad Market / Other|Distr|LU1832418773|LMWE.DE|EUR|0,45|40,42499923706055|40,48500061035156|-0,0400142804290724|-0,06607371191945499|0,04460263994240932|0,06032784884093245|-0,024666249940716534|-1,5030543671431453|1498,0|1567,0|1037,0|1389,0|1388,55
S|1481|1533|1290|WisdomTree New Economy Real Est UCITS ETF USD Acc|Other|Broad Market / Other|Broad Market / Other|Acc|IE000MO2MB07|WTRE.DE|EUR|0,45|25,790000915527344|25,764999389648438|-0,03263311841200989|-0,04991709410153233|0,01896489370657073|0,09048631422895803|-0,02796436581806727|-1,1468680040440675|1424,0|1515,0|1141,0|1426,0|1390,0500000000002
S|1482|1376|1527|iShares MSCI EM Consumer Growth UCITS ETF USD Acc|Factor / Smart Beta|Broad Market / Other|Broad Market / Other|Acc|IE00BKM4H197|CEMG.DE|EUR|0,6|29,684999465942383|29,06999969482422|-0,031484507817235774|-0,016564519093801855|-0,11848551927291584|-0,0829471595470963|-0,03349006428962409|0,3309336160647462|1417,0|1254,0|1562,0|1447,0|1394,0500000000002
S|1483|1431|1470|iShares Global Corp Bond EUR Hedged UCITS (Dist) ETF|Bonds / Fixed Income|Fixed Income|Bonds|Distr|IE00B9M6SJ31|IBCQ.DE|EUR|0,25|81,83999633789062|81,74199676513672|-0,02023228140912081|-0,026965393601206977|-0,027463562291095367|-0,028956770514425356|-0,026179967599239795|-0,9254975056043148|1256,0|1406,0|1453,0|1406,0|1395,25
S|1484|1430|1480|HSBC Global Corporate Bond UCITS C H EUR ETF|Bonds / Fixed Income|Fixed Income|Bonds|Unknown|IE000MY0C911|H41R.DE|EUR|0,13|11,03849983215332|11,04800033569336|-0,01954081494788018|-0,027316421794884138|-0,028643125581045648|-0,029326408376232793|-0,02634669181427074|-1,046092688281594|1239,0|1410,0|1458,0|1410,0|1396,35
S|1485|1575|1244|abrdn Future Real Estate UCITS ETF USD Acc|Real Estate|Real Estate|Real Estate|Acc|IE000GGQK173|R8T.DE|EUR|0,4|9,727999687194824|9,734999656677246|-0,039494526259847285|-0,06533438755517329|0,03588541162609338|0,05464003808907414|-0,026116585796462588|-1,6841122056983577|1492,0|1566,0|1066,0|1403,0|1397,3000000000002
S|1486|1495|1359|Xtrackers MSCI Africa Top 50 Swap UCITS 1C ETF|Other|Broad Market / Other|Broad Market / Other|Acc|LU0592217524|XMKA.DE|EUR|0,65|8,901000022888184|8,906999588012695|-0,08679591055988622|-0,027319418574440868|0,012627993346629784|-0,04341754637696016|-0,04460034524993539|-1,4443718856054093|1589,0|1411,0|1178,0|1503,0|1397,85
S|1487|1544|1287|First Trust Germany AlphaDEX UCITS ETF|Region: Europe|Broad Market / Other|Broad Market / Other|Unknown|IE00BWTNM966|FTGG.DE|EUR|0,65|34,14500045776367|33,9900016784668|-0,056888714030008725|-0,04154713097200191|0,029029723299528243|-0,024680598918365937|-0,041884427970303784|-1,2784931478717194|1556,0|1488,0|1083,0|1493,0|1397,95
S|1488|1551|1284|iShares MSCI France UCITS EUR (Acc) ETF|Region: Europe|Broad Market / Other|Broad Market / Other|Acc|IE00BP3QZJ36|IS3U.DE|EUR|0,25|62,0099983215332|62,279998779296875|-0,0481965177406547|-0,047319068822323396|0,021076877802488125|-0,00974130662338546|-0,03273736184816467|-1,8753754957350794|1533,0|1507,0|1114,0|1441,0|1399,45
S|1489|1571|1265|Invesco ChiNext 50 UCITS Acc ETF|Other|Broad Market / Other|Broad Market / Other|Acc|IE000AWRDWI7|CNFY.DE|EUR|0,49|9,098999977111816|8,963000297546387|-0,027884582172953087|-0,16430929775565073|0,07072250198887886|0,03292087198895377|-0,07987744274864939|-0,8689449505515163|1377,0|1603,0|966,0|1568,0|1402,85
S|1490|1433|1492|UBS BBG MSCI Gl Liq Crp Sust UCITS ETF hEUR dis|Other|Broad Market / Other|Broad Market / Other|Distr|LU2099992187|CHST.DE|EUR|0,16|8,744000434875488|8,73639965057373|-0,01935713030521835|-0,02859673784340666|-0,034721092663732134|-0,03451648053563949|-0,029396589696060293|-0,8900202666356265|1235,0|1419,0|1478,0|1431,0|1408,5500000000002
S|1491|1344|1604|Xtrackers MSCI Indonesia Swap UCITS 1C ETF|Other|Broad Market / Other|Broad Market / Other|Acc|LU0476289623|XAIN.DE|EUR|0,65|7,361000061035156|7,22599983215332|-0,06822785162348866|-0,008619545866082046|-0,3340871967539528|-0,3721426070107752|-0,17977665814839083|-0,7003104829329054|1572,0|1138,0|1602,0|1600,0|1411,5
S|1492|1545|1323|Xtrackers CAC 40 UCITS 1D ETF|Other|Broad Market / Other|Broad Market / Other|Distr|LU0322250985|DX2G.DE|EUR|0,2|80,05999755859375|80,41999816894531|-0,049281576665449967|-0,045317562464842975|0,01354689604387671|-0,016623260907518533|-0,03382407916139574|-1,8558462801250852|1534,0|1497,0|1174,0|1448,0|1412,0
S|1493|1496|1387|Amundi MDAX UCITS Dist ETF|Other|Broad Market / Other|Broad Market / Other|Distr|FR0011857234|MD4X.DE|EUR|0,2|144,16000366210938|142,97999572753906|-0,05145408794094797|-0,029617622299360713|-0,012729009308760753|-0,007299253199859024|-0,022040025291872434|-0,9280385603494198|1546,0|1428,0|1354,0|1359,0|1413,4
S|1494|1439|1494|Vanguard USD Treasury Bond UCITS EUR hedged - Acc ETF|Bonds / Fixed Income|Fixed Income|Bonds|Acc|IE00BMX0B631|VDTE.DE|EUR|0,08|24,565000534057617|24,591999053955078|-0,02271638895555894|-0,026974560248712365|-0,036061793487067395|-0,038702367040921226|-0,03174849933980273|-1,1905718350070342|1301,0|1407,0|1481,0|1436,0|1415,4
S|1495|1559|1311|StSt SPDR MSCI Europe Health Care UCITS ETF|Healthcare / Biotech|Health Care|Pharmaceuticals & Biotech|Unknown|IE00BKWQ0H23|SPYH.DE|EUR|0,18|221,14999389648438|217,6999969482422|-0,03406858770791388|-0,06173102774775541|0,014216880538133747|-0,01360393886384359|-0,028439529306950373|-0,1459321854295466|1441,0|1553,0|1173,0|1428,0|1416,2
S|1496|1520|1380|UBS BBG USD EM Sovereign UCITS ETF hEUR acc|Bonds / Fixed Income|Fixed Income|Bonds|Acc|LU1324516308|FRCK.DE|EUR|0,28|12,611000061035156|12,565999984741211|-0,036923864385024485|-0,04014919085215951|-0,0007527079084506116|-0,024444958893959146|-0,03178576598373961|-1,3624089699823132|1470,0|1481,0|1268,0|1438,0|1417,5
S|1497|1444|1495|Xtrackers II US Treasuries UCITS 2D EUR Hedged ETF|Region: US|Broad Market / Other|Broad Market / Other|Distr|LU1399300455|XUTE.DE|EUR|0,1|85,8759994506836|85,93199920654297|-0,023048405800950578|-0,02729331577681582|-0,036302962100199676|-0,03870965372692481|-0,03176710923681292|-1,189058377477701|1306,0|1409,0|1483,0|1437,0|1417,65
S|1498|1529|1372|Amundi STOXX Europe 600 Healthcare UCITS ETF Acc|Healthcare / Biotech|Health Care|Pharmaceuticals & Biotech|Acc|LU1834986900|LHTC.DE|EUR|0,3|147,13999938964844|145,6999969482422|-0,02736646895197492|-0,05618983226293428|0,0023160512998814387|-0,023752665884154256|-0,03330225916937435|-0,3726304988094617|1366,0|1534,0|1242,0|1445,0|1418,0
S|1499|1449|1493|Amundi Euro Government Bond 7-10Y UCITS ETF Acc|Bonds / Fixed Income|Fixed Income|Bonds|Acc|LU1287023185|LYXD.DE|EUR|0,15|163,42999267578125|162,88499450683594|-0,021230802803724136|-0,032586527139843446|-0,03169810488333691|-0,03250062486783378|-0,03310651520319441|-0,2657903559085369|1273,0|1440,0|1470,0|1443,0|1423,0500000000002
S|1500|1499|1409|Invesco MDAX UCITS ETF|Other|Broad Market / Other|Broad Market / Other|Unknown|IE00BHJYDV33|DEAM.DE|EUR|0,19|50,45000076293945|50,15999984741211|-0,053648481273243065|-0,02999418590536429|-0,0132994385091032|-0,014840818885381357|-0,02559148659536803|-1,0527558655096192|1549,0|1431,0|1363,0|1398,0|1425,1
S|1501|1456|1496|Xtrackers II iBoxx Eurozone Government Bond Yield Plus UCITS 1D ETF|Bonds / Fixed Income|Fixed Income|Bonds|Distr|LU0962071741|XYPD.DE|EUR|0,15|137,30499267578125|136,64500427246094|-0,022983675967975126|-0,032859634371798174|-0,03184633607307963|-0,034136496826956964|-0,034037258187793684|-0,5784990822853024|1305,0|1443,0|1471,0|1453,0|1431,3000000000002
S|1502|1457|1497|iShares   Govt Bond 7-10yr UCITS ETF EUR (Dist)|Bonds / Fixed Income|Fixed Income|Bonds|Distr|IE00B1FZS806|IBCM.DE|EUR|0,15|176,9600067138672|176,8300018310547|-0,022455391905394362|-0,033533583751915286|-0,03334935075272838|-0,03342419632674143|-0,03392852152932668|-0,47720389972428023|1293,0|1450,0|1475,0|1450,0|1432,7
S|1503|1526|1403|VanEck Sustainable Future of Food UCITS ETF|Other|Consumer Staples|Consumer Staples|Unknown|IE0005B8WVT6|VE6I.DE|EUR|0,45|18,937999725341797|18,875999450683594|-0,02512101589630611|-0,056637658499952725|-0,02240347001188503|0,024450917603282107|-0,016581505336126012|-0,24340935202069933|1346,0|1538,0|1416,0|1311,0|1433,3000000000002
S|1504|1491|1436|JPM USD Emerging Markets Sovereign Bond UCITS - EUR Hedged (acc) ETF|Bonds / Fixed Income|Fixed Income|Bonds|Acc|IE00BDDRDY39|JMBE.DE|EUR|0,39|93,59200286865234|92,96399688720703|-0,03391890356216132|-0,03610781601607127|-0,018210809076904755|-0,029450766978373788|-0,030154285870541142|-1,0785158537651771|1439,0|1462,0|1389,0|1434,0|1434,7
S|1505|1461|1498|iShares EUR Govt Bond 7-10yr UCITS EUR (Acc) ETF|Bonds / Fixed Income|Fixed Income|Bonds|Acc|IE00B3VTN290|SXRQ.DE|EUR|0,15|147,38999938964844|147,24000549316406|-0,022450636006391966|-0,03509002036236697|-0,03281055200489513|-0,03331804151887752|-0,03399547905110645|-0,464936213916989|1292,0|1458,0|1474,0|1452,0|1435,9
S|1506|1567|1352|Amundi STOXX Europe 600 Healthcare UCITS Dist ETF|Healthcare / Biotech|Health Care|Pharmaceuticals & Biotech|Distr|LU2082997516|EHLT.DE|EUR|0,3|187,10000610351562|184,63999938964844|-0,03646094777687492|-0,06271911291412458|0,00419258951572532|-0,024097616773270714|-0,03184481994249844|-0,33499006405007725|1467,0|1561,0|1222,0|1439,0|1437,75
S|1507|1437|1538|iShares Asia Property Yield UCITS ETF USD Dist|Real Estate|Real Estate|Real Estate|Distr|IE00B1FZS244|IQQ4.DE|EUR|0,59|18,261999130249023|18,222000122070312|-0,03924664944620859|-0,022073284341738386|-0,054918869212942645|-0,056255919625275985|-0,052173435976537896|-1,5621629720041248|1490,0|1328,0|1514,0|1528,0|1438,8000000000002
S|1508|1468|1500|Xtrackers II iBoxx Eurozone Government Bond Yield Plus UCITS 1C ETF|Bonds / Fixed Income|Fixed Income|Bonds|Acc|LU0524480265|XY4P.DE|EUR|0,15|173,77999877929688|173,18499755859375|-0,02384493898455531|-0,03447510520328223|-0,03270156711429628|-0,035600367846926884|-0,034924167689857954|-0,6797649707623667|1323,0|1454,0|1473,0|1455,0|1439,3
S|1509|1440|1534|iShares Asia Property Yield UCITS USD (Acc) ETF|Real Estate|Real Estate|Real Estate|Acc|IE00BGDPWV87|AYEP.DE|EUR|0,59|4,515500068664551|4,502500057220459|-0,035664670790395925|-0,0230420042758529|-0,05096675779487969|-0,0548404135123719|-0,05138994539576702|-1,4744766337553232|1457,0|1349,0|1506,0|1525,0|1439,65
S|1510|1517|1425|iShares J.P. Morgan USD EM Bond UCITS EUR Hedged (Acc) ETF|Bonds / Fixed Income|Fixed Income|Bonds|Acc|IE00BJ5JPH63|3SUD.DE|EUR|0,5|5,073599815368652|5,04580020904541|-0,03466645666645285|-0,040617266240112415|-0,013033573208219962|-0,03212519731388408|-0,033847370040369085|-1,1139707196112045|1447,0|1485,0|1358,0|1449,0|1440,35
S|1511|1465|1501|Fidelity EUR HY Crp Bd Rs Enh PAB UCITS ETFInc EUR|Other|Broad Market / Other|Broad Market / Other|Unknown|IE000HDEYKM3|FYEI.DE|EUR|0,3|4,8404998779296875|4,832300186157227|-0,022279240805271883|-0,036217750069877375|-0,045025801318791525|-0,04034274877788924|-0,03347823821139506|-1,3165195092985804|1289,0|1463,0|1496,0|1446,0|1441,75
S|1512|1555|1382|Invesco STOXX Europe 600 Optimised Health Care UCITS Acc ETF|Healthcare / Biotech|Health Care|Pharmaceuticals & Biotech|Acc|IE00B5MJYY16|SC0T.DE|EUR|0,2|405,75|399,1000061035156|-0,03427345973027007|-0,05989343312779216|-0,003560933604034422|-0,02977047308374503|-0,02852997527266299|-0,27864866161585283|1444,0|1545,0|1286,0|1429,0|1441,9
S|1513|1510|1444|iShares JP Morgan Advanced $ EM Bond UCITS EUR Hedged (Acc) ETF|Bonds / Fixed Income|Fixed Income|Bonds|Acc|IE00BKP5L730|SLMG.DE|EUR|0,5|4,761600017547607|4,739099979400635|-0,035996309565906714|-0,0393027002044577|-0,016198374497646162|-0,03362895695342927|-0,03503910595781512|-1,1530442180477765|1462,0|1472,0|1375,0|1457,0|1443,25
S|1514|1510|1444|iShares JP Morgan Advanced $ EM Bond UCITS EUR Hedged (Acc) ETF|Bonds / Fixed Income|Fixed Income|Bonds|Acc|IE00BKP5L730|SLMG.DE|EUR|0,5|4,761600017547607|4,739099979400635|-0,035996309565906714|-0,0393027002044577|-0,016198374497646162|-0,03362895695342927|-0,03503910595781512|-1,1530442180477765|1462,0|1472,0|1375,0|1457,0|1443,25
S|1515|1468|1507|iShares US Aggregate Bond UCITS EUR Hedged (Dist) ETF|Bonds / Fixed Income|Fixed Income|Bonds|Distr|IE00093SKUY4|CEBX.DE|EUR|0,3|4,689199924468994|4,696800231933594|-0,02689467269940027|-0,03185717115416342|-0,03943432111236911|-0,04206726788507886|-0,035627650672434674|-1,3055653345996892|1363,0|1439,0|1486,0|1466,0|1444,75
S|1516|1578|1354|iShares MSCI Europe Health Care Sector UCITS EUR (Acc) ETF|Healthcare / Biotech|Health Care|Pharmaceuticals & Biotech|Acc|IE00BMW42181|ESIH.DE|EUR|0,18|6,922999858856201|6,857999801635742|-0,03953944464614023|-0,06773501903977486|0,006542610892200651|-0,027258710317980106|-0,0350480042795438|-0,6428983223815152|1493,0|1569,0|1207,0|1459,0|1445,1
S|1517|1451|1522|Xtrackers Europe Defence Technologies UCITS ETF 1C|Region: Europe|Broad Market / Other|Broad Market / Other|Acc|LU3061478973|XDEF.DE|EUR|0,15|29,469999313354492|29,579999923706055|-0,03043267413976669|-0,026107102100195068|-0,05225920681407137|-0,01206840802119713|-0,042300321738142466|-1,392341535194718|1406,0|1395,0|1508,0|1497,0|1445,3000000000002
S|1518|1472|1505|Vanguard USD Corporate Bond UCITS EUR hedged - Acc ETF|Bonds / Fixed Income|Fixed Income|Bonds|Acc|IE00BGYWFL94|VDCE.DE|EUR|0,1|53,625999450683594|53,7400016784668|-0,026645410973482386|-0,03303402081526863|-0,03978656601971364|-0,039373778480649824|-0,035210005540595724|-1,3051122167392495|1361,0|1444,0|1490,0|1460,0|1446,25
S|1519|1450|1524|BNPPE Bloomberg Europe Defense UCITS ETF Cap|Region: Europe|Industrials|Industrials|Unknown|LU3047998896|BJL8.DE|EUR|0,35|10,859999656677246|10,947999954223633|-0,028969989104032146|-0,02653285021585905|-0,07416879109214491|-0,0145191283520959|-0,03944004051960537|-1,4359120958408924|1388,0|1400,0|1532,0|1477,0|1446,6000000000001
S|1520|1467|1510|iShares USD Corp Bond ESG UCITS EUR Hedged (Dist) ETF|ESG / Sustainable|Fixed Income|Bonds|Distr|IE00BH4G7D40|36BA.DE|EUR|0,17|3,7153000831604004|3,7119998931884766|-0,024906801061776784|-0,03327952909848786|-0,043441878640589904|-0,04232976601417304|-0,036192718410282265|-1,190324814337343|1343,0|1446,0|1494,0|1467,0|1446,75
S|1521|1471|1509|iShares $ Corp Bond ESG SRI? UCITS EUR Hedged (Acc) ETF|ESG / Sustainable|Fixed Income|Bonds|Acc|IE000FZ1S3M3|CEMJ.DE|EUR|0,17|4,85699987411499|4,8572001457214355|-0,025090325804595692|-0,03335591965721929|-0,04291797504507111|-0,04246514766403009|-0,035588634451500845|-1,1667411468549038|1345,0|1448,0|1493,0|1465,0|1447,2
S|1522|1477|1505|StSt SPDR BBG 10+ Y U.S. Treas Bd UCITS ETF Dist|Other|Broad Market / Other|Broad Market / Other|Distr|IE00BYSZ5V04|SPPX.DE|EUR|0,05|16,79599952697754|16,80150032043457|-0,018495235891526796|-0,04972160519779645|-0,03613985325716529|-0,02982872495217692|-0,037006273863049555|-0,859901185789407|1211,0|1514,0|1482,0|1470,0|1451,75
S|1523|1438|1564|State Street SPDR S&P Europe Defense Vision UCITS ETF|Region: Europe|Industrials|Industrials|Unknown|IE0008GRJRO8|DFSV.DE|EUR|0,2|9,805000305175781|9,855999946594238|-0,03170058131184561|-0,02340634039543099|-0,09681278984790143|-0,028823238973164078|-0,0626759279555612|-1,4710254807673369|1421,0|1357,0|1549,0|1546,0|1452,4
S|1524|1590|1329|Global X Renw Energy Producers UCITS ETF USD Acc|Commodity / Energy|Energy|Energy|Acc|IE00BLCHJH52|R4RU.DE|EUR|0,5|10,1899995803833|10,130000114440918|-0,05595702333798569|-0,07782810819068131|0,02732129422425622|-0,019060450817696806|-0,09185260012238716|-0,8244221548696733|1554,0|1582,0|1087,0|1576,0|1452,8500000000001
S|1525|1528|1449|iShares J.P. Morgan $ EM Bond EUR Hgd UCITS ETF D|Bonds / Fixed Income|Fixed Income|Bonds|Distr|IE00B9M6RS56|IS3C.DE|EUR|0,5|64,31800079345703|63,88199996948242|-0,03778521043247052|-0,042729913517076|-0,015793578244063133|-0,03322994714712846|-0,03554040862867569|-1,180619348236451|1477,0|1491,0|1374,0|1464,0|1454,25
S|1526|1480|1504|UBS J.P. Morgan USD EM IG Screened Diversified Bond UCITS hEUR acc ETF|Bonds / Fixed Income|Fixed Income|Bonds|Acc|LU1974696418|EMIE.DE|EUR|0,44|10,855500221252441|10,866499900817871|-0,02785115011422057|-0,03549532555542945|-0,039506266387849265|-0,04251372996652991|-0,03522036876045964|-1,3211439990974856|1376,0|1460,0|1487,0|1461,0|1454,35
S|1527|1481|1503|iShares USD TIPS UCITS EUR Hedged (Acc) ETF|Other|Broad Market / Other|Broad Market / Other|Acc|IE00BDZVH966|IBC5.DE|EUR|0,12|5,191800117492676|5,205599784851074|-0,028589618946938122|-0,03498141132805532|-0,03916049690820067|-0,033724180639719714|-0,03527170638184385|-1,2254982339272111|1386,0|1457,0|1485,0|1463,0|1454,5500000000002
S|1528|1479|1514|Franklin FTSE India UCITS ETF|Region: Emerging Markets / Asia|Broad Market / Other|Broad Market / Other|Unknown|IE00BHZRQZ17|FLXI.DE|EUR|0,19|34,68000030517578|34,41999816894531|-0,036934131584285934|-0,029115366181022506|-0,07814988596975192|-0,10491673090133291|-0,033248786517819595|-0,6734796144907047|1471,0|1422,0|1534,0|1444,0|1461,75
S|1529|1478|1515|UBS Core BBG US Liquid Corp UCITS ETF hEUR acc|Region: US|Broad Market / Other|Broad Market / Other|Acc|LU1048317025|UEF0.DE|EUR|0,09|16,882999420166016|16,88599967956543|-0,02604632124705797|-0,03690822824510109|-0,04972847940414582|-0,04769162244858438|-0,040134797890407414|-1,1130956086964157|1355,0|1465,0|1504,0|1483,0|1461,85
S|1530|1462|1543|Amundi Stoxx Europe Defense UCITS ETF A|Region: Europe|Industrials|Industrials|Acc|LU3038520774|EDFS.DE|EUR|0,35|5,696000099182129|5,742000102996826|-0,02815218565684252|-0,029311508255101093|-0,08776423166863145|-0,022481558055352235|-0,04529964273054221|-1,4719439877908813|1383,0|1425,0|1540,0|1507,0|1463,8500000000001
S|1531|1488|1511|UBS Core US Treasury 10+ d ETF|Bonds / Fixed Income|Fixed Income|Bonds|Unknown|LU1459799943|CHSS.DE|EUR|0,05|7,827600002288818|7,854000091552734|-0,021158456468663323|-0,051121353844233|-0,039708923412074215|-0,033003831658668825|-0,03925379941481566|-1,0630272254176705|1269,0|1519,0|1489,0|1476,0|1465,4
S|1532|1558|1438|Invesco STOXX Europe 600 Optimised Construction & Materials UCITS Acc ETF|Region: Europe|Materials|Materials|Acc|IE00B5MTY309|SC01.DE|EUR|0,2|688,7000122070312|690,5|-0,06018009869071761|-0,04691387285395032|-0,0050563420084904775|-0,06718133063256415|-0,06637582042781387|-0,886584973653635|1562,0|1504,0|1296,0|1551,0|1470,1
S|1533|1493|1512|Invesco US Treasury Bond 10+ Year UCITS Acc ETF|Bonds / Fixed Income|Fixed Income|Bonds|Acc|IE000GE4QIR1|TRXL.DE|EUR|0,06|3,9453999996185303|3,960900068283081|-0,02249641887760978|-0,051175941131902936|-0,039604668897578854|-0,03634412822495736|-0,03969363365023881|-1,0590491359573682|1295,0|1520,0|1488,0|1481,0|1470,45
S|1534|1580|1402|iShares STOXX Europe 600 Health Care UCITS (DE) ETF|Healthcare / Biotech|Health Care|Pharmaceuticals & Biotech|Unknown|DE000A0Q4R36|EXV4.DE|EUR|0,46|108,5|107,73999786376953|-0,042365427382778376|-0,0706772935130241|-0,0028917677869240155|-0,03188995224431046|-0,03947033342905937|-0,9368204130715212|1507,0|1571,0|1282,0|1478,0|1470,5500000000002
S|1535|1492|1513|Amundi US Treasury Bond Long Dated UCITS ETF Dist|Bonds / Fixed Income|Fixed Income|Bonds|Distr|LU1407890620|DJAD.DE|EUR|0,06|83,09400177001953|83,50199890136719|-0,02207837382290756|-0,05154661350154632|-0,040516987874600896|-0,03356596271499601|-0,04020878029645236|-1,1369915637149572|1286,0|1521,0|1491,0|1484,0|1470,85
S|1536|1483|1530|Xtrackers MSCI India Swap UCITS 1C ETF|Region: Emerging Markets / Asia|Broad Market / Other|Broad Market / Other|Acc|LU0514695187|XCS5.DE|EUR|0,19|15,836000442504883|15,748000144958496|-0,03779315431282371|-0,029299911588996586|-0,0901987637847469|-0,12575907240985607|-0,03849420618302268|-0,4316701358200322|1478,0|1424,0|1543,0|1474,0|1471,85
S|1537|1516|1502|iShares S&P 500 Utilities Sector UCITS ETF|Region: US|Utilities|Utilities|Unknown|IE00B4KBBD01|2B7A.DE|EUR|0,15|9,057000160217285|8,86400032043457|-0,016932609604999982|-0,09121006213524296|-0,028218835109296014|0,003990716343573952|-0,04267681202151785|0,7937939808443586|1163,0|1591,0|1455,0|1498,0|1474,2000000000003
S|1538|1564|1441|iShares STOXX Europe 600 Construction & Materials UCITS (DE) ETF|Region: Europe|Materials|Materials|Unknown|DE000A0H08F7|EXV8.DE|EUR|0,46|81,66999816894531|81,76000213623047|-0,0584505397704409|-0,052055499559618634|-0,004349937840757323|-0,07120575144167374|-0,07062499079168061|-0,8284563990754769|1560,0|1522,0|1291,0|1559,0|1477,35
S|1539|1497|1526|Invesco US Treasury Bond 7-10 Year UCITS - EUR Hdg Dist ETF|Bonds / Fixed Income|Fixed Income|Bonds|Distr|IE00BF2FN869|TRDE.DE|EUR|0,1|28,469999313354492|28,52199935913086|-0,03279895991966131|-0,039349556387586304|-0,05241471593478009|-0,05601575541739512|-0,046158842562287306|-1,2326038570143545|1425,0|1474,0|1510,0|1510,0|1482,85
S|1540|1506|1521|Amundi Euro Government Bond 10-15Y UCITS ETF Acc|Bonds / Fixed Income|Fixed Income|Bonds|Acc|LU1650489385|LYQ6.DE|EUR|0,15|190,3800048828125|190,17999267578125|-0,02921827397738841|-0,045259617119595474|-0,04564250795639313|-0,04434902802243368|-0,04611840541540024|-0,6729479474323983|1390,0|1496,0|1497,0|1509,0|1482,9499999999998
S|1541|1519|1516|iShares US Mortgage Backed Securities UCITS EUR Hedged (Dist) ETF|Region: US|Broad Market / Other|Broad Market / Other|Distr|IE000EEJLWG1|CEBW.DE|EUR|0,31|4,727700233459473|4,742199897766113|-0,035950158846870806|-0,040353114066633666|-0,04136068744840449|-0,04853251821708804|-0,043939137082919966|-1,2506194346655581|1461,0|1482,0|1492,0|1499,0|1484,75
S|1542|1501|1528|Amundi Core USD Corporate Bond UCITS EUR Hedged Acc ETF|Bonds / Fixed Income|Fixed Income|Bonds|Acc|LU2977997381|CBDE.DE|EUR|0,09|9,771400451660156|9,782400131225586|-0,030182035332567803|-0,041220553438982566|-0,05526442401226983|-0,05265397363071289|-0,04487753272442263|-1,1907602558723274|1402,0|1487,0|1516,0|1505,0|1485,1
S|1543|1502|1529|iShares USD Treasury Bond 7-10yr UCITS EUR Hedged (Dist) ETF|Bonds / Fixed Income|Fixed Income|Bonds|Distr|IE00BGPP6697|IBB1.DE|EUR|0,1|3,688199996948242|3,696500062942505|-0,03305981735348196|-0,03985630211313851|-0,05267138413222028|-0,05743795282873443|-0,046467339404056784|-1,275621594858477|1428,0|1478,0|1511,0|1512,0|1485,5500000000002
S|1544|1512|1523|iShares   Govt Bond 10-15yr UCITS ETF EUR (Dist)|Bonds / Fixed Income|Fixed Income|Bonds|Distr|IE00B4WXJH41|EUN8.DE|EUR|0,15|137,19500732421875|136,6199951171875|-0,025188276471379667|-0,05034519893272771|-0,045790167084134636|-0,0458221665003713|-0,046895432414589266|-0,5584689796041707|1348,0|1516,0|1498,0|1514,0|1485,8999999999999
S|1545|1487|1554|iShares Govt Bond 20yr Target Duration UCITS EUR (Acc) ETF|Bonds / Fixed Income|Fixed Income|Bonds|Acc|IE000GHXL2Q3|CEB1.DE|EUR|0,15|4,256400108337402|4,242199897766113|-0,021202180998774578|-0,049358941863224204|-0,07672278260006127|-0,05003789177224416|-0,05738178079123879|0,029812285497752763|1272,0|1512,0|1533,0|1536,0|1486,0500000000002
S|1546|1494|1537|iShares MSCI India UCITS USD (Acc) ETF|Region: Emerging Markets / Asia|Broad Market / Other|Broad Market / Other|Acc|IE00BZCQB185|QDV5.DE|EUR|0,65|7,357999801635742|7,306000232696533|-0,03741499866193654|-0,03438321362968322|-0,0957355627692208|-0,12592069277220697|-0,04028071558512769|-0,5526881839725355|1474,0|1453,0|1548,0|1485,0|1486,3000000000002
S|1547|1503|1533|Xtrackers USD Corporate Bond UCITS 2D EUR Hedged ETF|Bonds / Fixed Income|Fixed Income|Bonds|Distr|IE00BZ036J45|XDGE.DE|EUR|0,21|9,580400466918945|9,583600044250488|-0,030343505942631466|-0,04248730047605043|-0,056230052719256185|-0,05306577907138632|-0,045379892570317826|-1,1926861649353817|1404,0|1489,0|1517,0|1508,0|1487,0500000000002
S|1548|1509|1531|iShares $ Treasury Bond 7-10yr UCITS EUR Hedged (Acc) ETF|Bonds / Fixed Income|Fixed Income|Bonds|Acc|IE000K1VI152|CEMF.DE|EUR|0,1|4,843400001525879|4,856400012969971|-0,03340781654006808|-0,03999838949786261|-0,05332081824518664|-0,05737414187961565|-0,04658108930056315|-1,291087597638932|1435,0|1480,0|1512,0|1513,0|1487,85
S|1549|1507|1535|State Street SPDR Bloomberg 10+ Year Euro Government Bond UCITS ETF|Bonds / Fixed Income|Fixed Income|Bonds|Unknown|IE00BYSZ6062|SYBV.DE|EUR|0,15|21,07200050354004|20,934999465942383|-0,026382625087411737|-0,04741622855601668|-0,0551407513787433|-0,047673653624750956|-0,05087275029045446|-0,37966836086412886|1358,0|1508,0|1515,0|1523,0|1490,25
S|1550|1485|1565|UBS MSCI India SF ETF ETF|Region: Emerging Markets / Asia|Broad Market / Other|Broad Market / Other|Unknown|IE000N70F6V6|CNUB.DE|EUR|0,15|7,500999927520752|7,460000038146973|-0,03648040147178222|-0,03137913634223899|-0,24265216850830462|-0,12463534673722976|-0,040779353907939964|-0,5039695607950733|1468,0|1434,0|1599,0|1487,0|1490,95
S|1551|1566|1485|Amundi CAC 40 ESG UCITS ETF DR - EUR C|ESG / Sustainable|Broad Market / Other|Broad Market / Other|Acc|LU1681046931|GC40.DE|EUR|0,25|138,0800018310547|138,94000244140625|-0,050866057972282275|-0,05592775183236409|-0,02140328945305192|-0,04297197810298181|-0,04011588417400325|-1,7927961994852615|1544,0|1532,0|1408,0|1482,0|1492,8000000000002
S|1552|1557|1499|Xtrackers MSCI Philippines UCITS 1C ETF|Other|Broad Market / Other|Broad Market / Other|Acc|LU0592215403|XPQP.DE|EUR|0,65|1,256600022315979|1,2400000095367432|-0,027248799509505206|-0,07439595854509173|-0,023620761424131498|-0,04061689213252384|-0,04741760142936158|-0,4356704120066106|1365,0|1577,0|1424,0|1516,0|1494,75
S|1553|1585|1435|Xtrackers MSCI Europe Health Care UCITS ETF|Healthcare / Biotech|Health Care|Pharmaceuticals & Biotech|Unknown|LU0292103222|DXSE.DE|EUR|0,17|217,5|217,60000610351562|-0,05021834061135366|-0,07249466950959493|-0,010914024388805288|-0,035690547297002495|-0,04131280647247593|-1,4852441444651268|1539,0|1575,0|1344,0|1490,0|1494,85
S|1554|1504|1559|iShares EUR Govt Bond 20yr Target Duration UCITS EUR (Dist) ETF|Bonds / Fixed Income|Fixed Income|Bonds|Distr|IE00BSKRJX20|IS05.DE|EUR|0,15|2,942699909210205|2,939199924468994|-0,024206714917498262|-0,05083384210266062|-0,07868182876451735|-0,05436430429962147|-0,059513630683033836|-0,13428231877008232|1331,0|1517,0|1536,0|1541,0|1498,65
S|1555|1490|1568|iShares Europe Defence UCITS EUR (Acc) ETF|Region: Europe|Broad Market / Other|Broad Market / Other|Acc|IE000IAXNM41|DFNC.DE|EUR|0,35|5,119999885559082|5,189000129699707|-0,039219386522017397|-0,03268473993232213|-0,09795634621434901|-0,01405737655995909|-0,06670126155177714|-1,8609905415295367|1489,0|1442,0|1553,0|1552,0|1498,8000000000002
S|1556|1513|1546|Amundi MSCI India Swap UCITS ETF EUR Acc|Region: Emerging Markets / Asia|Broad Market / Other|Broad Market / Other|Acc|FR0010361683|LYMD.DE|EUR|0,85|24,350000381469727|24,200000762939453|-0,03792963669416305|-0,03773957368855363|-0,10097835685624423|-0,13066761219224088|-0,04465969125797209|-0,6560555880992148|1480,0|1469,0|1555,0|1504,0|1499,15
S|1557|1514|1555|Amundi Euro Government Bond 25+Y UCITS Dist ETF|Bonds / Fixed Income|Fixed Income|Bonds|Distr|LU1686832277|DFOB.DE|EUR|0,07|117,625|117,08499908447266|-0,024627896601349786|-0,05213748464530188|-0,0680785552898403|-0,05328184313444462|-0,06023729362118324|-0,16712576592206518|1338,0|1523,0|1527,0|1544,0|1500,45
S|1558|1539|1532|iShares $ Treasury Bond 20+yr UCITS ETF USD D|Bonds / Fixed Income|Fixed Income|Bonds|Distr|IE00BSKRJZ44|IS04.DE|EUR|0,07|2,5625998973846436|2,580199956893921|-0,02773460195621369|-0,05994136792262639|-0,05226995598231321|-0,04175412210313845|-0,04827502610574952|-1,3732578440044312|1373,0|1546,0|1509,0|1517,0|1505,0000000000002
S|1559|1530|1551|iShares Govt Bond 15-30yr UCITS ETF EUR (Dist)|Bonds / Fixed Income|Fixed Income|Bonds|Distr|IE00B1FZS913|IBCL.DE|EUR|0,15|150,66000366210938|150,84500122070312|-0,029377641558641754|-0,053494576575441766|-0,06945612167876603|-0,05816794177110507|-0,05946063875731333|-0,5426417006447319|1393,0|1524,0|1528,0|1540,0|1508,55
S|1560|1586|1472|Invesco Solar Energy UCITS ETF USD Acc|Commodity / Energy|Energy|Energy|Acc|IE00BM8QRZ79|S0LR.DE|EUR|0,69|20,65999984741211|20,350000381469727|-0,038622612030994374|-0,15431847771876417|-0,006491956161891799|-0,09880041286923313|-0,16569294391881384|-0,10017409494242903|1485,0|1602,0|1302,0|1598,0|1508,65
S|1561|1534|1549|Amundi Euro Government Bond 15+Y UCITS ETF Acc|Bonds / Fixed Income|Fixed Income|Bonds|Acc|LU1287023268|LYXF.DE|EUR|0,15|163,27000427246094|163,22500610351562|-0,03011757262518433|-0,05419258929783666|-0,06780096326085838|-0,056242749870167974|-0,05981017420851331|-0,534666013307114|1398,0|1526,0|1525,0|1543,0|1509,9499999999998
S|1562|1581|1489|Global X European Infra Dev UCITS ETF EUR Acc|Global / Broad|Broad Market / Other|Broad Market / Other|Acc|IE000PS0J481|B41J.DE|EUR|0,47|18,45199966430664|18,535999298095703|-0,043739629112807044|-0,07201775587645898|-0,013894839160216166|-0,028330706334697586|-0,07323048064994042|-1,5952416168449317|1514,0|1574,0|1367,0|1563,0|1511,0500000000002
S|1563|1531|1560|Amundi Euro Government Bond 25+Y UCITS ETF A|Bonds / Fixed Income|Fixed Income|Bonds|Acc|LU1686832194|MTH.PA|EUR|0,07|68,13999938964844|68,23999786376953|-0,028514400020014374|-0,055054793885734976|-0,07331600236774671|-0,05623265554296675|-0,06423716083343212|-0,4776712182026539|1384,0|1528,0|1531,0|1548,0|1511,15
S|1564|1515|1573|WisdomTree Europe Defence UCITS - EUR Acc ETF|Region: Europe|Broad Market / Other|Broad Market / Other|Acc|IE0002Y8CX98|EUDF.DE|EUR|0,4|29,959999084472656|30,25|-0,03820226480355138|-0,038819409331395716|-0,10393306852364315|-0,026798790548274276|-0,06796457636923503|-1,77072809292064|1483,0|1471,0|1557,0|1556,0|1511,3
S|1565|1536|1549|Xtrackers II Eurozone Government Bond 15-30 UCITS 1C ETF|Bonds / Fixed Income|Fixed Income|Bonds|Acc|LU0290357507|DBXF.DE|EUR|0,15|254,85000610351562|253,55999755859375|-0,027994951254981415|-0,056495428068626175|-0,07039937341839297|-0,05558643565213017|-0,0579094350154753|-0,3247443920203878|1381,0|1536,0|1529,0|1538,0|1511,4
S|1566|1541|1542|Fidelity ESG USD EM Bond UCITS ETF Inc EURH|ESG / Sustainable|Fixed Income|Bonds|Distr|IE0007L3IJF6|FESE.DE|EUR|0,5|4,593299865722656|4,570000171661377|-0,033559190893782787|-0,05409804031316501|-0,05925057036214587|-0,06318563921545595|-0,05383660613702923|-1,1855230980778035|1437,0|1525,0|1518,0|1533,0|1511,65
S|1567|1500|1595|iShares STOXX Europe 600 Automobiles & Parts UCITS (DE) EUR (Acc) ETF|Region: Europe|Broad Market / Other|Broad Market / Other|Acc|DE000A2QP4A8|EXHG.DE|EUR|0,46|4,461999893188477|4,4085001945495605|-0,08687199403028945|-0,028098493720155493|-0,19748202534012171|-0,19049350049855085|-0,0849432142654103|-1,2878333376294475|1590,0|1416,0|1591,0|1573,0|1517,25
S|1568|1508|1594|iShares STOXX Europe 600 Automobiles & Parts UCITS (DE) EUR (Dist) ETF|Region: Europe|Broad Market / Other|Broad Market / Other|Distr|DE000A0Q4R28|EXV5.DE|EUR|0,46|38,06999969482422|37,57500076293945|-0,0877066831430875|-0,02866416457253107|-0,1970277266121907|-0,18985001973050752|-0,08461600344900466|-1,2656373324584735|1591,0|1421,0|1590,0|1572,0|1518,95
S|1569|1521|1589|Future of European Defence Screened UCITS ETF Acc|Other|Broad Market / Other|Broad Market / Other|Acc|IE000I7E6HL0|8RMY.DE|EUR|0,39|9,477999687194824|9,550999641418457|-0,03639698446565831|-0,04049408399478116|-0,21747033330490895|-0,00021095518334091068|-0,05977262204101019|-1,643932554037061|1465,0|1483,0|1595,0|1542,0|1520,1000000000001
S|1570|1535|1575|Xtrackers Nifty 50 Swap UCITS 1C ETF|Other|Broad Market / Other|Broad Market / Other|Acc|LU0292109690|DBX7.DE|EUR|0,85|199,44000244140625|198,39999389648438|-0,0402309936841978|-0,042534807875879155|-0,136249425234641|-0,16429915130056805|-0,061711817489912724|-0,49005109164037697|1500,0|1490,0|1568,0|1545,0|1522,0
S|1571|1582|1508|UBS Factor MSCI USA Low Volatility UCITS hEUR acc ETF|Factor / Smart Beta|Broad Market / Other|Broad Market / Other|Acc|IE00BWT3KJ20|UBUV.DE|EUR|0,21|29,15999984741211|29,030000686645508|-0,05722600841576719|-0,06207784804449834|-0,03155100443979564|-0,011692910461534423|-0,04140594264920672|-0,9907476780825843|1558,0|1558,0|1468,0|1491,0|1522,1000000000001
S|1572|1524|1591|iShares MSCI China Tech UCITS ETF USD (Acc)|Technology|Information Technology|Technology Hardware & Software|Acc|IE000NFR7C63|CBUK.DE|EUR|0,45|4,075500011444092|3,9865000247955322|-0,01842484101121178|-0,08947717509554853|-0,2144371910910131|-0,12128072415093838|-0,06695680366167767|-0,334119371115481|1208,0|1589,0|1594,0|1553,0|1525,9
S|1573|1572|1525|UBS BBG Euro Inflation Linked 10+ UCITS EUR dis ETF|Region: Europe|Broad Market / Other|Broad Market / Other|Distr|LU1645381689|FRC4.DE|EUR|0,1|14,149499893188477|14,052000045776367|-0,04710755505431652|-0,060141572705588175|-0,03852789682104574|-0,03164382558497891|-0,05799634048968505|-0,9399209727972048|1527,0|1547,0|1484,0|1539,0|1526,65
S|1574|1550|1562|Xtrackers II Eurozone Government Bond 25+ UCITS 1C ETF|Bonds / Fixed Income|Fixed Income|Bonds|Acc|LU0290357846|DBXG.DE|EUR|0,15|231,3000030517578|231,47000122070312|-0,03241999540289486|-0,06017633384204235|-0,07852273569346402|-0,06116813071438165|-0,06865366159724873|-0,5930663092030369|1423,0|1548,0|1535,0|1557,0|1527,8000000000002
S|1575|1527|1596|Invesco STOXX Europe 600 Optimised Automobiles & Parts UCITS Acc ETF|Region: Europe|Broad Market / Other|Broad Market / Other|Acc|IE00B5NLX835|SC0P.DE|EUR|0,2|374,0|368,70001220703125|-0,09879518072289162|-0,03309200671386736|-0,19940061032543965|-0,21601507269651288|-0,10177824985194395|-1,2104143396573406|1596,0|1445,0|1592,0|1582,0|1531,8000000000002
S|1576|1525|1597|Global X Europe Focused Def Tech UCITS ETF EUR Acc|Technology|Information Technology|Technology Hardware & Software|Acc|IE000WRQ9RR1|ED3F.DE|EUR|0,4|15,043999671936035|15,211999893188477|-0,027788568295968097|-0,05431231586930729|-0,18601886233807996|-0,09340726790179577|-0,12512810153172615|-1,270199602661046|1375,0|1527,0|1587,0|1590,0|1531,8000000000002
S|1577|1540|1593|Global X Solar UCITS ETF USD Acc|Global / Broad|Energy|Energy|Acc|IE000XD7KCJ7|RA7Z.DE|EUR|0,5|8,036999702453613|7,989999771118164|-0,019638967146745512|-0,10828801537221922|-0,12981814104136769|-0,16947404521699372|-0,1964727893769861|0,20136985740188432|1242,0|1597,0|1566,0|1601,0|1536,8000000000002
S|1578|1570|1547|Amundi STOXX Europe 600 Consumer Discretionary UCITS Dist ETF|Region: Europe|Consumer Discretionary|Consumer Discretionary|Distr|LU2082999132|6TVL.DE|EUR|0,3|35,2599983215332|35,005001068115234|-0,05049145239661312|-0,05797493897809325|-0,08827100391720455|-0,12462762189416587|-0,05056499893040367|-1,100297346228479|1542,0|1540,0|1541,0|1522,0|1536,95
S|1579|1568|1557|Amundi STOXX Europe 600 Cons Dscretnry UCITS ETF A|Region: Europe|Broad Market / Other|Broad Market / Other|Acc|LU1834988781|LTVL.DE|EUR|0,3|24,989999771118164|24,885000228881836|-0,05322980345818673|-0,05626887450438112|-0,08911972817274605|-0,12591816587114868|-0,052136305995654664|-1,170199835658643|1548,0|1535,0|1542,0|1527,0|1537,1000000000001
S|1580|1569|1557|UBS Core BBG US Treasury 10+ UCITS ETF hEUR Adis|Bonds / Fixed Income|Fixed Income|Bonds|Unknown|LU1459800113|UST10.SW|EUR|0,07|9,36240005493164|9,290599822998047|-0,04071803767325277|-0,06126296487964855|-0,06781499430321192|-0,06595504149127696|-0,06367530456248349|-1,2090218864904938|1504,0|1552,0|1526,0|1547,0|1537,3000000000002
S|1581|1579|1544|UBS BBG TIPS 10+ UCITS ETF USD dis|Other|Broad Market / Other|Broad Market / Other|Distr|LU1459802754|UIMB.DE|EUR|0,1|7,390600204467773|7,439000129699707|-0,039682937990971556|-0,06889080513561063|-0,0664190483326782|-0,05290184851183155|-0,05753207625165613|-1,512948669909422|1495,0|1570,0|1523,0|1537,0|1540,4
S|1582|1542|1601|Sprott Junior Uranium Miners UCITS ETF|Other|Energy|Energy|Unknown|IE00075IVKF9|U8NJ.DE|EUR|0,85|6,627999782562256|6,28000020980835|-0,15014745940372554|-0,03732758718605278|-0,21811966525436166|-0,1869480575087108|-0,20724154254770843|-0,45497223216709837|1603,0|1466,0|1596,0|1602,0|1546,25
S|1583|1576|1563|iShares $ Treasury Bond 10-20yr UCITS EUR Hedged (Acc) ETF|Bonds / Fixed Income|Fixed Income|Bonds|Acc|IE00043L4HU0|CEMC.DE|EUR|0,1|4,693399906158447|4,7164998054504395|-0,051033185777143886|-0,0604932948714999|-0,08321289921163622|-0,08026655784974579|-0,06912235463307181|-1,5136054219705852|1545,0|1549,0|1538,0|1558,0|1547,45
S|1584|1583|1552|iShares STOXX Europe 600 Personal & Household Goods UCITS (DE) ETF|Region: Europe|Broad Market / Other|Broad Market / Other|Unknown|DE000A0H08N1|EXH7.DE|EUR|0,46|88,61000061035156|87,9000015258789|-0,043191879641915176|-0,07715363911728379|-0,06490924878597837|-0,12946569611586045|-0,06442254531202374|-1,1935874754446207|1511,0|1581,0|1521,0|1549,0|1549,1
S|1585|1554|1599|UBS Solactive China Technology UCITS USD acc ETF|Region: Emerging Markets / Asia|Broad Market / Other|Broad Market / Other|Acc|LU2265794276|UIC2.DE|EUR|0,47|6,010000228881836|5,8460001945495605|-0,026089738265003493|-0,0736744286957195|-0,31704544333879636|-0,1900269316595964|-0,09909096340821055|0,20193299355149275|1356,0|1576,0|1601,0|1581,0|1550,25
S|1586|1584|1555|Invesco STOXX Europe 600 Optimised Personal & Household Goods UCITS Acc ETF|Region: Europe|Broad Market / Other|Broad Market / Other|Acc|IE00B5MTZ595|SC04.DE|EUR|0,2|661,5|656,4000244140625|-0,04310717245650131|-0,0801000939250538|-0,06395926337381985|-0,12719358927134217|-0,06700563695844985|-1,286270624784682|1510,0|1584,0|1519,0|1554,0|1550,65
S|1587|1574|1578|Invesco Preferred Shares UCITS EUR Hgd Dist ETF|Other|Broad Market / Other|Broad Market / Other|Distr|IE00BDT8V027|PDSE.DE|EUR|0,55|11,427000045776367|11,545999526977539|-0,04024004896329858|-0,06251040116109619|-0,11118174597870223|-0,08707629362397573|-0,07173217165613721|-1,618935364332337|1501,0|1559,0|1560,0|1561,0|1550,95
S|1588|1591|1540|iShares STOXX Europe 600 Real Estate UCITS (DE) ETF|Real Estate|Real Estate|Real Estate|Unknown|DE000A0Q4R44|EXI5.DE|EUR|0,47|12,843999862670898|12,696000099182129|-0,06792452020595763|-0,07615857197910136|-0,043700237358197835|-0,04348296684475894|-0,07113067309559984|-1,2372853925758|1570,0|1578,0|1495,0|1560,0|1552,45
S|1589|1596|1548|Xtrackers FTSE Developed Europe Real Estate UCITS 1C ETF|Real Estate|Real Estate|Real Estate|Acc|LU0489337690|D5BK.DE|EUR|0,33|22,450000762939453|22,239999771118164|-0,0726971659681721|-0,08460749797618838|-0,04953429444212998|-0,05988268208051484|-0,08165025609185794|-1,3537332801250173|1577,0|1585,0|1503,0|1570,0|1560,3
S|1590|1597|1552|Amundi FTSE EPRA Europ Real Estate UCITS ETF EUR D|Real Estate|Real Estate|Real Estate|Distr|LU1812091194|LEEU.DE|EUR|0,3|27,969999313354492|27,78499984741211|-0,06501760129190903|-0,09364877640435498|-0,05055915958017598|-0,06062133764235056|-0,08069628620413105|-1,1851479003745569|1567,0|1592,0|1505,0|1569,0|1561,9
S|1591|1588|1580|Ish Trsry Bond 20 Yr Ucits Hgd Dist|Bonds / Fixed Income|Fixed Income|Bonds|Distr|IE00BD8PGZ49|IUSV.DE|EUR|0,1|2,5272998809814453|2,5455000400543213|-0,060133885026913636|-0,07651557443830892|-0,10571101501212277|-0,09480000317666049|-0,08417255690104353|-1,6399973667922954|1561,0|1579,0|1558,0|1571,0|1569,45
S|1592|1598|1570|BNP Paribas Easy FTSE EPRA Nareit Developed Europe ex UK Green UCITS ETF|ESG / Sustainable|Broad Market / Other|Broad Market / Other|Unknown|LU2008763935|EEPG.DE|EUR|0,4|6,171000003814697|6,0920000076293945|-0,07675045036998396|-0,08618388826998202|-0,07977928113348165|-0,08319713968544762|-0,09029798492827679|-1,2743371959557779|1581,0|1587,0|1537,0|1575,0|1571,2
S|1593|1592|1585|iShares MSCI Europe Consumer Discretionary Sector UCITS EUR (Acc) ETF|Region: Europe|Consumer Discretionary|Consumer Discretionary|Acc|IE00BMW42298|ESIC.DE|EUR|0,18|5,535999774932861|5,491000175476074|-0,06581173397572504|-0,07656382308394583|-0,14686393768445838|-0,17076098309306598|-0,07437445528201136|-1,1019273457633616|1569,0|1580,0|1572,0|1564,0|1573,15
S|1594|1594|1587|StSt SPDR MSCI Europe Consumer Dis UCITS ETF|Region: Europe|Broad Market / Other|Broad Market / Other|Distr|IE00BKWQ0C77|SPYR.DE|EUR|0,18|145,77999877929688|144,83999633789062|-0,06814116271892812|-0,0799040865124403|-0,1507631616608488|-0,17591857654555842|-0,07724074427471228|-1,189341820327667|1571,0|1583,0|1574,0|1566,0|1575,5500000000002
S|1595|1599|1584|Xtrackers FTSE Developed Europe ex UK Real Estate UCITS 1C ETF|Real Estate|Real Estate|Real Estate|Acc|IE00BP8FKB21|XREA.DE|EUR|0,33|50,77000045776367|49,94499969482422|-0,08390468900786208|-0,10663384089457362|-0,09694060200291277|-0,10268648259573088|-0,11504385353822977|-1,2594741875133704|1586,0|1595,0|1550,0|1585,0|1580,4
S|1596|1601|1582|iShares European Property Yield UCITS ETF EUR D|Real Estate|Real Estate|Real Estate|Distr|IE00B0M63284|IQQP.DE|EUR|0,4|26,510000228881836|26,135000228881836|-0,08247034554983224|-0,10959624160262071|-0,09289251825065237|-0,09583064825342624|-0,11525536465149544|-1,353787677488163|1583,0|1598,0|1547,0|1586,0|1580,6000000000001
S|1597|1602|1581|iShares European Property Yield UCITS EUR (Acc) ETF|Real Estate|Real Estate|Real Estate|Acc|IE00BGDQ0L74|IPRE.DE|EUR|0,4|4,2769999504089355|4,2195000648498535|-0,08268095702063338|-0,10988551442097527|-0,09270264187396793|-0,09586729724820464|-0,11604608760075086|-1,3612809755852504|1584,0|1599,0|1546,0|1587,0|1581,1000000000001
S|1598|1600|1586|State Street SPDR FTSE EPRA Europe ex UK Real Estate UCITS ETF|Real Estate|Real Estate|Real Estate|Unknown|IE00BSJCQV56|ZPRP.DE|EUR|0,3|25,799999237060547|25,450000762939453|-0,08494415618679096|-0,10726645060168272|-0,10167131427946019|-0,10649353291565211|-0,11684517684861084|-1,3126226997988044|1587,0|1596,0|1556,0|1588,0|1583,0500000000002
S|1599|1593|1598|Invesco MSCI China TechAllShr StkCon UCITS ETF Acc|Region: Emerging Markets / Asia|Broad Market / Other|Broad Market / Other|Acc|IE00BM8QS095|ICNT.DE|EUR|0,49|24,40999984741211|24,094999313354492|-0,050194586662720364|-0,10553319792952387|-0,22409407000078818|-0,14305777341140657|-0,10228392208266757|-1,1503883517627123|1538,0|1594,0|1597,0|1583,0|1584,15
S|1600|1587|1601|Globel X China Electric Vehicle And Battery UCITS ETF|Region: Emerging Markets / Asia|Broad Market / Other|Broad Market / Other|Unknown|IE00094FRAA6|CAUT.DE|EUR|0,68|20,510000228881836|20,354999542236328|-0,03979402421261147|-0,11689989700728176|-0,2440102888561131|-0,19820170875472276|-0,16405304982248015|-0,10379741173502566|1496,0|1601,0|1600,0|1597,0|1584,2000000000003
S|1601|1589|1600|HSBC Hang Seng Tech UCITS ETF HKD|Technology|Information Technology|Technology Hardware & Software|Unknown|IE00BMWXKN31|H4ZX.DE|EUR|0,5|5,208000183105469|5,117000102996826|-0,050847422276716236|-0,08519228356341513|-0,34292201546778867|-0,23904145417778755|-0,11966798415297131|-0,6110740160972681|1543,0|1586,0|1603,0|1589,0|1584,4
S|1602|1603|1588|BNPPE FTSEEPRA/NAREITEurozone Capped UCITS ETF QDD|Other|Broad Market / Other|Broad Market / Other|Unknown|LU0192223062|IM2A.DE|EUR|0,4|5,815999984741211|5,7129998207092285|-0,08668342385851113|-0,11287528584903883|-0,11423212786857007|-0,10018210985536335|-0,11497351868287298|-1,286633170176713|1588,0|1600,0|1561,0|1584,0|1585,25
S|1603|1595|1601|UBS Solactive China Technology UCITS hEUR acc ETF|Region: Emerging Markets / Asia|Broad Market / Other|Broad Market / Other|Acc|LU2265794946|UIC1.DE|EUR|0,5|5,289999961853027|5,2129998207092285|-0,0610578405014357|-0,09075281754380504|-0,3452970282422153|-0,2316630666674423|-0,1338426088803648|-0,950802947162933|1563,0|1590,0|1604,0|1592,0|1589,8500000000001
S|1604|1604|1591|VanEck Rare Earth and Strategic Metals UCITS ETF|Commodity / Energy|Materials|Materials|Unknown|IE0002PG6CA6|VVMX.DE|EUR|0,59|11,154000282287598|10,965999603271484|-0,1333333036931057|-0,16511971789513513|-0,099176198531856|-0,11518321993162683|-0,23164247718821362|-1,0042776486887721|1602,0|1604,0|1554,0|1603,0|1591,0
