name|isin|yf_ticker|currency|totalExpenseRatio|Current price|Last day|Last month|Last 3 months|Last year|YTD Performance|200 avg|Z-score 20MA|Action
Vanguard FTSE All-World UCITS - (USD) Accumulating ETF|IE00BK5BQT80|VWCE.DE|EUR|0.14|171.5800018310547|169.77999877929688|0.028533714769504614|0.029891930042576176|0.2163618658775568|0.18216895792058252|0.0928050011277679|1.9134256401208007|N
iShares Core MSCI World UCITS ETF USD (Acc)|IE00B4L5Y983|EUNL.DE|EUR|0.2|130.38499450683594|129.13499450683594|0.028151180827987288|0.03193506989666717|0.20259174238007005|0.17126297937726398|0.09138897997276185|1.9621935889285342|N
iShares Core S&P 500 UCITS ETF USD (Acc)|IE00B5BMR087|SXR8.DE|EUR|0.07|742.0399780273438|732.780029296875|0.039562889769291676|0.04459709630195818|0.21177084685135084|0.1877580907682297|0.10733857221479748|2.0309634901223412|N
iShares Physical Gold ETC|IE00B4ND3602|PPFB.DE|EUR|0.12|72.31999969482422|71.0|-0.011278925232138803|0.025597395175483095|0.13710694072188234|0.01345290185344239|-0.04418939780583486|-0.4357032540357265|S
VanEck Semiconductor UCITS ETF USD A|IE00BMC38736|VVSM.DE|EUR|0.35|104.9000015258789|100.83999633789062|0.18450772829430306|0.0274241243252078|1.1606591796978587|0.9194876230004252|0.3262075706360521|1.993353805834992|N
iShares NASDAQ 100 UCITS ETF USD (Acc)|IE00B53SZB19|SXRV.DE|EUR|0.3|1575.800048828125|1547.4000244140625|0.09127427204163774|0.051234188677868664|0.2950361485814743|0.27968167742885863|0.15727416053489396|1.8781407169444397|N
iShares MSCI Global Semiconductors UCITS ETF USD A|IE000I8KRLL9|SEC0.DE|EUR|0.35|19.709999084472656|18.79800033569336|0.19382185410227248|0.015142084503323217|1.299078407758791|1.0075371161249547|0.33109654749262685|2.1107426589794294|N
iShares S&P 500 Info Technolg Sctr UCITS ETF USD A|IE00B3WJKG14|QDVE.DE|EUR|0.15|48.564998626708984|47.564998626708984|0.10387543597625082|0.12068765784537172|0.3647604292871849|0.3613174398125232|0.22600650216395834|1.9975919905821171|N
Deutsche Boerse Commodities Xetra-Gold ETC|DE000A0S9GB0|4GLD.DE|EUR||119.94999694824219|117.76000213623047|-0.010803275316757288|0.02609063629214825|0.13912624379776606|0.01463369742577969|-0.04336063378139432|-0.4230339958308719|S
Amundi Prime All Country World UCITS Acc ETF|IE0003XJA0J9|WEBN.DE|EUR|0.07|13.232000350952148|13.093999862670898|0.02908699292939998|0.030369128102402776|0.21595298548613195|0.18121770643448398|0.09285287791666441|1.8733632071993493|N
StSt SPDR MSCI All Cntry Wld Inv Mkt UCITS ETF Acc|IE00B3YLTY66|SPYI.DE|EUR|0.17|11.795999526977539|11.668000221252441|0.026095966379165114|0.02573908930239477|0.2213708362286042|0.18457514662335317|0.09030102727411915|1.954108401102212|N
Vanguard S&P 500 UCITS ETF USD Acc|IE00BFMXXD54|VUAA.DE|EUR|0.07|133.05999755859375|131.39999389648438|0.03945006849826971|0.04467295822653505|0.21211565209794614|0.18824784398753924|0.10737619532180664|2.0272570007321136|N
VanEck Defense UCITS ETF|IE000YYE6WK5|DFEN.DE|EUR|0.55|52.150001525878906|51.470001220703125|0.0052043263724914635|-0.048010173640455234|-0.07584615906699388|-0.013244975751228294|-0.06578425415787514|0.5130752844168323|S
iShares STOXX Europe 600 UCITS (DE) EUR (Dist) ETF|DE0002635307|EXSA.DE|EUR|0.2|62.5099983215332|62.869998931884766|-0.02214770022760193|-0.027122980507693573|0.1407096147818001|0.08350350733443102|0.0229096935694153|-1.5034138298570676|S
iShares EUR Ultrashort Bond UCITS EUR (Acc) ETF|IE000RHYOR04|ERNX.DE|EUR|0.09|5.62060022354126|5.618000030517578|0.0028905975940842765|0.006374249803245968|0.0222246485359745|0.01612611934617947|0.009299413865435868|2.2701754069215756|N
Amundi Smart Overnight Rtn UCITS ETF Acc|LU1190417599|LYOR.DE|EUR|0.1|110.14800262451172|110.11599731445312|0.0024299553919153727|0.006607261161436062|0.02470887079322015|0.018380167299298922|0.010013088174272378|1.8601231914305423|N
Amundi Core Stoxx Europe 600 UCITS ETF A|LU0908500753|LYP6.DE|EUR|0.07|311.5|313.25|-0.021824499735025538|-0.026258187110820952|0.14269990104737085|0.08404382593882564|0.023537247289545427|-1.5443395504886162|S
iShares MSCI World Small Cap UCITS ETF USD (Acc)|IE00BF4RFH31|IUSN.DE|EUR|0.35|9.107999801635742|8.982999801635742|0.004632673391266273|-0.014712313591705106|0.2082780144040497|0.17492259700087143|0.05628777380798278|1.2408015271648787|N
iShares Core MSCI EM IMI UCITS ETF USD Acc|IE00BKM4GZ66|IS3N.DE|EUR|0.18|49.18299865722656|48.26499938964844|0.0347780332502281|0.014228829444966395|0.3153348551859563|0.2565917073119386|0.104128080189138|1.4479191289895887|N
Ishrs Msci Cntry Wrld Ucits Etf Usd|IE00B6R52259|IUSQ.DE|EUR|0.2|109.86000061035156|108.68000030517578|0.02884437035273546|0.02922993075720348|0.2166112613239053|0.18192581191288748|0.09292173229401168|1.9137006453197296|N
Xtrackers MSCI World ex USA UCITS ETF|IE0006WW1TQ4|EXUS.DE|EUR|0.15|40.0|39.95500183105469|-0.0021204711591369385|0.0013769008786075343|0.18923746086206594|0.13443000295244167|0.05024710698576307|-0.242811988836197|S
iShares STOXX Global Select Dividend 100 UCITS (DE) ETF|DE000A0F5UH1|ISPA.DE|EUR|0.46|39.310001373291016|39.564998626708984|-0.022017622297610395|0.03650855629840355|0.26567803849449767|0.18700340093936196|0.06297906714330703|-1.9864422066366736|S
Xtrackers Artificial Intelligence & Big Data UCITS 1C ETF|IE00BGV5VN51|XAIX.DE|EUR|0.35|225.14999389648438|220.25|0.1069321566010919|0.0819317025127213|0.49382956523992805|0.4565273077338803|0.23991891425430367|1.8442322769935378|N
iShares Edge MSCI Wld Val Fctr UCITS ETF USD A|IE00BP3QZB59|IS3S.DE|EUR|0.25|72.05000305175781|71.7300033569336|0.021985858890181786|0.043597944616387|0.5336314123839625|0.394696153011451|0.15384312153106428|0.9762294004281357|N
Invesco EQQQ NASDAQ-100 UCITS ETF Dist|IE0032077012|EQQQ.DE|EUR|0.3|670.7000122070312|658.4000244140625|0.09187282873659508|0.052320856692440465|0.2955011401472112|0.28083133668741866|0.1578520763018756|1.8893530677663806|N
Xtrackers DAX UCITS 1C ETF|LU0274211480|DBXD.DE|EUR|0.09|235.3000030517578|235.10000610351562|-0.024258722756749118|-0.02385397190293903|0.027510930357021124|0.023043491529381788|0.01352844197894898|-1.2435115502645566|S
iShares Edge MSCI World Momentum Factor UCITS USD (Acc) ETF|IE00BP3QZ825|IS3R.DE|EUR|0.25|107.0|104.83999633789062|0.09116869940838357|0.021772333391131715|0.3061523729447806|0.2834352461909537|0.1420807121410257|2.1131965102297574|N
VanEck Gold Miners UCITS ETF USD A|IE00BQQP9F84|G2X.DE|EUR|0.53|88.51000213623047|88.02999877929688|-0.06713738724268381|0.1367839897558769|0.23651857882225946|0.10128156167065216|-0.0017622009448948761|-1.4352585497463342|S
iShares Core DAX UCITS (DE) EUR (Acc) ETF|DE0005933931|EXS1.DE|EUR|0.16|207.75|207.64999389648438|-0.024418863689892656|-0.02373121700815739|0.026940172348133062|0.022391747638248027|0.013076612667285437|-1.2439732444345735|S
Xtrackers MSCI World UCITS 1C ETF|IE00BJ0KDQ92|XDWD.DE|EUR|0.12|142.72500610351562|141.30499267578125|0.02853750391874832|0.0322195826527647|0.2038209264720947|0.17252008948563802|0.09202740717787017|1.9651356440433907|N
StSt SPDR MSCI All Cntry World UCITS ETF Acc|IE00B44Z5B48|SPYY.DE|EUR|0.12|291.8999938964844|289.04998779296875|0.028903705804105284|0.029266528964527527|0.21802629388995154|0.181781351807629|0.09275704304024712|1.8577750232498145|N
Xtrackers MSCI Emerging Markets UCITS 1C ETF|IE00BTJRMP35|XMME.DE|EUR|0.18|83.55799865722656|82.09200286865234|0.03644251811649912|0.01203909246764101|0.33049904675084685|0.2738664573353973|0.10720668316746518|1.3092219767422153|N
VanEck Crypto and Blckchn Innvtrs UCITS ETF USD A|IE00BMDKNW35|DAVV.DE|EUR|0.65|12.517999649047852|11.894000053405762|0.11370105907062222|0.04718078916746005|-0.09026166854467499|0.1860905596633351|0.1026155317218238|0.3228291626614681|B
iShares Nasdaq-100 UCITS EUR Hedged (Acc) ETF|IE00BYVQ9F29|NQSE.DE|EUR|0.33|17.868000030517578|17.711999893188477|0.058279981459722574|0.032832417254692325|0.2184943105365016|0.2055053685843251|0.1136602948512011|1.6724273080454182|N
iShares Nasdaq-100 UCITS (DE) ETF|DE000A0F5UF5|EXXT.DE|EUR|0.3|266.70001220703125|261.79998779296875|0.09124393971954037|0.051448920262433084|0.29484958338154876|0.27905578004029374|0.1574902556573996|1.8913832312116987|N
iShares Core EURO STOXX 50 UCITS (DE) ETF|DE0005933956|EXW1.DE|EUR|0.09|62.79999923706055|63.150001525878906|-0.018800425173848834|-0.02257019443574304|0.13341888836067217|0.09033144529636927|0.03641942020608724|-1.3298354560732075|S
iShares Core MSCI Europe UCITS ETF EUR (Acc)|IE00B4K48X80|EUNK.DE|EUR|0.12|102.69999694824219|103.22000122070312|-0.021532032735743445|-0.026171080601088637|0.14136467122423624|0.08562366389822862|0.025202789118244473|-1.4991689251967522|S
iShares Automation & Robotics UCITS ETF USD A|IE00BYZK4552|2B76.DE|EUR|0.4|20.09000015258789|19.305999755859375|0.11760126502968138|0.06623506853275463|0.4610909201882103|0.44573980173786154|0.22812273464237065|2.2665350591129143|N
JPM Global Eq Prem Inc Active UCITS ETF USD (dist)|IE0003UVYC20|JGPI.DE|EUR|0.35|22.829999923706055|22.645000457763672|-0.0003536909551159484|0.027662016636120335|0.08321672651306966|0.07291091308481268|0.0414312775159118|1.6845259349519628|N
Global X Silver Miners UCITS ETF USD Acc|IE000UL6CLP7|SLVR.DE|EUR|0.65|36.709999084472656|36.189998626708984|-0.08339576070446464|0.09893729758865|0.3240756926736832|0.10422620736692711|-0.023092796412280236|-1.174077997428045|S
Amundi EUR Overnight Return UCITS ETF Acc|FR0010510800|L8I3.DE|EUR|0.1|114.5790023803711|114.56600189208984|0.0018449756184641952|0.005193599894621981|0.02046654542279458|0.014934536883584926|0.00813946927556386|1.1807595567141123|N
Vanguard FTSE All-Wld Hgh Div Yld UCITS ETF USD A|IE00BK5BR626|VGWE.DE|EUR|0.29|92.9000015258789|92.56999969482422|-0.01128137046532729|0.010881392637609455|0.2311158581102457|0.17238773385120276|0.059856223766125316|-0.7628630586024362|S
Invesco CoinShares Global Blockchain UCITS ETF Acc|IE00BGBN6P67|BNXG.DE|EUR|0.65|171.94000244140625|165.32000732421875|0.08534278770816983|0.06981085823472366|0.1915453832647147|0.2711814980350049|0.1542138286226611|0.67923992656567|N
Xtrackers MSCI World Information Technology UCITS 1C ETF|IE00BM67HT60|XDWT.DE|EUR|0.25|137.60000610351562|134.0399932861328|0.11093174088048352|0.11688319409068693|0.37462545655372237|0.3735277069709346|0.23192959352989662|2.1476599594129335|N
iShares EURO STOXX Banks 30-15 UCITS (DE) EUR (Dist) ETF|DE0006289309|EXX1.DE|EUR|0.51|28.760000228881836|30.290000915527344|-0.0665368150793586|-0.02468178419992717|0.31770807844661597|0.13927893201933705|0.06670950919993923|-3.553851947927816|S
iShares MSCI World SRI UCITS ETF EUR (Acc)|IE00BYX2JD69|2B7K.DE|EUR|0.2|14.272000312805176|14.045999526977539|0.028093959384823064|0.02308247368764671|0.19151783983287052|0.17426361537972035|0.09142524185502876|2.4440488937601685|N
iShares MSCI EM Asia UCITS ETF USD (Acc)|IE00B5L8K969|CEBL.DE|EUR|0.2|271.04998779296875|265.0|0.04713147151549335|0.011569230993512036|0.36096597112353135|0.3015605656325031|0.12537237398312429|1.4413727788478674|N
Amundi Core MSCI World UCITS ETF Acc|IE000BI8OT95|MWRE.DE|EUR|0.12|163.77499389648438|162.13999938964844|0.028737418567473805|0.032108655507146144|0.20290122099457042|0.17199790653003855|0.09176051138562724|1.9964223337305302|N
iShares MSCI India UCITS USD (Acc) ETF|IE00BZCQB185|QDV5.DE|EUR|0.65|7.335000038146973|7.258999824523926|-0.042553158381830825|-0.060819450462571756|-0.08791342885413933|-0.1286529050416606|-0.044348229849254905|-1.0166891442770245|S
VanEck Ms Developed Markets Div Lead UCITS ETF|NL0011683594|VDIV.DE|EUR|0.38|53.4900016784668|54.22999954223633|-0.037083664930447235|0.023684033200690235|0.23266020334113824|0.13916968978404332|0.03667949132844206|-2.6603146411469556|S
WisdomTree Europe Defence UCITS - EUR Acc ETF|IE0002Y8CX98|EUDF.DE|EUR|0.4|30.385000228881836|30.485000610351562|-0.03585591567987678|-0.0696570615174249|-0.10829054883165035|-0.01299332858576896|-0.05436284758592913|-1.2896767528183672|S
StSt SPDR S&P 500 UCITS ETF Acc|IE000XZSV718|SPYL.DE|EUR|0.03|17.030000686645508|16.81999969482422|0.039143330058305725|0.04436888531952676|0.2120565665538836|0.18754581999299869|0.10713070119747625|2.018719474803829|N
VanEck Uranium and Nuclear Technologies UCITS ETF|IE000M7V94E1|NUKL.DE|EUR|0.55|44.19499969482422|43.81999969482422|-0.03346088201977315|-0.07075276663798691|-0.12415773886877213|-0.08271068047136299|-0.1145136545322516|-0.6817330911692242|S
Amundi Global Memory Chips UCITS ETF Acc|LU2023678282|DRUP.DE|EUR|0.45|22.594999313354492|22.079999923706055|0.17230461329184688|0.1491709164556687|0.40743728109569766|0.4389886508988299|0.28019387081956215|1.388839511271994|N
JPMorgan NASDAQ Eqt Prem Inc Actv UCITS ETF USD D|IE000U9J8HX9|JEQP.DE|EUR|0.35|24.90999984741211|24.559999465942383|0.07207012414657243|0.06338881622315973|0.24968772193655075|0.2057362332028012|0.12844484588793215|1.9801310973586848|N
Amundi Bloomberg Equal-weight Commodity ex-Agriculture  UCITS ETF Acc|LU1829218749|LYTR.DE|EUR|0.3|37.9900016784668|38.095001220703125|0.014419249787084976|0.1320023874820646|0.5506123134068079|0.3882697605048977|0.1117777517374201|-0.962959702550593|N
Avantis Global Small Cap Val UCITS ETF USD A ETF|IE0003R87OG3|AVWS.DE|EUR|0.39|25.204999923706055|24.844999313354492|-0.010598643914449868|0.009007221200676652|0.3004333899180751|0.23918386109250744|0.06961856357319807|-0.06923958737949924|S
Invesco EQQQ NASDAQ-100 UCITS ETF Acc|IE00BFZXGZ54|EQQB.DE|EUR|0.3|469.70001220703125|461.25|0.09118364243679511|0.05125341324913735|0.2951882534461132|0.28001089135276813|0.15743467618717522|1.8812607834300412|N
iShares AI Infrastructure UCITS ETF USD (Acc)|IE000X59ZHE2|AIFS.DE|EUR|0.35|10.739999771118164|10.413999557495117|0.15335045686651627|0.08157094068971871|0.8293306273304291|0.7074721520275131|0.31293433162853|2.0653895884628395|N
iShares Gold Producers UCITS ETF USD (Acc)|IE00B6R52036|IS0E.DE|EUR|0.55|36.26499938964844|36.02000045776367|-0.06629765069060856|0.14328499920176374|0.242803256010109|0.11533138767930784|0.005004219645963648|-1.4131440170111134|S
Xtrackers MSCI World Momentum UCITS 1C ETF|IE00BL25JP72|XDEM.DE|EUR|0.25|89.93000030517578|88.22000122070312|0.08979646102217798|0.02065599457742362|0.30408934888493677|0.28269860964596605|0.14028570199094736|2.056648927801724|N
VanEck Junior Gold Miners UCITS ETF USD A|IE00BQQP9G91|G2XJ.DE|EUR|0.55|93.5|93.13999938964844|-0.0724206630034473|0.11482051911355673|0.25756559406715285|0.07905364516439484|-0.01429327442757422|-1.352459408750976|S
iShares World Eqt High Income Actv UCITS ETF USD D|IE000KJPDY61|WINC.DE|EUR|0.35|5.191999912261963|5.163000106811523|0.02465969093867426|0.045849059775287415|0.21905325430537426|0.18086287348740226|0.09339354781770681|1.8880219540096699|N
StSt SPDR S&P 500 UCITS ETF Dist|IE00B6YX5C33|SPY5.DE|EUR|0.03|686.7000122070312|678.1599731445312|0.039398962826837414|0.044541857133427065|0.21190274094484285|0.1877907546961255|0.10730900783363273|2.029662883885784|N
VanEck Space Innovators UCITS ETF|IE000YU9K6K2|JEDI.DE|EUR|0.55|70.0|70.55999755859375|0.03888398417008143|-0.1882175892972242|0.33638790707490873|0.18704423522081393|-0.08528358090757227|0.24950517404730116|S
iShares Global Clean Energy Trnstn UCITS ETF USD D|IE00B1XNHC34|IQQH.DE|EUR|0.65|8.8100004196167|8.652999877929688|0.02920560604495792|-0.13863896274394893|0.1403976733453336|0.056361711538435166|-0.057371169033512026|0.2040984545143755|S
iShares STOXX Europe Select Dividend 30 UCITS (DE) ETF|DE0002635299|EXSH.DE|EUR|0.31|25.9950008392334|26.514999389648438|-0.039179429088367024|0.02397233617334593|0.2850728408345049|0.161466958418242|0.055713400454721285|-2.7422465867806487|S
Vanguard FTSE Emerging Mkts UCITS ETF USD Acc|IE00BK5BR733|VFEA.DE|EUR|0.17|77.7699966430664|77.04000091552734|0.010393600229644973|0.008689989393063424|0.15488566784057078|0.13202329108773414|0.06019178124194924|0.7793618521993813|N
Xtrackers Ie Physical Gold ETC|DE000A2T0VU5|XGDU.DE|EUR|0.11|57.290000915527344|56.28499984741211|-0.011985853022482229|0.025049231368182934|0.13636814192504687|0.013175396068739964|-0.04475071855305257|-0.4840227830911526|S
Invesco MSCI World Equal Weight UCITS Acc ETF|IE000OEF25S1|MWEQ.DE|EUR|0.2|5.943999767303467|5.910999774932861|-0.005687587118696769|-0.0006725263871808496|0.15957858980664286|0.1291793001943582|0.048868330997467346|0.02768469273867772|S
Global X Superdividend UCITS ETF USD Dist|IE00077FRP95|UDIV.DE|EUR|0.45|8.401000022888184|8.348999977111816|-0.03362807258040812|-0.014294546111682682|0.11458275869224255|0.0678119338593468|-0.007066375562646665|-1.081843513643188|S
Invesco FTSE All World UCITS ETF Acc|IE000716YHJ7|FWIA.DE|EUR|0.15|8.4399995803833|8.359000205993652|0.028641030939961398|0.029017303806093242|0.21631350664761428|0.1805846107464113|0.09176584542565047|1.8867999851074357|N
Amundi Prime All Country World UCITS Dist ETF|IE0009HF1MK9|WEBG.DE|EUR|0.07|13.784000396728516|13.649999618530273|0.028349754285148743|0.02957879264171992|0.2162897100391894|0.18192077052983735|0.09306387749080658|1.8546494344459747|N
Xtrackers Nasdaq-100 UCITS 1C ETF|IE00BMFKG444|XNAS.DE|EUR|0.2|63.70000076293945|62.52000045776367|0.0918752244829022|0.0521968913053259|0.2969560945951688|0.28143234633123737|0.1585357121170652|1.8990250264719561|N
Xtrackers MSCI World Health Care UCITS 1C ETF|IE00BM67HK77|XDWH.DE|EUR|0.25|53.79999923706055|54.720001220703125|-0.01967933327323057|0.013564381710036377|0.15215760977987247|0.07826432996232713|0.058634148060324076|-0.02444689714345635|S
Xtrackers MSCI World Energy UCITS 1C ETF|IE00BM67HM91|XDW0.DE|EUR|0.25|66.80000305175781|66.20999908447266|-0.004470870777724123|0.1733708535688292|0.4668423739311267|0.4184096256566674|0.1267910249755997|-0.25090041812525765|B
Invesco NASDAQ-100 ESG UCITS ETF Acc|IE000COQKPO9|N1ES.DE|EUR|0.25|81.26000213623047|79.69000244140625|0.09736662778302896|0.06152839838932578|0.31787224030687344|0.3005762280983837|0.17318229310289324|1.913466755122749|N
iShares Core EURO STOXX 50 UCITS ETF EUR (Acc)|IE00B53L3W79|SXRT.DE|EUR|0.1|243.10000610351562|244.64999389648438|-0.019955641553486836|-0.023694754604354884|0.1306977028070495|0.08793917844547994|0.03549148437002869|-1.2943649244442759|S
StSt SPDR S&P U.S. Div Aristocrats UCITS ETF Dist|IE00B6YX5D40|SPYD.DE|EUR|0.35|72.56999969482422|71.77999877929688|-0.0206405979018085|-0.02339413709677085|0.12349179719095593|0.12155095985517783|0.02301777710742403|0.06285329524432595|S
Vanguard Global Aggregate Bond UCITS EUR Hedged Accumulating ETF|IE00BG47KH54|VAGF.DE|EUR|0.08|23.027999877929688|23.006000518798828|-0.016149716191642627|-0.03011414529203893|-0.030767325069467444|-0.0303183147159084|-0.026728004845977593|-1.209805700320184|S
L&G Artificial Intelligence UCITS ETF USD Acc|IE00BK5BCD43|XMLD.DE|EUR|0.49|39.09000015258789|37.959999084472656|0.17123595962810167|0.11256587505315996|0.5698795482509804|0.6179635926932758|0.33221322318865343|1.8145160709474746|N
BNP PARIBAS EASY II NASDAQ 100 UCITS USD Acc ETF|IE000QDFFK00|ANAV.DE|EUR|0.14|23.905000686645508|23.46500015258789|0.09180178976288245|0.052388312835738304|0.29805604970043365|0.28190689442885053|0.1584391798199345|1.8899757268283721|N
iShares MSCI World ESG Enhanced CTB UCITS USD (Acc) ETF|IE00BHZPJ569|EDMW.DE|EUR|0.2|10.96399974822998|10.862000465393066|0.02582335609850106|0.030257427538407322|0.19225746302515745|0.16254904379762802|0.08849532376659486|1.93942988992406|N
iShares MSCI USA Screened UCITS ETF (ACC)|IE00BFNM3G45|SGAS.DE|EUR|0.07|14.38599967956543|14.20199966430664|0.04382528730287305|0.04595026776240996|0.21033148808661273|0.1863763153426341|0.11252715647925893|1.982340130609756|N
iShares Core S&P 500 UCITS ETF USD (Dist)|IE0031442068|IUSA.DE|EUR|0.07|68.36399841308594|67.61799621582031|0.03788871573895802|0.04281756768080025|0.20996487220711635|0.18578506598096922|0.10554133692705059|1.9565704230000391|N
iShares   Inflation Linked Govt Bd UCITS ETF EUR A|IE00B0M62X26|IBCI.DE|EUR|0.09|227.6999969482422|229.10000610351562|-0.03044500306345277|-0.040455145301543705|-0.011289648584725809|-0.008232063329392192|-0.03061421396647479|-1.9880183866194836|S
Global X Copper Miners UCITS ETF USD Acc|IE0003Z9E2Y3|4COP.DE|EUR|0.55|59.189998626708984|58.65999984741211|-0.027599808356424504|0.09834847461658369|0.5057236468815118|0.2287731134868125|0.05886312376553282|-0.36246002301953206|S
PIMCO Euro Short Maturity UCITS ETF EUR Acc|IE00BVZ6SP04|PJSR.DE|EUR|0.19|107.71499633789062|107.7750015258789|-0.0005567635085941269|0.002372950452172562|0.01944910661136179|0.014026809933374906|0.006392517319139701|-1.9814772954991444|N
Xtrackers S&P 500 Equal Weight UCITS 1C ETF|IE00BLNMYC90|XDEW.DE|EUR|0.15|104.37999725341797|102.95999908447266|-0.006283355448941319|-0.0028659061032022537|0.16677842970752876|0.15196994316644208|0.05956954382375934|1.4386368102504754|S
StSt SPDR MSCI World UCITS ETF Acc|IE00BFY0GT14|SPPW.DE|EUR|0.12|47.69499969482422|47.224998474121094|0.028840716522531284|0.03334347698809159|0.2042975352127938|0.1722129378878814|0.09216365273443317|1.9484944732750424|N
State Street SPDR S&P Euro Dividend Aristocrats UCITS ETF|IE00B5M1WJ87|SPYW.DE|EUR|0.3|29.329999923706055|29.579999923706055|-0.025616172015669902|0.023292474258423512|0.14237380606882644|0.10686287550886253|0.0384392651277734|-2.513077759862411|S
iShares MSCI Korea UCITS ETF USD (Dist)|IE00B0M63391|IQQK.DE|EUR|0.65|122.95999908447266|116.9000015258789|0.11186505854799633|0.024870412812605824|1.4894730082173737|0.9714289453867919|0.25859056396132285|1.8953344808074677|N
iShares S&P U.S. Banks UCITS USD (Acc) ETF|IE00BD3V0B10|IUS2.DE|EUR|0.35|7.109000205993652|7.001999855041504|-0.040750179208033366|-0.06349622830040758|0.17815715949191624|0.08667080479501976|0.02181694823339675|-0.8616745683643288|S
iShares Core MSCI World UCITS EUR Hedged (Dist) ETF|IE00BKBF6H24|IWLE.DE|EUR|0.3|10.85949993133545|10.855999946594238|0.0016140863026876673|0.01420165964807496|0.14598417321603985|0.11516607751704155|0.05648818314678428|0.5312851286327424|N
Xtrackers MSCI World ESG UCITS ETF|IE00BZ02LR44|XZW0.DE|EUR|0.2|50.79999923706055|50.25|0.031158020225910077|0.04666734102749159|0.1853925978226627|0.1554645527294587|0.0999998222411409|1.998927003332141|N
iShares Digital Security UCITS ETF USD (Acc)|IE00BG0J4C88|L0CK.DE|EUR|0.4|11.880000114440918|11.522000312805176|0.12436117088749832|0.12244902924168843|0.34526097532660716|0.3909377830540086|0.2427636355678493|1.8257873475513042|N
Xtrackers MSCI World UCITS 1D ETF|IE00BK1PV551|XDWL.DE|EUR|0.12|117.63500213623047|116.44000244140625|0.02895259371392589|0.03223450129050609|0.20361417069409082|0.17246316000149653|0.0921900776027269|1.9838321468304934|N
VanEck Rare Earth and Strategic Metals UCITS ETF|IE0002PG6CA6|VVMX.DE|EUR|0.59|11.053999900817871|11.149999618530273|-0.13627132279497656|-0.24411924189932754|-0.03626855767447146|-0.1231159806720189|-0.2388205710970177|-1.42842354950428|S
iShares USD Treasury Bond 7-10yr UCITS EUR Hedged (Dist) ETF|IE00BGPP6697|IBB1.DE|EUR|0.1|3.7090001106262207|3.6895999908447266|-0.026253584728792467|-0.04204758445238421|-0.0512298440055492|-0.05212224387967179|-0.04165857097499559|-1.054083048368974|S
iShares MSCI Poland UCITS ETF USD (Acc)|IE00B4M7GH52|IBCJ.DE|EUR|0.74|36.349998474121094|37.474998474121094|0.0012394482458908396|0.10755633187448099|0.45458178499593616|0.2560469178755933|0.132196781225844|-2.4334141280857096|N
Vanguard EUR Corporate Bond UCITS ETF EUR Acc|IE00BGYWT403|VECA.DE|EUR|0.07|52.571998596191406|52.42599868774414|-0.008524435710902889|-0.02326104870578194|-0.011246936117127349|-0.010428055193699715|-0.013256644182716215|-0.2679679478383505|S
iShares Core Gl Aggregate Bd UCITS ETF EUR Hgd Acc|IE00BDBRDM35|EUNA.DE|EUR|0.1|4.811699867248535|4.796500205993652|-0.012153869919759308|-0.024273017662623686|-0.023143982802613983|-0.022647924167087052|-0.02098096647386971|-0.9557823957122569|S
iShares Edge MSCI EM Value Factor UCITS USD (Acc) ETF|IE00BG0SKF03|5MVL.DE|EUR|0.4|91.61000061035156|90.05000305175781|0.044941285772740924|0.06647263076884125|0.6326857888761226|0.4737773622141592|0.17509431919321328|1.526763233647089|N
iShares MSCI Screened UCITS ETF (ACC)|IE00BFNM3J75|SNAW.DE|EUR|0.2|12.276000022888184|12.166000366210938|0.030903596804950695|0.03211703108854769|0.20140923154461077|0.16981127445835087|0.09445613493595184|1.8433369213493045|N
iShares STOXX Europe 600 Oil & Gas UCITS (DE) ETF|DE000A0H08M3|EXH1.DE|EUR|0.46|55.4900016784668|55.36000061035156|0.008359129736033699|0.11808870892179901|0.4738503606869511|0.36137985703349185|0.09656809873759964|-0.7941221419517803|N
Franklin FTSE Korea UCITS ETF|IE00BHZRR030|FLXK.DE|EUR|0.09|94.7699966430664|90.27999877929688|0.10248950270388191|0.01640925369316637|1.5445026006413856|1.0367504648470676|0.2713189787549899|1.9029056379774132|N
Invesco EUR AAA CLO UCITS ETF Acc|IE000Y2JPPS4|CLOA.DE|EUR|0.25|21.132999420166016|21.12299919128418|0.0033233487982244903|0.009265019904234562|0.03603287955493073|0.027869648302900396|0.01525424967233624|1.8231986101474873|N
Invesco Global Active ESG Equity UCITS ETF Acc|IE00BJQRDN15|IQSA.DE|EUR|0.3|98.61000061035156|97.5999984741211|0.023137615900424846|0.02281917710482184|0.2743603529398657|0.2136615459735578|0.09872050691417567|2.188677572578948|N
iShares NASDAQ US Biotechnology UCITS ETF USD Acc|IE00BYXG2H39|2B70.DE|EUR|0.35|9.050000190734863|9.20300006866455|0.00011055413653737745|0.05134763002842191|0.4538153139568668|0.2807812355332626|0.15843857551615725|0.7232542817939619|N
iShares Diversified Commodity Swap UCITS ETF USD A|IE00BDFL4P12|SXRS.DE|EUR|0.19|9.345000267028809|9.36400032043457|0.013447625323989243|0.14845768350084843|0.44726662339168066|0.3807624251199051|0.13139911255240322|-0.27699169703679477|B
iShares S&P 500 Utilities Sector UCITS ETF|IE00B4KBBD01|2B7A.DE|EUR|0.15|8.890999794006348|8.72599983215332|-0.022644863724271658|-0.09726877706688741|-0.030002243205044743|-0.014410832031955367|-0.06021606562254178|-0.2079692466031902|S
Invesco RAFI All-World Fundamental Val UCITS ETF D|IE00B23LNQ02|PSWD.DE|EUR|0.39|35.939998626708984|35.814998626708984|0.008125822921476233|0.026186813618903182|0.2819731990598955|0.2116596124972776|0.08587086554875833|0.9089702234431015|N
VanEck Quantum Computing UCITS ETF|IE0007Y8Y157|QUTM.DE|EUR|0.55|26.610000610351562|25.954999923706055|0.08214723242086208|-0.0056053668627543685|0.19407676879305447|0.23280063650749394|0.11879164589801383|1.8848326987419712|N
Future of Defence UCITS - Acc ETF|IE000OJ5TQP4|ASWC.DE|EUR|0.49|18.70199966430664|18.437999725341797|0.043754907287396394|-0.014023657839682402|0.09960020589676688|0.17874697198189526|0.06377712074915975|1.3243562142097258|N
iShares Core EURO STOXX 50 UCITS ETF EUR Dist|IE0008471009|EUN2.DE|EUR|0.1|63.47999954223633|63.880001068115234|-0.01915948169157533|-0.024347142412393885|0.13145611537616597|0.08760980816686681|0.0353191237882049|-1.3603294478022214|S
StSt SPDR MSCI USA Sm Cp Value Weighted UCITS ETF|IE00BSPLC413|ZPRV.DE|EUR|0.3|80.02999877929688|78.23999786376953|-0.017795833552985862|-0.012097313061238624|0.24115996607948653|0.1971578250712751|0.05825561632518861|0.22674614386565534|S
iShares MSCI EM ESG Enhanced CTB UCITS USD (Acc) ETF|IE00BHZPJ239|EDM2.DE|EUR|0.18|8.524999618530273|8.354000091552734|0.03988773678123403|0.015001720224503412|0.318842716847481|0.26446150820153536|0.1099262741165683|1.4107685456480465|N
iShares MSCI China UCITS ETF USD Acc|IE00BJ5JPG56|ICGA.DE|EUR|0.28|4.693999767303467|4.741499900817871|-0.029262744929432483|-0.0004259650418257932|-0.18690456268670208|-0.1307407991843612|-0.062347732892784724|-1.2539133730644902|S
State Street SPDR MSCI Europe Small Cap Value Weighted UCITS ETF|IE00BSPLC298|ZPRX.DE|EUR|0.3|68.66999816894531|69.52999877929688|-0.02025964107773337|0.012085478456377308|0.15820538216523228|0.09801722359578702|0.03860548192289803|-1.743629670323283|S
Vanguard FTSE Developed Europe UCITS - (EUR) Accumulating ETF|IE00BK5BQX27|VWCG.DE|EUR|0.1|58.91999816894531|59.150001525878906|-0.020611730079984958|-0.025471401568758045|0.14385556375206554|0.08568265472561709|0.025013818544162403|-1.4032951938411629|S
Vanguard EUR Eurozone Gvt Bd UCITS ETF EUR Acc|IE00BH04GL39|VGEA.DE|EUR|0.07|23.207000732421875|23.16200065612793|-0.01652749873420012|-0.038609685939745564|-0.029969865422058706|-0.028182514740219156|-0.029924662763286425|-1.0362478802293538|S
VanEck S&P Global Mining UCITS ETF|IE00BDFBTQ78|WMIN.DE|EUR|0.5|56.189998626708984|55.900001525878906|-0.05451794820510247|0.07829587350929601|0.3633385519514747|0.1639564339855497|0.013662959944254371|-1.0176459043436366|S
iShares $ Treasury Bond 20+yr UCITS ETF USD D|IE00BSKRJZ44|IS04.DE|EUR|0.07|2.5899999141693115|2.551100015640259|-0.014347214271760889|-0.06196810556837029|-0.051785244497328464|-0.03150829591505144|-0.038483450459009916|-0.7759497509825792|S
Global X Nasdaq 100 Covered Call UCITS ETF|IE00BM8R0J59|QYLE.DE|EUR|0.45|15.093999862670898|15.064000129699707|0.051781506084729756|0.03579204927549484|0.2305171751201327|0.15868669144824654|0.09550642685981559|1.497876756908145|N
iShares MSCI China A UCITS ETF USD (Acc)|IE00BQT3WG13|36BZ.DE|EUR|0.4|5.019999980926514|5.008999824523926|-0.02201440061252169|-0.08058609050299337|0.02942681173180728|0.009654034126655331|-0.030123181396151444|-1.153124065666231|S
iShares MSCI Taiwan UCITS ETF USD (Dist)|IE00B0M63623|IQQT.DE|EUR|0.74|190.22000122070312|184.89999389648438|0.097901533146455|0.07923009010596949|0.9823095336286383|0.8531201521233589|0.3224311375866744|1.7641019244887393|N
Amundi Core Nasdaq-100 Swap UCITS ETF Acc|LU1829221024|LYMS.DE|EUR|0.22|111.66000366210938|109.69999694824219|0.09149560440986448|0.051214482949430984|0.29701484971448044|0.2805046739667376|0.15757110506370187|1.8680689972263855|N
iShares MSCI Europe ESG Screened UCITS ETF EUR Acc|IE00BFNM3D14|SLMC.DE|EUR|0.12|10.791999816894531|10.855999946594238|-0.023171661026453294|-0.027221926222708692|0.13397074623886374|0.08103776733785284|0.023748149656806605|-1.4537479011873264|S
Global X European Superdividend UCITS EUR Distribution ETF|IE00082MOBL9|EVSD.DE|EUR|0.45|20.469999313354492|20.46500015258789|0.022542346397245394|0.1475093188169856|0.42623430978468235|0.35132012833554493|0.13566957430841065|-0.5478788005494563|N
Ish Trsry Bond 20 Yr Ucits Hgd Dist|IE00BD8PGZ49|IUSV.DE|EUR|0.1|2.5566000938415527|2.5387001037597656|-0.044797304128654236|-0.0784369806454851|-0.1041294071559481|-0.08430558073495453|-0.07446069636470865|-1.5497970648841628|S
VanEck Video Gaming and eSports UCITS ETF USD A|IE00BYWQWR46|ESP0.DE|EUR|0.55|57.68000030517578|56.65999984741211|0.05197881413359551|0.07451564786251175|-0.1467455383559354|-0.022704170487881203|0.0719824767914723|2.174686244865828|N
Amundi Prime Euro Government Bond 0-1Y UCITS Acc ETF|LU2233156582|PRAB.DE|EUR|0.05|21.773000717163086|21.767000198364258|0.0008734488982855559|0.004058162480424121|0.019239828426120376|0.01458535163297836|0.007707211765810795|2.1884869515019476|N
iShares S&P 500 Swap UCITS ETF USD (Acc)|IE00BMTX1Y45|I500.DE|EUR|0.05|11.530500411987305|11.39050006866455|0.038830642919736036|0.04414562899280394|0.21233317216494196|0.18807445286459967|0.10710751408512165|2.0021425888764623|N
Xtrackers MSCI USA Information Technology UCITS 1D ETF|IE00BGQYRS42|XUTC.DE|EUR|0.12|163.75999450683594|159.75999450683594|0.1099363017405508|0.12780317360235394|0.36987599646099856|0.37216445120230235|0.23598072180906793|2.0818435733859966|N
Franklin FTSE India UCITS ETF|IE00BHZRQZ17|FLXI.DE|EUR|0.19|34.665000915527344|34.29999923706055|-0.040813461511667204|-0.05079407226135402|-0.06939594857644715|-0.10530386188757468|-0.03449857685995761|-0.949932698386203|S
iShares MSCI China Tech UCITS ETF USD (Acc)|IE000NFR7C63|CBUK.DE|EUR|0.45|4.012499809265137|4.046500205993652|-0.03765441170163797|-0.09291290744864156|-0.23132184472409356|-0.1348642088476837|-0.08214335294376818|-1.4991902444551681|S
Global X Uranium UCITS ETF USD Acc|IE000NDWFGA5|URNU.DE|EUR|0.65|21.450000762939453|21.399999618530273|-0.06698560345848192|-0.08936529462807064|-0.14762567126694026|-0.0889785222580578|-0.1519208005656164|-0.961857634523391|S
iShares   UltraShort Bond ESG SRI UCITS ETF|IE000NBRE3P7|CEBY.DE|EUR|0.09|5.567800045013428|5.569399833679199|0.001510947810116292|0.005235842335872043|0.022327522571667258|0.016392821886180853|0.008842555185947454|1.382503669469049|N
iShares MSCI World UCITS ETF USD (Dist)|IE00B0M62Q58|IQQW.DE|EUR|0.5|93.47000122070312|92.49400329589844|0.02862109460370421|0.031613710501807946|0.1995842535289738|0.16983594911132927|0.09070388713749833|2.052887948153606|N
iShares STOXX Europe 600 Insurance UCITS (DE) ETF|DE000A0H08K7|EXH5.DE|EUR|0.46|52.22999954223633|52.25|-0.04550441562352736|-0.019413727224208976|0.11083417338198509|0.06667362108688235|0.03771501984151837|-1.7946200488689674|S
Xtrackers MSCI Japan UCITS 1C ETF|LU0274209740|DBXJ.DE|EUR|0.12|110.23999786376953|108.66999816894531|0.06224705300113542|0.05422203486174393|0.3451119642208995|0.2805501480627941|0.12944418143197467|2.7131750531427485|N
iShares Global Aggregate Bond ESG ?SRI UCITS EUR Hedged (Acc) ETF|IE000APK27S2|AEGE.DE|EUR|0.1|4.495500087738037|4.482100009918213|-0.011195667267852372|-0.024414001462797374|-0.024350497312079722|-0.024329394738895505|-0.020717932860319088|-0.625789341778136|S
State Street SPDR S&P Global Dividend Aristocrats UCITS ETF|IE00B9CQXS71|ZPRG.DE|EUR|0.45|34.10499954223633|33.810001373291016|-0.022219079763370675|0.0023576719130631307|0.15386102566187398|0.11603370313004002|0.03200688883180769|-0.6953529124522682|S
iShares MSCI EM UCITS ETF USD (Acc)|IE00B4L5YC18|EUNM.DE|EUR|0.18|57.779998779296875|56.70399856567383|0.03831224868964034|0.013719738685411986|0.3324723880235938|0.2683568958890368|0.10802843395923656|1.361748373625908|N
Xtrackers EURO STOXX 50 UCITS 1C ETF|LU0380865021|XESC.DE|EUR|0.09|111.5|111.9800033569336|-0.01831309911535839|-0.020899168517906963|0.13359088357168591|0.09121158413572772|0.03821371498618209|-1.1799889386794036|S
iShares MSCI EMU ESG Enhanced CTB UCITS EUR (Acc) ETF|IE00BHZPJ015|EDM4.DE|EUR|0.12|10.289999961853027|10.343999862670898|-0.013422851316052253|-0.0270423833200778|0.13163966739600252|0.08877364609733185|0.03154946914000267|-1.1343857495791014|S
iShares Copper Miners UCITS ETF USD (Acc)|IE00063FT9K6|CEBS.DE|EUR|0.55|9.970000267028809|9.855999946594238|-0.02712723204501999|0.09959190903039183|0.5573258894498996|0.27249524167032124|0.07973586551066836|-0.24975351348993755|B
iShares MSCI Brazil UCITS ETF USD (Dist)|IE00B0M63516|IQQB.DE|EUR|0.74|26.55500030517578|26.010000228881836|0.01346763087229319|0.09365219164553862|0.35239864442183944|0.23027853888259076|0.06552497495717824|1.2639899154622947|N
iShares Healthcare Innovation UCITS USD (Acc) ETF|IE00BYZK4776|2B78.DE|EUR|0.4|9.522000312805176|9.616999626159668|0.03669024254683051|0.1052815514549097|0.3252610144241084|0.24016675513430585|0.1774205670773139|1.052488767802978|N
JPM EUR Ultra-Short Income Active UCITS EUR (acc) ETF|IE00BD9MMF62|JEST.DE|EUR|0.18|110.36499786376953|110.29000091552734|9.056686631248034e-05|0.0019518505212194892|0.019020336575312324|0.013452675090573685|0.006588889657535679|1.0372732888424885|N
UBS Core MSCI World UCITS USD acc ETF|IE00BD4TXV59|UETW.DE|EUR|0.06|40.6150016784668|40.244998931884766|0.028253908038939013|0.032278572076785306|0.20412102667268472|0.17272550337692083|0.09187508411842704|1.9431644934200694|N
Amundi Nasdaq-100 Swap UCITS ETF EUR Acc|LU1681038243|6AQQ.DE|EUR|0.23|314.8999938964844|308.79998779296875|0.09264392976594649|0.05335334015108617|0.2988244910710751|0.28294967533809756|0.15949070779062113|1.920893650649406|N
StSt SPDR Russell 2000 US Small Cap UCITS ETF Acc|IE00BJ38QD84|ZPRR.DE|EUR|0.3|73.83999633789062|72.5|-0.005119979474030201|-0.04265527074657782|0.22009246165526464|0.1950152976828199|0.05434046596528597|0.765236433007635|S
iShares Oil & Gas Exploratn & Prod UCITS ETF USD A|IE00B6R51Z18|IS0D.DE|EUR|0.55|30.204999923706055|29.895000457763672|-0.051797194859241835|0.12958115864796804|0.35024581093136664|0.32594376704357875|0.06764175398323125|-1.0740010995869287|S
WisdomTree Cybersecurity UCITS USD Acc ETF|IE00BLPK3577|W1TB.DE|EUR|0.45|41.224998474121094|40.0|0.25571112320576783|0.23724486349634644|0.5402577774787907|0.792780907569449|0.5102275473277154|1.5135160158299692|N
Invesco EUR Overnight Return Swap UCITS ETF Acc|IE000YPOHA39|RONS.DE|EUR|0.1|5.138700008392334|5.137800216674805|0.004201538156757723|0.007311740033169478|0.021732242285693593|0.01784649368955349|0.009440559706829443|0.7687851406458113|N
iShares Diversified Commodity Swap UCITS (DE) ETF|DE000A0H0728|EXXY.DE|EUR|0.46|36.79499816894531|36.900001525878906|0.013496704576522855|0.1471550208491188|0.4364629513068745|0.3737165719080764|0.12860216529713497|-0.2515505046898938|B
iShares Edge MSCI World Quality Factor UCITS USD (Acc) ETF|IE00BP3QZ601|IS3Q.DE|EUR|0.25|79.9800033569336|78.9800033569336|0.03480401616693252|0.03641318199640797|0.20415545862403017|0.17531226701197933|0.0923916871922621|2.242930169152636|N
Xtrackers II EUR Corporate Bond UCITS 1C ETF|LU0478205379|D5BG.DE|EUR|0.09|160.61500549316406|160.2949981689453|-0.008396360914364798|-0.0234982389030296|-0.010564875984388378|-0.009161015141500028|-0.013092927717906488|-0.20570207187704323|S
Invesco NASDAQ-100 Swap UCITS ETF Acc|IE00BNRQM384|EQQX.DE|EUR|0.2|86.08999633789062|84.5|0.09195840102437502|0.05205907871823201|0.2979043262680059|0.2822460101357087|0.1585414207759177|1.8897349291475625|N
Xtrackers MSCI World Quality UCITS 1C ETF|IE00BL25JL35|XDEQ.DE|EUR|0.25|81.30000305175781|80.33999633789062|0.03514135604860713|0.0356688286848128|0.20212932653415083|0.17299099575105115|0.09127154989249786|2.2441803776482576|N
iShares MSCI Europe Health Care Sector UCITS EUR (Acc) ETF|IE00BMW42181|ESIH.DE|EUR|0.18|6.869999885559082|6.964000225067139|-0.053719053860528665|-0.07399922526014424|0.015070886196346667|-0.034705664446138984|-0.04246535597286394|-1.3571458672705825|S
iShares STOXX Europe 600 Banks UCITS (DE) ETF|DE000A0F5UJ7|EXV1.DE|EUR|0.46|40.05500030517578|41.81999969482422|-0.05508372536195083|-0.02039365886375244|0.3498457377447173|0.16059679307119978|0.07082036296642413|-3.3788374932306664|S
UBS MSCI World Small Cap Socially Responsible UCITS USD acc ETF|IE00BKSCBX74|UIMS.DE|EUR|0.23|11.416000366210938|11.27400016784668|-0.001923357200483089|-0.005748125999293974|0.17509008614579713|0.1323150780339628|0.051448331946639|0.8681162414707156|S
Xtrackers IE Physical Gold EUR Hedged Securities ETC|DE000A2T5DZ1|XGDE.DE|EUR|0.24|50.72999954223633|50.14500045776367|-0.04165489324360816|0.008248055785637032|0.06980180305993122|-0.044812672580752166|-0.08153866274145027|-1.039752808427699|S
Xtrackers II EUR High Yield Corporate Bond UCITS 1C ETF|LU1109943388|XHYA.DE|EUR|0.2|23.899999618530273|24.041000366210938|-0.01751215125182004|-0.02237496926997473|0.002474729090247152|-0.004664314333480801|-0.009578921379553962|-2.0541327409255365|S
Amundi MSCI China UCITS ETF Acc|LU1841731745|L4K3.DE|EUR|0.29|17.540000915527344|17.709999084472656|-0.028577694246178953|0.0017133458739779783|-0.18475475653666973|-0.12823060716156298|-0.06081310544666452|-1.1933527912684578|S
iShares Core MSCI Europe UCITS ETF EUR Dist|IE00B1YZSC51|IQQY.DE|EUR|0.12|39.3849983215332|39.51499938964844|-0.01832005558124361|-0.02575867049636804|0.14234544734355525|0.08665401145242169|0.026855942224401685|-1.3156055408297627|S
Vanguard FTSEDvlpAsiaPacexJpn UCITS ETF USDAcc|IE00BK5BQZ41|VGEK.DE|EUR|0.15|52.900001525878906|51.45000076293945|0.048562947985904215|0.01848292115041117|0.6189748358395923|0.48993099378850613|0.15030261111132992|1.545638372226857|N
Amundi Prime Global UCITS Acc ETF|IE0009DRDY20|F50A.DE|EUR|0.05|40.564998626708984|40.165000915527344|0.028524341764001537|0.033503149725069736|0.20406649689055167|0.1740954999268527|0.09318845414936017|1.9736737089690846|N
iShares Core MSCI Japan IMI UCITS ETF USD Acc|IE00B4L5YX21|EUNN.DE|EUR|0.12|75.37999725341797|74.2699966430664|0.05781637656017957|0.04840049587880069|0.3347261656572562|0.2754652994860163|0.12486052793728075|2.7486128325443975|N
iShares S&P 500 Health Care Sctr UCITS ETF USD A|IE00B43HR379|QDVG.DE|EUR|0.15|11.942000389099121|12.12600040435791|-0.009291481055276218|0.04699283230900719|0.2255746978783586|0.1291603770692551|0.09954970172372213|0.3978279830088686|B
iShares Global Water UCITS ETF USD (Dist)|IE00B1TXK627|IQQQ.DE|EUR|0.65|65.45999908447266|64.98999786376953|0.0027573576676118705|-0.028206673228368784|0.029242577044387374|0.031517156119891476|-0.0005973767434320765|1.2015294559173821|S
Amundi MSCI Robotics & AI UCITS ETF Acc|LU1861132840|GOAI.DE|EUR|0.4|156.5399932861328|152.5800018310547|0.13155990624569136|0.09606487367535288|0.40495419007970535|0.3994277885927935|0.23683281592644678|1.98741435196071|N
UBS MSCI World Socially Responsible UClTS USD dis ETF|LU0629459743|UIMM.DE|EUR|0.22|187.8000030517578|184.44000244140625|0.04881048593951909|0.03381980817360053|0.20575122339409901|0.18806846389656062|0.11486347906908634|2.1855687150202923|N
iShares EUR Corp Bond 1-5yr UCITS EUR (Acc) ETF|IE000F6G1DE0|IE1A.DE|EUR|0.2|5.457200050354004|5.447800159454346|-0.005467220833175412|-0.012807494417347742|0.0002933253108803324|-0.002814006671154501|-0.005254251736276583|0.06209511399671119|S
iShares AI Innovation Active UCITS ETF USD (Acc)|IE000G0E83X3|IART.DE|EUR|0.73|7.880000114440918|7.556000232696533|0.173317453908286|0.01795632809894565|0.4975294543449724|0.5069802976616469|0.21838981955452064|2.0083112217332446|N
StSt SPDR MSCI All Cntry World EURH UCITS ETF Acc|IE00BF1B7389|SPP1.DE|EUR|0.17|27.135000228881836|27.059999465942383|0.00686454399648051|0.01458214161191318|0.16936006542111315|0.13322199100913523|0.06347956959737999|0.8242617584796689|N
Xtrackers S&P 500 UCITS ETF|IE000Z9SJA06|XDPU.DE|EUR|0.03|13.35099983215332|13.18649959564209|0.03915008375826079|0.04414811371774707|0.21163442848217273|0.18765288884466158|0.10714171408016826|2.0160176686988973|N
iShares MSCI World EUR Hedged UCITS ETF (Acc)|IE00B441G979|IBCH.DE|EUR|0.55|119.81500244140625|119.69499969482422|0.001839551975062248|0.014135222360581068|0.14639050032155665|0.11502489786175318|0.05676748242489538|0.6107781028158608|N
iShares S&P 500 Energy Sector UCITS ETF USD (Acc)|IE00B42NKQ00|QDVF.DE|EUR|0.15|11.777999877929688|11.60200023651123|-0.0003394763387258859|0.2001222460030756|0.4984732414582602|0.4636510474003517|0.15036268672223763|0.4237012656558727|B
Xtrackers II Global Government Bond UCITS 1C EUR Hedged ETF|LU0378818131|DBZB.DE|EUR|0.25|203.22999572753906|202.41000366210938|-0.012871619838856319|-0.027979749628291417|-0.03572783723455941|-0.03398616308263802|-0.026192626181771872|-0.750812198618496|S
iShares MSCI Europe Information Technology Sector UCITS EUR (Acc) ETF|IE00BMW42413|ESIT.DE|EUR|0.18|12.520000457763672|12.131999969482422|0.09901687497875744|0.02690289191245565|0.5030012691997081|0.45277331323143977|0.18212967706843308|2.414857729597419|N
Amundi Prime Emerging Markets UCITS DR (C) ETF|LU2300295123|PRAM.DE|EUR|0.1|26.670000076293945|26.200000762939453|0.029530954231659523|0.008508239140337936|0.30479449018877247|0.24480751579961302|0.0952401004506096|1.1255007220607092|N
Vanguard LifeStrategy 60% Equity UCITS ETF EUR Acc|IE00BMVB5P51|V60A.DE|EUR|0.25|37.27000045776367|37.06999969482422|0.009206611150237132|0.00390573623605861|0.10922625447347079|0.09040374853712274|0.042884327972176006|1.562186176378501|N
iShares   High Yield Corp Bond UCITS ETF EUR D|IE00B66F4759|EUNW.DE|EUR|0.5|87.97200012207031|88.65399932861328|-0.019896648843642617|-0.024080460553249194|3.408418863970475e-05|-0.006720572867740415|-0.011721825627561078|-2.454275375022234|S
iShares EM Dividend UCITS ETF USD (Dist)|IE00B652H904|EUNY.DE|EUR|0.65|16.902000427246094|16.760000228881836|-0.007574961748895825|0.07196259466374921|0.2640417467523357|0.1670299841812839|0.0586068854229953|-0.5127345235295436|N
iShares Global Infrastructure UCITS ETF USD (Dist)|IE00B1FZS467|IQQI.DE|EUR|0.65|32.310001373291016|32.005001068115234|-0.019869521500531673|-0.057054197596754674|0.0845386201734506|0.07546411194187486|-0.0167399977280549|-0.521808917282934|S
Vanguard FTSE Developed World UCITS ETF USD A|IE00BK5BQV03|VGVF.DE|EUR|0.12|136.13999938964844|134.72000122070312|0.03011497894411863|0.031832627486174214|0.22362031975295182|0.1875436157926338|0.09634005281136893|1.9847734323956407|N
Amundi MSCI Greece UCITS ETF Dist|FR0010405431|LYMH.DE|EUR|0.55|2.9560000896453857|3.067500114440918|-0.007720712051190404|0.03050378091057193|0.33395352430251646|0.265681904188092|0.12501312009951904|-1.8999690816198935|S
Invesco FTSE All-World UCITS EUR PfHdg Acc ETF|IE0006VDD4K1|FWEA.DE|EUR|0.2|9.057000160217285|9.034000396728516|0.004770381799822809|0.01365413932524695|0.1647376714967279|0.12817641977256278|0.06056970739191736|0.7062780881349408|N
UBS Nasdaq-100 UCITS USD acc ETF|IE000SB4G4I4|BCFP.DE|EUR|0.13|31.94499969482422|31.3799991607666|0.09064522691391907|0.05134110430117933|0.29725887085580593|0.2806173616210712|0.15750720806607243|1.870627028235934|N
Xtrackers Spain UCITS 1C ETF|LU0592216393|XESP.DE|EUR|0.3|61.97999954223633|63.560001373291016|-0.04055725996548354|-0.03050212347303216|0.28322982445679057|0.12140399907541743|0.04229991632959318|-3.030361022204721|S
iShares   Govt Bond 0-1yr UCITS ETF EUR D|IE00B3FH7618|EUN6.DE|EUR|0.07|98.86199951171875|98.84400177001953|0.0015195875773927892|0.004277271744050903|0.018887255574553397|0.013967559554760145|0.007573889251140997|1.9960036060414785|N
First Trust Nasdaq Clean Edge Smart Grid lnfrastructure UCITS - A USD ETF|IE000J80JTL1|GRID.DE|EUR|0.63|56.88999938964844|54.720001220703125|0.07868785701757086|-0.010608706266983736|0.2645031621965295|0.2370079868095587|0.07382574575380985|2.411284975372804|N
Amundi Core MSCI Japan UCITS Acc ETF|LU1781541252|LCUJ.DE|EUR|0.12|24.350000381469727|23.989999771118164|0.06164978665404863|0.053382990189069|0.34433827705129993|0.2792225151911527|0.1286748614583939|2.7005629132475333|N
Xtrackers II ESG EUR Corporate Bond UCITS 1D ETF|LU0484968812|XB4F.DE|EUR|0.16|138.8249969482422|138.5|-0.00796773955775032|-0.023401037350633924|-0.011472331219165688|-0.00977594879327115|-0.013011048421172844|-0.13416644128983057|S
Amundi MSCI New Energy UCITS ETF Dist|FR0010524777|LYM9.DE|EUR|0.6|41.915000915527344|40.525001525878906|0.0323892239120267|-0.08552412451718094|0.3479787861798562|0.23315677686715608|0.020902147440742924|1.8356753343896595|N
iShares Physical Gold EUR Hedged ETC|IE0009JOT9U1|IGLD.DE|EUR|0.25|72.48500061035156|71.94000244140625|-0.043418025064687504|0.0047127865147365|0.06439063486758845|-0.04919000419724284|-0.0859054567827705|-1.3019347448750338|S
Xtrackers Euro Stoxx Quality Dividend UCITS ETF 1D|LU0292095535|DXSA.DE|EUR|0.3|29.15999984741211|29.56999969482422|-0.04189254611149362|-0.0412762165766456|0.1692483596897043|0.090729316133068|0.011502275738169532|-2.7017070117856194|S
L&G Gerd Kommer Multifactor Equity UCITS ETF|IE0001UQQ933|GERD.DE|EUR|0.45|15.21399974822998|15.034000396728516|0.013861134821627097|0.007950171369476067|0.20022090396079562|0.166360022299193|0.07340935860503683|1.7039899068113635|N
UBS MSCI World Socially Responsible UClTS USD acc ETF|LU0950674332|SEAC.DE|EUR|0.22|38.29499816894531|37.560001373291016|0.049609360787024714|0.03583978643474306|0.20747274112248437|0.19020976152302405|0.11638680684294145|2.230293877221619|N
State Street SPDR MSCI EM Asia UCITS ETF|IE00B466KX20|SPYA.DE|EUR|0.55|116.44000244140625|113.72000122070312|0.05147195852982378|0.007964039344482199|0.3528523626613689|0.306846289960667|0.12245770959043822|1.5788573697604271|N
L&G Clean Water UCITS ETF USD Acc|IE00BK5BC891|XMLC.DE|EUR|0.49|18.197999954223633|18.010000228881836|0.0005498256560836356|-0.031299870426998|0.03256918900456407|0.04778903283323643|-0.0020208600794610065|1.158685670606834|S
iShares MSCI World Energy Sector UCITS ETF USD D|IE00BJ5JP105|5MVW.DE|EUR|0.18|8.817000389099121|8.72599983215332|-0.0038413110042877507|0.17294135378867637|0.4659104638725249|0.4202756506540626|0.12867804416290696|-0.2017513965406826|B
Invesco MDAX UCITS ETF|IE00BHJYDV33|DEAM.DE|EUR|0.19|50.279998779296875|50.81999969482422|-0.04610131563996955|-0.08398616617986243|-0.011598194711541221|-0.018160521808284202|-0.02877601147575204|-1.5128468803281732|S
StSt SPDR S&P US Technology Sel Sctr UCITS ETF Acc|IE00BWBXM948|ZPDT.DE|EUR|0.15|178.22000122070312|174.05999755859375|0.10668162351475763|0.12498423987255891|0.36839675755432455|0.366927401029705|0.23002470672014508|2.0704907586842007|N
WisdomTree Strategic Metals and Rare Earths Miners UCITS USD Acc ETF|IE000KHX9DX6|RARE.DE|EUR|0.5|45.900001525878906|45.66999816894531|-0.06707315418471116|-0.03803832381651051|0.21236135197866512|0.023069203358770052|-0.08501211084215099|-0.9552729088057943|S
Xtrackers Russell 2000 UCITS 1C ETF|IE00BJZ2DD79|XRS2.DE|EUR|0.3|375.0|367.95001220703125|-0.0035871026481245627|-0.0420232767762212|0.2191157105302608|0.19407742262741734|0.054721037647740944|0.8624561876658329|S
Vanguard LifeStrategy 80% Equity UCITS ETF EUR Acc|IE00BMVB5R75|V80A.DE|EUR|0.25|44.70000076293945|44.290000915527344|0.019384317409269824|0.01625554490545178|0.16391100595571562|0.1372599011798823|0.06794343684037263|2.0446227394940006|N
iShares JP Morgan $ EM Bond UCITS ETF USD Dis|IE00B2NPKV68|IUS7.DE|EUR|0.45|77.76799774169922|77.25|-0.004657207407824715|-0.03191537252598764|0.04263900863645165|0.021116128488721797|0.0010750923528015655|-0.3242750933390136|S
Xtrackers MSCI World Utilities UCITS 1C ETF|IE00BM67HQ30|XDWU.DE|EUR|0.25|39.56999969482422|38.994998931884766|-0.011244396746431184|-0.07481881526046574|0.05253353930025906|0.024333383399381958|-0.03930545185661927|-0.1417136347772499|S
Xtrackers MSCI World Value UCITS 1C ETF|IE00BL25JM42|XDEV.DE|EUR|0.25|74.68000030517578|74.25|0.024557565242366408|0.045352712108694515|0.5445708926991504|0.40296826878458925|0.15971556762244798|1.1526930474936716|N
Xtrackers S&P 500 Swap UCITS 1C ETF|LU0490618542|D5BM.DE|EUR|0.15|139.19500732421875|137.41000366210938|0.040243702741769916|0.044968322591679044|0.2126056818019435|0.18848193357202558|0.10797696106393562|2.040085817517296|N
UBS EURO STOXX 50 ESG UCITS ETF EUR dis|LU1971906802|UET5.DE|EUR|0.1|22.670000076293945|22.799999237060547|-0.016272510252050565|-0.026973754442863207|0.14666950819033175|0.09605344150984796|0.03637271571565304|-0.9058834889339193|S
WisdomTree Broad Commodities UCITS ETF USD Acc|IE00BKY4W127|PCOM.DE|EUR|0.19|15.163999557495117|15.1899995803833|0.01567309092674396|0.15122985397386857|0.44860517392894317|0.38080486914029166|0.13320879947796338|-0.1297287708553021|B
Scalable MSCI AC World Xtrackers UCITS ETF|LU2903252349|SCWX.DE|EUR|0.15|12.312000274658203|12.170000076293945|0.03029292645782289|0.031501374702046725|0.22312738856761838|0.18658440582627334|0.09512231573664076|1.9718079295389752|N
iShares MSCI South Africa UCITS ETF USD (Acc)|IE00B52XQP83|IBC4.DE|EUR|0.65|50.720001220703125|50.68000030517578|-0.06368833422298337|-0.006658835555099274|0.12411352884277282|-0.019524421621317845|-0.0388227662168511|-1.5074787865033996|S
iShares Dow Jones Indust Average UCITS ETF USD A|IE00B53L4350|SXRU.DE|EUR|0.33|555.9000244140625|551.0|-0.003048693052915996|-0.012786275056011265|0.16236283202104018|0.11839862803820433|0.05507699876950167|1.5010679709937067|S
Fidelity Global Quality Income UCITS Inc-USD ETF|IE00BYXVGZ48|FGEQ.DE|EUR|0.4|10.366000175476074|10.276000022888184|0.022489707174560447|0.03837220277221798|0.2381556052838567|0.19520807893766023|0.09243422519794398|2.1147930618233906|N
Avantis Global Equity UCITS ETF USD Acc ETF|IE000RJECXS5|AVWC.DE|EUR|0.22|25.100000381469727|24.844999313354492|0.01949632517767519|0.022403305967476417|0.24165224793512885|0.19723349386054823|0.08464324150603875|1.9683269462221638|N
StSt SPDR MSCI World EUR Hdg UCITS ETF Acc|IE000BZ1HVL2|SPFH.DE|EUR|0.17|16.324499130249023|16.322999954223633|0.001380142584313404|0.014668867494715743|0.14965308875427286|0.1168160051829985|0.057344081577476835|0.4891195725788947|B
Xtrackers MSCI USA UCITS ETF 1C|IE00BJ0KDR00|XD9U.DE|EUR|0.03|203.50999450683594|201.02999877929688|0.039881416431650774|0.04353394548445255|0.2076310784908577|0.18585198259334224|0.10739681413773305|2.0006429940076744|N
iShares EURO STOXX 50 ESG UCITS EUR (Acc) ETF|IE000LXEN6X4|ES50.DE|EUR|0.1|8.366999626159668|8.42199993133545|-0.01979857317545275|-0.029800554444864513|0.14350139763403535|0.09329671496390168|0.03385829363359805|-1.0124169338487534|S
Amundi Prime Europe UCITS DR (C) ETF|LU2089238039|PRAE.DE|EUR|0.05|36.060001373291016|36.279998779296875|-0.02474637291656656|-0.025405368289431962|0.14804207413143367|0.08843948719324524|0.025853331738415086|-1.5485281938342208|S
Xtrackers MSCI World Consumer Staples UCITS ETF 1C|IE00BM67HN09|XDWS.DE|EUR|0.25|46.900001525878906|47.05500030517578|-0.017801015164839673|-0.021489646833689813|0.08930440584019461|0.07236768883863287|-0.003883017815559664|-0.729241820233518|S
iShares Euro Govt Bond 3-7yr UCITS ETF EUR (Acc)|IE00B3VTML14|SXRP.DE|EUR|0.15|130.60499572753906|130.66000366210938|-0.013631960461057191|-0.029644529566305478|-0.021685425261879665|-0.023550589064186944|-0.022575909438130815|-0.8666312692028102|S
Xtrackers MSCI Taiwan UCITS 1C ETF|LU0292109187|DBX5.DE|EUR|0.65|145.8000030517578|141.6199951171875|0.1025408121243212|0.08016008050599766|0.9880012316885161|0.8613557978234847|0.32591924480997125|1.7872514484751174|N
Amundi Euro Government Bond 10-15Y UCITS ETF Acc|LU1650489385|LYQ6.DE|EUR|0.15|189.625|189.1750030517578|-0.02826175774776085|-0.0631175606804516|-0.05102095361090042|-0.048138927862764525|-0.05039408910379273|-1.2387508605651099|S
Ishrs Europe Quality Adv Div Eur Dist|IE00BYYHSM20|QDVX.DE|EUR|0.28|7.058000087738037|7.080999851226807|-0.017402199425471943|-0.001796357999980569|0.13269455162994404|0.10928459056808637|0.046451630232008156|-0.9841566791940136|S
Franklin FTSE Taiwan UCITS ETF|IE000CM02H85|FLXT.DE|EUR|0.19|68.20999908447266|66.23999786376953|0.09609512431665079|0.0808112569291366|1.0008799876551069|0.8580768397056064|0.32361079305687146|1.8443477575563252|N
Xtrackers MSCI Japan UCITS 4C EUR Hedged ETF|LU0659580079|XMK9.DE|EUR|0.4|62.44200134277344|61.70800018310547|0.025387569571900803|0.011960372005942688|0.3950090285966352|0.2404052672527337|0.09360709311724258|2.081940105302722|N
VanEck Oil Services UCITS ETF|IE000NXF88S1|V0IH.DE|EUR|0.35|27.469999313354492|27.274999618530273|-0.09235090476327323|0.04707446823979233|0.549001943809253|0.36939182675416893|0.007836666246986423|-1.3208152223109524|S
iShares STOXX Europe 600 Construction & Materials UCITS (DE) ETF|DE000A0H08F7|EXV8.DE|EUR|0.46|81.58999633789062|81.54000091552734|-0.03955268665163958|-0.10254563800985705|-0.01253563736920038|-0.07211557441490335|-0.07214837759035775|-1.052892181053134|S
iShares Core MSCI EMU UCITS ETF EUR (Acc)|IE00B53QG562|SXR7.DE|EUR|0.12|241.9499969482422|243.1999969482422|-0.014259523501799154|-0.02655403750745977|0.14208161424370647|0.09603622626610275|0.03482674968067623|-1.1572134237689078|S
iShares European Property Yield UCITS EUR (Acc) ETF|IE00BGDQ0L74|IPRE.DE|EUR|0.4|4.225500106811523|4.289999961853027|-0.08241040405865563|-0.14368225339634733|-0.1069428354753128|-0.1067540621121068|-0.12740764661042248|-2.2062654363408933|S
Vanguard USD Corporate Bond UCITS EUR hedged - Acc ETF|IE00BGYWFL94|VDCE.DE|EUR|0.1|53.83000183105469|53.555999755859375|-0.02290708713736156|-0.03603017902271688|-0.03723703255680988|-0.03571939370751265|-0.031928520599506016|-1.2710547608009186|S
Global X Cybersecurity UCITS ETF USD Acc|IE00BMH5Y871|BUG.DE|EUR|0.5|18.601999282836914|18.172000885009766|0.21312115084747285|0.1758533275397518|0.3888307606887673|0.6470692246485721|0.45289015942624156|1.4590771820328778|N
Invesco USD AT1 CoCo Bond UCITS - EUR Hdg Dist ETF|IE00BFZPF439|XAT1.DE|EUR|0.39|15.38949966430664|15.62600040435791|-0.03768937537166628|-0.04181943544213418|-0.014858987145474623|-0.02699102510036666|-0.03176499022182133|-2.7420235185960795|S
Invesco Solar Energy UCITS ETF USD Acc|IE00BM8QRZ79|S0LR.DE|EUR|0.69|20.350000381469727|20.360000610351562|-0.03256474784460994|-0.23164055455917165|-0.01189603981806886|-0.11232274553048094|-0.1785180912587382|-0.7596166167188108|S
Xtrackers II Eurozone Government Bond 1-3 UCITS 1C ETF|LU0290356871|DBXP.DE|EUR|0.1|173.49000549316406|173.4199981689453|-0.0024436524128171877|-0.006015743287255959|0.00297730522605244|-0.0009501211441802493|-0.0020695685788507667|-0.05372519201259145|S
iShares MSCI Europe Industr Sector UCITS ETF EUR A|IE00BMW42520|ESIN.DE|EUR|0.18|9.557999610900879|9.444000244140625|0.002096823638644496|-0.04400885453872372|0.09159434509005293|0.08232354838970957|0.015322752493210912|0.5282555607392886|S
iShares MSCI Europe Financials Sector UCITS EUR (Acc) ETF|IE00BMW42306|ESIF.DE|EUR|0.18|16.326000213623047|16.757999420166016|-0.056627733506382616|-0.02414819723057071|0.23177912862054817|0.11455492061904704|0.05250537000285216|-2.7172249977110385|S
ARK AI & Robotics UCITS ETF USD Acc|IE0003A512E4|AAKI.DE|EUR|0.75|10.354000091552734|10.156000137329102|0.11923031445066523|0.052235765344949|0.14282556423885695|0.19506009007071334|0.14334870731550597|1.6731291191679825|N
Sprott Uranium Miners UCITS ETF|IE0005YK6564|U3O8.DE|EUR|0.85|10.680000305175781|10.694000244140625|-0.10642565218015765|-0.09059946272992347|-0.08152734202575573|-0.094915243004698|-0.1643133405681556|-1.2333304815923936|S
L&G Cyber Security UCITS ETF USD Acc|IE00BYPLS672|USPY.DE|EUR|0.69|44.32500076293945|43.380001068115234|0.16783028914710396|0.10840207308135463|0.5949981756989928|0.7170249795060695|0.3785950208963689|1.5620947422339235|N
WisdomTree Cloud Computing UCITS ETF USD Acc|IE00BJGWQN72|WTEJ.DE|EUR|0.4|36.53499984741211|35.459999084472656|0.051064488250545326|0.24501621067632984|0.23973534776623073|0.27767094683403126|0.321108811282391|1.816163185639006|N
iShares J.P. Morgan $ EM Bond EUR Hgd UCITS ETF D|IE00B9M6RS56|IS3C.DE|EUR|0.5|64.0|64.14399719238281|-0.03922238087673424|-0.05492431774548412|-0.018984111688305605|-0.038009957962430785|-0.0406726378122243|-1.9434493137407916|S
VanEck World Equal Weight Screened UCITS ETF|NL0010408704|TSWE.DE|EUR|0.2|43.290000915527344|43.025001525878906|0.013817333537379461|0.006318100659175485|0.24230378418214094|0.18256251295422365|0.08419696508840024|1.4326181245684912|N
Amundi MSCI Water UCITS ETF Dist|FR0010527275|LYM8.DE|EUR|0.6|69.55999755859375|68.72000122070312|0.011340488414368188|-0.019314856064959862|0.030866051955948937|0.0460150008811091|0.002611712938795474|1.8677859424245002|S
iShares Edge MSCI World Multifactor UCITS USD (Acc) ETF|IE00BZ0PKT83|IBCZ.DE|EUR|0.3|14.630000114440918|14.557999610900879|0.027099106134561346|0.05251802272983319|0.2581699164148932|0.21612638729689926|0.11491472004543035|1.6461896380257677|N
iShares iBonds Dec 2029 Term Corp UCITS EUR (Dist) ETF|IE000IHURBR0|29GI.DE|EUR|0.12|5.0447998046875|5.035999774932861|-0.004122367888717671|-0.010251102762774966|0.0007766162272873078|-0.000801269640267277|-0.003345868418350717|0.3222089686368392|S
HSBC FTSE EPRA Nareit Developed UCITS ETF USD Acc|IE000G6GSP88|H4Z7.DE|EUR|0.24|25.049999237060547|25.059999465942383|-0.02831657991239367|-0.06250000446142567|0.06346843186226869|0.07234582973255965|-0.01632877770837593|-1.325772890028642|S
iShares MSCI EM IMI ESG Screened UCITS ETF USD A|IE00BFNM3P36|AYEM.DE|EUR|0.18|9.475000381469727|9.28600025177002|0.03869772537900773|0.0119620278112742|0.3246191168973014|0.26148318255498504|0.10718229753774167|1.494814741761314|N
iShares Edge MSCI USA Mmntm Fctr UCITS ETF USDA|IE00BD1F4N50|QDVA.DE|EUR|0.2|20.010000228881836|19.516000747680664|0.12088287210047355|0.0015015359025454256|0.3438549205846786|0.3522097428675499|0.1697817648722082|2.039554102687997|N
HSBC MSCI China UCITS ETF USD|IE00B44T3H88|H4ZY.DE|EUR|0.28|42.75400161743164|42.448001861572266|0.02611244759895448|0.02979510507347305|0.20001132802821853|0.16913236161773448|0.08951792403533831|1.794140599621112|N
iShares eb.rexx Government Germany 0-1yr UCITS (DE) EUR (Dist) ETF|DE000A0Q4RZ9|EXVM.DE|EUR|0.13|76.77449798583984|76.80000305175781|0.0012127395257570672|0.003944750742933101|0.015140779215119471|0.010781617552004796|0.005757782343742024|1.6443714557426956|N
Global X S&P 500 Covered Call UCITS ETF USD Dist|IE0002L5QB31|XY7D.DE|EUR|0.45|14.083999633789062|14.034000396728516|0.03621932945587503|0.04677867070328401|0.23079723346682401|0.18208208987002017|0.10628029190428068|1.6739915896919648|N
Xtrackers MSCI China UCITS 1C ETF|LU0514695690|XCS6.DE|EUR|0.65|15.260000228881836|15.418000221252441|-0.029755815591350543|-0.0013088680915485096|-0.19199404385286045|-0.13531280548730173|-0.06443331049998002|-1.2699102239264943|S
StSt SPDR S&P 500 EUR Hdg UCITS ETF Acc|IE00BYYW2V44|SPPE.DE|EUR|0.05|18.736000061035156|18.686500549316406|0.007338874705878462|0.02530985346707193|0.14233449740728976|0.12087584564391252|0.06555319211336208|1.2332948251672877|N
iShares Elctrc Vhcls and Drvng Tech UCITS ETF USDA|IE00BGL86Z12|IEVD.DE|EUR|0.4|11.381999969482422|11.02400016784668|0.06893315385960896|-0.05181604095492642|0.4220390282053599|0.3993115582773692|0.1278178734060187|2.267313290518966|N
Invesco S&P 500 UCITS EUR Hedged Acc ETF|IE00BRKWGL70|E500.DE|EUR|0.05|58.608001708984375|58.45600128173828|0.007668288054052397|0.02450792566921911|0.13952408253903736|0.11868681793809177|0.06448377358626689|1.197309770324959|N
iShares MSCI Canada UCITS ETF USD (Acc)|IE00B52SF786|SXR2.DE|EUR|0.48|270.1000061035156|268.04998779296875|-0.009715834634223208|0.025436645263037905|0.2274483179170217|0.13774226220616392|0.04920913692072659|-0.6925271771081427|S
Invesco EURO STOXX Hi Div Low Vlty UCITS ETF Dist|IE00BZ4BMM98|EHDV.DE|EUR|0.3|34.81999969482422|35.46500015258789|-0.0418516408238192|0.008194806498719176|0.18626157681091837|0.1174722979536329|0.03079238608146606|-3.3655924904112844|S
Xtrackers Nikkei 225 UCITS ETF 1D|LU0839027447|XDJP.DE|EUR|0.09|40.7400016784668|39.165000915527344|0.1265035434016868|0.04221927310119589|0.5273999590109364|0.4411197225751826|0.19535163131622646|3.223013385807682|N
Amundi MSCI World Information Technology UCITS EUR Acc ETF|LU0533033667|LYPG.DE|EUR|0.3|1312.199951171875|1278.4000244140625|0.11052807911677132|0.11562659891670646|0.3703007358254833|0.37115982358607624|0.2307478314900726|2.171354634476439|N
Amundi MSCI World (2x) Leveraged UCITS ETF|FR0014010HV4|LVWC.DE|EUR|0.6|5.574999809265137|5.429999828338623|0.0016169285929927835|0.047538478258707606|0.2697869768991652|0.2476221635739746|0.12144603328013748|1.441953785877907|N
WisdomTree AI UCITS ETF USD Acc|IE00BDVPNG13|WTI2.DE|EUR|0.4|112.27999877929688|108.44000244140625|0.14105688046933174|0.03636701656439212|0.5301172387829025|0.5097484823537559|0.23994161067914455|2.036237555439989|N
iShares MSCI Europe Consumer Staples Sector UCITS EUR (Acc) ETF|IE00BMW42074|ESIS.DE|EUR|0.18|5.699999809265137|5.730000019073486|-0.037649848878120395|-0.05909545613865652|0.024811221945415074|0.004051393923429902|-0.03170490178046048|-1.9225306759893834|S
iShares S&P 500 Cnsmr Dscrtnr Sctr UCITS ETF USD A|IE00B4MCHD36|QDVK.DE|EUR|0.15|14.14799976348877|13.859999656677246|-0.004082821570869255|-0.037681942148513725|-0.01187317210477945|-0.00028269245594580994|-0.006554172351128429|1.4259060400940378|S
Franklin FTSE Asia ex China ex Japan UCITS ETF|IE00BFWXDV39|FVSJ.DE|EUR|0.14|40.470001220703125|39.2599983215332|0.06626266021124705|0.02585552441159633|0.619771872406357|0.476737829108109|0.18183965625555754|1.8141390540766096|N
Invesco EURO STOXX 50 UCITS Acc ETF|IE00B60SWX25|SC0D.DE|EUR|0.05|162.3000030517578|163.66000366210938|-0.022406945699134595|-0.026744972427396485|0.12723994907519431|0.08532840937881914|0.03240270703864967|-1.5760818902045215|S
iShares MSCI Europe SRI UCITS ETF EUR (Acc)|IE00B52VJ196|IUSK.DE|EUR|0.2|76.56999969482422|76.26000213623047|-0.012637051171739189|-0.02446169220539085|0.09385713849748889|0.08425370598743243|0.03466820231886114|0.07847392471327469|S
iShares MSCI World Islamic UCITS ETF USD (Dist)|IE00B27YCN58|IUSD.DE|EUR|0.3|63.040000915527344|61.72999954223633|0.06811251146364339|0.07576796172387357|0.33323388537706|0.29390854689150236|0.15197098214694327|2.2671908293094716|N
ARK Innovation UCITS ETF USD Acc|IE000GA3D489|ARXK.DE|EUR|0.75|9.015000343322754|8.897000312805176|0.14142828732379886|0.11365040715824737|0.18649648387511597|0.2974957401723366|0.24252799486898646|1.4252985471455908|N
Xtrackers ATX UCITS 1C ETF|LU0659579063|XB4A.DE|EUR|0.25|139.44000244140625|143.25999450683594|-0.01302375675105294|0.017810236798585732|0.4540146008629411|0.2771570072508598|0.11739366138981167|-2.5045204418362013|S
Xtrackers MSCI Europe Value UCITS 1C ETF|LU0486851024|D5BL.DE|EUR|0.15|49.58000183105469|50.45000076293945|-0.037281517843598344|-0.045620767989968836|0.22813978555485526|0.11141002359793406|0.016439273301093182|-2.7379985678233485|S
iShares S&P 500 Financials Sector UCITS ETF USD A|IE00B4JNQZ49|QDVH.DE|EUR|0.15|14.118000030517578|14.026000022888184|-0.042328015972460276|-0.024730575144148004|0.06054685541088367|0.03021012428524883|0.03393500979449526|-1.2303514549081527|S
L&G Metaverse UCITS USD Acc ETF|IE0004U3TX15|MTVR.DE|EUR|0.39|40.470001220703125|39.0|0.16594647905960835|0.06837381413824661|0.9765567993507469|0.822972965310141|0.33577145746675807|1.718341234144031|N
Vanguard Global Aggregate Bond UCITS EUR Hedged Distributing ETF|IE00BG47KB92|VAGE.DE|EUR|0.08|19.658000946044922|19.631999969482422|-0.015558570920694015|-0.03109132892201294|-0.031265455974148204|-0.0321825959802321|-0.026975817430109794|-1.2695022889286127|S
iShares STOXX Europe 600 Utilities UCITS (DE) ETF|DE000A0Q4R02|EXH9.DE|EUR|0.46|55.400001525878906|55.029998779296875|0.013352906189564528|-0.047972983337600916|0.2300383983152714|0.09879143200444096|-0.0066196902365686094|0.7246073872180385|S
iShares S&P SmallCap 600 UCITS ETF USD (Dist)|IE00B2QWCY14|IUS3.DE|EUR|0.3|99.66999816894531|97.52999877929688|-0.00885043169506694|-0.042893550479588205|0.21560178864669388|0.19358941889204773|0.053689615623707|0.9174212036349475|S
Amundi MSCI EMU High Dividend UCITS ETF Acc|FR0010717090|18M2.DE|EUR|0.3|206.4499969482422|210.0500030517578|-0.037529151756446666|-0.015263520350123128|0.16691159329030714|0.08498002035253682|0.021554058809008625|-2.9834391900097126|S
Amundi Core EURO STOXX 50 UCITS ETF EUR Acc|LU1681047236|V50A.DE|EUR|0.09|167.60000610351562|168.66000366210938|-0.019424245851840327|-0.02365138921111365|0.1335047031765133|0.08972693613740534|0.03625793720278514|-1.326708036158408|S
UBS Core S&P 500 UCITS ETF USD acc|IE00BD4TXW66|BCFT.DE|EUR|0.03|132.85000610351562|131.18499755859375|0.03967762852287793|0.044336192592044465|0.21241167970342167|0.1880170778364052|0.10752524400133368|2.034697911784255|N
Amundi MSCI World Swap II UCITS ETF Dist|FR0010315770|LYYA.DE|EUR|0.3|439.1300048828125|435.1700134277344|0.028142679739402654|0.031354234914251045|0.20225033027725914|0.1707323820154163|0.09138068247192122|1.912448558720064|N
Xtrackers MSCI AC World Screened UCITS 1C ETF|IE00BGHQ0G80|XMAW.DE|EUR|0.25|51.83000183105469|51.33000183105469|0.030827428189915462|0.02918985708671662|0.2162384087677789|0.1795631190472946|0.09616046254735333|1.816891557724694|N
iShares MSCI EM Latin America UCITS ETF USD D|IE00B27YCK28|IUSC.DE|EUR|0.2|18.597999572753906|18.489999771118164|-0.014936419520542255|0.03922662426787804|0.3122764371361262|0.18437302296186786|0.033836182448238494|-0.5033556424300341|N
Global X Robotics & AI UCITS ETF USD Acc|IE00BLCHJB90|XB0T.DE|EUR|0.5|21.610000610351562|21.020000457763672|0.06400793592285114|-0.02062088885988267|0.0642698983285972|0.05055911185983275|0.026189222146143276|2.6840738155211894|N
iShares FTSE MIB UCITS ETF EUR (Acc)|IE00B53L4X51|SXRY.DE|EUR|0.33|249.60000610351562|255.5500030517578|-0.03180753327280328|-0.05275139998665801|0.2087167365787681|0.12356521702099243|0.037433458281919796|-3.2740942373903494|S
Amundi Stoxx Europe 600 ESG UCITS ETF Acc|LU1681040223|AME6.DE|EUR|0.18|159.27999877929688|159.97999572753906|-0.023780367710996564|-0.03665173395921384|0.12884473344702618|0.0685630040795202|0.018042637813287632|-1.1832358483832612|S
Vanguard FTSE Developed Europe ex UK UCITS - (EUR) Accumulating ETF|IE00BK5BQY34|VERE.DE|EUR|0.1|59.45000076293945|59.63999938964844|-0.022043101372048457|-0.03160121593088183|0.13562564461827442|0.08071264455334926|0.024313015434566543|-1.1802934857057157|S
Xtrackers CAC 40 UCITS 1D ETF|LU0322250985|DX2G.DE|EUR|0.2|80.55000305175781|81.06999969482422|-0.04243936731170961|-0.06648237728352768|0.008689007627184386|-0.010604524725914|-0.02797808055379314|-2.0701553759128943|S
iShares Ageing Population UCITS ETF USD (Acc)|IE00BYZK4669|2B77.DE|EUR|0.4|9.121000289916992|9.15999984741211|-0.03817352307191946|-0.02407440986425391|0.17705513028841424|0.11886651274357773|0.05257391528177924|-1.2897031336530906|S
Invesco STOXX Europe 600 Optimised Banks UCITS Acc ETF|IE00B5MTWD60|SC0U.DE|EUR|0.2|237.5|248.39999389648438|-0.055666003976143186|-0.022231346365474414|0.3339699447095992|0.14706590919793605|0.06736344242890913|-3.4401099177602212|S
State Street SPDR Bloomberg 15+ Year Gilt UCITS ETF|IE00B6YX5L24|SYBL.DE|EUR|0.15|37.94200134277344|37.28099822998047|0.014410647985532155|-0.030714018834397283|0.0189963003214475|-0.031205806530603453|-0.01594067993410775|0.7883842622107651|N
State Street SPDR FTSE Global Convertible Bond UCITS ETF|IE00BDT6FP91|SPF1.DE|EUR|0.55|52.96799850463867|52.68000030517578|-0.0034992818287237215|-0.02743203052598231|0.15532092314891455|0.10976551788297684|0.019469164185208276|-0.17268562901831538|S
Xtrackers Physical Silver (EUR) ETC|DE000A1E0HS6|XAD6.DE|EUR|0.4|510.1000061035156|495.8800048828125|-0.02699092779491541|0.00740594441551834|0.3818605024148518|-0.10899562252661021|-0.12900656107392983|-0.9101842416960639|S
iShares EUR Govt Bond 20yr Target Duration UCITS EUR (Dist) ETF|IE00BSKRJX20|IS05.DE|EUR|0.15|2.9491000175476074|2.887200117111206|-0.016278058460467593|-0.06986057032167636|-0.08222777544469884|-0.05230763148658513|-0.0581854831210602|-0.22888192733816687|S
StSt SPDR MSCI Europe Energy UCITS ETF|IE00BKWQ0F09|SPYN.DE|EUR|0.18|309.1000061035156|309.6000061035156|0.012944493809726954|0.2074218988418579|0.5271739892522032|0.42969477551617863|0.13999624507996833|-0.6270004686901739|N
iShares iBonds Dec 2028 Term EUR Corp UCITS EUR (Dist) ETF|IE000264WWY0|IB28.DE|EUR|0.12|5.102799892425537|5.0980000495910645|-0.0018903868493692633|-0.004287352551890389|0.006487547601103705|0.001801330355767794|0.000904148354415879|0.5507958168582899|S
iShares STOXX Europe 600 Technology UCITS (DE) EUR (Dist) EUR (Dist) ETF|DE000A0H08Q4|EXV3.DE|EUR|0.46|102.5199966430664|99.3499984741211|0.07384513807709525|0.03499774823018287|0.24096929969163927|0.2594776919453232|0.14287774278268195|2.5590081020591557|N
UBS Core MSCI Japan UCITS hEUR acc ETF|LU1169822266|UFMA.DE|EUR|0.15|44.52000045776367|44.244998931884766|0.02592464542303574|0.009294940869166268|0.3960489592299885|0.24132157742218374|0.09198342476783217|1.7510551851383338|N
Amundi MSCI Em Mkts Swap UCITS ETF EUR Acc|LU1681045370|AMEM.DE|EUR|0.2|7.975399971008301|7.825799942016602|0.03881520495258739|0.014630269222140946|0.33613673219949036|0.2723589023905606|0.10974361497220353|1.386504174882006|N
iShares STOXX Europe 600 Telecommunications UCITS (DE) ETF|DE000A0H08R2|EXV2.DE|EUR|0.46|26.80500030517578|26.270000457763672|-0.026158013563414406|-0.026482563741710097|0.13205936103331228|0.10164941615138012|-0.03951191775325724|-1.1159356816597676|S
Invesco STOXX Europe 600 UCITS Acc ETF|IE00B60SWW18|SC0C.DE|EUR|0.19|161.77999877929688|162.5399932861328|-0.021413067917299022|-0.026828720924522487|0.13993799934178197|0.08344488912342296|0.022752408423723613|-1.4855267598314321|S
Global X European Infra Dev UCITS ETF EUR Acc|IE000PS0J481|B41J.DE|EUR|0.47|18.49799919128418|18.621999740600586|-0.02918031060531434|-0.1081003184462962|-0.011225197229308037|-0.02590840367372027|-0.07102462538941168|-2.05054616232363|S
Xtrackers II iBoxx Eurozone Government Bond Yield Plus UCITS 1C ETF|LU0524480265|XY4P.DE|EUR|0.15|172.6199951171875|173.0850067138672|-0.026807638521846422|-0.050129317253767236|-0.04097336148262587|-0.04203785842635355|-0.041751054640183805|-1.6459128107732433|S
HSBC Hang Seng Tech UCITS ETF HKD|IE00BMWXKN31|H4ZX.DE|EUR|0.5|5.131999969482422|5.196000099182129|-0.06127675830976187|-0.06927819617534048|-0.35648902434452523|-0.25014610279672944|-0.1343459097139772|-1.5290673482814803|S
iShares S&P 500 Consumer Staples Sector UCITS ETF|IE00B40B8R38|2B7D.DE|EUR|0.15|8.704999923706055|8.696999549865723|-0.008429246634248933|-0.0070720056182695945|0.10652088594609332|0.10455524392298843|0.00397321109150961|0.31484762699589486|S
iShares iBonds Dec 2031 Term Corp UCITS EUR (Acc) ETF|IE000D9WMGF0|IG31.DE|EUR|0.12|5.169400215148926|5.158999919891357|-0.008135362536856316|-0.02353606538019115|-0.012606483214520292|-0.011322306113111469|-0.013669189458804798|-0.03093160091983538|S
iShares MSCI Wld IT Sector Advanced UCITS ETF USDD|IE00BJ5JNY98|AYEW.DE|EUR|0.18|19.739999771118164|19.197999954223633|0.10799280354876473|0.11223803643242403|0.3785732520202343|0.3700171228229956|0.23141099880286142|2.2879429611850464|N
PIMCO Advantage Euro Short-Term High Yield Corporate Bond UCITS - EUR Income ETF|IE00BD8D5H32|EUHI.DE|EUR|0.45|9.027999877929688|9.100199699401855|-0.02236977745061164|-0.025509974566510163|0.0030840997313041907|-0.005410775575317772|-0.012115142761340958|-2.295658148535876|S
State Street SPDR MSCI Emerging Markets UCITS ETF|IE00B48X4842|SPYX.DE|EUR|0.55|139.60000610351562|136.32000732421875|0.023910883476523814|0.01586383323837759|0.18505944386248907|0.16410947494215922|0.06779345291024197|1.8343006185724622|N
Vanguard ESG Global All Cap UCITS ETF (USD) Acc|IE00BNG8L278|V3AA.DE|EUR|0.24|7.9120001792907715|7.830999851226807|0.03249381038869048|0.030476713572215264|0.21985817219188064|0.18905927421426671|0.10261483174990338|1.8723252930874652|N
Ishs Eur Ultrashort Bd Ucits Etf (Dist)|IE00BCRY6557|IS3M.DE|EUR|0.09|100.80000305175781|100.88999938964844|0.0015263886490535228|0.005897248488724527|0.021865600358873305|0.015779104226997243|0.008686461309232563|0.9744673815921464|N
StSt SPDR MSCI World Small Cap UCITS ETF Acc|IE00BCBJG560|ZPRS.DE|EUR|0.45|128.75999450683594|126.94000244140625|0.0026475342060301443|-0.014843171283121737|0.20765326570922138|0.17310488338933627|0.05604688167026617|1.1829902791793743|N
iShares MSCI Wld Cons Stpls Sec Adv UCITS ETF USDD|IE00BJ5JP329|3SUE.DE|EUR|0.18|5.173999786376953|5.197000026702881|-0.02542856065056076|-0.00881226162137616|0.06694896638146286|0.057127266339727534|-1.1119472354770288e-05|-1.2451817655914765|S
Amundi Core MSCI Emerging Markets Swap UCITS Dist ETF|LU2573966905|AE5A.DE|EUR|0.14|67.91600036621094|66.69200134277344|0.038216949767710284|0.013671647256879638|0.33601770974035716|0.27250240330494635|0.10917075353596828|1.386317921618843|N
Xtrackers II EUR High Yield Corporate Bond UCITS 1D ETF|LU1109942653|XHYG.DE|EUR|0.2|15.321499824523926|15.454000473022461|-0.018544631053702854|-0.023749746074476996|0.0015540968334053495|-0.005580617924689779|-0.011684969789726551|-2.408418715267218|S
Invesco KBW NASDAQ Fintech UCITS ETF Acc|IE00BYMS5W68|KFTK.DE|EUR|0.49|49.33000183105469|48.029998779296875|-0.036335160100665065|0.03428036789374156|-0.03952489788109015|0.010653563678205913|0.05949715040981318|-0.1880386720572426|S
Amundi MSCI India Swap UCITS ETF EUR Acc|FR0010361683|LYMD.DE|EUR|0.85|24.34000015258789|24.03499984741211|-0.04549019009459254|-0.062403659053044014|-0.09077326348984227|-0.13102463571241652|-0.04612984350033322|-0.9259241325950257|S
L&G Clean Energy UCITS ETF USD Acc|IE00BK5BCH80|RENW.DE|EUR|0.49|13.984000205993652|13.633999824523926|0.02899190941736185|-0.1057679612378154|0.27731094852615157|0.16786372412927442|-0.01702353044653726|1.1822751210226325|N
iShares Dvlp Mrkts Prop Yld UCITS ETF USD Dist|IE00B1FZS350|IQQ6.DE|EUR|0.59|21.149999618530273|21.155000686645508|-0.02937132951385113|-0.06453709704333521|0.0478523436722611|0.060051704891506796|-0.022677320747292118|-1.391513118702577|S
Franklin European Quality Dividend UCITS ETF|IE00BF2B0L69|FLXD.DE|EUR|0.25|35.26499938964844|35.849998474121094|-0.04803630691336458|-0.02967678172684951|0.1272429991527242|0.08128578916015594|-0.006900586047524193|-2.746988848263316|S
iShares MSCI Turkey UCITS USD (Dist) ETF|IE00B1FZS574|IQQ5.DE|EUR|0.74|19.059999465942383|18.36199951171875|-0.02536307507205715|-0.033468553265372236|0.13457960478472875|0.17305618818241686|-0.0018478743398253616|-0.8430794880061627|S
iShares MSCI Japan UCITS ETF USD (Acc)|IE00B53QDK08|SXR5.DE|EUR|0.12|272.2200012207031|268.4200134277344|0.06360865290303308|0.05368683874398705|0.3456918792599717|0.27916923238416835|0.12998079767819548|2.6981237623056717|N
Amundi MSCI World ESG Leaders UCITS Acc ETF|IE00016PSX47|MWOP.DE|EUR|0.18|118.18000030517578|116.5|0.039767697496329024|0.03159918665964101|0.234513696448295|0.18726139459720215|0.10701504636415016|2.267156204952952|N
iShares S&P 500 EUR Hedged UCITS ETF (Acc)|IE00B3ZW0K18|IBCF.DE|EUR|0.2|158.6699981689453|158.27999877929688|0.006917098142054989|0.024338311304132887|0.13942043449333208|0.11826061633291585|0.06442550382176826|1.186349929008845|N
UBS BBG Japan Gov 1-3 UCITS ETF JPY acc|LU2098179695|CHSD.DE|EUR|0.15|6.539000034332275|6.546800136566162|0.020921127265339345|0.04001658471762415|-0.028697915571025634|0.03658732382037577|0.03630458119361668|1.9941440886259647|N
Global X DataCntrREITS&Dig Infra UCITS ETF USD Acc|IE00BMH5Y327|V9N.DE|EUR|0.5|22.030000686645508|21.735000610351562|0.029198784393869914|-0.0419656498094767|0.3538594858832518|0.304322171861491|0.039714723905344806|-0.021905756475670782|S
iShares   Corp Bond 0-3Yr ESG SRI UCITS ETF EUR D|IE00BYZTVV78|QDVL.DE|EUR|0.12|4.936500072479248|4.927299976348877|-0.00046565677494403435|-0.002586171847135388|0.012173942799598159|0.007264499932719826|0.003023456229079846|0.8912166472702621|S
iShares European Property Yield UCITS ETF EUR D|IE00B0M63284|IQQP.DE|EUR|0.4|26.19499969482422|26.584999084472656|-0.0816763467931011|-0.14405195772601187|-0.10663949193344424|-0.10657428560611115|-0.12645214852233488|-2.194969400301419|S
Ishrs World Quality Div Usd Adv Dist|IE00BYYHSQ67|QDVW.DE|EUR|0.38|8.541000366210938|8.46399974822998|0.009335910425389171|0.035403233097432096|0.28112708550528764|0.22239033256776009|0.1017233784150755|1.9437052832619726|N
L&G ROBO Global Robotics and Auto UCITS ETF USDAcc|IE00BMW3QX54|IROB.DE|EUR|0.8|29.614999771118164|28.799999237060547|0.07359074692839762|-0.029493679715935972|0.29266695627950634|0.22174092618615804|0.08131692471738905|2.403935053368646|N
Invesco STOXX Europe 600 Optimised Oil & Gas UCITS Acc ETF|IE00B5MTWH09|SC0V.DE|EUR|0.2|437.20001220703125|436.6000061035156|0.003442735730948776|0.09904481051559988|0.4760296900374432|0.35209526505179123|0.0839712263608019|-1.176918931089689|N
Xtrackers II Eurozone Government Bond 25+ UCITS 1C ETF|LU0290357846|DBXG.DE|EUR|0.15|231.0399932861328|227.9499969482422|-0.027240964045060045|-0.08251931313516181|-0.08513503037770365|-0.062223493667574514|-0.07046171915679311|-0.9748708453789013|S
Amundi MSCI World Swap UCITS ETF EUR Acc|LU1681043599|AMEW.DE|EUR|0.38|708.4600219726562|701.780029296875|0.02740881791429106|0.030217585967594163|0.1979370861111691|0.16761159366174305|0.08932713227691869|1.9106104174657865|N
iShares Edge MSCI USA Val Fctr UCITS ETF USD A|IE00BD1F4M44|QDVI.DE|EUR|0.2|17.200000762939453|16.851999282836914|0.03726932838142005|0.056640919764340936|0.688923874427388|0.5359886437981276|0.20495353033180708|2.4610909719318386|N
StSt SPDR S&P U.S. Energy Sel Sector UCITS ETF Acc|IE00BWBXM492|ZPDE.DE|EUR|0.15|44.88999938964844|44.33000183105469|-0.0031090249487815136|0.19674757127031461|0.4945896326853576|0.45960008501361016|0.14721627962836203|0.1576302035046827|B
iShares Euro Dividend UCITS ETF EUR Dist|IE00B0M62S72|IQQA.DE|EUR|0.4|25.549999237060547|26.065000534057617|-0.04447503455296853|0.00783399352048808|0.18535120904768898|0.10714191257224437|0.041013481232129445|-2.7509894078578396|S
Global X Genomics & Biotechnology UCITS ETF USDAcc|IE00BM8R0N95|GN0M.DE|EUR|0.5|10.949999809265137|11.130000114440918|0.10438727699386474|0.18892505579926655|0.8123138267311667|0.5748597297753633|0.3770362963988616|1.1811309797854757|N
Vanguard FTSE Japan UCITS ETF USD Acc|IE00BFMXYX26|VJPA.DE|EUR|0.1|44.72999954223633|44.20000076293945|0.05607366369185418|0.04277885685721072|0.3249408106073901|0.26373778679878734|0.11853311533063682|2.6211516601528837|N
iShares STOXX Europe Mid 200 UCITS (DE) ETF|DE0005933998|EXSD.DE|EUR|0.2|65.0|65.77999877929688|-0.021486303279889762|-0.01652076304232486|0.14410204323216402|0.089846299676136|0.02296711152145381|-2.2602040540436072|S
iShares Nikkei 225 UCITS ETF JPY (Acc)|IE00B52MJD48|SXRZ.DE|EUR|0.48|403.20001220703125|387.1499938964844|0.12531405510403326|0.04118789465986117|0.5197890341467903|0.43692089606828977|0.19405375427006621|3.244767687740926|N
Amundi EURO STOXX 50 II UCITS ETF Acc|FR0007054358|LYSX.DE|EUR|0.2|70.76000213623047|71.43000030517578|-0.023191610278239128|-0.02815541122238807|0.12764943643395177|0.08378007572369706|0.03179072913242598|-1.705874406719018|S
iShares MSCI Europe ESG Enhanced CTB UCITS EUR (Acc) ETF|IE00BHZPJ783|EDM6.DE|EUR|0.12|9.600000381469727|9.635000228881836|-0.01830451944480338|-0.023695697884361877|0.1458582101020265|0.08744906058003221|0.024988403671451387|-1.1837766719655785|S
Fidelity Europe Quality Income UCITS - Inc EUR ETF|IE00BYSX4176|FEUI.DE|EUR|0.3|7.322999954223633|7.2870001792907715|-0.013471629601778945|4.747109000846628e-05|0.21230610234845249|0.14603386511637795|0.056873442547086484|-0.3693320190315435|S
Amundi IBEX 35 UCITS ETF - Acc|FR0010655746|AMES.DE|EUR|0.3|491.25|502.3999938964844|-0.038461526974427285|-0.034113263655730974|0.2639907570173352|0.10929207006755903|0.03645909444894957|-2.8520650603978184|S
iShares STOXX Europe 600 Basic Resources UCITS (DE) ETF|DE000A0F5UK5|EXV6.DE|EUR|0.46|82.94000244140625|82.54000091552734|-0.04721425004325219|0.04387835173584875|0.48252955584712165|0.23814946226872058|0.0418218790236875|-0.751054852007842|S
VanEck Morningstar US ESG Wide Moat UCITS ETF|IE00BQQP9H09|GMVM.DE|EUR|0.49|58.470001220703125|58.20000076293945|-0.03482998591244557|0.04954231164221512|0.08882682290491961|0.07186071564560859|0.06108355472772642|0.18195753941239007|S
iShares Edge MSCI Eu Mmntm Fctr UCITS ETF EUR A|IE00BQN1K786|CEMR.DE|EUR|0.25|15.637999534606934|15.729999542236328|-0.010378465428068973|-0.02530547713612874|0.11875804010303614|0.057478997948065436|0.01213550028511401|-1.6555420636149942|S
iShares Edge MSCI Europe Val Fctr UCITS ETF EUR A|IE00BQN1K901|CEMS.DE|EUR|0.25|13.343999862670898|13.567999839782715|-0.0355594510045355|-0.042205016565059816|0.2307692172367528|0.11033451924989035|0.01796543038681442|-2.7646643662950066|S
iShares MSCI EM UCITS ETF USD (Dist)|IE00B0M63177|IQQE.DE|EUR|0.18|59.53799819946289|58.42599868774414|0.03754996534194022|0.012234475808792222|0.32613191723184887|0.262466423268392|0.10576363222025331|1.3570811267397536|N
iShares Core MSCI Pacific ex-Japan UCITS ETF USD A|IE00B52MJY50|SXR1.DE|EUR|0.2|214.10000610351562|214.5500030517578|-0.022151134561892993|0.033301202977319644|0.13858760767837475|0.14101474525653246|0.04188441535767251|-0.4082430974497261|S
State Street SPDR S&P Europe Defense Vision UCITS ETF|IE0008GRJRO8|DFSV.DE|EUR|0.2|9.920000076293945|9.954000473022461|-0.03332683734481534|-0.05989385583213602|-0.10226245203039852|-0.017432611562942513|-0.051361770895886893|-0.9596379470857614|S
PIMCO Euro Short Maturity UCITS ETF EUR Inc|IE00B5ZR2157|PJS1.DE|EUR|0.19|97.23799896240234|97.23600006103516|0.00013559906182392112|0.0029847525637134442|0.020106174393045295|0.014459243906166375|0.006990849070934946|-0.2258587037510545|B
Vanguard LifeStrategy 40% Equity UCITS ETF EUR Acc|IE00BMVB5M21|V40A.DE|EUR|0.25|31.010000228881836|30.84000015258789|0.0019385933590743143|-0.007044486601959776|0.06017094799596023|0.049230245599126254|0.019199141817019427|0.7658052406341757|N
iShares Automation & Robotics UCITS ETF USD D|IE00BYWZ0333|2B7F.DE|EUR|0.4|13.381999969482422|12.857999801635742|0.11702842076940345|0.06697497726450119|0.4604570929105709|0.4439413052871528|0.22807411311437398|2.2798633845551017|N
iShares Global Inflation Linked Govt Bond UCITS EUR Hedged (Acc) ETF|IE00BKPT2S34|IS3V.DE|EUR|0.2|4.444499969482422|4.4268999099731445|-0.01589802022263309|-0.024665903208199835|-0.01837577110720856|-0.01883084681071856|-0.0244067381253652|-1.1271617633658653|S
iShares S&P 500 Top 20 UCITS ETF USD (Acc)|IE000VA628D5|IS20.DE|EUR|0.2|6.210999965667725|6.140999794006348|0.06957117174167982|0.0929086520813065|0.21213893009617601|0.1868909231997824|0.13603107430565053|1.7001958401113273|N
Franklin FTSE China UCITS ETF|IE00BHZRR147|FLXC.DE|EUR|0.19|24.760000228881836|25.030000686645508|-0.030540354686177662|-0.014919434914868246|-0.18485595954298484|-0.1292421067727546|-0.06939944983687862|-1.373463937617194|S
First Trust Nasdaq Cybersecurity UCITS ETF A USD|IE00BF16M727|CBRS.DE|EUR|0.6|58.36000061035156|57.150001525878906|0.1680176209772084|0.14859277766186607|0.4413434969400929|0.563353810548225|0.37028518115092957|1.6026529697924796|N
UBS Solactive Global Pure Gold Miners UCITS USD dis ETF|IE00B7KMNP07|UBUD.DE|EUR|0.43|46.53499984741211|45.9900016784668|-0.05656362640390722|0.1439827036313559|0.2455669538883154|0.08990736359529738|0.0065332392100800885|-1.0610891221002776|S
Global X Lithium and Battery Tech UCITS ETF USDAcc|IE00BLCHJN13|LI7U.DE|EUR|0.6|10.947999954223633|10.770000457763672|-0.0388060031410129|-0.09190443132658821|0.21092794057831843|0.07565331794411523|-0.0587171235217997|-0.08401975123670216|S
iShares   Corp Bond 1-5 yr UCITS ETF EUR (Dist)|IE00B4L60045|EUNT.DE|EUR|0.2|104.91999816894531|104.68499755859375|-0.005261913374779104|-0.012619122101639513|-0.0002738473060280855|-0.0026703372532751457|-0.004938887836982486|0.07618234055282291|S
Vanguard US Treasury 0-1Y Bd UCITS ETF USD Acc|IE00BLRPPV00|VUCF.DE|EUR|0.05|53.03200149536133|52.51599884033203|0.03295678491906173|0.02311227900675683|0.07687940618811995|0.07079110870385019|0.045973082003149646|2.005768090834967|N
Vanguard FTSE North America UCITS - (USD) Accumulating ETF|IE00BK5BQW10|VNRA.DE|EUR|0.08|173.3800048828125|171.3000030517578|0.03758227737829367|0.04420628699996887|0.20906563641815556|0.18590977087497884|0.1064723002371617|2.006062183959371|N
iShares   Corp Bond ESG SRI UCITS ETF EUR Dis|IE00BYZTVT56|OM3F.DE|EUR|0.14|4.619200229644775|4.5995001792907715|-0.006495462437358324|-0.022143178936472885|-0.009450602622523618|-0.008382388753546577|-0.011526559598592168|0.09719887284160927|S
Invesco ChiNext 50 UCITS Acc ETF|IE000AWRDWI7|CNFY.DE|EUR|0.49|9.008000373840332|9.050000190734863|-0.04788077872075602|-0.2077396249333917|0.03695177725716814|0.02259057307717538|-0.08828214354557806|-1.5794786266130305|S
iShares Core FTSE 100 UCITS ETF GBP Dist|IE0005042456|IUSZ.DE|EUR|0.07|11.979999542236328|12.055999755859375|-0.01600568936603497|-0.003504805046310011|0.1754001661586997|0.10436957752343101|0.02947121487478932|-1.6903435291612046|S
Vanguard USD Corporate Bond UCITS ETF USD Acc|IE00BGYWFK87|VUCE.DE|EUR|0.07|53.097999572753906|52.27199935913086|0.012277443563692758|-0.016193591998437173|0.02040895320515279|0.021429639662870814|0.007932778244956529|2.1026502302790284|N
Xtrackers II Rolling Target Maturity Sept 2027 EUR High Yield UCITS ETF|LU1109939865|XHY1.DE|EUR|0.3|8.505999565124512|8.507800102233887|0.00188454587016329|0.00545565778745094|0.026305030699328436|0.01659526485575391|0.011095351360709715|0.9835211117215772|N
Global X EURO STOXX 50 Covered Call UCITS - EUR Distributing ETF|IE000SAXJ1M1|SY7D.DE|EUR|0.45|14.522000312805176|14.533953666687012|-0.006347273168509582|0.007523898670260154|0.08041424265459951|0.028594362361741954|0.02185004687244274|-0.13482673953601845|S
L&G Cyber Security Innovation UCITS ETF USD Acc|IE000ST40PX8|ES6Y.DE|EUR|0.49|25.80500030517578|25.219999313354492|0.20135013291947068|0.09181299154980405|0.6934637385022255|0.8247065438565424|0.3799450691880175|1.7770019882261228|N
Invesco S&P SmallCap 600 UCITS ETF Acc|IE00BH3YZ803|SMLK.DE|EUR|0.14|72.0199966430664|70.7699966430664|-0.010986034813382117|-0.04457416732260766|0.22192056873293087|0.19893452653491228|0.051893565885521964|0.5907270697675904|S
iShares JP Morgan $ EM Bond UCITS ETF USD Acc|IE00BYXYYK40|IS02.DE|EUR|0.45|5.623000144958496|5.571000099182129|-0.004954853621709443|-0.032552204364780346|0.042841234810101714|0.01984189547617854|0.0005600047398512942|-0.31526112699044334|S
Fidelity US Quality Income UCITS ETF Acc|IE00BYXVGY31|FUSA.DE|EUR|0.25|14.772000312805176|14.642000198364258|0.02143551527494525|0.03911091200408734|0.1941795027864328|0.1671934380938329|0.08776174703203865|2.0752292422071297|N
iShares EUR Govt Bond 7-10yr UCITS EUR (Acc) ETF|IE00B3VTN290|SXRQ.DE|EUR|0.15|146.9550018310547|146.6750030517578|-0.021506780171427597|-0.04775632763925641|-0.03696057763708216|-0.03617104574994645|-0.03720253950782226|-0.9908399245609258|S
iShares Global Clean Energy Trnstn UCITS ETF USD A|IE000U58J0M1|Q8Y0.DE|EUR|0.65|22.575000762939453|22.19499969482422|0.032472032895199954|-0.13885177831246753|0.13934600291367882|0.05490659651188712|-0.057598148202570476|0.1890402146882963|S
Xtrackers MSCI Mexico UCITS 1C ETF|LU0476289466|D5BI.DE|EUR|0.65|7.52400016784668|7.551000118255615|-0.046991743378863915|-0.06417907916101806|0.16941251942848323|0.06829475102709903|-0.03446671843951099|-1.652975932282714|S
Xtrackers II EURCorpBdShortDurSRI PAB UCITS ETF 1C|LU2178481649|XZE5.DE|EUR|0.16|47.54199981689453|47.48699951171875|-0.002706081549584405|-0.008756973601503737|0.0022134524027317415|0.0011792898072569002|-0.002496805837353344|0.22777312915363807|S
Amundi MSCI EM SRI Cl Paris Aligned UCITS ETF DRA|LU1861138961|AMEI.DE|EUR|0.25|73.80000305175781|72.81999969482422|0.048295475173094626|0.01877416571667867|0.21701853223230505|0.2164167674152535|0.10550208652716808|1.5552191749894988|N
UBS S&P 500 Scored & Screened UCITS ETF USD acc|IE00BHXMHL11|4UBQ.DE|EUR|0.1|51.150001525878906|50.470001220703125|0.03469202194691312|0.05117142799578578|0.23431474954035392|0.18953491920648613|0.10884095398554328|2.333406559448126|N
Amundi Core S&P 500 Swap UCITS EUR Dist ETF|LU0496786574|LYPS.DE|EUR|0.05|71.05999755859375|70.14199829101562|0.04019665731261579|0.045153696003572774|0.21400362129584738|0.189567387940075|0.10842070237227741|2.0590778858157806|N
Avantis Emerging Markets Eq UCITS ETF USD Acc ETF|IE000K975W13|AVEM.DE|EUR|0.35|28.760000228881836|28.40999984741211|0.03304597957081645|0.012319619266087711|0.29520379768962135|0.23912112724390822|0.10073906549327472|1.502221067680566|N
HSBC MSCI Emerging Markets Value Screened UCITS USD Acc ETF|IE000NVVIF88|H41E.DE|EUR|0.35|24.299999237060547|23.735000610351562|0.053315975661338166|0.05377275801543435|0.5564949085753657|0.44196536145174914|0.1814267680575874|1.841950742344218|N
VanEck J.P. Morgan EM LC Bond UCITS ETF USD A|IE00BDS67326|EM1C.DE|EUR|0.3|60.97200012207031|60.70000076293945|0.0018731869250498967|-0.0030086682130217035|0.0748131334306823|0.041651001278191435|0.019576670085649228|0.7825881077692638|N
JPM Global Research Enhanced Index Equity Active UCITS USD (acc) ETF|IE00BF4G6Y48|JREG.DE|EUR|0.23|60.15999984741211|59.66999816894531|0.025396313703235585|0.030489872331794787|0.20295944544170363|0.1679285926566001|0.08803281280787356|1.9786305983289925|N
VanEck Morningstar Gl Wide Moat UCITS ETF USD A|IE00BL0BMZ89|VVGM.DE|EUR|0.52|32.380001068115234|32.119998931884766|0.0013917422272076152|0.021290053494195993|0.0536935096146387|0.041492470543457616|0.028276034274317574|1.6167538632700371|S
Invesco MSCI USA UCITS Acc ETF|IE00B60SX170|SC0H.DE|EUR|0.05|202.61000061035156|200.1699981689453|0.04038617520533094|0.04338647762536674|0.20939534463477738|0.18749271133897438|0.10784603528464265|2.009101029051765|N
Amundi Core S&P 500 Swap Etf|LU0496786657|6TVM.DE|EUR|0.05|71.02999877929688|70.11399841308594|0.039879352226358966|0.045235114479648786|0.21382082981015138|0.18946344783962332|0.10830370340241702|2.0489352846356828|N
Invesco S&P 500 Equal Weight UCITS ETF Acc|IE00BNGJJT35|SP2Q.DE|EUR|0.2|64.13999938964844|63.16999816894531|-0.005889604358167655|-0.0020226740346654948|0.16766792341715764|0.15276779463051882|0.06019243890343029|1.5290030168577364|S
WisdomTree Biorevolution UCITS ETF USD Acc|IE000O8KMPM1|WRNA.DE|EUR|0.45|23.854999542236328|24.06999969482422|0.06092945940388583|0.131104759110642|0.5624181353530475|0.4739866238102495|0.2774859391643232|1.3288475894995002|N
L&G Hydrogen Economy UCITS ETF USD Acc|IE00BMYDM794|HTMW.DE|EUR|0.49|6.699999809265137|6.64900016784668|0.04037263194635665|-0.12749057223564542|0.25468157637002276|0.26177022249796766|-0.009160853930708313|0.8064007623029311|N
VanEck Hydrogen Economy UCITS ETF USD A|IE00BMDH1538|HDR0.DE|EUR|0.55|7.699999809265137|7.636000156402588|0.03703698470922956|-0.12000002179827007|0.1714589780755018|0.32393394591932|0.016637175103655588|0.2816471201570949|B
iShares STOXX Europe 600 Food & Beverage UCITS (DE) ETF|DE000A0H08H3|EXH3.DE|EUR|0.46|61.040000915527344|61.310001373291016|-0.04475744197272502|-0.07265302763448511|0.03937232610212793|0.00647717295956407|-0.027831856751836637|-1.7879588466536531|S
iShares MSCI USA Small Cap CTB Enhanced ESG UCITS ETF|IE00B3VWM098|SXRG.DE|EUR|0.43|600.0|587.7000122070312|0.0010009602293961084|-0.029126213592232997|0.2198840958715429|0.18811881188118806|0.05870520410617264|1.5224633856320076|S
UBS MSCI Canada UCITS ETF CAD dis|LU0446734872|UIM9.DE|EUR|0.33|57.2599983215332|56.779998779296875|-0.009171181616156265|0.026349041812620877|0.23135740686537654|0.14007419036573387|0.05076493724067532|-0.606717337889508|S
The Royal Mint Physical Gold ETC |XS2115336336|RM8U.DE|EUR|0.22|36.03200149536133|36.104000091552734|-0.02773879762105358|0.0036768792164887376|1.3814938019048904|1.3814938019048904|-0.023620367823077748|-1.6813285776363298|S
Xtrackers MSCI Global SDG 3 Good Health UCITS ETF|IE00036F4K40|XDG3.DE|EUR|0.35|34.46500015258789|34.98500061035156|-0.015285709926060265|0.04996189951349672|0.12851994497043306|0.08023818871171251|0.07673263137127462|0.2897400571550049|B
JPM Global Equity Multi-Factor UCITS - USD (acc) ETF|IE00BJRCLL96|JPGL.DE|EUR|0.19|45.53499984741211|45.029998779296875|-0.0029559519804185364|0.00830380870830516|0.19530117832535043|0.16160711635653602|0.05409423385358969|0.5039387632328066|S
Robeco 3D Global Equity UCITS ETF USD Acc|IE000Q8N7WY1|3DGL.DE|EUR|0.25|6.3379998207092285|6.271999835968018|0.026064395942970275|0.04106439017123287|0.21954969946964376|0.18092038365533392|0.09560337980077893|2.104961430373105|N
Amundi DAX II UCITS Acc ETF|LU0252633754|LYY7.DE|EUR|0.15|229.75|226.75|-0.029156957846796172|-0.00905760641894493|0.028654549906384164|0.024297801489483684|0.015074798814756152|-0.8273169954321736|S
Vanguard USD Treasury Bond UCITS EUR hedged - Acc ETF|IE00BMX0B631|VDTE.DE|EUR|0.08|24.645000457763672|24.540000915527344|-0.017853582547650126|-0.02907453725961262|-0.0356471790107461|-0.03557174478878988|-0.028981220092378468|-1.045202212015705|S
Invesco Euro Corporate Hybrid Bond UCITS Acc ETF|IE00BKWD3B81|EHBA.DE|EUR|0.39|44.75400161743164|44.90999984741211|-0.013577194819377025|-0.030648208540645427|-0.011725697952294722|-0.01555172434626284|-0.01811796230377849|-1.378334521225048|S
UBS S&P 500 Scored & Screened UCITS USD dis ETF|IE00BHXMHK04|S5SD.DE|EUR|0.1|47.040000915527344|46.415000915527344|0.034642048997107544|0.05193792815405973|0.22640409237175652|0.18963197899514594|0.10936137571273696|2.3480162430943117|N
VanEck Global Real Estate UCITS ETF|NL0009690239|TRET.DE|EUR|0.25|38.834999084472656|39.04999923706055|-0.03431558032771587|-0.06402141678214279|0.06117973556508094|0.06443380513189423|-0.01695341020271557|-1.7821464006214152|S
Xtrackers MSCI Korea UCITS 1C ETF|LU0292100046|DBX8.DE|EUR|0.45|217.85000610351562|206.5|0.11023343567551835|0.022529936554808172|1.4840366440615034|0.9790152841554363|0.25801166726016556|1.9163713809199159|N
L&G Battery Value-Chain UCITS ETF USD Acc|IE00BF0M2Z96|BATE.DE|EUR|0.49|26.260000228881836|25.834999084472656|-0.014634123648439523|-0.13675213139312126|0.21799633021159814|0.02498045935534754|-0.08945670764270197|-0.2693882081108317|S
Amundi MSCI Turkey UCITS ETF Acc|LU1900067601|LTUR.DE|EUR|0.45|49.64500045776367|48.0|-0.021001748095773154|-0.032449831825458575|0.16784291738295076|0.18796361259034455|0.008537893102830818|-0.8417396625416298|S
Xtrackers CSI300 Swap UCITS 1C ETF|LU0779800910|XCHA.DE|EUR|0.5|17.802000045776367|17.75|-0.014503938341447142|-0.06384101042130874|0.08814177149311342|0.05700041834379799|-0.0038264394370409738|-0.9111466261829038|S
Amundi MSCI Em Asia UCITS ETF - EUR (C)|LU1681044480|AMEA.DE|EUR|0.2|60.40999984741211|58.93000030517578|0.05134007674804564|0.01240157032302247|0.36165891044546017|0.3017994060235474|0.1260653510742178|1.5653963426635522|N
Amundi S&P World Health Care Screened UCITS Acc ETF|IE0006FM6MI8|WELS.DE|EUR|0.18|11.869999885559082|12.053999900817871|-0.021273117440806177|0.013663522364721459|0.11749201425681188|0.048586590597377466|0.049510912690677866|0.009592678464455766|S
Xtrackers MSCI Africa Top 50 Swap UCITS 1C ETF|LU0592217524|XMKA.DE|EUR|0.65|8.982999801635742|9.0|-0.06241524955140676|-0.039251397311311664|0.03813705401149381|-0.03460510402787742|-0.03600108698797255|-1.4500265197230084|S
Xtrackers IE Physical Silver EUR Hedged ETC |DE000A2UDH55|XSLE.DE|EUR|0.73|64.91000366210938|63.63999938964844|-0.056814822000194054|-0.013150860413575272|0.27486993017639394|-0.17338424195104962|-0.1712660847037013|-1.335968737595274|S
iShares MSCI EMU Small Cap UCITS ETF EUR (Acc)|IE00B3VWMM18|SXRJ.DE|EUR|0.58|356.45001220703125|360.95001220703125|-0.03191200328747745|-0.03973599007257955|0.09072835226923592|0.05474182373654335|-0.0015720459724022362|-1.9630253817896428|S
Xtrackers MSCI Emerging Markets ESG UCITS ETF|IE00BG370F43|XZEM.DE|EUR|0.25|60.75|59.790000915527344|0.0416666721174801|0.003966314412892524|0.12479174019488215|0.11345305115294968|0.04928894477110157|1.35381844531898|N
Xtrackers MSCI USA Energy UCITS 1D ETF|IE00BCHWNS19|XUEN.DE|EUR|0.12|57.15999984741211|56.790000915527344|-0.012268862926857027|0.18398858059894962|0.4729956146775103|0.44600828918021507|0.13752365523275834|-0.4383708628897065|B
Amundi Euro Government Bond 1-3Y UCITS ETF Acc|LU1650487413|LYQ2.DE|EUR|0.15|127.34500122070312|127.29000091552734|-0.0027799196242968005|-0.006746786115490511|0.0012580388031666612|-0.0023111733810399215|-0.002953470437974337|-0.02754605754726077|S
iShares MSCI USA SRI UCITS ETF USD (Acc)|IE00BYVJRR92|QDVR.DE|EUR|0.2|18.6560001373291|18.263999938964844|0.03771273068700842|0.028672279827484548|0.22704548519527923|0.22366520940363133|0.11385489353732936|2.736489979592466|N
iShares Core   Govt Bond UCITS ETF EUR D|IE00B4WXJJ64|EUNH.DE|EUR|0.07|104.41000366210938|104.19000244140625|-0.01597473861927412|-0.0382585411724955|-0.029672180012700222|-0.02755860806980026|-0.029453278921298565|-0.9747316328377004|S
BNPP Easy JPM Tilted EMU GovBd IG 3-5Y UCITS ETF C|LU2244387457|ASRE.DE|EUR|0.15|9.609999656677246|9.619199752807617|-0.011377946838490138|-0.02418718054543878|-0.01718145053689779|-0.01904749388657856|-0.01803076636350831|-0.8782632366222378|S
Franklin FTSE Brazil UCITS ETF|IE00BHZRQY00|FLXB.DE|EUR|0.19|32.79999923706055|32.15999984741211|0.02901958390778181|0.105680034545095|0.3981244892191709|0.27775610204812984|0.08522666751078423|2.1830107272155153|N
L&G Emerging Markets Government Bond (USD) 0-5 Year Screened UCITS EUR Acc Hedged ETF|IE000MINO564|ENDH.DE|EUR|0.28|11.732000350952148|11.833000183105469|-0.012956363180628316|-0.012914862972755015|0.010508242711681381|-0.006646610477360371|-0.008634702552579476|-1.1208394378196396|S
iShares MSCI Australia UCITS ETF USD (Acc)|IE00B5377D42|IBC6.DE|EUR|0.5|54.68000030517578|54.5099983215332|-0.027392402740827992|0.015601785850803296|0.12313851828653055|0.13679837920566418|0.028136984067771875|-0.21127780836865032|S
Xtrackers MSCI Singapore UCITS 1C ETF|LU0659578842|XBAS.DE|EUR|0.5|2.4240000247955322|2.422499895095825|-0.0073709615532941974|0.0891933985428559|0.22005238536785732|0.22572818123670113|0.12485079166068846|0.31992165805233475|B
iShares Global Govt Bond UCITS ETF USD Dist|IE00B3F81K65|EUN3.DE|EUR|0.2|75.26599884033203|74.43800354003906|0.008386916610430895|-0.012932685818559997|-0.023718886885358947|-0.014941532633915622|-0.00251540051848409|2.3656089782487446|N
Invesco S&P 500 High Div Low Vlty UCITS ETF Dist|IE00BWTN6Y99|HDLV.DE|EUR|0.3|32.040000915527344|31.9950008392334|-0.056095655694880175|-0.042389441341565526|0.056884647472074557|0.07785140254180933|-0.0034387929807579987|-1.2852217276958426|S
Ishrs Dw Jnes Glb Screened Etf Usd Acc|IE00B57X3V84|IUSL.DE|EUR|0.6|90.77999877929688|89.8499984741211|0.021262227501697373|0.057425747149685735|0.2183599003704111|0.18682182395897273|0.11043221592247998|2.351213786773231|N
State Street SPDR MSCI All Country World Investable Market UCITS ETF|IE000DD75KQ5|SPSA.DE|EUR|0.17|12.604000091552734|12.456000328063965|0.026050120847394442|0.027244625839342174|0.22166310509115794|0.1871983721607291|0.09139263658373586|2.0505760031754696|N
iShares Govt Bond 15-30yr UCITS ETF EUR (Dist)|IE00B1FZS913|IBCL.DE|EUR|0.15|150.8350067138672|148.85000610351562|-0.022741225689692945|-0.07167029369694977|-0.07216286704019981|-0.05707393221032575|-0.05903927984558288|-0.7263714827992614|S
iShares Global High Yield Corp Bond UCITS EUR Hedged (Dist) ETF|IE00BJSFR200|HYLE.DE|EUR|0.55|4.13129997253418|4.1417999267578125|-0.022279900625127302|-0.02360058696904821|-0.002168082168068297|-0.01080673019572953|-0.01507819240778463|-1.6785869188974354|S
Amundi Euro Government Bond 7-10Y UCITS ETF Acc|LU1287023185|LYXD.DE|EUR|0.15|162.57000732421875|162.34500122070312|-0.022517482260849486|-0.048964519700744225|-0.03878671654470223|-0.0375917056213535|-0.03855517914119899|-1.0579750215726451|S
Amundi Core EURO STOXX 50 UCITS ETF EUR Dist|LU1681047319|V50D.DE|EUR|0.09|101.13999938964844|101.62000274658203|-0.017867585038889633|-0.022046014500718747|0.1353879785389538|0.09128181977358274|0.03792787457150926|-1.1464448557005764|S
iShares Dow Jones Global Titans 50 UCITS (DE) EUR (Dist) ETF|DE0006289382|EXI2.DE|EUR|0.51|119.04000091552734|117.62000274658203|0.04807183479882471|0.07050363473421917|0.24654304412486683|0.19886851811356054|0.12282073717352193|1.8726895547240887|N
Amundi CAC 40 ESG UCITS ETF DR - EUR C|LU1681046931|GC40.DE|EUR|0.25|139.05999755859375|139.75999450683594|-0.04202263674307061|-0.0782182354767148|-0.025508055133096286|-0.03617965944599211|-0.03365731635642766|-1.7090296112758379|S
Xtrackers MSCI World ex USA UCITS ETF|IE000Z0FC0G5|EXU1.DE|EUR|0.15|11.154000282287598|11.130000114440918|-0.0014323897848760314|0.0037826100352540415|0.19202830826154993|0.13618965415909146|0.05156254618949041|-0.08220638649634172|S
iShares China Large Cap UCITS ETF USD (Dist)|IE00B02KXK85|IQQC.DE|EUR|0.74|84.1500015258789|85.36000061035156|-0.035457534001237634|0.03718037098936544|-0.15774558511117598|-0.1179097829025133|-0.04713408930425034|-1.4019124736107242|S
Xtrackers MSCI World Financials UCITS 1C ETF|IE00BM67HL84|XDWF.DE|EUR|0.25|40.79999923706055|40.95000076293945|-0.03716815959739117|-0.01282367700249909|0.15368294360644796|0.09280836313262308|0.05216668850352546|-1.7180873424089478|S
Xtrackers Physical Gold Euro Hedged ETC|DE000A1EK0G3|XAD1.DE|EUR|0.59|234.36000061035156|232.89999389648438|-0.04467636713944112|0.0017953242906822986|0.05901490003838483|-0.05499999753890494|-0.08862034963032683|-1.3435667023893685|S
Vanguard FTSE Japan UCITS EUR Hedged Accumulating ETF|IE00BFMXYY33|VJPE.DE|EUR|0.13|74.51000213623047|74.01000213623047|0.02054513020286075|0.00363691110223896|0.37624682261220666|0.22811940637851102|0.0837298314370265|1.7524184091035127|N
iShs V-iBds Dec 2028 Term EO CReg.Shs () EUR Dis. oN|IE0008UEVOE0|IVOA.DE|EUR|0.12|5.667200088500977|5.6579999923706055|-0.00014116667611707712|-0.00404199572721986|0.006678989646647038|0.005036522589766612|0.0011334268825935467|0.8957060206362596|S
iShares STOXX Europe 600 Chemicals UCITS (DE) ETF|DE000A0H08E0|EXV7.DE|EUR|0.46|125.68000030517578|126.0999984741211|-0.017971581430132888|0.007734098290896885|0.12446086302053772|0.1642047271161673|0.05948070296057839|-0.14219288182652612|S
Xtrackers STOXX Europe 600 UCITS 2C EUR Hedged ETF|LU1772333404|XSXE.DE|EUR|0.25|156.66000366210938|158.16000366210938|-0.02477586991198366|-0.02574626437236982|0.132591059620913|0.07729339592004192|0.02191449630688469|-1.8882552938354404|S
Invesco FTSE All World UCITS ETF Dist|IE0000QLH0G6|FTWD.DE|EUR|0.15|8.031000137329102|7.958000183105469|0.02771899143090928|0.02824378071120881|0.2147598901840766|0.179006574752254|0.0908086062472031|1.8252665952803468|N
Amundi STOXX Europe 600 Banks UCITS ETF Acc|LU1834983477|LBNK.DE|EUR|0.3|70.43000030517578|73.43000030517578|-0.05234121912838685|-0.01771264570601272|0.35208293528247836|0.1610616630784658|0.07234483677984671|-3.3709633260832574|S
iShares S&P 500 Communication Sctr UCITS ETF USD A|IE00BDDRF478|IU5C.DE|EUR|0.15|12.387999534606934|12.498000144958496|0.011100202511793889|0.026176275391322834|0.06922139318757514|0.041008397623539805|0.018168868834413265|0.21348421944677903|B
iShares USD TIPS 0-5 UCITS EUR Hedged (Dist) UCITS ETF|IE000WIQIPT2|CBUL.DE|EUR|0.12|4.280799865722656|4.274199962615967|-0.008844617651984854|-0.009967935159236885|-0.004085390847779369|-0.001382771079472489|-0.007424094596547248|-0.630215805130022|S
Invesco FTSE EM High Div Low Vlty UCITS ETF Dist|IE00BYYXBF44|EHDL.DE|EUR|0.49|26.024999618530273|25.78499984741211|0.0066400375607027495|0.06026839223961522|0.23069967511089695|0.15554475114315092|0.05763872321210628|1.3074395277544058|N
iShares Broad EUR High Yield Corp Bond UCITS EUR (Dist) ETF|IE00BG0J4B71|EH1Y.DE|EUR|0.2|4.6992998123168945|4.734799861907959|-0.023988530871463798|-0.0310677072579868|-0.00316887464945792|-0.008707253711156993|-0.01574462777981278|-2.1841763393902314|S
iShares iBonds Dec 2030 Term Corp UCITS EUR (Dist) ETF|IE000LX17BP9|30IG.DE|EUR|0.12|4.993199825286865|4.980000019073486|-0.006781563155144554|-0.01825309693526933|-0.006795034496364427|-0.007272230505883104|-0.00959097334269754|0.10760487118674777|S
Fidelity US Quality Income UCITS Inc-USD ETF|IE00BYXVGX24|FUSD.DE|EUR|0.25|12.130000114440918|12.008000373840332|0.023801532060780062|0.044747651413217904|0.21357023816713805|0.1831204036769376|0.09559947112492395|2.212733867238768|N
iShares MSCI EMU Screened UCITS ETF EUR Acc|IE00BFNM3B99|SLMA.DE|EUR|0.12|11.100000381469727|11.163999557495117|-0.014559619884922381|-0.023403113663528208|0.13776146743074014|0.09187487523246163|0.034755224865700596|-1.315095795136111|S
UBS BBG MSCI Euro Area Liquid Corp Sustainable UCITS EUR dis ETF|LU1484799769|UIMC.DE|EUR|0.13|12.553999900817871|12.52649974822998|-0.009507322588705902|-0.026050827157654943|-0.013433197459983504|-0.012796027373005447|-0.015938674500954764|-0.24432384949894606|S
Invesco Gl Active ESG Eq UCITS ETF EUR PfHdg Acc|IE00BJQRDP39|IQSE.DE|EUR|0.3|102.94000244140625|102.5199966430664|0.00019436720576004873|0.007832416844902435|0.22576802008316754|0.16500680998576867|0.06880083360899758|0.5854337059960425|S
HSBC S&P India Tech UCITS ETF EUR Acc|IE0008119MO8|H41X.DE|EUR|0.65|15.342000007629395|14.961999893188477|-0.06004169009173199|0.011471504736211502|-0.13429636034574643|-0.1976780558649076|-0.044924412872197506|-0.5452826598208486|S
Amundi Prime Europe - UCITS ETF DR (D)|LU1931974262|PR1E.DE|EUR|0.05|36.38999938964844|36.53499984741211|-0.02229988726042842|-0.024135197205215175|0.14852326024416507|0.08870606492940158|0.02681092435429644|-1.4344686718244641|S
Amundi MSCI World Financials UCITS EUR Acc ETF|LU0533032859|LYPD.DE|EUR|0.3|395.3999938964844|397.0|-0.03760499446880505|-0.013719132161972958|0.15109168528816408|0.09015710115495601|0.051383914675240394|-1.7254318387878733|S
iShares JPM EM Local Govt Bond UCITS ETF USD D|IE00B5M4WH52|IUSP.DE|EUR|0.52|39.95800018310547|39.69200134277344|0.0027856566540795935|-0.001975040872360334|0.038358729534055724|0.0066021221505032646|0.014686587077827218|0.849309141164198|N
UBS MSCI EM Socially Responsible UCITS USD dis ETF|LU1048313891|UEF5.DE|EUR|0.24|21.104999542236328|20.774999618530273|0.04016750073605424|0.03056518432377553|0.48279835139476956|0.3777660291354157|0.15424306396430842|1.2032310207570922|N
StSt SPDR BBG 10+ Y U.S. Treas Bd UCITS ETF Dist|IE00BYSZ5V04|SPPX.DE|EUR|0.05|16.916000366210938|16.63450050354004|-0.00942784454298573|-0.0532463374748563|-0.03756634133949199|-0.022897338764976793|-0.030428525884303448|-0.39404427506576517|S
Invesco MSCI China TechAllShr StkCon UCITS ETF Acc|IE00BM8QS095|ICNT.DE|EUR|0.49|24.260000228881836|24.434999465942383|-0.05048919947940955|-0.10939792831407957|-0.23590550460214688|-0.14832368934316764|-0.10880658747090699|-1.8031886058239468|S
StSt SPDR S&P US Utilities Sel Sctr UCITS ETF Acc|IE00BWBXMB69|ZPDU.DE|EUR|0.15|45.1150016784668|44.38999938964844|-0.025067526940293905|-0.09968067992505503|-0.032074638753657125|-0.01710239262126212|-0.062497204228075476|-0.3150406657493833|S
Invesco JPX-Nikkei 400 UCITS EUR Hdg Acc ETF|IE00BVGC6645|NS4E.DE|EUR|0.19|47.209999084472656|46.875|0.01352505857992381|0.003293991675520802|0.3723836334413204|0.21675257764900002|0.07939347362550753|1.6696987797772769|N
VanEck Genomics & Hlth Cr Innvtrs UCITS ETF USD A|IE000B9PQW54|CURE.DE|EUR|0.35|25.100000381469727|25.2450008392334|0.07059077450151863|0.18704184620880082|0.35324562902707335|0.3185543867918006|0.2957273229680186|1.3049592371813168|N
Future of European Defence Screened UCITS ETF Acc|IE000I7E6HL0|8RMY.DE|EUR|0.39|9.635000228881836|9.61299991607666|-0.032144620520005884|-0.06800155237288974|-0.21455938101585637|0.016350284190935982|-0.04353715258464719|-0.823764344992868|S
iShares STOXX Europe 600 UCITS (DE) EUR (Acc) ETF|DE000A2QP4B6|EXIE.DE|EUR|0.2|7.63700008392334|7.671000003814697|-0.02127385492014|-0.025022353453389434|0.14343467545016098|0.08526359092590496|0.024705933935020852|-1.3263382963725443|S
Global X U.S. Infra Developments UCITS ETF USD Acc|IE00BLCHJ534|94VE.DE|EUR|0.47|44.665000915527344|43.54499816894531|0.018818447994251475|-0.05680495518344908|0.18255230008466672|0.15368722044397898|0.018692976736695677|2.16764759434623|S
Xtrackers MSCI World Industrials UCITS 1C ETF|IE00BM67HV82|XDWI.DE|EUR|0.25|74.94000244140625|73.55999755859375|0.01986933883740627|-0.04058376832895849|0.16150040825303758|0.13185324690603917|0.028363742138403314|1.9220273918358934|S
iShares MSCI EM Small Cap UCITS ETF USD (Dist)|IE00B3F81G20|EUNI.DE|EUR|0.74|101.58000183105469|99.6500015258789|0.023063761651846537|0.005742592386680068|0.17542240202866677|0.14224672756627288|0.061483066128930064|2.1133116285802376|N
iShares Edge S&P 500 Min Vol UCITS ETF USD A|IE00B6SPMN59|IBCK.DE|EUR|0.2|104.69999694824219|103.4000015258789|0.02306039373462232|0.04199834245942413|0.14903417243553085|0.13730175673319356|0.08666486878206459|2.291708468582522|N
Vanguard ESG Global Corporate Bond UCITS EUR Hedged - Acc ETF|IE00BNDS1P30|V3GF.DE|EUR|0.15|4.667600154876709|4.65910005569458|-0.016581350095185576|-0.03352314666896261|-0.030753555584050463|-0.029120531213810197|-0.026022806252317898|-1.0756197197376436|S
StSt SPDR BBG Global Aggregate Bond UCITS ETF Dis|IE00B43QJJ40|SYBZ.DE|EUR|0.1|21.969999313354492|21.722000122070312|0.011277280901395903|-0.0065234967495072516|0.015674045596229647|0.01868207633221619|0.007867136889871063|2.7001982413880885|N
WisdomTree Quantum Computing UCITS - USD Acc ETF|IE000W8WMSL2|WQTM.DE|EUR|0.5|34.400001525878906|33.31999969482422|0.11093174088048352|-0.04351448964463234|0.26284881846263075|0.3228226354945527|0.11912322893409732|2.20615986431225|N
Xtrackers Physical Gold (EUR) ETC|DE000A1E0HR8|XAD5.DE|EUR|0.25|356.3399963378906|350.5199890136719|-0.013236594051641237|0.023494923568877057|0.13361328653466464|0.010721575917496562|-0.0464645908484046|-0.5698054893038315|S
StSt SPDR MSCI Europe Utilities UCITS ETF|IE00BKWQ0P07|SPYU.DE|EUR|0.18|251.89999389648438|250.64999389648438|0.01266329204616845|-0.0505088372146526|0.23510663233993956|0.10337271366297895|-0.004947635339759948|0.7066751909445319|S
Amundi MSCI Emerging Markets ESG Broad Transition UCITS DR (C) ETF|LU2109787049|SBIM.DE|EUR|0.18|78.9000015258789|77.30000305175781|0.03966269812147405|0.017801921343812754|0.3267193527215142|0.27299132153288297|0.11238627997552975|1.5108344849636006|N
iShares EUR Cash UCITS ETF EUR (Acc)|IE000JJPY166|YCSH.DE|EUR|0.1|15.629500389099121|15.623499870300293|0.0020195420700126476|0.005552322074807492|0.021008757002539902|0.015786519155580603|0.008548961170635527|1.9131919718188795|N
iShares $ Sht Duration HY Crp Bd UCITS ETF USD D|IE00BCRY6003|IS3K.DE|EUR|0.45|75.16000366210938|74.25399780273438|0.01726045407073662|0.005002378514429751|0.06496494915527617|0.05619051580805867|0.03222185380177578|2.071243893856185|N
Xtrackers FTSE Developed Europe Real Estate UCITS 1C ETF|LU0489337690|D5BK.DE|EUR|0.33|22.30500030517578|22.614999771118164|-0.06712670650267882|-0.10922525999811705|-0.0548728837017628|-0.06595472826391258|-0.0879743732291689|-2.012164931692557|S
Xtrackers MSCI India Swap UCITS 1C ETF|LU0514695187|XCS5.DE|EUR|0.19|15.781999588012695|15.574000358581543|-0.04339917798333659|-0.0596997607859403|-0.08403946562355469|-0.12874023910616383|-0.04281556259326347|-0.9209716622829935|S
State Street SPDR MSCI Europe Value UCITS ETF|IE00BSPLC306|ZPRW.DE|EUR|0.2|75.86000061035156|76.69999694824219|-0.03424573312408108|-0.020655802905138687|0.24319895183972862|0.12003538831340821|0.029512659055327406|-2.402532226061815|S
iShares UK Dividend UCITS ETF GBP (Dist)|IE00B0M63060|IQQD.DE|EUR|0.4|11.574000358581543|11.732000350952148|-0.019320714076138112|-0.0004132198731661152|0.24159617935748567|0.12395314303897886|0.03363620451178706|-2.197993808331888|S
Xtrackers MSCI Indonesia Swap UCITS 1C ETF|LU0476289623|XAIN.DE|EUR|0.65|7.303999900817871|7.252999782562256|-0.06955414145833083|-0.014437981023411872|-0.33708475826198947|-0.3770044425898066|-0.19019633140201564|-1.2166850742942983|S
Amundi S&P World Utilities Screened UCITS Acc ETF|IE000PMX0MW6|WELD.DE|EUR|0.18|13.210000038146973|13.03600025177002|-0.006916253744759682|-0.052095281207668154|0.10138398859280251|0.04824629346333542|-0.023098070934735815|-0.10230533673536657|S
iShares Edge MSCI Wld Min Vol UCITS ETF USD A|IE00B8FHGS14|IQQ0.DE|EUR|0.3|67.29000091552734|66.75|-0.0037015101659929606|0.025449529092442802|0.07474844688632731|0.08305166197816449|0.04198201943100677|1.1297807514642222|N
VanEck Global Fallen Angel High Yield Bond UCITS ETF|IE00BF540Z61|GFEA.DE|EUR|0.4|65.13999938964844|65.14600372314453|-0.008402879221851012|-0.01719974970796956|0.047098542811377264|0.04666108563797988|0.009361924564000201|-1.335624315411656|S
Invesco EUR AAA CLO UCITS ETF Dist|IE000U7LIXH5|CLOD.DE|EUR|0.25|20.110000610351562|20.086000442504883|0.004039706272091381|0.009840537359120827|0.03501227572626053|0.02793653826842246|0.015189743677201273|2.3302861763830247|N
L&G Multi-Strategy Enh Comms UCITS ETF USD Acc|IE00BFXR6159|EN4C.DE|EUR|0.3|17.447999954223633|17.469999313354492|0.024665261880716605|0.15077168557126952|0.3779813903204088|0.3618482344818017|0.13909745539547735|0.12849551747575444|B
iShares Floating Rate Bond Advanced UCITS ETF|IE00BF5GB717|EFRN.DE|EUR|0.1|5.078999996185303|5.081600189208984|0.001775113258226213|0.006380252585363788|0.024810543831688125|0.01910219529050683|0.010388119147775265|0.6682816487712561|N
HSBC MSCI Emerging Markets UCITS ETF USD|IE00B5SSQT16|H414.DE|EUR|0.15|12.331999778747559|12.170000076293945|0.036128326001157784|0.045439155074920246|0.3405804215719277|0.28552061389861216|0.10685919830450596|1.1339160961214814|N
Amundi S&P 500 Swap UCITS ETF EUR Acc|LU1681048804|AUM5.DE|EUR|0.15|137.5850067138672|135.83999633789062|0.039475718339540444|0.04496269874004444|0.21236291997972945|0.18828002212942763|0.10767747386234228|2.032985040358695|N
iShares $ High Yield Corp Bond UCITS ETF USD D|IE00B4PY7Y77|IS0R.DE|EUR|0.5|81.58799743652344|80.552001953125|0.010527861540349903|-0.0026733337268958213|0.05331026023620811|0.04409338345886682|0.024280363249542303|2.240275428236487|N
Amundi STOXX Europe 600 Insurance UCITS ETF Acc|LU1834987973|LIRU.DE|EUR|0.3|93.23999786376953|93.3499984741211|-0.04496568178992488|-0.01945523762086765|0.10894381343045634|0.05774244185799948|0.03628841087325774|-1.8101357099973159|S
iShares   Govt Bond 10-15yr UCITS ETF EUR (Dist)|IE00B4WXJH41|EUN8.DE|EUR|0.15|136.4600067138672|135.72999572753906|-0.034526600753244874|-0.06150241166380144|-0.05351293393810286|-0.050934023729612865|-0.0524778769176556|-1.1676250827239267|S
iShares China CNY Bond UCITS ETF USD (Dist)|IE00BYPC1H27|ICGB.DE|EUR|0.35|5.126399993896484|5.062600135803223|0.03939502074905432|0.04093568836878658|0.1409726610349118|0.11786619240956409|0.0681755691655439|2.224818463379549|N
StSt SPDR BBG Gl Aggrt Bd EUR Hdg UCITS ETF Dist|IE00BF1QPL78|SPFE.DE|EUR|0.1|24.878000259399414|24.76799964904785|-0.009791445810316435|-0.022113273557097912|-0.021136331775244988|-0.021695053720663937|-0.019066364390574186|-0.6162749751772487|S
ARK Genomic Revolution UCITS ETF USD Acc|IE000O5M6XO1|AAKG.DE|EUR|0.75|9.020000457763672|8.963000297546387|0.22487787199045917|0.24585645620408636|0.9248827800726429|0.9187407036537836|0.573520279864882|1.5303164112008467|N
iShares STOXX Europe 600 Automobiles & Parts UCITS (DE) EUR (Dist) ETF|DE000A0Q4R28|EXV5.DE|EUR|0.46|37.720001220703125|38.30500030517578|-0.07047807987438004|-0.07067717422881004|-0.2000637485008383|-0.19729817468655042|-0.0948685888446763|-1.916652480567572|S
Amundi US Treasury Bond 0-1Y UCITS EUR Hedged Acc ETF|LU2182388749|PR1H.DE|EUR|0.07|21.486000061035156|21.47599983215332|0.0014915441086584824|0.005428133703616611|0.01848688743063076|0.013921007810219654|0.007754687425973961|2.6837010521009756|N
iShares Fallen Angels HY Corp Bd UCITS ETF USD D|IE00BYM31M36|QDVQ.DE|EUR|0.5|4.597099781036377|4.575300216674805|-0.0039053108321800423|-0.01768606215665869|0.03248175800035935|0.026120428017738506|0.008220676159805818|-0.00041738290872066344|S
iShares MSCI World SC ESG Enh CTB UCITS ETF USD A|IE000T9EOCL3|CBUG.DE|EUR|0.35|6.0920000076293945|6.017000198364258|-0.0004921710689937964|-0.01884363036112524|0.20086734922151384|0.1672734562042555|0.05230610733442487|0.9134963179570326|S
WisdomTree Cybersecurity UCITS USD Acc ETF|IE00BLPK3577|W1TB.DE|EUR|0.45|41.224998474121094|40.0|0.25571112320576783|0.23724486349634644|0.5402577774787907|0.792780907569449|0.5102275473277154|1.5135160158299692|N
StSt SPDR Dow Jones Gl Real Estate UCITS ETF Acc|IE00BH4GR342|SPY2.DE|EUR|0.4|19.36400032043457|19.351999282836914|-0.02300703236179802|-0.05633528808678623|0.09302329837819379|0.09413495143632589|-0.0017262391135361987|-1.1961605836285494|S
UBS Core MSCI Europe UCITS EUR acc ETF|LU0950668524|CHSU.DE|EUR|0.06|11.607999801635742|11.631999969482422|-0.018433993577657626|-0.023388851205139116|0.14409618631784715|0.09262050484238382|0.02687131328159631|-1.4232473535270214|S
State Street SPDR S&P Emerging Markets Dividend Aristocrats UCITS ETF|IE00B6YX5B26|SPYV.DE|EUR|0.55|15.260000228881836|15.161999702453613|0.01274226115879018|0.051205337912370696|0.11838571040162926|0.12710074022805506|0.05166206948433305|1.1851739692043102|N
Invesco S&P 500 Equal Weight UCITS ETF Dist|IE00BM8QRY62|SP2D.DE|EUR|0.2|59.2599983215332|58.52000045776367|-0.007059082358922386|-0.0042316772292472216|0.1655400153418054|0.15049115997946183|0.058215278630583844|1.3223375928873045|S
iShares US Equity High Income Actv UCITS ETF USD D|IE000WHL2ZK1|INCU.DE|EUR|0.35|5.206999778747559|5.125999927520752|0.0427921340068782|0.052164975651051604|0.19427981281081586|0.16867536027361885|0.10731445835941278|2.2412895016863237|N
Invesco Cybersecurity UCITS ETF|IE00072RHT03|IVCS.DE|EUR|0.35|7.281000137329102|7.144999980926514|0.12378453996659267|0.09225926465070744|0.3322964197688565|0.48063042381053744|0.3072300539731454|1.6027555505936164|N
Amundi Euro Government Bond 3-5Y UCITS ETF Acc|LU1650488494|LYQ3.DE|EUR|0.15|149.34500122070312|149.43499755859375|-0.01073093204706621|-0.023665513051045695|-0.016366993218617565|-0.01817763052102883|-0.017340543774083894|-0.7141675125833769|S
Sprott Pure Play Copper Miners UCITS ETF Acc|IE000IQQEL77|ASWD.DE|EUR|0.59|20.829999923706055|20.700000762939453|-0.005253133120634468|0.10351772249875202|0.4798237857048586|0.20348967207335567|0.07757951650422568|0.011014217483026225|B
State Street SPDR S&P Developed Quality Aristocrats UCITS ETF|IE000IISJT64|QDEV.DE|EUR|0.35|11.609999656677246|11.501999855041504|0.02779746307086861|0.047266750248655454|0.1545346000940777|0.15201424663372753|0.10401617524655049|2.1483765248285605|N
Amundi EUR Corporate Bond 0-3Y ESG UCITS ETF DR C|LU2037748774|ECR3.DE|EUR|0.12|54.3380012512207|54.27000045776367|-0.001470065372379148|-0.002826090563286643|0.01112764335832761|0.0074906952475917166|0.00248011796460057|0.5062715898188093|S
Amundi MSCI Eu SRI Cl Paris Aligned UCITS ETF DR A|LU1861137484|MIVB.DE|EUR|0.18|90.19999694824219|90.04000091552734|-0.015283859707426073|-0.03508778659503675|0.05856117729590293|0.056453500232822584|0.0195747863898994|-0.348077720445877|S
Xtrackers MSCI World Communication Services UCITS 1C ETF|IE00BM67HR47|XWTS.DE|EUR|0.25|29.7450008392334|29.825000762939453|0.04441718108601278|0.04680626010394673|0.10085123372700577|0.076936999834609|0.046888268311284786|0.5539323690570704|N
Invesco US Treasury Bond 7-10 Year UCITS - EUR Hdg Dist ETF|IE00BF2FN869|TRDE.DE|EUR|0.1|28.584999084472656|28.466999053955078|-0.03107273588439574|-0.04287759043912964|-0.05236360375916449|-0.052202749861768205|-0.04286883923735152|-1.1512291999879314|S
iShares Digitalisation UCITS ETF USD (Acc)|IE00BYZK4883|2B79.DE|EUR|0.4|10.517999649047852|10.366000175476074|0.03279650758922115|0.06489822855258653|0.0659775055795313|0.13991539822749077|0.13098473144073353|1.7977648871572567|N
Dimensional Global Targeted Value UCITS ETF USD (Acc)|IE000S67ID55|DEGT.DE|EUR|0.44|25.84000015258789|25.280000686645508|-0.008822383771718734|-0.004814172896800084|0.1913323889510259|0.14412225813872492|0.049951955633635636|0.07202626047090728|S
Invesco Defence Innovation UCITS ETF Acc|IE000BRM9046|IVDF.DE|EUR|0.35|8.543999671936035|8.39900016784668|0.007309516436995622|-0.09087040998559337|0.1850207526672789|0.1724988969010297|-0.007699543941348308|0.7246499378347342|S
Xtrackers Future Mobility UCITS 1C ETF|IE00BGV5VR99|XMOV.DE|EUR|0.35|119.87999725341797|116.91999816894531|0.04062500372529043|-0.07040949897432691|0.225516230090123|0.15736623995189314|0.04184226678387559|1.654896611118347|N
Amundi Euro Gov Inflation-Linked Bond UCITS ETF A|LU1650491282|LYQ7.DE|EUR|0.09|164.58999633789062|165.77000427246094|-0.030740246721350672|-0.04017961022459915|-0.01135271166598062|-0.007148228636543963|-0.030801045325662302|-2.0612525770031205|S
Amundi S&P World Information Technology Screened UCITS DR - EUR (A) ETF|IE000E7EI9P0|WELU.DE|EUR|0.18|29.40999984741211|28.774999618530273|0.094529174873341|0.13771757885521452|0.3466117052168256|0.34445713588169635|0.2259144290848858|2.2206757893043503|N
UBS MSCI AC Asia ex Japan SF UCITS USD acc ETF|IE00B7WK2W23|UIQI.DE|EUR|0.23|257.75|252.10000610351562|0.04733845431756767|0.021398826098182333|0.35046630606591633|0.29600761098068107|0.12633379091659336|1.5920819316965054|N
iShares Edge MSCI Europe Multifactor UCITS EUR (Acc) ETF|IE00BZ0PKV06|IBC0.DE|EUR|0.25|12.89799976348877|13.022000312805176|-0.028618776768671528|-0.022434475911375484|0.18373713948817372|0.08935807409340524|0.031381222519325735|-2.1553915982286695|S
iShares MSCI Europe ESG Screened UCITS ETF EUR Dis|IE00BFNM3F38|SLMD.DE|EUR|0.12|8.802000045776367|8.84000015258789|-0.02145634710819333|-0.02643516322903705|0.13537442577398995|0.08306133290399997|0.025102617694354512|-1.3469809065140663|S
iShares Emerg Mkts Equity Enh Actv UCITS ETF USD A|IE000OVF8Q66|EGEE.DE|EUR|0.3|7.685999870300293|7.538000106811523|0.04330117589840965|0.016801144964299297|0.3654289598639342|0.30204981013754373|0.12232804293208233|1.4792297858104453|N
Invesco Nasdaq Biotech UCITS ETF Acc|IE00BQ70R696|NBTK.DE|EUR|0.4|64.81999969482422|65.75|0.0026295153121884685|0.05398373487519059|0.45712035080293445|0.2853460103622396|0.16101309572055245|0.8093026992805044|N
Amundi Core US Treasury Bond UCITS ETF Acc|LU2089239193|PRAS.DE|EUR|0.05|17.714000701904297|17.465499877929688|0.013589743393854992|-0.009644072833815853|0.02189283549014287|0.021038662259246665|0.010110266513472022|2.67268604973329|N
iShares Listed Private Equity UCITS ETF USD D|IE00B1TXHL60|IQQL.DE|EUR|0.75|26.69499969482422|26.459999084472656|-0.050844455295138924|-0.008726350081265988|-0.11853964902230418|-0.11568504316509898|-0.030157063058135813|-0.7070743804797779|S
US Global Investors Travel UCITS ETF Acc|IE00BMFNW783|7RIP.DE|EUR|0.69|9.017000198364258|8.944999694824219|0.015771132771084106|-0.06578949448544669|0.11019459324650138|0.0028917831587971232|0.01727691798166342|2.0498591575679708|S
Amundi MSCI World ESG Selection UCITS Hedged EUR Acc ETF|IE0004CIQ1O4|MWOS.DE|EUR|0.2|14.592000007629395|14.571999549865723|0.009687264501432535|0.010526345683041782|0.1771539299290945|0.13098740694616673|0.06971080929715301|1.3041731602629105|N
iShares Global High Yield Corp Bond UCITS EUR Hedged (Acc) ETF|IE00091SR7N7|CEBR.DE|EUR|0.55|5.834199905395508|5.832399845123291|-0.022714343886031996|-0.025391726649679258|-0.005454990455859843|-0.013860290955931887|-0.015745189493391876|-1.6670668716200037|S
iShares $ Treasury Bond 0-1yr UCITS ETF USD D|IE00BGR7L912|IBCC.DE|EUR|0.07|4.39169979095459|4.342800140380859|0.0342148767383621|0.02488095993198658|0.07871156559582126|0.07239777329337649|0.04760186307764536|2.1008186899311347|N
Fidelity Global Quality Income UCITS - Acc ETF|IE000YUTMIU2|FGEA.DE|EUR|0.4|5.872000217437744|5.815000057220459|0.02103986983862738|0.03690625228398514|0.21523188872325472|0.1820835368750373|0.08602276687367394|2.214642177023987|N
Xtrackers MSCI World Materials UCITS 1C ETF|IE00BM67HS53|XDWM.DE|EUR|0.25|68.75|68.12000274658203|-0.03508771929824561|0.012667559553442675|0.22549022941086783|0.16053339048081083|0.025882074510583886|-0.4798587679611325|S
Amundi Euro Government Bond 0-6 M UCITS ETF Acc|FR0010754200|18M1.DE|EUR|0.14|127.37000274658203|127.33000183105469|0.001927258576849722|0.005565877124375174|0.019490176776497448|0.014617429648640101|0.00809736918693127|1.9115900643413397|N
JPM Global Equity Premium Income Active UCITS EUR Dist ETF|IE000AP27VA7|JGPD.DE|EUR|0.35|21.725000381469727|21.5049991607666|0.0013243848928869983|0.030151923155886218|0.07303054505620477|0.06849863658076139|0.037991515487727945|1.7771507383081113|N
WisdomTree Blockchain UCITS - USD Acc ETF|IE000940RNE6|WBKN.DE|EUR|0.45|49.025001525878906|47.560001373291016|0.0819907314056667|-0.005880505097956457|-0.12533448361827404|0.037895647134490895|0.029077639220797646|0.08615125809808577|B
Goldman Sachs Alp Enh EM Eq Actv UCITS ETF USD Acc|IE000KEFZYE7|GQEM.DE|EUR|0.3|27.15999984741211|26.69499969482422|0.04201033151423572|0.022590376262586087|0.3695037739187972|0.3114437975893176|0.12677621629435154|1.477761042991513|N
Xtrackers Nifty 50 Swap UCITS 1C ETF|LU0292109690|DBX7.DE|EUR|0.85|199.24000549316406|196.39999389648438|-0.04303550233627307|-0.07459357794218402|-0.12805249237127325|-0.16513718588408843|-0.06416155139802493|-0.7980062775719938|S
Sprott Junior Uranium Miners UCITS ETF|IE00075IVKF9|U8NJ.DE|EUR|0.85|6.348999977111816|6.35099983215332|-0.149611584651975|-0.14387809171772548|-0.2167530201157516|-0.22117276197731583|-0.24137692378363618|-1.2307491865669133|S
Amundi Pan Africa UCITS Acc ETF|LU1287022708|LGQM.DE|EUR|0.85|14.557999610900879|14.381999969482422|-0.07202958530242443|-0.016749976296626112|0.09739181644479333|-0.002876765032291062|-0.027949645040368565|-1.683455485763883|S
iShares Core   Corp Bond UCITS ETF EUR D|IE00B3F81R35|EUN5.DE|EUR|0.09|115.95500183105469|115.55000305175781|-0.007998952549199467|-0.023034874196195765|-0.009612622050780839|-0.008793741669678057|-0.012362611432019444|-0.12547826105798204|S
iShares MSCI Japan Small Cap UCITS ETF USD (Dist)|IE00B2QWDY88|IUS4.DE|EUR|0.58|55.33000183105469|54.7400016784668|0.04771824260997226|0.02863264544254851|0.2872128794166322|0.25005692486452236|0.10975679822049478|2.301653853964067|N
Global X Blockchain UCITS - USD Accumulating ETF|IE000XAGSCY5|BLCH.DE|EUR|0.5|14.720000267028809|14.22599983215332|0.13300497926352883|0.0017694312274529889|-0.13135837311009724|0.08634686788373336|0.03637451223469035|0.004490552253265749|B
UBS Core MSCI World UCITS hEUR acc ETF|IE000TB15RC6|BCFI.DE|EUR|0.09|5.440000057220459|5.433199882507324|0.002617164468397881|0.01583512218507388|0.15122531226910674|0.11906529634343421|0.05915777157925994|0.7262355444199221|N
Xtrackers MSCI World Small Cap UCITS 1C ETF Acc|IE000F354Q61|XSWC.DE|EUR|0.25|28.450000762939453|28.045000076293945|0.001407987178535297|-0.01710136248414884|0.2055084874184092|0.16217325551226103|0.05212360029406282|1.1211295238592611|S
Fidelity Global Quality Income UCITS - EUR hedged Inc ETF|IE00BYV1YH46|FGEU.DE|EUR|0.45|9.907999992370605|9.918999671936035|-0.00830749491018934|0.019805202932017263|0.1785597969335615|0.136588786605935|0.057211919801649413|0.12639207300730254|S
Franklin MSCI World Catholic Principles UCITS ETF|IE000AZOUN82|FLXA.DE|EUR|0.27|35.3849983215332|34.779998779296875|0.04272865447364982|0.034195474608431864|0.20336668917690437|0.18901203122950094|0.10702660624101767|2.0684047749887045|N
WisdomTree Strategic Metals UCITS ETF EUR Hedged Acc|IE000611IJM3|WENH.DE|EUR|0.5|13.461999893188477|13.600000381469727|-0.0404846650458508|-0.008981135445345734|0.18149901966733561|0.01676738111088083|-0.04996807278579307|-1.9881819971801347|S
Invesco STOXX Europe 600 Optimised Construction & Materials UCITS Acc ETF|IE00B5MTY309|SC01.DE|EUR|0.2|689.5|689.2000122070312|-0.039024390243902474|-0.095856252197978|-0.011752919684051899|-0.06609777678426976|-0.06587953862278151|-1.001130284009312|S
iShares MSCI Mexico Capped UCITS ETF USD (Acc)|IE00B5WHFQ43|CEBG.DE|EUR|0.65|183.32000732421875|183.67999267578125|-0.04191485924097771|-0.05621909936225589|0.16704867066010198|0.06742751520125934|-0.033039960901366516|-1.6015861383317862|S
State Street SPDR Bloomberg Euro Corporate Bond UCITS ETF|IE00B3T9LM79|SYBC.DE|EUR|0.12|51.54600143432617|51.40800094604492|-0.008044016279193156|-0.022725462986702638|-0.010509380095519938|-0.01003114130927718|-0.01295105536197061|-0.17056728550063988|S
L&G Healthcare Tech & Innovation UCITS ETF USD Acc|IE00BK5BC677|XMLH.DE|EUR|0.49|16.229999542236328|16.496000289916992|0.05089350464067155|0.14167135587858115|0.45143975225278044|0.28320681892229227|0.22019154465427326|1.12819331521032|N
iShares MSCI EMU Mid Cap UCITS ETF EUR (Acc)|IE00BCLWRD08|IS3H.DE|EUR|0.49|79.27999877929688|80.2300033569336|-0.01796116087380517|-0.014175570947583704|0.1621225060200866|0.11803687328900803|0.03866088719793881|-2.733772877450021|S
iShares Broad $ High Yield Corp Bd UCITS ETF USD D|IE00BG0J4957|UDHY.DE|EUR|0.2|4.064499855041504|4.010700225830078|0.010164964842207969|-0.0016125063117552463|0.01837948864503236|0.010265176009663701|0.021880619915107147|2.1947511967624744|N
Xtrackers Nikkei 225 UCITS ETF 1C|LU2196470426|XNKY.DE|EUR|0.09|130.74000549316406|125.72000122070312|0.12493550266694009|0.04241753629315559|0.5262666344128966|0.44177332436226036|0.1947424137044944|3.215037671343456|N
Xtrackers S&P Europe ex UK UCITS ETF 1D|IE00BGV5VM45|XUEK.DE|EUR|0.09|87.52999877929688|88.05000305175781|-0.025169864274270703|-0.03079963136916919|0.13248498457443025|0.07887774533451819|0.02310156981338607|-1.4586019475979137|S
Invesco S&P Wld Information Tech ESG UCITS ETF Acc|IE000Q0IU5T1|WDTE.DE|EUR|0.18|12.612000465393066|12.277999877929688|0.09043753086908368|0.14633708703548143|0.3012794014719764|0.29539856063354697|0.20563245072562997|2.459698850131443|N
HSBC MSCI World UCITS ETF EUR Hedged Acc|IE000QMIHY81|H41H.DE|EUR|0.16|42.891998291015625|42.970001220703125|-0.0007920700220824806|0.011961778684909108|0.14638506592192302|0.11454102999995053|0.05509803298533367|0.13136886344718976|S
WisdomTree Renewable Energy UCITS - USD Acc ETF|IE000P3D0W60|WRNW.DE|EUR|0.45|24.0|23.469999313354492|0.027617232729858276|-0.11926605504587151|0.06524630575026236|0.0008340474622796634|-0.08256179379425865|0.21927166762818912|S
BNPPE Bloomberg Europe Defense UCITS ETF Cap|LU3047998896|BJL8.DE|EUR|0.35|11.064000129699707|11.013999938964844|-0.017232211556096|-0.05613376433358974|-0.06853006498762826|0.003992710536145028|-0.021016198433571054|-0.15458789164238637|S
iShares Global Corp Bond EUR Hedged UCITS (Dist) ETF|IE00B9M6SJ31|IBCQ.DE|EUR|0.25|81.9260025024414|81.73200225830078|-0.014767742214286006|-0.03199659826047574|-0.02980645469062182|-0.02793629510486828|-0.02545363944850454|-1.0552052088394606|S
StSt SPDR FTSE Gl Conv Bond UCITS ETF Dist|IE00BNH72088|ZPRC.DE|EUR|0.5|60.61199951171875|59.83599853515625|0.021642401831887925|-0.009140449292809882|0.2028407777300516|0.16849901543244195|0.05399653163014606|1.6833258123309922|N
Amundi MDAX ESG UCITS ETF|LU2611731667|AK8G.DE|EUR|0.3|10.345499992370605|10.333499908447266|0.001985489925827588|0.002908218914914551|0.012462441133587632|0.008509919485007567|0.005673391055796895|2.898631331761794|N
iShares Germany Govt Bond UCITS EUR (Dist) ETF|IE00B5V94313|IS0L.DE|EUR|0.2|115.61000061035156|114.30999755859375|0.0026017089420660167|-0.017923892188853263|-0.018844969215465635|-0.009345273830114853|-0.010236446491837525|1.726046263979774|S
iShares MSCI Europe ESG Enhanced UCITS ETF EUR Dis|IE00BHZPJ676|EMNU.DE|EUR|0.12|8.119999885559082|8.17300033569336|-0.0208610070032329|-0.02637892841771028|0.14284293427379713|0.08431125190897237|0.022136615304696905|-1.5027110276093116|S
Amundi Global Gender Equality|LU1691909508|VOOM.DE|EUR|0.2|17.961999893188477|17.961999893188477|-0.02475835555017969|-0.006746280859939557|0.12600302602684388|0.08243943846202928|0.02670918140251244|-0.8115320118370475|S
Amundi S&P World Energy Screened UCITS Acc ETF|IE000J0LN0R5|WELN.DE|EUR|0.18|15.244000434875488|15.175999641418457|-0.03396700298896527|0.09795452517575898|0.3768064536328817|0.3426105612080166|0.0685666205977844|-1.3985538824063362|S
Vanguard USD Treasury Bond UCITS ETF Acc|IE00BGYWFS63|VAGT.DE|EUR|0.05|23.60099983215332|23.268999099731445|0.014267942123290744|-0.009942089027688228|0.021599885932259033|0.020936939922108655|0.009981051813207964|2.669583349117584|N
iShares S&P 500 Materials Sector UCITS ETF|IE00B4MKCJ84|2B7B.DE|EUR|0.15|9.781999588012695|9.73900032043457|-0.03852960552339979|-0.02511468992945054|0.15177199492092353|0.12890936307872702|0.00870834597682868|-0.4098014728965056|S
iShares MSCI EM SRI UCITS ETF USD (Acc)|IE00BYVJRP78|QDVS.DE|EUR|0.25|10.055999755859375|9.911999702453613|0.03542008509618744|0.04120933565988527|0.281998971432323|0.14755224123270927|0.11006913869431623|1.5093993019531076|N
Xtrackers II Target Maturity Sept 2029 EUR Corporate Bond UCITS ETF|LU2673523309|XB29.DE|EUR|0.12|25.823999404907227|25.733999252319336|-0.0018938579951511825|-0.008426666143265149|0.0021438538993618916|0.00024394368432245628|-0.002375968312065768|0.6589456800443789|S
Amundi Core MSCI USA UCITS Acc ETF|IE000FSN19U2|WEBH.DE|EUR|0.03|44.78499984741211|44.275001525878906|0.039698178855144484|0.04272407571307979|0.2076311434011444|0.1863576118519763|0.1071631849271133|1.975948686928489|N
UBS MSCI USA Value UCITS USD dis ETF|IE00B78JSG98|UBU5.DE|EUR|0.2|125.0199966430664|123.73999786376953|0.018741813881071545|0.05216825706964978|0.22268215527728596|0.20432221078896862|0.09871616766730917|2.1755662702566614|N
iShares $ Treasury Bd 1-3yr UCITS ETF USD Dist|IE00B14X4S71|IUSU.DE|EUR|0.07|111.47000122070312|110.0250015258789|0.029014851790226226|0.015771062189697593|0.058993075656496474|0.05240413032683122|0.035742123123206904|2.5646590650335814|N
Xtrackers US Treasuries Ultrashort Bond UCITS 1C ETF|IE00BM97MR69|XT01.DE|EUR|0.06|56.7760009765625|56.236000061035156|0.032366038372681594|0.02313847731766816|0.07632229339454977|0.06971137139286121|0.04555560501189038|1.998107659173842|N
iShares Digital Security UCITS ETF USD (Dist)|IE00BG0J4841|IS4S.DE|EUR|0.4|13.015999794006348|12.640000343322754|0.12264964189915606|0.12129565958229915|0.3445467020923412|0.3915503903157804|0.24137664335883713|1.8195359957436115|N
iShares AI Adopters & Applications UCITS ETF USD (Acc)|IE000Q9W2IR3|AIAA.DE|EUR|0.35|5.453000068664551|5.4019999504089355|0.03139774612151558|0.09223840884520773|0.14342629641413263|0.10698334099828566|0.1117760097233631|1.580599592385804|N
iShares iBond Dec 2028 Term $ Corp UCITS ETF USD A|IE0000UJ3480|CBU5.DE|EUR|0.12|104.45500183105469|102.97000122070312|0.030636442068880942|0.017782369935471554|0.06554119281611914|0.058522512241784064|0.03931204364197116|2.608873929400735|N
Invesco Wind Energy UCITS Acc ETF|IE0008RX29L5|WDEY.DE|EUR|0.6|6.434000015258789|6.285999774932861|0.02779549201518683|-0.048224882039237804|0.3257778276919068|0.23588171323950413|0.035738120641842785|1.1783835157320708|N
iShares   Cp Bd IntRt Hedg ESG SRI UCITS ETF EURD|IE00B6X2VY59|IS0Y.DE|EUR|0.25|98.51000213623047|99.00199890136719|-0.007475887371035106|-0.004366186257405036|0.01630716131203158|0.01035773129791262|0.0010487102906162615|-2.9646543427927123|S
Invesco STOXX Europe 600 Optimised Chemicals UCITS Acc ETF|IE00B5MTY077|SC00.DE|EUR|0.2|631.4000244140625|634.7999877929688|-0.01971736011994385|0.012183451057738992|0.12850763970341816|0.16451495794686832|0.05942623395299762|-0.4381575995344021|S
Xtrackers MSCI Nordic UCITS 1D ETF|IE00B9MRHC27|XDN0.DE|EUR|0.3|52.38999938964844|52.599998474121094|-0.03481944421799266|-0.021278742764735736|0.12013762293602492|0.06616305868719108|0.008694063238555705|-1.6752000653211694|S
Amundi STOXX Europe 600 Healthcare UCITS ETF Acc|LU1834986900|LHTC.DE|EUR|0.3|146.0800018310547|146.6199951171875|-0.05474305566594884|-0.08195068933058491|0.012756491041438833|-0.030785558333787266|-0.04039307813057269|-1.2009763593195872|S
WisdomTree Global Quality Div Growth UCITS ETF USD|IE00BZ56RN96|WTEQ.DE|EUR|0.38|36.220001220703125|36.11000061035156|-0.00179133600612702|-0.0015162040761471651|0.14584146165005363|0.10429699584791985|0.0537863413803048|1.3314900791185995|S
UBS MSCI China A SF UCITS USD acc ETF|IE00BKFB6K94|CNUA.DE|EUR|0.24|148.39999389648438|148.4199981689453|-0.019426473586283355|-0.062065524260240035|0.09165801994485556|0.05713056514257042|-0.009277713784306751|-1.307261923163713|S
PIMCO Advantage Euro Short-Term High Yield Corporate Bond UCITS - EUR Accumulation ETF|IE00BD8D5G25|EUHA.DE|EUR|0.45|12.183500289916992|12.283499717712402|-0.02132701911937307|-0.024734841521738216|0.0026334643747718545|-0.006280303788110619|-0.01194947854822015|-2.294108119421743|S
Vanguard LifeStrategy 20% Equity UCITS ETF EUR Acc|IE00BMVB5K07|V20A.DE|EUR|0.25|25.780000686645508|25.6200008392334|-0.004248694692781996|-0.016781031206392183|0.016561516805425835|0.011575439247748065|-0.0014689161084783242|0.2256838556649703|S
UBS MSCI USA Tech 125 Universal UCITS USD acc ETF|IE0003B4BV34|CSYU.DE|EUR|0.18|20.510000228881836|20.260000228881836|0.07202593882487296|0.08495561560022358|0.23509569534891117|0.22652793201526067|0.1535186655824301|1.7283544764502006|N
UBS BBG USD EM Sovereign UCITS ETF hEUR acc|LU1324516308|FRCK.DE|EUR|0.28|12.642999649047852|12.633500099182129|-0.03129913506933257|-0.043646036787156395|0.0018224852375068323|-0.0219695517693842|-0.02959812758405611|-1.679353615830821|S
Invesco Euro Corporate Hybrid Bond UCITS Dist ETF|IE00BKWD3966|EHBD.DE|EUR|0.39|37.83700180053711|38.09299850463867|-0.02046374278858354|-0.03454978280944043|-0.013028382811223538|-0.01805541819459089|-0.021765020970325177|-1.6974066433424713|S
Xtrackers MSCI World Minimum Volatility UCITS 1C ETF|IE00BL25JN58|XDEB.DE|EUR|0.25|45.20000076293945|44.775001525878906|-0.002317614866550022|0.0269226715829447|0.07734474532862134|0.08614679658484015|0.0440420764999816|1.4870843151065636|N
UBS BBG USD EM Sovereign UCITS USD dis ETF|LU1324516050|UEFS.DE|EUR|0.25|7.980199813842773|7.933000087738037|-0.00486339155885529|-0.029048664841922145|0.05798236975470106|0.030374314246061296|0.0050128218960197035|-0.5875209381394104|S
iShares STOXX Europe Small 200 UCITS (DE) ETF|DE000A0D8QZ7|EXSE.DE|EUR|0.2|38.98500061035156|39.26499938964844|-0.013094763987158586|0.011653580097327643|0.14912570980665185|0.10003194712105623|0.03920230552797577|-1.1532031162960048|S
Xtrackers MSCI World Swap UCITS 1C ETF|LU0274208692|DBXW.DE|EUR|0.45|139.80499267578125|138.42999267578125|0.028355982449979056|0.032571278586068786|0.20169328757532656|0.1711903280473397|0.09170688077276457|1.9765463508571783|N
iShares Essential Metals Producers UCITS ETF USD (Acc)|IE000ROSD5J6|CEBT.DE|EUR|0.55|8.755000114440918|8.54800033569336|-0.07138314632598197|0.0813982731850591|0.3879201002960577|0.11628205875706321|-0.016207004506577194|-0.627581750993012|S
iShares World Equity Enhanced Active UCITS ETF USD (Acc)|IE000D8XC064|WOEE.DE|EUR|0.3|6.525000095367432|6.460000038146973|0.029829566086462034|0.0385166486217865|0.2269650793434459|0.18744317220373397|0.09821123967314582|1.9629006938256723|N
Invesco US Treasury Bond 7-10 Year UCITS ETF Dist|IE00BF2FN646|TRDX.DE|EUR|0.06|29.799999237060547|29.312999725341797|0.006624654233716498|-0.022083789260372355|0.006416185954088549|0.0013613808161119234|-0.0023864788503346057|2.1776203461001438|N
Rize Environmental Impact 100 UCITS ETF USD Acc|IE00BLRPRR04|WRLD.DE|EUR|0.55|5.468999862670898|5.453999996185303|0.004223239638248222|-0.02790616190410078|0.13159521114620865|0.1182905195550521|0.013683966926394842|0.32678490444349223|S
StSt SPDR S&P US Health Cr Sel Sctr UCITS ETF Acc|IE00BWBXM617|ZPDH.DE|EUR|0.15|46.0|46.76499938964844|-0.009900970588404334|0.0462868154293028|0.22389254012257775|0.1282805858109919|0.09815932894852253|0.3356436258799097|B
Xtrackers LPX Private Equity Swap UCITS 1C ETF|LU0322250712|DX2D.DE|EUR|0.7|108.83999633789062|107.94000244140625|-0.06253231896336964|-0.005664194699139036|-0.15088155283960147|-0.14662070286499496|-0.04048243654908046|-1.0880564100431065|S
iShares Edge MSCI Europe Qual Fctr UCITS ETF EUR A|IE00BQN1K562|CEMQ.DE|EUR|0.25|11.95199966430664|11.868000030517578|-0.010759817647869041|-0.02225133453161554|0.09651376904527043|0.0673334267873984|0.02313872585057286|0.13113943591514982|S
Amundi MSCI World Health Care UCITS EUR Acc ETF|LU0533033238|LYPE.DE|EUR|0.3|519.7000122070312|528.5999755859375|-0.017765949371848944|0.016627542638941728|0.15373514956898715|0.0811316809020659|0.06021793483837157|0.052180190511641654|S
Fidelity Emerging Markets Quality Income UCITS - Inc USD ETF|IE00BYSX4739|FYEQ.DE|EUR|0.5|7.593999862670898|7.386000156402588|0.04155808227877289|0.07206022687127867|0.5157061901485682|0.4479905638324675|0.1950357230732498|1.8599424407466465|N
Xtrackers S&P Select Frontier Swap UCITS 1C ETF|LU0328476410|DX2Z.DE|EUR|0.95|26.075000762939453|25.975000381469727|-0.031209367416491274|-0.019183687759879442|0.2337355325554673|0.07106188122321955|0.03620357363398341|-1.4884120601226374|S
Xtrackers FTSE MIB UCITS 1D ETF|LU0274212538|DBXI.DE|EUR|0.3|48.900001525878906|50.099998474121094|-0.03206648688056002|-0.05104709978015909|0.2105908122400466|0.13642609225333313|0.037040160004219835|-3.3474357660680343|S
Amundi MSCI Europe Hgh Dvdnd Factor UCITS ETF EURA|LU1681041973|EHF1.DE|EUR|0.23|235.35000610351562|236.5500030517578|-0.03919163488193489|-0.018147646642089232|0.13449028472260882|0.07220959500462709|0.006839560742748274|-2.107051562197979|S
State Street SPDR FTSE UK All Share UCITS ETF|IE00B7452L46|SPYF.DE|EUR|0.2|107.55999755859375|108.18000030517578|-0.010851575578050832|0.0033582147444031207|0.1753906135688832|0.10943786430458391|0.036277392937777764|-1.213742177900339|S
Xtrackers MSCI Global SDG 7 Affordable and Clean Energy UCITS ETF|IE000JZYIUN0|XDG7.DE|EUR|0.35|24.489999771118164|24.190000534057617|0.008856855034665712|-0.09996322693397863|0.180525369022986|0.10539377170410735|-0.0376813244362979|0.10712660938282154|S
iShares Nasdaq 100 Top 30 UCITS ETF USD Acc|IE000Z7P04F4|HX60.DE|EUR|0.3|6.578999996185303|6.448999881744385|0.11169309736743682|0.06646131261540722|0.3280177636760777|0.29788918883401405|0.17289870833380006|1.8696912185423809|N
HSBC MSCI AC Far East ex Japan UCITS ETF USD|IE00BBQ2W338|H412.DE|EUR|0.45|39.42499923706055|38.78499984741211|0.053299463414882675|0.08384877627657872|0.32320856305110746|0.27857954946116714|0.16457073961578672|2.0869323014084142|N
WisdomTree Japan Equity UCITS ETF EUR Hedged Acc|IE00BYQCZJ13|WTIF.DE|EUR|0.45|56.47999954223633|56.33000183105469|0.012004983917917489|0.007851509984309724|0.4139441725807447|0.24734984683922678|0.08339430964385652|1.4454997423445464|N
iShares Global Infrastructure UCITS USD (Acc) ETF|IE000CK5G8J7|CBUX.DE|EUR|0.65|5.834000110626221|5.7870001792907715|-0.023271377500551083|-0.05827280888328745|0.08257564978686105|0.07817415510770509|-0.018940948358074805|-0.6880607581114236|S
Global X Disruptive Materials UCITS ETF USD Acc|IE000FP52WM7|D6AT.DE|EUR|0.5|20.540000915527344|20.5|-0.05693295372017482|-0.017224818639888784|0.20004684794354355|0.037373823584886834|-0.056499295114763926|-0.7022208209596378|S
iShares $ Treasury Bd 1-3yr UCITS ETF EUR Hgd Acc|IE00BDFK1573|2B7S.DE|EUR|0.1|5.061999797821045|5.047800064086914|-0.0035826142261575766|-0.003739431994113196|0.00015799729152887743|-0.005110067571613919|-0.0037245588678249675|0.12868953369484445|S
Amundi Prime Eurozone UCITS ETF DR C|LU2089238112|PRAZ.DE|EUR|0.05|38.10499954223633|38.38999938964844|-0.016010302293468004|-0.031146764093234913|0.14309286301992197|0.09717823335688647|0.03210829369508228|-1.52417530622393|S
L&G MSCI Europe Select UCITS ETF EUR Acc|IE00BKLTRN76|DELF.DE|EUR|0.1|19.399999618530273|19.423999786376953|-0.019508728053102664|-0.027276404881221072|0.10831809528396485|0.0664028265498493|0.017475116954831282|-1.2685875001634752|S
iShares Edge MSCI World Size Factor UCITS USD (Acc) ETF|IE00BP3QZD73|IS3T.DE|EUR|0.3|52.29999923706055|51.880001068115234|-0.0055143737342825405|-0.00038227174847726975|0.13819365329026567|0.11193790595787823|0.04254499149841573|0.3137252943301069|S
Amundi MSCI World Small Cap ESG Broad Transition UCITS ACC ETF|IE000UZZ5D45|WMFS.DE|EUR|0.25|11.746000289916992|11.692000389099121|-0.0018694221436894587|-0.013604274652116666|0.20893379678216384|0.17038660773701997|0.055275300886641565|0.4686568484087493|S
iShares STOXX Europe 600 Health Care UCITS (DE) ETF|DE000A0Q4R36|EXV4.DE|EUR|0.46|108.19999694824219|109.55999755859375|-0.052373474697411826|-0.07559743680496211|0.011542519979441002|-0.03456678144950964|-0.04223113035468362|-1.277757193362953|S
State Street SPDR S&P U.S. Dividend Aristocrats UCITS ETF|IE00B979GK47|SPPD.DE|EUR|0.4|8.781000137329102|8.753000259399414|-0.050011008777513966|-0.04019596478821563|0.05937693185033188|0.059272606915822035|-0.014878800398054004|-1.1184486236624558|S
HSBC FTSE EPRA Nareit Developed UCITS ETF USD Acc|IE000G6GSP88|H4Z7.DE|EUR|0.24|25.049999237060547|25.059999465942383|-0.02831657991239367|-0.06250000446142567|0.06346843186226869|0.07234582973255965|-0.01632877770837593|-1.325772890028642|S
Franklin EM Multi-Factor Equity UCITS ETF|IE00BF2B0K52|FLXE.DE|EUR|0.45|35.88999938964844|35.54999923706055|0.003775648650548913|0.037133358312683384|0.27269497938507903|0.1929533150018221|0.07128650232564282|0.8229850511328709|N
State Street SPDR Bloomberg Global Aggregate Bond UCITS ETF|IE000AQ7A2X6|SPFF.DE|EUR|0.1|31.415000915527344|31.347000122070312|-0.011920478789250621|-0.025196271594314257|-0.02234458399759809|-0.022496719203720872|-0.021573018933962018|-1.0561713170845863|S
Amundi SDAX UCITS Dist ETF|LU2611732475|AK8E.DE|EUR|0.7|10.260000228881836|10.258500099182129|-0.002673161756321818|-0.005862132916718554|0.0021088419532868663|-0.0007756293199585595|-0.002127073894542808|0.025902023365554812|S
iShares MSCI EM IMI ESG Screened UCITS ETF USD D|IE00BFNM3N12|OM3Y.DE|EUR|0.18|8.092000007629395|7.927000045776367|0.042380522439816604|0.01289274828494702|0.329045080768712|0.26057450477402044|0.10960634149504389|1.5941261914438714|N
Rex Tech Innovation Inc & Growth UCITS ETF USD Dis|IE000OBK3UE0|ASWL.DE|EUR|0.65|26.3700008392334|25.854999542236328|0.10509433784302913|0.11286457841147479|0.2489865037303438|0.23795397995917633|0.18867555115930856|1.7113983809931972|N
Invesco BBG Commodity Carbon Tilted UCITS ETF USD|IE000CYTPBT0|CMOC.DE|EUR|0.35|7.359000205993652|7.389999866485596|0.011963747523112245|0.1684662386337592|0.5308924403407991|0.4190128017815651|0.1393960569927224|-0.490964100989837|B
iShares STOXX Europe 600 Travel & Leisure UCITS (DE) ETF|DE000A0H08S0|EXV9.DE|EUR|0.46|24.579999923706055|24.559999465942383|0.005111429171538395|-0.05662256210263594|0.047570789071154085|-0.010168299821251114|0.017345639504600108|0.5941108265022719|S
iShares   Corp Bond Interest Rate Hedged ESG SRI UCITS ETF|IE00BJK55C48|AYE2.DE|EUR|0.25|5.743199825286865|5.784200191497803|-0.02296625287295151|-0.0319906050302341|-0.008117233649539313|-0.022633737676277077|-0.018135930604108674|-2.0440976003461375|S
Xtrackers II Japan Government Bond UCITS 1C ETF|LU0952581584|XJSE.DE|EUR|0.15|6.000999927520752|5.949999809265137|0.03830711097543871|0.03433419992149411|-0.1125931926321525|-0.027800257708066822|0.00429699193208033|0.9566974752864696|N
Amundi Core MSCI Japan UCITS EUR Hedged Dist ETF|LU2133056387|JNHD.DE|EUR|0.2|43.90999984741211|43.63999938964844|0.023423868936227166|0.010586860216237559|0.3959544431598827|0.24179861678389103|0.09205493266919262|1.785216008450592|N
Globel X China Electric Vehicle And Battery UCITS ETF|IE00094FRAA6|CAUT.DE|EUR|0.68|20.389999389648438|20.299999237060547|-0.047196273218961915|-0.17848510715733734|-0.2646952857466923|-0.2028929065495355|-0.1699902252980494|-0.7113137437257999|S
iShares Asia Pacific Dividend UCITS ETF USD (Dist)|IE00B14X4T88|IQQX.DE|EUR|0.59|27.959999084472656|27.94499969482422|-0.003873378620262824|0.066483582920015|0.28360967092549094|0.20281614259554748|0.06370355705283837|0.01495230533541525|B
Xtrackers II iBoxx Eurozone Government Bond Yield Plus 1-3 UCITS 1C ETF|LU0925589839|XYP1.DE|EUR|0.15|149.40499877929688|149.80999755859375|-0.006780816033023274|-0.010955903654472965|-0.002237255920779835|-0.005855573486167942|-0.006684877131798772|-1.6084861042694312|S
BNP Paribas Easy MSCI Europe Min TE UCITS ETF C|LU1291099718|EEUX.DE|EUR|0.15|20.264999389648438|20.309999465942383|-0.019119092966167206|-0.023843970798456016|0.14117581097764131|0.08717811444255896|0.028543119599610645|-1.2233748113912826|S
iShares MSCI World SRI UCITS ETF USD (Dist)|IE00BDZZTM54|2B7J.DE|EUR|0.2|10.503999710083008|10.321999549865723|0.02929684141588651|0.024289562361579975|0.19260996533992536|0.15455993458965223|0.09301765963396824|2.5486636852312325|N
Amundi Core MSCI World UCITS Dist ETF|IE000CNSFAR2|MWOE.DE|EUR|0.12|16.387500762939453|16.222999572753906|0.028751759159317825|0.031990954462840726|0.2029312714009226|0.17083956363527353|0.09188890674411132|2.006649319853916|N
VanEck Circular Economy UCITS ETF USD A|IE0001J5A2T9|REUS.DE|EUR|0.4|24.329999923706055|24.309999465942383|-0.025240351918062287|-0.022891554359705024|0.1089334244061857|0.08543381351602575|0.004763641538933383|-0.9652786058776401|S
iShares $ Corp Bond UCITS ETF USD Dist|IE0032895942|IBCD.DE|EUR|0.2|84.69999694824219|83.31199645996094|0.007028555883709098|-0.030056307907072033|-0.0004561143451472516|0.004743067264346701|-0.004313491629866384|1.2424091417356335|N
Xtrackers II Target Maturity Sept 2027 EUR Corporate Bond UCITS ETF|LU2673523218|XB27.DE|EUR|0.12|25.94700050354004|25.947999954223633|0.0012347901555938012|0.003584699792181789|0.01804632287415675|0.013611936206017194|0.007252565941608058|1.6785912613217946|N
Invesco MSCI World UCITS Acc ETF|IE00B60SX394|SC0J.DE|EUR|0.05|140.0850067138672|138.7449951171875|0.028222262666423914|0.03227592810665425|0.20472143261501907|0.17309387966225076|0.09224157664160515|1.9482821855456214|N
Amundi Prime Global Government Bond UCITS Acc ETF|LU2089238971|PRAG.DE|EUR|0.05|17.1564998626709|16.957000732421875|0.007398458508882433|-0.013398878986380147|-0.005362669354728178|0.0038911474247669275|-0.0026373677712434596|1.9024370488273405|N
Xtrackers MSCI Gl Circular Economy UCITS ETF 1C|IE000Y6ZXZ48|XG12.DE|EUR|0.35|41.26499938964844|40.84000015258789|0.041782346725447006|-0.0002423291547112294|0.3571780449843194|0.3574013127452613|0.121525790571543|1.1164755681449867|N
Xtrackers Harvest CSI300 UCITS 1D ETF|LU0875160326|RQFI.DE|EUR|0.65|11.154000282287598|11.11400032043457|-0.02003160145898264|-0.07193106980741237|0.044971558566944125|0.021770802984113713|-0.023158926502247157|-1.1050092822383633|S
Invesco US Treasury Bond 0-1 Year UCITS ETF Dist|IE00BKWD3C98|TRD1.DE|EUR|0.06|36.03300094604492|35.65599822998047|0.03383827317316834|0.02596554972120524|0.07768835802422935|0.07165754372844191|0.04724061656848333|2.0832554635489338|N
Amundi MSCI Smart Mobility UCITS ETF A|LU2023679090|ELCR.DE|EUR|0.45|25.549999237060547|24.655000686645508|0.03967440259824717|-0.010648655092144299|0.19281041764968876|0.1426654087492365|0.06979632934626911|2.684740308539363|N
UBS S&P 500 Scored & Screened UCITS hEUR acc ETF|IE00BHXMHQ65|S5SG.DE|EUR|0.13|42.959999084472656|42.98500061035156|-0.00081404461638801|0.028366188277926474|0.15779543496750703|0.11714983848420779|0.06288748799905397|0.7938798839771248|N
JPM USD Emerging Markets Sovereign Bond UCITS - EUR Hedged (acc) ETF|IE00BDDRDY39|JMBE.DE|EUR|0.39|93.08799743652344|93.21199798583984|-0.03549746673651488|-0.04662025790229152|-0.024009739720838974|-0.03467730418880122|-0.03570029330419522|-1.8982469637423613|S
iShares Asia Property Yield UCITS USD (Acc) ETF|IE00BGDPWV87|AYEP.DE|EUR|0.59|4.519499778747559|4.559999942779541|-0.030046215185106306|-0.02900423862080803|-0.03952828438241052|-0.05400321624282478|-0.05092253365630006|-1.540722635648439|S
UBS MSCI Canada Universal UCITS ETF CAD acc|IE0004YRJHW4|BCFD.DE|EUR|0.33|8.713000297546387|8.647000312805176|-0.00943602022448864|0.011727801520585501|0.19487116241550062|0.11177751898647914|0.03942493356374421|-0.8544954930620358|S
StSt SPDR MSCI Europe Financials UCITS ETF|IE00BKWQ0G16|SPYZ.DE|EUR|0.18|152.97999572753906|157.33999633789062|-0.0557956320610864|-0.024237805085757014|0.23211977460842204|0.11225827537511557|0.052852507843386354|-2.870531909099754|S
State Street SPDR FTSE EPRA Europe ex UK Real Estate UCITS ETF|IE00BSJCQV56|ZPRP.DE|EUR|0.3|25.395000457763672|25.825000762939453|-0.08469995712332645|-0.1456686246640163|-0.1189939363188417|-0.12051946466619323|-0.13150164397208342|-2.1934829873170414|S
Invesco RAFI US Fundamental Value UCITS ETF Dist|IE00B23D8S39|6PSA.DE|EUR|0.39|39.974998474121094|39.65999984741211|0.012045998271665415|0.03171382028270697|0.28203978196821233|0.23493931604632978|0.10121407195125309|1.8509012241749243|N
Xtrackers II Eurozone Government Bond UCITS 1D ETF|LU0643975591|X03F.DE|EUR|0.09|162.72999572753906|162.4199981689453|-0.015993978971797107|-0.03811048259923233|-0.029624961522744853|-0.027132301292635552|-0.029198912671628108|-0.9795866053461271|S
Amundi Euro Aggregate Bond ESG UCITS ETF DR C|LU2182388236|PR10.DE|EUR|0.16|44.444000244140625|44.319000244140625|-0.013386033010463927|-0.03247998417518505|-0.022994095311746454|-0.021208210617454704|-0.02360492382734436|-0.7007623461998105|S
iShares MSCI USA Quality Dividend Advanced UCITS ETF|IE00BKM4H312|QDVD.DE|EUR|0.35|59.20000076293945|58.33000183105469|0.020689668326542288|0.027440248588909588|0.23189682784438448|0.21023201957654702|0.0970729703211517|2.8524667341576144|N
JPM Europe Research Enhanced Index Equity Active UCITS EUR (acc) ETF|IE00BF4G7183|JREE.DE|EUR|0.24|55.08000183105469|55.279998779296875|-0.01923073396174857|-0.026166893675770297|0.15435401142018734|0.09112524426569313|0.027982605640998415|-1.1010178844527438|S
iShares STOXX Europe 600 Top 20 UCITS ETF (DE)|DE0005933949|EXW3.DE|EUR|0.2|54.779998779296875|54.9900016784668|-0.007557841757554251|-0.021501119462429052|0.1887329269526299|0.12320475129305142|0.04315323537288984|-0.18079828632383232|S
Amundi S&P World Consumer Discretionary Screened UCITS Acc ETF|IE000NM0ALX6|WELJ.DE|EUR|0.18|12.878000259399414|12.758000373840332|-0.01709662441369808|-0.04579134686143216|-0.036077800124562964|-0.030417056252425967|-0.01830667854884649|-0.05477831435263797|S
Xtrackers MSCI Europe Industrials Screened UCITS ETF|LU0292106084|DXSL.DE|EUR|0.17|213.35000610351562|210.64999389648438|0.007080481268747496|-0.04305894135964128|0.12077119888343746|0.0925338357085983|0.023033751124957647|0.6879745169502515|S
Amundi Euro Government Bond 25+Y UCITS Dist ETF|LU1686832277|DFOB.DE|EUR|0.07|116.08000183105469|115.31999969482422|-0.032102046729961864|-0.08522790573400163|-0.08703502120543505|-0.0657169361747385|-0.07323483343300718|-1.3840772539696382|S
iShares EUR Govt Bond Climate UCITS EUR (Acc) ETF|IE00BLDGH553|SECA.DE|EUR|0.09|4.234000205993652|4.228899955749512|-0.017610525622848483|-0.03938645133769403|-0.03078860467860345|-0.030255750774733414|-0.031089083209534185|-1.1327995236759059|S
Invesco EURO STOXX Optimised Banks UCITS Acc ETF|IE00B3Q19T94|S7XE.DE|EUR|0.3|226.25|239.10000610351562|-0.07160442005236578|-0.03063407919220207|0.29152876732183586|0.1256218905472637|0.05735613957301866|-3.6079784531091375|S
iShares $ Floating Rate Bd UCITS ETF USD Dist|IE00BZ048462|QDVY.DE|EUR|0.1|4.527599811553955|4.479300022125244|0.035045563494787046|0.025039619480261566|0.08584696512711121|0.0771706058660302|0.04985194234014423|2.031299671922887|N
Invesco Global Clean Energy UCITS ETF Acc|IE00BLRB0242|G1CE.DE|EUR|0.6|20.844999313354492|20.5|0.013615306201094857|-0.10975876582044419|0.15471965768311668|0.08590332575799131|-0.04626651598838705|0.62837408513205|S
Inqq India Internet Ucits Etf Acc|IE000WYTQSF9|INQQ.DE|EUR|0.86|7.2870001792907715|7.307000160217285|-0.0574310917566444|0.008023251764211814|-0.12980648063525146|-0.07665990925835031|0.019276334830170327|-1.7016076714370438|S
iShares MSCI Europe ex-UK UCITS ETF EUR (Dist)|IE00B14X4N27|IQQU.DE|EUR|0.4|54.2400016784668|54.349998474121094|-0.0204376731916438|-0.0312654146538478|0.1315345371040617|0.07959389561765251|0.024489139104465707|-1.1433239429164455|S
iShares MSCI Saudi Arabia Capped UCITS ETF USD A|IE00BYYR0489|IUSS.DE|EUR|0.6|5.557000160217285|5.48199987411499|-0.010681848260520654|0.00597393037072802|0.0014417686336867241|0.07944841016296755|0.007251256338481449|-0.3099030191800501|S
iShares EUR Green Bond UCITS EUR (Acc) ETF|IE000IZO7033|CBUP.DE|EUR|0.2|240.3699951171875|239.32000732421875|-0.013623896306607874|-0.03318317175620311|-0.024234802750075612|-0.02296564936652956|-0.02482723024475586|-0.8117169016704316|S
iShares MSCI USA ESG Enhanced CTB UCITS USD (Acc) ETF|IE00BHZPJ908|EDMU.DE|EUR|0.07|12.289999961853027|12.149999618530273|0.03555779661697933|0.03573232598236853|0.18927814954322564|0.17159201430020588|0.1010591258321567|1.9291437958079907|N
iShares   Govt Bond 1-3yr UCITS ETF EUR Dist|IE00B14X4Q57|IBCA.DE|EUR|0.15|139.0449981689453|139.0800018310547|-0.0024333635733968517|-0.005221128611789139|0.004531410825757254|0.000393352852768869|-0.0013972029263709107|-0.24709620764276674|S
Global X Hydrogen UCITS ETF|IE0002RPS3K2|HYCN.DE|EUR|0.5|9.288000106811523|9.116999626159668|0.09878150140354736|-0.13358210117043057|0.3103837953937987|0.39313039776530934|-0.011340092496988752|0.9368541126824127|N
Amundi Stoxx Europe Defense UCITS ETF A|LU3038520774|EDFS.DE|EUR|0.35|5.751999855041504|5.781000137329102|-0.02739265782048006|-0.0656270749309763|-0.09517068287778019|-0.012871166000619438|-0.03557331851863765|-0.9783434223237525|S
State Street SPDR S&P Global Dividend Aristocrats Screened UCITS ETF|IE00BYTH5S21|ZPD3.DE|EUR|0.45|20.834999084472656|20.7549991607666|-0.02160136136056523|0.0018969338131340496|0.18825742499081088|0.1495405380063639|0.044718874903091343|-1.00236291546936|S
iShares eb.rexx Government Germany UCITS (DE) ETF|DE0006289465|EXHA.DE|EUR|0.16|121.67500305175781|120.52999877929688|0.0007402555246360798|-0.015984451402921485|-0.013092034220826387|-0.009478167285186911|-0.009001167614538064|1.526662586065007|S
HSBC ASIA PACIFIC EX JAPAN SCRND EQ UCITS ETF USD|IE00BKY58G26|H4Z2.DE|EUR|0.25|27.395000457763672|26.8799991607666|0.041041227504756694|0.024878448444286994|0.44457917337098407|0.37249507586775765|0.14965395084859567|1.632189246585767|N
Invesco Russell 2000 UCITS Acc ETF|IE00B60SX402|SC0K.DE|EUR|0.25|129.94000244140625|127.27999877929688|-0.0018435262550114961|-0.03975764551890926|0.22538665899218469|0.19870849273360003|0.05786939829481352|1.0077382181006267|S
Xtrackers MSCI World Screened UCITS 1D ETF|IE00BCHWNQ94|XDWY.DE|EUR|0.19|28.530000686645508|28.239999771118164|0.030335866247265697|0.03227213176479937|0.19985363937885214|0.16609102470972714|0.09230211516443476|1.9782974967092462|N
ARK Space & Defence Innovation UCITS ETF USD Acc|IE000AON7ET1|ARXX.DE|EUR|0.75|4.894499778747559|4.7804999351501465|0.06901823718653044|-0.02519421071625294|0.18510887242678242|0.17627975089869663|0.05617898987657899|1.6716996039294347|N
iShares Growth Portfolio UCITS ETF EUR Acc|IE00BLLZQ805|MAGR.DE|EUR|0.29|8.614999771118164|8.526000022888184|0.01388725834058202|0.00830993702110483|0.1756276870079445|0.14591641751323015|0.06847144467722566|1.8202883080785275|N
iShares EURO STOXX UCITS (DE) ETF|DE000A0D8Q07|EXSI.DE|EUR|0.2|65.58999633789062|65.9800033569336|-0.017026108513900406|-0.03204743805371213|0.1335120246115613|0.08580808378380045|0.02820111167431305|-1.4604778991010918|S
iShares Global HY Corp Bond UCITS ETF USD Dist|IE00B74DQ490|IBC9.DE|EUR|0.5|75.54000091552734|75.30000305175781|-0.004222899582909556|-0.0151449683183007|0.029910554077908102|0.020693593137302457|0.006828197899099608|-0.2806781169409364|S
Xtrackers II GBP Overnight Rate Swap UCITS 1D ETF|LU0321464652|DXS1.DE|EUR|0.1|212.5|211.03199768066406|0.013429704630038453|0.014414971944503252|0.0645042293832947|0.052373379148975774|0.030561102113821237|3.442909043678323|N
iShares Core FTSE 100 UCITS EUR Hedged (Acc) ETF|IE000HARJEE2|CEB4.DE|EUR|0.1|6.514999866485596|6.607999801635742|-0.029495003651395013|-0.013476714693111513|0.12346958208046055|0.06454248175045985|0.005790025145080202|-2.5969457331305352|S
iShares US Property Yield UCITS ETF USD (Dist)|IE00B1FZSF77|IQQ7.DE|EUR|0.4|27.2549991607666|27.045000076293945|-0.019427987553340742|-0.06139326994623273|0.10212386157519493|0.13123556413781912|0.002758364458324891|-0.7322872614287338|S
UBS Core EURO STOXX 50 UCITS EUR dis ETF|LU0136234068|UIM1.DE|EUR|0.06|62.72999954223633|63.09000015258789|-0.020302971448453055|-0.023939354261084067|0.13131487625036486|0.08858403253619351|0.0355882803794203|-1.343758936784684|S
Amundi STOXX Europe 600 Telecom UCITS ETF A|LU1834988609|LTCM.DE|EUR|0.3|50.70000076293945|49.84000015258789|-0.03133357632532119|-0.023497639619247335|0.13093907410502248|0.10085767944814572|-0.04070657067745698|-0.9632928812378438|S
iShares Edge MSCI World Minimum Volatility UCITS EUR Hedged (Acc) ETF|IE00BYXPXL17|SXR0.DE|EUR|0.35|8.623000144958496|8.62600040435791|-0.02970630544298314|0.0074775241950706395|0.0350497905888798|0.03704156104852108|0.010573357868657984|-1.2983775395183486|S
Xtrackers IE Physical Platinum EUR Hedged Securities ETC|DE000A2UDH63|XPPE.DE|EUR|0.73|31.375999450683594|31.054000854492188|-0.026859410507300785|0.04468266085863326|0.06917463139282853|-0.2182579676568126|-0.13011970223913527|-1.1450024237927885|S
Infrastructure Capital Prfrd Inc UCITS ETF USD Dis|IE0008LRGGP4|ASWN.DE|EUR|0.8|16.47800064086914|16.290000915527344|0.007961516652704725|-0.001649161396056531|0.04409431756428939|0.04990329746264388|0.01752975615979957|1.6109006765796845|N
State Street SPDR MSCI Europe UCITS ETF|IE00BKWQ0Q14|SPYE.DE|EUR|0.08|402.79998779296875|404.54998779296875|-0.02114219248367255|-0.025994439166521444|0.14285706863974124|0.08820746841783067|0.025657319109127386|-1.279184317222742|S
L&G Longer Dated All Commodities UCITS ETF USD Acc|IE00B4WPHX27|ETL2.DE|EUR|0.3|29.079999923706055|29.084999084472656|0.015185877430296424|0.11738714120866178|0.3572929269189442|0.2973454711555119|0.10968012462236731|0.41154408651398294|B
BNPPE FTSEEPRA/NAREITEurozone Capped UCITS ETF QDD|LU0192223062|IM2A.DE|EUR|0.4|5.7179999351501465|5.849999904632568|-0.09050425129856021|-0.15370818124588903|-0.13816743786983054|-0.1153441109022092|-0.13066189524769578|-2.256061644050699|S
Franklin Global Quality Dividend UCITS ETF|IE00BF2B0M76|FLXX.DE|EUR|0.3|38.6150016784668|38.39500045776367|-0.009522203896513592|0.019257126861764284|0.19564944184392896|0.1721121427021488|0.06145879574449675|0.3676444965201452|S
Franklin MSCI China Paris Aligned Climate UCITS ETF|IE000EBPC0Z7|FVCH.DE|EUR|0.22|19.805999755859375|20.014999389648438|-0.01633973028470792|-0.035735205791207925|-0.2219210443833397|-0.1422260881345404|-0.07021113895543574|-0.3062109578620927|S
WisdomTree US Quality Growth UCITS - USD Acc ETF|IE000YGEAK03|QGRW.DE|EUR|0.33|39.470001220703125|38.810001373291016|0.07328346928626828|0.08404288344177258|0.24393324267666472|0.22179231845973368|0.15328764809835715|2.0457012383929767|N
StSt SPDR MSCI Europe Materials UCITS ETF|IE00BKWQ0L68|SPYP.DE|EUR|0.18|378.1000061035156|378.3999938964844|-0.0382805240407339|0.007326495151945167|0.24354553949519775|0.15981596964268596|0.03959523387782049|-0.7895644903828999|S
WisdomTree Energy Transition Metals Securities ETC|XS2425848053|NRGT.DE|EUR|0.81|23.90999984741211|24.101999282836914|-0.006894848178187418|0.028652571892783474|0.27744836543974194|0.09078466077517544|0.002940021403276649|-0.8444117977241421|S
iShares $ Treasury Bd 7-10y UCITS ETF USD Dist|IE00B1FZS798|IUSM.DE|EUR|0.07|146.25999450683594|143.8800048828125|0.006295319952169587|-0.022391592071712374|0.006238169716973996|0.00408461831607676|-0.002686855800341781|2.288928418030159|N
iShares USD Development Bank Bonds UCITS EUR Hedged (Acc) ETF|IE00BMCZLH06|UEEG.DE|EUR|0.18|4.624000072479248|4.598499774932861|-0.010104411744289887|-0.016358570500873304|-0.019902865864314|-0.02218272415400202|-0.01729246792614081|-0.3104688459106743|S
Xtrackers MSCI World Quality ESG UCITS ETF|IE0003NQ0IY5|XWEQ.DE|EUR|0.25|50.5|49.779998779296875|0.029351785291488852|0.02840852195841692|0.23005723114398546|0.18239290757464377|0.09311618253926479|2.424202226813087|N
Amundi Prime Japan UCITS DR (C) ETF|LU2089238385|PRAJ.DE|EUR|0.05|39.23500061035156|38.6349983215332|0.05740469193890352|0.05357139747494499|0.33090234801866725|0.27179903161097996|0.1262507658834151|2.7089304634713542|N
iShares World Eqt Factor Rota Actv UCITS ETF USD A|IE0009Y1MQJ2|FCRN.DE|EUR|0.3|5.958000183105469|5.9039998054504395|0.03133118127925916|0.04179057985200796|0.1749162032291025|0.1673197641524593|0.09683159045862078|2.0438743796530274|N
UBS MSCI USA Socially Responsible UClTS USD dis ETF|LU0629460089|UIMP.DE|EUR|0.22|266.3999938964844|261.29998779296875|0.047581559966650255|0.03021598033555506|0.2326310356067962|0.22137928462928946|0.12484807043649715|2.285924866466324|N
Amundi Core Euro Government Bond UCITS ETF Acc|LU1437018598|A4HC.DE|EUR|0.09|47.86899948120117|47.840999603271484|-0.017467194543918207|-0.039469442005209965|-0.031089957211766217|-0.029321690880564244|-0.03083859247518428|-1.1544041071514313|S
Amundi MSCI EMU Screened UCITS ETF Acc|LU2240851688|DECD.DE|EUR|0.12|90.26000213623047|90.94999694824219|-0.016346991772875574|-0.03040062641519581|0.1039628152875669|0.07721686537783712|0.031912602702425685|-1.4781111555558386|S
Xtrackers MSCI Global Clean Water & Sanitation UCITS ETF|IE0007WJ6B10|XDG6.DE|EUR|0.35|31.709999084472656|31.725000381469727|-0.012303393969653298|-0.051876233403585936|-0.028492656941370043|-0.014452219537344546|-0.029221351608357704|-0.5127526343225501|S
iShares Govt Bond 20yr Target Duration UCITS EUR (Acc) ETF|IE000GHXL2Q3|CEB1.DE|EUR|0.15|4.23390007019043|4.167200088500977|-0.02149343295092543|-0.07473939592499568|-0.08730512624893638|-0.055059549306608724|-0.06303090114133247|-0.6266064586252693|S
UBS Core BBG US Treasury 1-3 UCITS USD dis ETF|LU0721552544|UEFF.DE|EUR|0.05|21.33099937438965|21.045000076293945|0.029140739733265697|0.0162708389105799|0.058423160032223365|0.052523462662788845|0.03581570406695378|2.599600589369289|N
VanEck Emerging Markets HY Bond UCITS ETF USD A|IE00BF541080|HY3M.DE|EUR|0.4|122.30000305175781|121.05000305175781|0.006584387257265956|-0.0012657611120754364|0.0854708887841873|0.06779586276136174|0.031035628887968958|1.5639823705311284|N
iShares USD TIPS UCITS EUR Hedged (Acc) ETF|IE00BDZVH966|IBC5.DE|EUR|0.12|5.230000019073486|5.1915998458862305|-0.022064328613198292|-0.02997257010145482|-0.03534009345185307|-0.026614576963893688|-0.028520625353072537|-0.8169685224667388|S
BNPP Easy Engy&Metals Enhcd Roll UCITS ETF EUR C|LU1291109616|GSDE.DE|EUR|0.39|21.665000915527344|21.645000457763672|0.019289662241791072|0.12721132619781161|0.4123207757512579|0.3170212711683802|0.09696929144144306|-0.18342000277357615|B
Amundi S&P Eurozone Cl Paris Aligned UCITS ETF A|LU2195226068|ZPAB.DE|EUR|0.2|41.9900016784668|42.26499938964844|-0.017088003777550265|-0.017777738515396546|0.11187613814648834|0.0817983553804138|0.03808199904501386|-1.0108725522058526|S
Invesco US Treasury Bond 10+ Year UCITS Acc ETF|IE000GE4QIR1|TRXL.DE|EUR|0.06|3.9872000217437744|3.91759991645813|-0.008356568589396707|-0.05184061719861244|-0.037907478426233765|-0.02613455840562018|-0.02985332424629983|-0.33492842058005395|S
Xtrackers IE Physical Platinum ETC |DE000A2T0VT7|XPPT.DE|EUR|0.38|37.375999450683594|36.597999572753906|0.006625326568590051|0.0692910964237512|0.15400762279866953|-0.16027856975672583|-0.0857425865437027|-0.5778200146785557|N
UBS Solactive China Technology UCITS USD acc ETF|LU2265794276|UIC2.DE|EUR|0.47|5.874000072479248|5.959000110626221|-0.04735644212348289|-0.07496060461450715|-0.3279175942440843|-0.20835579352000155|-0.12097317494623694|-1.2675859815599024|S
State Street SPDR Bloomberg 1-3 Year Euro Government Bond UCITS ETF|IE00B6YX5F63|SYB3.DE|EUR|0.15|51.417999267578125|51.439998626708984|-0.003681646936799954|-0.007443883685488206|0.0010311892988024152|-0.002578408206625471|-0.003327650222696432|-0.3669211319374648|S
Amundi Australia S&P/ASX 200 UCITS ETF Dist|LU0496786905|LYPU.DE|EUR|0.4|56.02000045776367|55.54999923706055|-0.024551625281552303|0.016512426734416996|0.10836085875075807|0.11571403065585284|0.025843408368181553|-0.1278580277136534|S
iShares Moderate Portfolio UCITS ETF EUR Acc|IE00BLLZQS08|MODR.DE|EUR|0.28|6.793000221252441|6.749000072479248|-0.004250924265160827|-0.010632093265067755|0.07859643910600833|0.05859442342011367|0.023246388125662376|0.190833347616982|S
iShares Edge MSCI Europe Min Vol UCITS ETF EUR Acc|IE00B86MWN23|EUN0.DE|EUR|0.25|73.12000274658203|73.12999725341797|-0.022329163638218352|-0.013890745220516254|0.09379213785454565|0.06666665924688142|0.008489860060274745|-1.8666542920821172|S
Invesco MSCI World ESG Climate PA UCITS ETF Acc|IE000V93BNU0|PAUD.DE|EUR|0.19|6.093999862670898|6.019999980926514|0.019574974323233407|0.053960531705588455|0.16186844530718592|0.16676235971853548|0.09827870863966082|1.864883066521778|N
First Trust Nasdaq Cln Edge Grn En UCITS ETF A USD|IE00BDBRT036|QCLN.DE|EUR|0.6|17.100000381469727|16.29400062561035|0.0926518081970169|-0.14628058935261468|0.2139713079853398|0.1290109920001168|-0.017213111967301797|2.3652366174895656|N
Xtrackers S&P ASX 200 UCITS 1D ETF|LU0328474803|DX2S.DE|EUR|0.5|44.41999816894531|44.084999084472656|-0.024272450739083462|0.01768764748773677|0.10487839059670212|0.11691431648487116|0.02640723618495988|-0.15681929537995917|S
StSt SPDR BBG U.S. Aggregate Bond UCITS ETF Dist|IE00B459R192|SYBU.DE|EUR|0.17|80.38200378417969|79.17400360107422|0.010535113640516292|-0.016250889949695924|0.020241211147341565|0.01892714795117012|0.0065116532030304874|2.430824369764487|N
Xtrackers MSCI Thailand UCITS 1C ETF|LU0514694701|XCS4.DE|EUR|0.5|24.65999984741211|24.125|0.012939024150426803|-0.04177193461992956|0.28880520771747475|0.23522335105207026|0.032227378716152|-0.3435931752267047|S
Invesco S&P World Health Care ESG UCITS ETF Acc|IE000L4EH2K5|WH2E.DE|EUR|0.18|6.000999927520752|6.09499979019165|-0.012993420588260252|0.03394211407121506|0.14917651996178005|0.07333211259838546|0.06524136317405049|0.2290134966504418|B
iShares Core DAX UCITS (DE) EUR (Dist) ETF|DE000A2QP331|EXIC.DE|EUR|0.16|7.0920000076293945|7.084000110626221|-0.024005408294187736|-0.023340856753154116|0.02734294323317976|0.0229762090142398|0.01373340923225852|-1.1946657062508028|S
UBS Core Euro Infl Linked 1-10 ETF|LU1645380442|CHSN.DE|EUR|0.08|8.593799591064453|8.645400047302246|-0.0226099326996112|-0.02504939532248851|0.0041597192220168555|0.0035030866517553605|-0.016441441721071315|-2.041181644491767|S
Goldman Sachs Alp Enh Eur Eq Actv UCITS EURAcc ETF|IE000RITWOD4|GQEU.DE|EUR|0.25|11.137999534606934|11.20199966430664|-0.019369631173714708|-0.0210934012410674|0.15371858389543047|0.08705828805878046|0.025715127226217938|-1.1649974870517006|S
Ishs MSCI USA MID CAP EW UCTS ETF|IE00BD1F4K20|QDVC.DE|EUR|0.2|11.652000427246094|11.508000373840332|-0.0054625450830093625|-0.02084026884320267|0.12038469756143644|0.10971432640438983|0.04342316853067563|0.9826366792384513|S
WisdomTree Strategic Metals UCITS - USD Acc ETC ETF|IE0007UE04X9|WENU.DE|EUR|0.5|12.67199993133545|12.62399959564209|-0.0007885371988249901|0.018322057435042227|0.28285073887069445|0.08791210410704675|0.0034978220883323807|-0.3900265475936817|S
iShares Core MSCI Europe UCITS EUR (Acc) ETF|IE000MAO75G5|CEBZ.DE|EUR|0.12|6.750999927520752|6.763999938964844|-0.01746469055793698|-0.024421986547679686|0.1432683637008474|0.09080623461682058|0.027712922053849676|-1.2059648010628345|S
L&G New Energy Commodities UCITS ETF USD Acc|IE000BLN64M9|ENTR.DE|EUR|0.65|12.640000343322754|12.407999992370605|0.007010858606234516|0.0427322730413211|0.28861253172189705|0.15772120234238063|0.04559681708046193|0.41868068797308755|B
Robeco 3D European Equity UCITS ETF EUR Acc|IE0007WLHX89|3D3D.DE|EUR|0.25|6.561999797821045|6.625|-0.02322121745087735|-0.025107732894679935|0.16907177907241278|0.10304251609716197|0.03108979335260509|-1.8785522760821867|S
VanEck Sustainable Future of Food UCITS ETF|IE0005B8WVT6|VE6I.DE|EUR|0.45|18.892000198364258|18.868000030517578|-0.035728812239275265|-0.06867141530817245|-0.013884577437375034|0.021962573622666515|-0.018822425858752045|-0.7629506583183557|S
Global X Artificial Intelligence UCITS ETF USD Acc|IE0000XTDDA8|QAIU.DE|EUR|0.4|26.5|25.985000610351562|0.08428802867953022|0.04660348812788451|0.37605155249150757|0.34736633042711884|0.18838477181809066|1.7703623996178894|N
Invesco STOXX Europe 600 Optimised Technology UCITS Acc ETF|IE00B5MTWZ80|SC0X.DE|EUR|0.2|159.82000732421875|154.8800048828125|0.06348155857342297|0.028310444004062685|0.08809914223335147|0.13122882718794804|0.09885052614053369|2.667262295697354|N
Xtrackers II Global Government Bond UCITS 1D EUR Hedged ETF|LU0690964092|XGVD.DE|EUR|0.25|164.4499969482422|164.03500366210938|-0.014088765350840027|-0.029568400224207703|-0.03758418820473475|-0.034248727799041534|-0.027901899195490798|-1.01991330956349|S
Alerian Midstream Energy Dividend UCITS ETF Dist|IE00BKPTXQ89|JMLP.DE|EUR|0.49|17.408000946044922|17.214000701904297|-0.049679485177100524|-0.02320522854775775|0.2364598536239937|0.2536458077932082|0.028934612281898753|-1.3962774125979331|S
BNP Paribas Easy Bloomberg Europe Defense UCITS Distribution ETF|LU3047998979|EDEF.DE|EUR|0.35|10.97599983215332|11.017999649047852|-0.02470231785065835|-0.06396043072962188|-0.07640525124351216|-0.004173514729301275|-0.02928164266142297|-0.8290026555189307|S
WisdomTree Enhanced Commodity ex-Agriculture UCITS EUR Hedged Acc ETF|IE00BDVPNV63|EXAG.DE|EUR|0.35|17.302000045776367|17.459999084472656|-0.0077990412723649705|0.12292316032863382|0.44689745616671095|0.2825797138128663|0.07474717228465422|-2.1632570776281512|N
Amundi MSCI North America ESG Broad Transition UCITS Dist ETF|IE000MJIXFE0|WEBC.DE|EUR|0.15|145.5399932861328|143.82000732421875|0.033958503593609635|0.0377922674370339|0.1973245662760783|0.17358867515866128|0.10155331884201924|1.97383070814492|N
Xtrackers MSCI Europe Screened UCITS 1C ETF|LU0322253732|DX2I.DE|EUR|0.12|204.5|205.39999389648438|-0.02176514224030557|-0.02572650811580046|0.13598486360709394|0.0813240549910248|0.023332223728606882|-1.466278036669673|S
StSt SPDR S&P US Financials Sel Sctr UCITS ETF Acc|IE00BWBXM500|ZPDF.DE|EUR|0.15|56.939998626708984|56.33000183105469|-0.03801317878363164|-0.01996557449014047|0.06529462701503608|0.03546093632882674|0.0386625181310023|-0.9840338261690057|S
Amundi SDAX UCITS Dist ETF|LU2611732475|AK8E.DE|EUR|0.7|10.260000228881836|10.258500099182129|-0.002673161756321818|-0.005862132916718554|0.0021088419532868663|-0.0007756293199585595|-0.002127073894542808|0.025902023365554812|S
iShares MSCI France UCITS EUR (Acc) ETF|IE00BP3QZJ36|IS3U.DE|EUR|0.25|62.22999954223633|62.86000061035156|-0.0449662976550268|-0.07036155852089587|0.013022940470230449|-0.006228032518375781|-0.02928599017987643|-2.2507559982163943|S
VanEck Morningstar US SMID Moat UCITS ETF USD A|IE000SBU19F7|SMTV.DE|EUR|0.49|22.020000457763672|21.81999969482422|-0.0446854148975766|-0.026309941161899664|0.10199179616741483|0.08100145068979625|0.025049017154730624|-0.6693963811336999|S
Xtrackers Europe Defence Technologies UCITS ETF 1C|LU3061478973|XDEF.DE|EUR|0.15|29.799999237060547|29.81999969482422|-0.021828357531482045|-0.05993695520979936|-0.05171042289425365|-0.0010057219819724628|-0.031113318102824472|-0.8429395747170672|S
StSt SPDR BBG 3-5 Year Euro Govt Bd UCITS ETF Dis|IE00BS7K8821|SYB4.DE|EUR|0.15|28.1560001373291|28.166000366210938|-0.01082070534640589|-0.023690716001221634|-0.016152206408283964|-0.01812855247680234|-0.017478657015514987|-0.7801536077667067|S
Global X Internet of Things UCITS ETF USD Acc|IE00BLCHJT74|SN5R.DE|EUR|0.6|17.281999588012695|16.72800064086914|0.10526988629952516|0.027711679572688608|0.3384448564329403|0.39844633965159937|0.17191205967698053|2.09493764474766|N
L&G Global Quality Dividends UCITS ETF USD Acc|IE000MRIQ479|LDGA.DE|EUR|0.29|10.447999954223633|10.354000091552734|-0.009480506094727281|0.010054146648633244|0.06723327185466377|0.17314167899361554|0.056565913091995546|-0.14307445250030357|S
HSBC PLUS EM Eq Inc Quant Active UCITS ETF USD Dis|IE000893FCN6|H417.DE|EUR|0.35|12.223999977111816|12.038000106811523|0.032606831378897194|0.023140281997916068|0.367181670211427|0.29297034623779195|0.11920087529488055|1.0928467774764274|N
iShares Core Gl Aggregate Bd UCITS ETF USD Dis|IE00B3F81409|EUNU.DE|EUR|0.1|3.7472000122070312|3.697000026702881|0.011526536029974332|-0.006431465980657136|-0.0013254114071543643|0.001352602686627069|0.006826733038142185|2.750221865422885|N
Vanguard ESG N America All Cap UCITS ETF USD Acc|IE000O58J820|V3YA.DE|EUR|0.12|8.26099967956543|8.163999557495117|0.04069028334086111|0.04649095815515358|0.20845519617531405|0.18794933622333865|0.11471613854452789|1.9678036029856871|N
Xtrackers World Biodiversity Focus SRI UCITS 1C ETF|IE000E0V65D8|XBI0.DE|EUR|0.3|58.869998931884766|58.470001220703125|0.0270411591994566|0.033350845540989216|0.20191914009962608|0.15635433330053883|0.0929047814723083|1.7038759215355825|N
UBS MSCI India SF ETF ETF|IE000N70F6V6|CNUB.DE|EUR|0.15|7.479000091552734|7.39300012588501|-0.041645286186007824|-0.05794181013124289|-0.24487340943945313|-0.12720272161658752|-0.04469824747275708|-0.9613554671051324|S
iShares USD High Yield Corp Bond UCITS EUR Hedged (Dist) ETF|IE00BF3N7102|IBC2.DE|EUR|0.55|3.75|3.7388999462127686|-0.02180718992213837|-0.02305989191735458|-0.0078085844910164015|-0.013922202455075805|-0.016690208063249057|-1.419148498008408|S
Vanguard EUR Eurozone Government 1-3 Year Bond UCITS EUR Distributing ETF|IE000HARFTG3|VEGE.DE|EUR|0.07|4.927800178527832|4.9278998374938965|-0.0031210507566485912|-0.006872760096879982|0.001869402057941949|-0.0016139422350500698|-0.002850973516666966|-0.1526434798494685|S
Amundi EUR Corporate Bond 0-1Y ESG - UCITS DR (C) ETF|LU2300294316|ECR1.DE|EUR|0.08|55.33599853515625|55.32400131225586|0.0012303136868514475|0.004283122823424357|0.020319308034159933|0.015488474387828077|0.007833559687822733|1.322667957487528|N
StSt SPDR BBG EM Loc Bd USD BCCYHEUR UCITS ETF Acc|IE00BK8JH525|SPFD.DE|EUR|0.6|27.54400062561035|27.639999389648438|-0.025094667018706662|-0.008959041792162448|-0.010525533236425355|-0.025129153102499635|-0.017589138684733885|-1.3285227122276633|S
Xtrackers II Germany Government Bond 1-3 UCITS 1D ETF|LU0468897110|D5BC.DE|EUR|0.15|137.7449951171875|137.5500030517578|0.0014176085867210197|-3.123775275160057e-05|0.006055441700645758|0.00367001262028932|0.0027539227313602144|2.406188507017548|N
Invesco MSCI Pac ex Japan Univ Scrnd UCITS ETF Acc|IE00BMDBMT65|ESGP.DE|EUR|0.19|52.119998931884766|52.060001373291016|-0.019379163959057033|0.03762690437731764|0.12279192132223549|0.12631004242619182|0.04056598268099765|-0.17730242873381477|S
Xtrackers MSCI Philippines UCITS 1C ETF|LU0592215403|XPQP.DE|EUR|0.65|1.2467999458312988|1.2430000305175781|-0.029274401150586882|-0.08377430899698979|-0.035730887560653346|-0.04809900869168404|-0.0552255489434994|-1.1914586989016123|S
UBS Factor MSCI EMU Prime Value Screened UCITS EUR dis ETF|LU1215452928|UIMZ.DE|EUR|0.25|25.434999465942383|25.71500015258789|-0.026411503695985328|-0.024044189756875833|0.22813812526391541|0.1652201243628224|0.05673062341506663|-2.5963823135559503|S
Xtrackers USD Corporate Bond UCITS 2D EUR Hedged ETF|IE00BZ036J45|XDGE.DE|EUR|0.21|9.627799987792969|9.566399574279785|-0.02354966297864225|-0.04729675403626876|-0.05409335575042673|-0.048380773624461915|-0.041195816829970866|-1.1500661494527906|S
Xtrackers MSCI Japan ESG Screened UCITS 3C EUR Hedged ETF|IE00BRB36B93|XDNE.DE|EUR|0.25|45.64500045776367|45.150001525878906|0.034447602442236214|0.013995358806116354|0.3863326200592718|0.23867034865195746|0.09714723516148371|2.027288768482598|N
Vaneck Medical Robotics Bionic Ucits Etf|IE0005TF96I9|CIB0.DE|EUR|0.55|16.351999282836914|16.40399932861328|-0.03185317502979035|0.004792866792784123|-0.040825964286217764|-0.07291082718240993|-0.008605630931031616|0.010625237455554529|S
WisdomTree Global Qual Div Gro UCITS ETF EURH Acc|IE0007M3MLF3|WGRU.DE|EUR|0.43|21.985000610351562|22.1299991607666|-0.028287265840814868|-0.014788255245721471|0.08541108473289527|0.05393096678250964|0.018176219236930358|-1.1212505837246183|S
iShares Dow Jones Eurozone Sustainability Screened UCITS (DE) ETF|DE000A0F5UG3|EXXV.DE|EUR|0.41|22.579999923706055|22.725000381469727|-0.018493173058890422|-0.04101883612133761|0.11315432856569019|0.06615797072304064|0.022457393433808148|-1.1140614736899923|S
JPM Carbon Transition Global Equity (CTB) UCITS - USD (acc) ETF|IE00BMDWYZ92|JPCT.DE|EUR|0.19|48.345001220703125|47.6150016784668|0.03566839984237813|0.03700133694423102|0.17556233971314583|0.14358366589551586|0.08815963766755308|2.2455195734688873|N
Amundi FTSE EPRA NAREIT Global UCITS Dist ETF|LU1737652823|10AJ.DE|EUR|0.24|53.66999816894531|53.68000030517578|-0.028948837987454956|-0.06416740022820333|0.06362686905104353|0.0697628090041762|-0.018987837155979626|-1.3675114474033703|S
UBS MSCI EMU Socially Responsible UCITS EUR dis ETF|LU0629460675|UIMR.DE|EUR|0.2|141.32000732421875|141.66000366210938|-0.010779737362126451|-0.032281092282174795|0.06935872177800717|0.05818181735086991|0.025821888475437094|-0.9420183333808515|S
iShares Inclusion and Diversity UCITS ETF USD A|IE00BD0B9B76|OPEN.DE|EUR|0.25|10.800000190734863|10.755999565124512|0.0007413244974121547|0.014656157135135128|0.3121127761887068|0.25698326130642957|0.11778217669203817|0.025247722425180287|B
Vanguard ESG Global Corporate Bond UCITS EUR Hedged - Dist ETF|IE00BNDS1Q47|V3GE.DE|EUR|0.15|3.8438000679016113|3.837599992752075|-0.0163384045613596|-0.03316809942747734|-0.030881989356336237|-0.028906624531915615|-0.0259977002142997|-1.1689618433709685|S
UBS S&P Dividend Aristocrats ESG Elite UCITS USD dis ETF|IE00BMP3HG27|UBUM.DE|EUR|0.3|11.041999816894531|11.093999862670898|-0.023695896797433558|-0.0037242534584996934|0.17062930049233982|0.11015020962537436|0.034551318890118754|-1.590184816758882|S
Invesco S&P 500 QVM UCITS ETF Dist|IE00BDZCKK11|QVMP.DE|EUR|0.35|68.51000213623047|67.3499984741211|0.031505941839549356|-0.012709909597701907|0.20665295996881428|0.20134318828616737|0.0703395152456956|2.967573841390522|N
ishares Digital Entertainment and Education Ucits Etf Usd Acc|IE00023EZQ82|CBUN.DE|EUR|0.4|13.430000305175781|13.152000427246094|0.06705862331138812|0.076812072941709|0.2968327901153074|0.3822561603083796|0.2255713056820745|1.408842730858637|N
Franklin S&P 500 Paris Aligned Climate UCITS ETF|IE00BMDPBZ72|FLX5.DE|EUR|0.07|57.2400016784668|56.599998474121094|0.040538146245692186|0.057454286883128924|0.19761489426436163|0.1803279294606257|0.12169205571776653|1.9202229204944232|N
Amundi FTSE EPRA Europ Real Estate UCITS ETF EUR D|LU1812091194|LEEU.DE|EUR|0.3|27.739999771118164|27.674999237060547|-0.07871141784097513|-0.11373800487915631|-0.05415092419256917|-0.06834592354270397|-0.08869684101418096|-1.808341698997251|S
iShares MSCI Japan UCITS ETF USD (Dist)|IE00B02KXH56|IQQJ.DE|EUR|0.12|23.020000457763672|22.649999618530273|0.06421339307711205|0.0540201125710118|0.34673479765184445|0.27973495763149936|0.11625123724752795|2.821909226362014|N
Xtrackers Physical Platinum Euro Hedged ETC|DE000A1EK0H1|XAD3.DE|EUR|0.75|89.4749984741211|87.56999969482422|-0.015189090659003202|0.058061797327054965|0.08652094877984817|-0.20410069443643264|-0.11858407426698292|-0.8204037517253925|S
Global X Renw Energy Producers UCITS ETF USD Acc|IE00BLCHJH52|R4RU.DE|EUR|0.5|10.121999740600586|10.12399959564209|-0.06381802779591861|-0.11721610929477333|0.054155331314414745|-0.02560645031992803|-0.0978420902495859|-1.3608508864752464|S
Xtrackers MSCI Pakistan Swap UCITS 1C ETF|LU0659579147|XBAK.DE|EUR|0.85|1.5049999952316284|1.5211999416351318|-0.02209229261999235|-0.0865501667707228|0.004807052147179913|-0.04662362314822921|-0.005382832637175983|0.5750070458474258|S
BNP Paribas Easy MSCI EMU Min TE UCITS ETF C|LU1291098827|EMUX.DE|EUR|0.15|20.260000228881836|20.415000915527344|-0.01650486147047503|-0.028297368910949694|0.1375632137229723|0.09253664502694137|0.03290618116824895|-1.450885931924468|S
Amundi STOXX Europe 600 Consumer Discretionary UCITS Dist ETF|LU2082999132|6TVL.DE|EUR|0.3|35.209999084472656|35.61000061035156|-0.05030348321209133|-0.07851348002829728|-0.0882925258495687|-0.12586891381511411|-0.05317203762336975|-1.3934846404977765|S
WisdomTree Global Quality Growth UCITS - USD Acc ETF|IE000Y83YZ44|QGRG.DE|EUR|0.35|28.850000381469727|28.424999237060547|0.05465183199601609|0.055230439665484354|0.2063558133814758|0.17731080879446148|0.1158728697346274|2.188191694555141|N
Fidelity US Quality Income UCITS - Acc-EUR Hedged ETF|IE00BYV1Y969|FUSU.DE|EUR|0.3|12.175999641418457|12.194000244140625|-0.009920368429395032|0.019423927707272526|0.12324718358159958|0.10050610074865673|0.04610289801548206|0.06717238191569015|S
iShares EUR Green Bond UCITS EUR (Dist) ETF|IE00BMDBMN04|GRON.DE|EUR|0.2|3.8252999782562256|3.8080999851226807|-0.013487718424064044|-0.03311175626019758|-0.025026442738027455|-0.023105756657088583|-0.024543798222367852|-0.718171898547732|S
OSSIAM Stoxx Europe 600 EqualWeightNR UCITS ETF 1C|LU0599613147|OSX6.DE|EUR|0.3|154.02000427246094|155.39999389648438|-0.025683182638957747|-0.014713427226160758|0.11722039453477251|0.06795176098189493|0.02059210807059686|-1.7890992275992248|S
Amundi STOXX Europe 600 Consum Staples UCITS ETF A|LU1834985845|LFOD.DE|EUR|0.3|90.38999938964844|90.94000244140625|-0.03388198216828764|-0.06078552165391704|0.031260671033308984|-0.00909890177535222|-0.03081679494944045|-1.8592214121720132|S
First Trust Vest NASDAQ100ModBffr UCITS ETFJunAUSD|IE000HFBJ0U0|QJUN.DE|EUR|0.9|20.594999313354492|20.274999618530273|0.06632495557518792|0.05022940705483592|0.13784524195033043|0.11868546898709109|0.08115624819396738|2.0132940221489792|N
Invesco MSCI Japan Univ Screened UCITS ETF Acc|IE00BMDBMV87|ESGJ.DE|EUR|0.15|62.220001220703125|61.279998779296875|0.06449957927381345|0.05404036095838527|0.3373454955416624|0.27200245438311543|0.12809102025628794|2.7058246510822666|N
Amundi MSCI World Momentum Advanced UCITS ACC ETF|IE0001FQFU60|WMSE.DE|EUR|0.25|13.315999984741211|13.100000381469727|0.041288698273348245|-0.003144169600106439|0.23593834947958636|0.20725297435290435|0.08171250888362258|2.0486982285631536|N
Global X Solar UCITS ETF USD Acc|IE000XD7KCJ7|RA7Z.DE|EUR|0.5|7.96999979019165|7.885000228881836|-0.016049454957493214|-0.18781208465650423|-0.1447580661667185|-0.17639766947503077|-0.20409041815543527|-0.3594530767557245|S
Vanguard LifeStrategy 40% Equity UCITS ETF EUR Dis|IE00BMVB5N38|V40D.DE|EUR|0.25|26.94499969482422|26.81999969482422|0.0|-0.00937503900597969|0.059350182974332366|0.047089350521671625|0.017618549878878786|0.43965927502167945|S
Saturna Al Kawthar Gl Focused Equity UCITS ETF Acc|IE00BMYMHS24|ASWE.DE|EUR|0.75|10.857999801635742|10.668000221252441|0.051927947601682733|0.014576727922109178|0.17599913732394|0.17358408687383564|0.09061942966571346|2.319426458048543|N
Amundi US Curve steepening 2-10Y UCITS ETF Acc|LU2018762653|UCT2.DE|EUR|0.3|89.16000366210938|87.9020004272461|0.04061628553382923|0.03592511549178923|0.054349374542864703|0.04822597603563894|0.04656244331159831|2.736862546279285|N
Rize Sustainable Future of Food UCITS ETF USD Acc|IE00BLRPQH31|RIZF.DE|EUR|0.45|3.2799999713897705|3.2795000076293945|-0.043592397468195654|-0.03571954012514955|0.030798256442340577|0.04143517467123292|-0.008796934528058742|-1.3540595837891813|S
Xtrackers Europe Biodiversity Focus SRI UCITS 1C ETF|IE000VMAR5O6|XBEE.DE|EUR|0.3|43.560001373291016|43.779998779296875|-0.021013542668583796|-0.018918921705403324|0.14240755712216369|0.07968769501333184|0.026181079339484548|-1.2820395219494745|S
WisdomTree New Economy Real Est UCITS ETF USD Acc|IE000MO2MB07|WTRE.DE|EUR|0.45|25.760000228881836|25.770000457763672|-0.009040223226186028|-0.06666667127378889|0.044183224532508225|0.08921778623194276|-0.028134481823138713|-1.6043582133174303|S
iShares Aggregate Bond ESG SRI UCITS ETF|IE000CR3ZDF9|CBU2.DE|EUR|0.16|5.312399864196777|5.299600124359131|-0.01329865576908329|-0.03330059492277837|-0.024352672779464846|-0.022809225576414294|-0.024447420786793517|-0.797484256920192|S
State Street SPDR MSCI Emerging Markets UCITS ETF|IE00B469F816|SPYM.DE|EUR|0.18|93.88999938964844|92.2040023803711|0.03700020366960888|0.012116514276432566|0.3328695607720762|0.2709478123764242|0.10743512080453854|1.2881970893771502|N
Amundi Stoxx Europe 50 UCITS ETF Acc|FR0010790980|AE50.DE|EUR|0.15|149.3800048828125|149.86000061035156|-0.018012032095216735|-0.025061978248906103|0.14890016900616376|0.09355781997265922|0.029422434245273354|-1.0284712946782644|S
UBS Core MSCI EM UCITS ETF USD dis|LU0480132876|UIMI.DE|EUR|0.15|151.85499572753906|149.01499938964844|0.03885748286093804|0.011774110559642281|0.3378092458473443|0.2708830052901052|0.10870394708131559|1.4110046275434065|N
Global X E-commerce UCITS ETF USD Acc|IE00BMH5XY61|E61Z.DE|EUR|0.5|11.649999618530273|11.609999656677246|-0.02835697740436094|-0.002909996292717598|-0.172467711201297|-0.11109418083297984|-0.014691698656876917|0.23282752619252906|S
BNPP Easy MSCI World SRI PAB UCITS ETF|LU1615092217|EMWE.DE|EUR|0.25|24.434999465942383|24.139999389648438|0.029275471841821554|0.030143346259936088|0.16997841504216304|0.16108336314368032|0.08967946050183517|1.9730007033349126|N
Amundi MDAX UCITS Dist ETF|FR0011857234|MD4X.DE|EUR|0.2|142.89999389648438|144.9600067138672|-0.04860188548654454|-0.08503008965345016|-0.014984289341174684|-0.015975811215514613|-0.030494350689311944|-1.6374027049643005|S
Fidelity EUR Corp Bd Rs Enh PAB UCITS ETF Acc EUR|IE0000VKUF67|FEIA.DE|EUR|0.2|5.2829999923706055|5.264999866485596|-0.006058071289094968|-0.0216666853575056|-0.01048889873306369|-0.008297031099679275|-0.011532310108910204|0.05335654142219422|S
StSt SPDR Bloomberg U.S. TIPS UCITS ETF Dist|IE00BZ0G8977|SYBY.DE|EUR|0.05|24.062000274658203|23.73200035095215|0.007874663693395068|-0.013157850477912292|0.020199111360404087|0.026475435299853523|0.007741847833991677|2.7565817381612177|N
iShares Global AAA-AA Govt Bd UCITS ETF USD D|IE00B87G8S03|IS0Z.DE|EUR|0.2|68.27999877929688|67.29000091552734|0.0047973097611091475|-0.011580819782175733|0.008029230788291875|0.010036605604658355|-0.0015907413408206006|1.8084356578894654|N
StSt SPDR MSCI Japan UCITS ETF|IE00BZ0G8B96|ZPDJ.DE|EUR|0.12|81.87000274658203|80.4739990234375|0.06468475320701739|0.05660525426243823|0.3474769335378871|0.28395337219980443|0.13184152662022397|2.8114900210835687|N
Invesco BulletShares 2028 EUR Corporate Bond UCITS - Acc ETF|IE00079EUF59|BSE8.DE|EUR|0.1|5.57420015335083|5.568600177764893|-0.00046616630457263497|-0.004215875088387944|0.007774121669857692|0.0051934954990078275|0.0017864314186031294|0.9479597682909152|S
Invesco STOXX Europe 600 Optimised Personal & Household Goods UCITS Acc ETF|IE00B5MTZ595|SC04.DE|EUR|0.2|660.5|670.9000244140625|-0.055619135053150526|-0.08619256896115679|-0.07115732994399804|-0.12851302451053892|-0.0697281350752128|-1.7428419108505986|S
Jupiter Global Government Bd Active UCITS ETF Acc|IE000GDU4WA8|ZINS.DE|EUR|0.3|9.05720043182373|8.949199676513672|0.01579117993506185|-0.005140560111859815|0.028012396986742516|0.028666227204716455|0.015096599664694788|1.7967479157540818|N
VanEck US Fallen Angel High Yield Bond UCITS ETF|IE000J6CHW80|EM1A.DE|EUR|0.35|21.636999130249023|21.549999237060547|-0.00207545788860497|-0.023160293323530534|0.03382857503227976|0.03318688346675147|0.010008083803937584|0.6295441450865192|S
BNPPE ESG Enh EUR Crp Bd December 2029 UCITS ETF C|LU2823896811|BJLW.DE|EUR|0.12|10.678999900817871|10.65149974822998|-0.0028479771321203717|-0.009966168499703554|0.0011249727317266256|-0.0006083238081927567|-0.0033109492021806686|0.6485500346568804|S
Amundi Core USD Corporate Bond UCITS Dist ETF|LU2037749152|PR1P.DE|EUR|0.07|15.120499610900879|14.883500099182129|0.007563113323733273|-0.02830796626636778|0.0021854035597919097|0.007227519742271538|-0.003131454390699062|1.347925955511283|N
Franklin U.S. Equity UCITS ETF|IE00BF2B0P08|FLXU.DE|EUR|0.2|69.41000366210938|68.66000366210938|0.04438767105439134|0.03535206912613731|0.21643887121599725|0.19589942397020588|0.10028254358770394|2.0834946945893424|N
Invesco MSCI USA ESG Climate PA UCITS ETF Acc|IE000RLUE8E9|PAUS.DE|EUR|0.09|6.539999961853027|6.459000110626221|0.03924991767304076|0.09054522673458942|0.1726734438474884|0.20864909145818156|0.14646381045801893|1.6165885473530834|N
iShares J.P. Morgan USD EM Corp Bond UCITS EUR Hedged (Acc) ETF|IE00BKT1CS59|SNAZ.DE|EUR|0.53|4.991499900817871|4.989500045776367|-0.02016022746504076|-0.02764251053362954|-0.014628083295515681|-0.01861907357918946|-0.021366062457788604|-1.5839084738285314|S
iShares   AAA CLO Active UCITS ETF EUR (Acc)|IE000Q9IHH10|EUCL.DE|EUR|0.25|1043.5|1042.9000244140625|0.003606636210627512|0.008699855002416657|0.033884883206841465|0.025502444615341124|0.01394946249667428|2.0950613630561175|N
UBS CMCI Commodity Carry SF UCITS USD acc ETF|IE00BKFB6L02|UEQC.DE|EUR|0.34|123.0999984741211|121.0999984741211|0.04516895695332068|-0.04336333944096005|-0.12484007344526005|-0.129912339613114|-0.013811452833788374|2.1797532747078794|N
JPM Nasdaq Equity Premium Income Active UCITS EUR Hedged dist ETF|IE0006FIW9Z0|JEQE.DE|EUR|0.35|22.764999389648438|22.655000686645508|0.04199899688720743|0.04456135072171996|0.1616979490102941|0.13740118367555043|0.08561501056871679|1.7045025463411583|N
Vanguard U.K. Gilt UCITS EUR hedged - Acc ETF|IE00BMX0B524|VGUE.DE|EUR|0.08|19.81450080871582|19.664499282836914|-0.0013104039401138357|-0.023531392296838094|-0.008804116564236297|-0.03135992301979473|-0.018896879886611817|0.12866113997593684|S
UBS BBG MSCI Gl Liq Crp Sust UCITS ETF hEUR dis|LU2099992187|CHST.DE|EUR|0.16|8.745800018310547|8.714200019836426|-0.018494792229115542|-0.03538959563643462|-0.0351152652170551|-0.03431787819075527|-0.029540385899106236|-1.1162540054140901|S
Amundi S&P World Information technology Screened UCITS Dist ETF|IE000GEHNQU9|WELL.DE|EUR|0.18|29.125|28.395000457763672|0.09822773368292759|0.14170912342938147|0.3513446686052897|0.35040808800445|0.23023863835769864|2.312762545091134|N
Xtrackers Harvest CSI A500 UCITS 1D ETF|LU1310477036|AH50.DE|EUR|0.65|28.864999771118164|28.69499969482422|-0.020030560316282475|-0.0916396618816242|0.05540024292883161|0.04055379596264186|-0.03202723338697544|-0.8178506851624178|S
iShares MSCI Europe Quality Dividend Advanced UCITS EUR (Acc) ETF|IE000PYEKKW0|CEML.DE|EUR|0.28|5.689000129699707|5.705999851226807|-0.01727412403515427|0.000879682341220045|0.12966647814744015|0.10788702553544116|0.04601435745184945|-0.9174486231448825|S
First Trust Alerian Dsrptv Tech RE UCITS ETF A USD|IE000RN036E0|FTGT.DE|EUR|0.6|18.34000015258789|18.36400032043457|-0.025711818296868527|-0.035447553830887824|0.07515532568776306|0.06195713181601015|-0.010449089279868096|-1.9919840537319737|S
Xtrackers World Green Tech Innovators UCITS ETF 1C|LU2859392081|GTIL.DE|EUR|0.35|35.040000915527344|34.77000045776367|0.018604632594767967|0.025010955328038875|0.16741634609567657|0.13361375245885077|0.07952320718116446|1.8408362296230012|N
JPM US Equity Active UCITS ETF - USD (acc)|IE000RSCXLM4|JAUS.DE|EUR|0.39|33.84000015258789|33.5099983215332|0.024833424695832162|0.038514687843378415|0.14595324638415996|0.1319618543039598|0.0835231814392754|2.040569339335939|N
Amundi MSCI USA ESG Leaders Extra UCITS Acc EUR Hedged ETF|IE0004TFW0R5|MWOU.DE|EUR|0.17|13.17199993133545|13.097999572753906|0.012607591696024878|0.03798269242634511|0.1406303730891416|0.11949686910969737|0.07636714749770968|1.8195344814119825|N
BNP Paribas Easy Low Vol Europe UCITS ETF C|LU1377381717|VLEU.DE|EUR|0.31|216.75|218.39999389648438|-0.02188630852857487|-0.034521158129176|0.10960378859163744|0.06826025884742815|0.008141646292751714|-1.5522658103533045|S
Xtrackers II Germany Government Bond UCITS 1C ETF|LU0643975161|X03G.DE|EUR|0.15|173.05499267578125|170.9600067138672|0.0032464568506078706|-0.016956377665271694|-0.017263457360222167|-0.008792048194666502|-0.009354519568201214|1.8549506273638205|N
UBS Nasdaq-100 ESG Enhanced UCITS ETF USD acc|IE000PWGE381|BCFM.DE|EUR|0.15|18.841999053955078|18.408000946044922|0.10809217685308337|0.0687464521204082|0.3938452095818945|0.3675424024453047|0.20438179180553484|2.0079092585799856|N
Jupiter Origin Global Smaller Companies Active UCITS Accumulating ETF|IE000AN3AFZ1|JOGS.DE|EUR|0.45|10.008000373840332|9.805000305175781|0.041198490353076656|-0.0007986641703808806|0.0008000373840331143|0.1354663293136693|0.05155712112580768|2.482416053339586|N
Goldman Sachs Alpha Enhanced Japan Equity Active UCITS Class JPY Acc ETF|IE000ZUTO1I5|GQJY.DE|EUR|0.25|27.06999969482422|26.69499969482422|0.059076692505172|0.03955448322133881|0.3592086361250828|0.281116931849519|0.12131607114235798|2.6352629411072703|N
Xtrackers II Eurozone Government Bond 0-1 UCITS ETF|LU2641054122|XE01.DE|EUR|0.07|35.630001068115234|35.611000061035156|0.0019967649254235553|0.005049246944051067|0.01941843258562237|0.014723951840925897|0.00813188584824287|2.4047264325920237|N
UBS Core S&P 500 UCITS hEUR acc ETF|IE00BD34DK07|UEQD.DE|EUR|0.06|36.09400177001953|35.994998931884766|0.007508750910016904|0.025397755332475347|0.1413483791758836|0.11974934762927592|0.06520528771324252|1.2277897720273723|N
JPM Japan Rsrch Enh Idx Equity Actv UCITS ETF USDD|IE00005YSIA4|JREI.DE|EUR|0.25|36.150001525878906|35.474998474121094|0.06542885943813204|0.051363859865872774|0.3393533174078085|0.27850836423076797|0.12884763146747624|2.901922028761688|N
Amundi MSCI Digital Economy UCITS ETF Acc|LU2023678878|EBUY.DE|EUR|0.45|22.610000610351562|22.19499969482422|0.08389261499501499|0.10697681541776483|0.2824731529577915|0.31026888795697727|0.2139535735619995|1.7265474154769693|N
State Street SPDR Bloomberg 0-3 Year U.S. Corporate Bond UCITS ETF|IE00BC7GZX26|SYBF.DE|EUR|0.12|43.61600112915039|43.10300064086914|0.02804889638932684|0.017735305948403113|0.06950443598864697|0.06252547429821043|0.03997531824406142|2.2571713317252313|N
Amundi MSCI Europe UCITS ETF Acc|FR0010261198|LYY5.DE|EUR|0.25|242.10000610351562|243.5|-0.02102708000029374|-0.026537961100578933|0.14332942669901128|0.0827370281530111|0.0249528223404496|-1.5731542044078914|S
BNP Paribas Easy MSCI Japan SRI PAB UCITS ETF|LU1753045845|QUEJ.DE|EUR|0.25|32.349998474121094|31.96500015258789|0.05408921183371529|0.057189479439062385|0.2466280355691477|0.22260013580668736|0.12738485709783265|2.6429049814062577|N
iShares MSCI Europe SRI UCITS EUR Hedged (Dist) ETF|IE000CR424L6|CBUD.DE|EUR|0.23|5.5879998207092285|5.607999801635742|-0.01786523929576589|-0.023686762915428705|0.08995170738299563|0.06824209689987071|0.037264513308244984|-0.6111452261515489|S
Amundi Euro Government Bond 3-5Y UCITS Dist ETF|LU1650488817|EGV5.DE|EUR|0.16|128.7550048828125|128.89999389648438|-0.011553736277368443|-0.023991762659665294|-0.017307459837315853|-0.01889736515415119|-0.018046801797444667|-0.8849166559249928|S
Goldman Sachs Global Green Bond UCITS - Class EUR-Hedged (dist) ETF|IE000L0X6L81|GSXG.DE|EUR|0.22|46.959999084472656|46.867000579833984|-0.011430841976624029|-0.029491738097118914|-0.0223659441076145|-0.022680206774219114|-0.02267293693119765|-0.8028318463912701|S
UBS Factor MSCI USA Prime Value Screened UCITS hEUR acc ETF|IE00BWT3KL42|UBUW.DE|EUR|0.28|33.82500076293945|33.665000915527344|-0.028993780625170107|-0.021408878726172476|0.09130504426777897|0.05521760851388535|0.012422971619240775|-0.41867078848682654|S
iShares MSCI World SRI UCITS ETF EUR Hedged (Dist)|IE00BMZ17W23|UEEA.DE|EUR|0.23|8.562999725341797|8.484999656677246|0.004409624839589066|0.008185554659161598|0.14581575488432041|0.1255029000738055|0.061578409752744756|1.541266051506015|N
Invesco BlltShs 2026 USD Crp Bd UCITS ETF Dist|IE000O36LOH8|BS26.DE|EUR|0.1|4.745699882507324|4.690000057220459|0.035628490222019416|0.025990434560115405|0.0815921457735389|0.0760128622647438|0.04924613559649771|2.1253220479210566|N
Amundi MSCI World ESG Broad Transition UCITS EUR Hedged Acc ETF|IE0000CRTTJ9|LWCH.DE|EUR|0.25|11.609999656677246|11.64799976348877|-0.0037755813063798938|0.010268015520029206|0.14294149098220088|0.11143016910235848|0.054405857536800495|-0.05644733967146574|S
VanEck European Equal Weight Screened UCITS ETF|NL0010731816|V3ET.DE|EUR|0.4|92.55999755859375|93.5|-0.03703708995279731|-0.046326568360099185|0.11563929720380806|0.05726445650727463|0.008434731482584112|-1.995932888641344|S
Invesco STOXX Europe 600 Optimised Food & Beverage UCITS Acc ETF|IE00B5MTYL84|SC03.DE|EUR|0.2|386.5|387.6000061035156|-0.04508956145768994|-0.06574815422876834|0.03259420947077163|0.008611658893126206|-0.02457121603592982|-1.7435384555058593|S
Xtrackers S&P 500 Swap II UCITS - 1D ETF|IE000FO05UG4|XISP.DE|EUR|0.04|37.691001892089844|42.29999923706055|0.03889203859615775|0.045285916002999915|0.21448566643205758|0.19005073373736936|0.09703031091766778|-0.8455113779053877|S
BNPP Easy EUR HY SRI Fossil Free UCITS ETF Cap|LU2244386053|ASRF.DE|EUR|0.25|11.001500129699707|11.052499771118164|-0.026028035686695317|-0.037362736948864717|-0.00842723164297321|-0.017240594962602662|-0.02002723346772306|-1.8219230227531034|S
iShares   Govt Bond 5-7yr UCITS ETF EUR (Dist)|IE00B4WXJG34|EUN9.DE|EUR|0.15|137.1999969482422|137.3699951171875|-0.01908914178990495|-0.03932104978788009|-0.029791419277949593|-0.03089263546265497|-0.030608022452140005|-1.109914632542226|S
BNPPE ESG Enh EUR Crp Bd December 2032 UCITS ETF C|LU2823895847|BJLX.DE|EUR|0.12|10.441499710083008|10.397500038146973|-0.008969299490206084|-0.02774806410197439|-0.016854188350437505|-0.013463712078289225|-0.016788260973910396|0.11775875056947059|S
iShares STOXX Europe 600 Personal & Household Goods UCITS (DE) ETF|DE000A0H08N1|EXH7.DE|EUR|0.46|88.47000122070312|89.79000091552734|-0.05611865942434502|-0.08410070047386742|-0.07211131137052018|-0.13084103183105067|-0.06722292279448638|-1.5725748896979592|S
Xtrackers MSCI EM Latin America Swap UCITS ETF|LU0292108619|DBX3.DE|EUR|0.4|51.810001373291016|50.779998779296875|0.00019309143586454525|0.05326291562771934|0.2910540741165335|0.17562971935703953|0.04366483799003551|0.6680445751913109|N
Fidelity USD HY Crp Bd Rs Enh PAB UCITS ETFInc USD|IE000ARLR807|FYUI.DE|EUR|0.3|4.265999794006348|4.228499889373779|0.005823612416046453|0.009963090674793174|0.11674692231303774|0.09831512987420354|0.04896161857240555|1.4881369434355236|N
Invesco S&P 500 Scored & Screened UCITS - EUR Hedged ETF|IE000QF66PE6|5ESE.DE|EUR|0.09|89.45999908447266|89.20999908447266|0.0015673912911640109|0.03005182102713877|0.15880832410459855|0.119089271357532|0.06495371508080061|1.0954204205249243|N
First Trust RBA Amer Indust Rnssnc UCITS ETF A USD|IE000U6ABUJ7|IRFT.DE|EUR|0.7|22.989999771118164|22.204999923706055|0.03071057864022686|-0.15663978070108842|0.14037698140505372|0.09842328886316198|-0.06586771428392546|1.9510064155161684|S
Xtrackers MSCI Pacific ex Japan UCITS ETF|LU2755521270|DXPJ.DE|EUR|0.1|10.295999526977539|10.288000106811523|-0.023149946466659244|0.03451584060572266|0.0738083624691468|0.09046600867169996|0.022912980135670002|-0.3769651095566613|S
HSBC MSCI World Value Screened UCITS ETF USD Acc|IE000LYBU7X5|H41D.DE|EUR|0.25|26.270000457763672|25.9950008392334|0.007285296572601352|0.04703070139495669|0.2482775178202734|0.19436233032120542|0.09921378595502817|2.0632019148654446|N
Xtrackers MSCI Europe ESG UCITS ETF|IE00BFMNHK08|XZEU.DE|EUR|0.2|36.625|36.625|-0.016250323654986243|-0.019673463553100512|0.10299647584258786|0.09410012455457206|0.042469419079002924|-0.36219832181922607|S
UBS Sustainable Dev Bank Bonds UCITS ETF hEUR acc|LU1852211991|MDBE.DE|EUR|0.18|9.9443998336792|9.91919994354248|-0.012619767964969886|-0.01890290567712849|-0.021942436056216263|-0.02520218662195406|-0.01985247665719203|-0.7306931254010423|S
BNPP Easy MSCI Emerging SRI PAB UCITS ETF|LU1659681313|XU6C.DE|EUR|0.31|133.72000122070312|132.10000610351562|0.030994636600224057|0.018896644496622095|0.24279766233937528|0.21364888528785486|0.09994278968897863|1.2103874069351033|N
Global X S&P 500 Qtr Tail Hedge UCITS ETF USD Acc|IE000EPX8KB7|SPQH.DE|EUR|0.5|18.93600082397461|18.8799991607666|0.032047158541133935|0.035659615680316614|0.10465526804634728|0.08292352498445621|0.059199662178237356|1.5120105137348034|N
JPM Global Aggregate Bond Active UCITS - EUR Hedged (dist) ETF|IE000AGCIYE6|JGAD.DE|EUR|0.3|8.10159969329834|8.068400382995605|-0.015697135975994314|-0.030042486735098017|-0.02305853546117076|-0.025921517771043234|-0.02247657941782577|-0.9945942924868577|S
StSt SPDR MSCI Europe Consumer Staples UCITS ETF|IE00BKWQ0D84|SPYC.DE|EUR|0.18|226.39999389648438|227.10000610351562|-0.03227186642549151|-0.057452136665644526|0.03190519687663573|-0.004616412687825866|-0.027526943645296065|-1.7867210705330625|S
Amundi S&P World Financials Screened UCITS Dist ETF|IE000ENYES77|WELY.DE|EUR|0.18|18.329999923706055|18.447999954223633|-0.04071592453455475|-0.009296339719579993|0.17582128375980943|0.10358890935634535|0.05594398883622209|-1.789940390742644|S
iShares Global Timber & Forestry UCITS ETF USD D|IE00B27YCF74|IUSB.DE|EUR|0.65|19.93000030517578|20.06999969482422|-0.04618330373040691|0.004435100061309649|-0.04434483396307076|-0.04619827898608597|-0.03431163433854123|-2.092732827022704|S
BNP PARIBAS EASY II MSCI USA PAB UCITS USD Acc ETF|IE000AXIKJM8|AIUT.DE|EUR|0.13|14.755999565124512|14.588000297546387|0.04593137032888506|0.04935281445819606|0.1772777324130257|0.16482470061605636|0.11300010466466759|1.7259915758071978|N
JPM US Val Eq Active UCITS ETF - EUR Hedged (acc)|IE000CQQ22C8|JPVE.DE|EUR|0.49|32.810001373291016|32.8650016784668|-0.03243876375909338|-0.0043999529572786855|0.15143008973407368|0.0995308714985228|0.03306618764727132|-1.3469000482950786|S
BNP Paribas Easy ESG Enhcd EUR Govt Bd UCITS ETF C|LU2697597552|BJLM.DE|EUR|0.12|10.01099967956543|9.99899959564209|-0.016504590125690277|-0.03795891337217072|-0.030552487412404017|-0.028152603819826427|-0.029712812085295526|-1.1038255757655258|S
iShares UK Property UCITS EUR Hedged (Acc) ETF|IE000FI414K7|UKPH.DE|EUR|0.42|3.9195001125335693|4.017000198364258|-0.0513130017451906|-0.04576992337636221|0.05362905440564525|0.019773699914650722|-0.015606605684446273|-2.080404306001815|S
UBS MSCI EMU Value UCITS EUR acc ETF|LU0950669845|AW1T.DE|EUR|0.25|22.709999084472656|23.25|-0.04459408299863121|-0.027409048674147618|0.18975271715751485|0.09551372821799542|0.026232605440813295|-3.1769474580171684|S
iShares $ TIPS 0-5 UCITS ETF USD Dist|IE00BDQYWQ65|SXRH.DE|EUR|0.1|4.326000213623047|4.270299911499023|0.023881132333342103|0.009921796928494153|0.04911564547183889|0.050185073200456065|0.02905581507065702|2.8010304228767846|N
StSt SPDR MSCI World Small Cap UCITS ETF Dist|IE000SU1VJ03|WDSD.DE|EUR|0.45|12.067999839782715|11.934000015258789|-0.0008279705932260351|-0.018317676125742532|0.20090948319917845|0.16910037250005572|0.05255228010776336|0.8697550818327499|S
First Trust Vest U.S. Equity Moderate Buffer UCITS ETF|IE000TGSG3Y5|GAUG.DE|EUR|0.85|33.70000076293945|33.30500030517578|0.03564842700599269|0.03374240307684606|0.13601886812348285|0.12053200026737754|0.07440152804126376|2.1187973133267834|N
iShares JP Morgan Advanced $ EM Bond UCITS EUR Hedged (Acc) ETF|IE00BKP5L730|SLMG.DE|EUR|0.5|4.747799873352051|4.7708001136779785|-0.03654700178188608|-0.048460858471227386|-0.018319443822758186|-0.0364297087367178|-0.03820376550344273|-1.8145173237872727|S
WisdomTree Multi Asset Issuer PLC Energy Enhanced EUR Daily Hedged ETC|XS2284324667|WNRG.DE|EUR|1.02|54.279998779296875|53.1150016784668|0.09039775231717195|0.36244976333844225|0.7417532906568864|0.9080427048172153|0.2745228845726353|0.13217253296439485|B
HSBC MSCI EM Climate Paris Aligned UCITS ETF USD|IE000FNVOB27|HP8E.DE|EUR|0.18|19.40999984741211|19.038000106811523|0.040192926373684656|0.03708058660245528|0.29055850376615755|0.23473279374700273|0.09022311577839348|1.4577376610248607|N
WisdomTree US Efficient Core UCITS - USD Acc ETF|IE000KF370H3|WTEF.DE|EUR|0.2|38.82500076293945|38.095001220703125|0.030797818112727082|0.029977479168686427|0.16907563484673793|0.15619412286732537|0.0899546105080904|1.9241766921663475|N
JPM US Research Enhanced Index Equity Active UCITS USD (acc) ETF|IE00BF4G7076|JREU.DE|EUR|0.2|68.37999725341797|67.62000274658203|0.034806225160883386|0.04110835772985544|0.20450936589813873|0.17572210166469948|0.09945939094930312|2.0492004406662816|N
UBS BBG Euro Inflation Linked 10+ UCITS EUR dis ETF|LU1645381689|FRC4.DE|EUR|0.1|13.98449993133545|14.031999588012695|-0.052861523456738335|-0.08281589906341436|-0.053243351553985074|-0.04293600785606677|-0.06939951792065224|-1.8589997414948118|S
BNP Paribas Easy MSCI USA Min TE UCITS ETF C|LU1291104575|ENOA.DE|EUR|0.15|31.5|31.114999771118164|0.038918216261631944|0.04270112395304171|0.20412844739049762|0.18287649240365966|0.10681852886991061|1.9990217909898995|N
Amundi Core Global Government Bond UCITS Dist ETF|LU1737653631|10AK.DE|EUR||42.762001037597656|42.35200119018555|0.00963311482181095|-0.010734296100309293|-0.006791240222457917|0.0040620895734146956|0.00037233918216461603|2.2893149647787756|N
JPM Gbl RsrchEnhIdx Eqt SRI PA Atv UCITS ETF EURA|IE0003JSNHV9|JEGS.DE|EUR|0.25|36.77000045776367|36.595001220703125|0.02082176542111469|0.02566253899025117|0.18517327670818373|0.15050067306253112|0.08220347588230004|1.6489054925766866|N
BNP Paribas Easy JPMTilted EMU GovernmentBond IG - UCITS Capitalisation ETF|LU2533810862|BJLG.DE|EUR|0.15|10.753999710083008|10.755999565124512|-0.00352113671759291|-0.007704720773830109|0.0005582029255299936|-0.002781962680065253|-0.00372586527020502|-0.28542084327967326|S
UBS Sustainable Dev Bank Bonds UCITS ETF USD dis|LU1852212965|MDBU.DE|EUR|0.15|9.338600158691406|9.2052001953125|0.01985408475107442|0.0010878598379342463|0.03757089555441295|0.03283879120643829|0.02038600298363935|3.065163872184921|N
Amundi Global Aggregate Bond ESG UCITS DR (C) ETF|LU2439734141|8OUU.DE|EUR|0.14|41.50199890136719|41.38600158691406|0.0026817439575050894|-0.011339314217803098|-0.005463710600772331|0.0030936904904377283|-0.0015280947366883568|1.8282480814732012|N
Amundi Global Government Tilted Green Bond UCITS DIST ETF|LU2611732806|AK8C.DE|EUR|0.2|17.647499084472656|17.48200035095215|0.007593675110060927|-0.012589195031085909|-0.0033206229146464095|0.001788139422253865|-0.0026506049250031305|1.8206899570427586|N
Xtrackers II ESG Global Aggregate Bond UCITS 1D ETF|LU0942970103|XBAG.DE|EUR|0.1|33.25199890136719|32.858001708984375|0.005990138614281992|-0.012586424622595294|-0.001123345077100324|0.00455673165483339|-0.0007243901342555148|1.8393583153092246|N
Amundi Euro Lwst Rtd IG Gov Bond UCITS ETF Acc|LU1681046774|KX1G.DE|EUR|0.14|225.35000610351562|225.25999450683594|-0.016754641550616234|-0.03955162846257376|-0.028831181590182386|-0.0289148992746322|-0.029968710986786884|-1.1938772585933772|S
Amundi Dow Jones Industrial Average UCITS ETF Dist|FR0007056841|DJAM.DE|EUR|0.5|463.3500061035156|459.29998779296875|-0.0026904864046030097|-0.012678418589855078|0.16332503998796155|0.11906779317476435|0.05580729597393619|1.4821378383834578|S
Xtrackers S&P Global Infrastructure Swap UCITS 1C ETF|LU0322253229|DX2E.DE|EUR|0.6|66.70999908447266|66.13999938964844|-0.01839317270216967|-0.06972528327758198|0.07388925034626737|0.04725272033724082|-0.02889868570237586|-0.6093559601708524|S
StSt SPDR S&P US Con Dis Sel Sector UCITS ETF Acc|IE00BWBXM278|ZPDD.DE|EUR|0.15|61.84000015258789|60.790000915527344|-0.0062670639967422614|-0.03495632981366803|0.0016196707386222364|0.006019178860210417|-0.0030694628546455993|1.0455260422908699|S
Amundi Global Aggregate Green Bond UCITS EUR Hedged Acc ETF|LU1563454823|KLMH.DE|EUR|0.3|45.93299865722656|45.72100067138672|-0.013000119593526316|-0.03418910228079752|-0.027646643657406433|-0.02643072572876648|-0.025196821534269387|-0.36165772830358167|S
UBS Factor MSCI EMU Quality Screened UCITS EUR dis ETF|LU1215451524|UIM2.DE|EUR|0.25|27.75|27.69499969482422|-0.008042908968779239|-0.0015807684133443134|0.05838438179086092|0.07966145704434413|0.04868694352052039|0.7094077093359848|S
iShares USD Corp Bond ESG UCITS EUR Hedged (Dist) ETF|IE00BH4G7D40|36BA.DE|EUR|0.17|3.730299949645996|3.71560001373291|-0.021996742825345805|-0.037664820377871555|-0.04181289889345585|-0.03846334195003742|-0.032737898549607625|-1.154115462991547|S
iShares MSCI USA SRI UCITS EUR Hedged (Acc) ETF|IE000ATRYEA4|CEMI.DE|EUR|0.23|5.968999862670898|5.923999786376953|0.0033619064252947695|0.007256116023828252|0.15142743925569246|0.1503179251252651|0.06858720108158756|1.6416817589795094|N
HSBC MSCI Pacific ex Japan UCITS ETF USD Acc|IE000SGVQIZ9|W450.DE|EUR|0.15|18.631999969482422|18.618000030517578|-0.022967998550134983|0.0333887554026997|0.1404089067044043|0.14320773013346288|0.04286831122572976|-0.3982738878653574|S
Amundi STOXX Europe 600 Insurance UCITS Dist ETF|LU2082997946|EGV1.DE|EUR|0.3|107.73999786376953|107.86000061035156|-0.04502749374929971|-0.019654264168510904|0.1085589147099395|0.06189630234540333|0.03627987616580164|-1.7583865857024996|S
Market Access STOXX China A Minimum Variance Index UCITS - EUR Share Class ETF|LU1750178011|M9SV.DE|EUR|0.45|138.47999572753906|139.52000427246094|-0.005601025492346867|0.0037691286486405406|-0.008165015252232344|-0.03323100798018441|-0.010534888468365367|-0.2944195471921788|S
Xtrackers Stoxx European Market Leaders UCITS 1C ETF|IE00BNKF6C99|XZEC.DE|EUR|0.25|64.01000213623047|63.97999954223633|-0.02867980798006864|-0.04817840689620123|0.054878078680079545|0.01651581539409941|-0.01208918198202813|-0.5159454090465768|S
iShares iBonds Dec 2031 Term Corp UCITS EUR (Dist) ETF|IE000I2WYEU9|31IG.DE|EUR|0.12|4.877799987792969|4.860099792480469|-0.007919872378941983|-0.023324428241448203|-0.011902581661694112|-0.011123436435883427|-0.013413476176454053|0.10410442888307464|S
Amundi Core MSCI USA UCITS Dist ETF|IE000IEGVMH6|WEBI.DE|EUR|0.03|52.58000183105469|51.939998626708984|0.03974692798814061|0.04284021698834106|0.208187060073584|0.18631083018757488|0.10758951604812705|2.0117283589761463|N
iShares EUR Govt Bond Climate UCITS EUR (Dist) ETF|IE00BLDGH447|SECD.DE|EUR|0.09|3.877500057220459|3.86929988861084|-0.01648701466928848|-0.03851005308722466|-0.029485164623483495|-0.028420791158262793|-0.029968627739552334|-0.9154170042342997|S
Invesco BlltShs 2029 USD Crp Bd UCITS ETF Dist|IE000C5Q64P6|BS29.DE|EUR|0.1|4.5802998542785645|4.524899959564209|0.024249291253059857|0.007853539102703033|0.05307157501518667|0.04634041715122539|0.02933115070553116|2.653294597286748|N
VanEck iBoxx EUR Sov Cp AAA-AA 1-5 UC ETF|NL0010273801|VIGB.DE|EUR|0.15|18.76799964904785|18.666500091552734|-0.00047935122721631807|-0.011404104710114549|-0.007277162315293961|-0.009144219735978898|-0.006724753389518945|1.2941768567760443|S
WisdomTree Global Sustainable Equity UCITS - USD Acc ETF|IE000XNILW20|WSDG.DE|EUR|0.29|30.325000762939453|29.815000534057617|0.04066579952338545|0.03480636229795642|0.22624348258265958|0.2052862061546714|0.10590728709696329|2.175151995671092|N
BNPPE ECPI Global ESG Blue Economy UCITS ETF C|LU2194447293|BJLE.DE|EUR|0.3|18.47599983215332|18.360000610351562|0.004458015463481901|-0.008585525336081146|0.14204477730365883|0.10727549561227545|0.03099110683593609|1.2935144611641327|S
iShares STOXX Europe 600 Media UCITS (DE) ETF|DE000A0H08L5|EXH6.DE|EUR|0.46|32.79999923706055|32.60499954223633|-0.015310781002831342|-0.003816359204904307|-0.06785910739425127|-0.01873419183448155|0.03222532226296626|-1.0287430187286124|S
Vanguard ESG Global All Cap UCITS ETF (USD) Dist|IE00BNG8L385|V3AL.DE|EUR|0.24|7.311999797821045|7.236999988555908|0.03221205023910456|0.029746827750212645|0.21944115747853665|0.18956883644798195|0.10244763281899671|1.8689998462276773|N
UBS MSCI United Kingdom UCITS ETF hEUR dis|LU1169821029|CHSC.DE|EUR|0.24|3.0280001163482666|3.066499948501587|-0.029331562027313796|-0.009074905066942973|0.12367485257264832|0.06241471117385777|0.0062704902001520235|-2.6145724253423137|S
iShares Edge S&P 500 Minimum Volatility UCITS EUR Hedged (Acc) ETF|IE00BYX8XD24|IS31.DE|EUR|0.25|11.130000114440918|11.07800006866455|-0.007313572915513045|0.024295963068422965|0.08373900860219763|0.07432437097306166|0.046661555359905904|0.2129548975258284|B
Vanguard EUR Eurozon Gov 1-3Y Bond UCITS ETF EUR A|IE00004S2680|VEGF.DE|EUR|0.07|5.090000152587891|5.090799808502197|-0.0033677930456581517|-0.007061769953009334|0.00169249323509435|-0.0019607357316996366|-0.0030616847233123634|-0.23726781883526685|S
iShares Global Corp Bond UCITS ETF USD Dist|IE00B7J7TB45|IS0X.DE|EUR|0.2|75.37200164794922|74.51000213623047|0.007626279172142203|-0.0174989579928142|0.012594031664501903|0.013897843354226724|0.001933414366018349|1.8482939548462525|N
UBS JPM Gl Gov ESG Liquid Bond UCITS ETF USD acc|LU1974693662|UIQG.DE|EUR|0.15|8.336600303649902|8.23740005493164|0.009713700191384067|-0.007074750529427853|-0.006056629204489128|0.005039362003502523|0.0013858501250982869|2.4671600903572393|N
Amundi S&P World Communication Services Screened UCITS Dist ETF|IE000ANYHV73|WELR.DE|EUR|0.18|19.940000534057617|20.114999771118164|0.02245921993532307|0.003826027607584326|0.025063316955412862|0.02391146938594413|0.02032794049705422|-0.2534548538098675|B
iShares Japan Govt Bond UCITS EUR Hedged (Acc) ETF|IE000TY854T9|CEB2.DE|EUR|0.09|4.670300006866455|4.67080020904541|0.0014795714334940868|-0.00672068704953932|-0.05507336393966955|-0.03816209694438666|-0.020629109847280946|-0.8965224699397002|S
UBS CMCI Composite SF UCITS ETF USD acc|IE00B53H0131|UIQK.DE|EUR|0.34|133.9600067138672|133.4199981689453|0.025727415415956134|0.13756797115964536|0.4117399892035505|0.3800350997735704|0.15518116700071038|0.9979939416441432|N
Invesco S&P World Energy Trgtd & Scr UCITS ETF Acc|IE000AIFGRB9|WDEE.DE|EUR|0.18|7.129000186920166|7.073999881744385|-0.03701198102493386|0.07090282671958459|0.33302171294207183|0.3177449885382799|0.06588882010037556|-1.4200208178261309|S
Amundi STOXX Europe 600 Utilities UCITS ETF Acc|LU1834988864|LUTI.DE|EUR|0.3|99.94999694824219|99.13999938964844|0.011230277736524297|-0.053324538597957494|0.22728381571640233|0.09378419733432053|-0.009681275323388583|0.4144374480545598|S
Global X S&P 500 Annual Tail Hdg UCITS ETF USD Acc|IE000HGH8PV2|5PAH.DE|EUR|0.5|18.25|18.020000457763672|0.04036028904889166|0.039886085092314616|0.14909961182897224|0.1322744735975756|0.07889724298749412|2.1011622039889923|N
Janus Henderson EUR IG Bond Paris-aligned Climate Active Core UCITS ETF|IE00BN4GXL63|TABC.DE|EUR|0.19|9.77299976348877|9.729599952697754|-0.0057581761978631185|-0.021565084087157405|-0.010990185018562304|-0.009847864494033853|-0.011876866361313243|0.19601963539816325|S
Invesco US Treasury Bond 3-7 Year UCITS ETF Dist|IE00BF2FNQ44|TRD7.DE|EUR|0.06|32.349998474121094|31.908000946044922|0.016924848349089805|-0.004563671605802289|0.02780021619252704|0.023546304251623518|0.013953903376605625|3.132099878658541|N
iShares Asia ex Japn Eqty Enh Actv UCITS ETF USD A|IE000D5R9C23|AZEH.DE|EUR|0.3|8.017000198364258|7.829999923706055|0.056397412123325275|0.022837507240314414|0.3959603266172609|0.33305624870760786|0.14187561131625825|1.5529694823624551|N
Xtrackers MSCI USA Consumer Staples UCITS ETF 1D|IE00BGQYRQ28|XUCS.DE|EUR|0.12|42.834999084472656|42.779998779296875|-0.007415124640850035|-0.005576823976030321|0.11341408117149765|0.10888864727379666|0.006175584822245783|0.37877031451542165|S
BNPP Easy MSCI Emerging Min TE UCITS ETF EUR C|LU1291097779|EMKX.DE|EUR|0.27|17.74799919128418|17.375999450683594|0.03971877613246444|0.02176156210637603|0.34271437722067644|0.2728054274627558|0.11445305232931813|1.6139057129885648|N
Amundi Core MSCI Emerging Markets UCITS EUR Dist ETF|LU1737652583|AEMD.DE|EUR|0.18|77.53800201416016|76.09600067138672|0.037519747517618995|0.014311152824624473|0.3358225689174106|0.2748348262764171|0.10903321798413135|1.3909486168265957|N
iShares EURO STOXX Mid UCITS ETF EUR (Dist)|IE00B02KXL92|IQQM.DE|EUR|0.4|86.69000244140625|88.37999725341797|-0.0333234731346167|-0.026640320085772884|0.15024884566466756|0.09391227681199599|0.023711378877651734|-3.117090696299955|S
UBS JPM EM Mlt-Fc Enhcd LC Bond UCITS ETF USD dis|LU1720938841|UEFE.DE|EUR|0.4|11.328499794006348|11.277999877929688|-0.002158010557871348|-0.006138804141341714|0.0791413486313226|0.04180829639054795|0.01594620917269718|-0.08585928712895731|S
JPM Global Emerging Markets Research Enhanced Index Equity SRI Paris Aligned Active UCITS - EUR (acc) ETF|IE000AV35A01|JESM.DE|EUR|0.4|36.98500061035156|36.525001525878906|0.03599439271570226|-0.0028309393853965803|0.3731205251040297|0.313387812882054|0.11882084833328177|1.00537572828023|N
Xtrackers MSCI EMU Screened UCITS - 1D ETF|IE00BDGN9Z19|XMVE.DE|EUR|0.12|38.935001373291016|39.32500076293945|-0.019022355241652744|-0.028685744118746803|0.13102980947225462|0.08669380017995554|0.028264371030642055|-1.6778795661864987|S
Invesco EQQQ NASDAQ-100 UCITS ETF EUR Hdg Acc|IE00BYVTMS52|EQEU.DE|EUR|0.35|529.2999877929688|524.5999755859375|0.05923549102030812|0.03278046398628054|0.21706138243578277|0.20363840316763793|0.1136253179377893|1.691445080673286|N
Amundi MSCI AC Far East Ex Japan ESG Selection - UCITS DR - USD (C) ETF|LU2439119236|ACUU.DE|EUR|0.18|64.54000091552734|64.12000274658203|0.031155148716816683|0.037453815549665315|0.16519230234165527|0.171962979356856|0.08486452479504969|1.0912813325667754|N
StSt SPDR BBG 1-10 Y U.S. Corpo Bd UCITS ETF Dist|IE00BYV12Y75|SYBR.DE|EUR|0.12|25.63800048828125|25.31999969482422|0.01649355182767276|-0.006434373624456646|0.037535041334842756|0.0317968255371881|0.01703324597300382|2.6649137709456916|N
UBS Core S&P 500 UCITS ETF USD dis|IE00B7K93397|UBU9.DE|EUR|0.03|110.99500274658203|109.625|0.03932772741839918|0.04453696773232396|0.21212757705492646|0.1879661360736815|0.10736219479199693|2.025184456204496|N
iShares MSCI Japan CTB Enh ESG UCITS ETF USD D|IE00BHZPJ346|EMNJ.DE|EUR|0.15|8.281999588012695|8.17199993133545|0.06152262745706816|0.046103294121501825|0.3377225229321832|0.27535508664296193|0.12451651993171176|2.7830087126107323|N
Goldman Sachs Alp Enh US Eq Actv UCITS ETF USD Acc|IE000HYFO765|GQUS.DE|EUR|0.2|13.031999588012695|12.878000259399414|0.03576536458260304|0.04725163390678455|0.20022101916500712|0.17830009887688036|0.1039062463619147|2.032225326158369|N
Amundi EUR Corporate Bond ESG UCITS ETF 2 DR EUR C|LU1681039647|TCC4.DE|EUR|0.14|224.69000244140625|223.94000244140625|-0.006895016833563528|-0.021768470315879362|-0.009434375401726314|-0.008997456554377892|-0.01177325569772869|-0.0045657542775975795|S
BNP Paribas Easy ESG Enhanced Europe UCITS ETF C|LU2881684745|BJL6.DE|EUR|0.2|12.666000366210938|12.723999977111816|-0.020417628208343253|-0.025991952584403233|0.1495734951584884|0.09170833546023571|0.028734921572689975|-1.1839385561517284|S
UBS MSCI World ex USA Climate Paris Aligned UCITS USD acc ETF|IE00BN4Q0370|AW10.DE|EUR|0.12|23.100000381469727|23.05500030517578|-0.0021597942930644543|-0.01134172447011994|0.1478261059115391|0.10104865993755019|0.037116205159104076|0.28633419468876936|S
Xtrackers MSCI Pacific ex Japan Screened UCITS ETF|LU0322252338|DXS6.DE|EUR|0.25|82.31999969482422|82.66999816894531|-0.030388713600532302|0.025155623490629386|0.06274206903942225|0.09018669535073753|0.01836192999933761|-0.4493278613283078|S
iShares Metaverse UCITS ETF USD (Acc)|IE000RN58M26|CBUV.DE|EUR|0.5|11.484000205993652|11.208000183105469|0.0910127475795508|0.08667679599716682|0.1219226394604267|0.16671743628171098|0.1503124137805496|1.8564389510684065|N
iShares US Aggregate Bond UCITS EUR Hedged (Dist) ETF|IE00093SKUY4|CEBX.DE|EUR|0.3|4.701000213623047|4.688399791717529|-0.021705204047256066|-0.03624580233145591|-0.038685108252250355|-0.03965664700920146|-0.03360444685038888|-1.3156089340040682|S
UBS MSCI Pacific ex Japan UCITS ETF USD dis|LU0446734526|UIMD.DE|EUR|0.09|47.72999954223633|47.875|-0.025023026105603696|0.032054554457332074|0.13864606666214074|0.14089003248201215|0.04011154346198964|-0.6257404535769102|S
UBS Factor MSCI EMU Low Volatility UCITS EUR dis ETF|LU1215454460|UIMY.DE|EUR|0.26|18.326000213623047|18.441999435424805|-0.02800466083408215|-0.03333713971238861|0.09501976439545934|0.0770029907589238|0.00384418404467346|-2.4125956137207956|S
Market Access Jim Rogers International Commodity Index ETF|LU0249326488|M9SA.DE|EUR|0.6|40.415000915527344|40.02000045776367|0.015579916449546705|0.17965565953123752|0.5068978887172291|0.4776965393722432|0.15952801171256414|-0.2049456959445605|B
JPM US Equity Active UCITS ETF - USD (dist)|IE0007ILCZU4|JAUD.DE|EUR|0.39|33.494998931884766|33.16999816894531|0.024781934360132762|0.0379609066236124|0.145904836727889|0.13201976432287155|0.08364528546079275|2.057837596520583|N
BNP Paribas Easy ESG Enhcd EUR Corp Bd UCITS ETF C|LU2697596745|BJLN.DE|EUR|0.18|10.70300006866455|10.684499740600586|-0.008706109407122353|-0.024116678435968875|-0.012045953836299916|-0.01108748831808437|-0.014136717268601329|-0.25798027031440446|S
Amundi Core US Treasury Bond UCITS ETF Dist|LU1931975319|PR1S.DE|EUR|0.05|16.34749984741211|16.111499786376953|0.01417584053386367|-0.009602609136368345|0.022102793217208427|0.02139960666071672|0.01021413889493572|2.722953291254846|N
Xtrackers MSCI Canada Screened UCITS 1C ETF|LU0476289540|D5BH.DE|EUR|0.35|110.12000274658203|109.22000122070312|-0.012022217377510303|0.0025492208487520873|0.18778992378423243|0.10784709312013607|0.03384745008067891|-0.6629309863940585|S
iShares STOXX Europe 600 Automobiles & Parts UCITS (DE) EUR (Acc) ETF|DE000A2QP4A8|EXHG.DE|EUR|0.46|4.441999912261963|4.491499900817871|-0.06523568018434489|-0.06621821720438903|-0.196454412020437|-0.1941219440076225|-0.09096445484400495|-1.829176091155784|S
UBS MSCI USA Small Cap Selection UCITS ETF USD acc|IE000XFXBGR0|CSY8.DE|EUR|0.2|194.16000366210938|190.22000122070312|0.006218889440761766|0.002789012284578618|0.2223621766465207|0.19175058829038716|0.07144987832087324|1.8636607942118943|N
Robeco 3D US Equity UCITS ETF USD Acc|IE000XERHYF0|3DUS.DE|EUR|0.2|6.210000038146973|6.119999885559082|0.04212114832372027|0.05200748205418515|0.22340421134744637|0.1905674736909948|0.11073103697876463|2.316606065329525|N
iShares USD Treasury Bond 3-7yr UCITS EUR Hedged (Dist) ETF|IE00BGPP6473|CBUE.DE|EUR|0.1|3.9804000854492188|3.9576001167297363|-0.013775939688838945|-0.022247303904601834|-0.027925625137557586|-0.031178680393456726|-0.02349434056604427|-0.46352269511801036|S
Invesco BlltShs 2028 USD Crp Bd UCITS ETF Dist|IE000A0RC215|BS28.DE|EUR|0.1|4.6585001945495605|4.599899768829346|0.02978557937187154|0.016784953188428098|0.06503231916925234|0.057693527743608586|0.03877531961963565|2.4151923992422346|N
Xtrackers MSCI Europe Climate Transition UCITS ETF|IE000N9MLVT1|XECT.DE|EUR|0.12|46.55500030517578|46.78499984741211|-0.019275350579268213|-0.02574028557421748|0.1342429621643726|0.08343027653314072|0.023830367973201927|-1.1150434682554582|S
VanEck iBoxx EUR Corporates UCITS ETF|NL0009690247|TCBT.DE|EUR|0.15|16.368999481201172|16.297000885009766|-0.006946343256113319|-0.02645387525370757|-0.01703554449280964|-0.01334332475064759|-0.01580605789710443|0.09318905726736984|S
Invesco STOXX Europe 600 Optimised Utilities UCITS Acc ETF|IE00B5MTXK03|SC0Z.DE|EUR|0.2|398.8500061035156|397.20001220703125|0.007705958576588623|-0.05283780498101076|0.22440523746282626|0.09288941707790199|-0.01200100509291624|0.3520916507674072|S
iShares Pfandbriefe UCITS (DE) ETF|DE0002635265|EXHE.DE|EUR|0.1|94.59600067138672|94.00800323486328|-0.0034523028748159046|-0.015996101724978784|-0.0069589592956784685|-0.006982898390174741|-0.009262119224780263|0.6178883978154199|S
JPMorgan US Eqt Premium Inc Active UCITS ETF USD A|IE0000EAPBT6|JEIA.DE|EUR|0.35|24.774999618530273|24.549999237060547|0.016201824091910844|0.02460708460897454|0.11223344748882891|0.08519490588366518|0.04572044400758868|2.0732832533705925|N
UBS MSCI World SR UCITS ETF USD dis|IE00BK72HH44|4UB9.DE|EUR|0.19|23.739999771118164|23.375|0.04581493274117587|0.03178749479820353|0.20400840308414891|0.18375852027961836|0.11270589617772053|2.0677837386498013|N
iShares STOXX Europe 600 Industrial Goods & Services UCITS (DE) ETF|DE000A0H08J9|EXH4.DE|EUR|0.46|117.73999786376953|116.5999984741211|0.004950445403986814|-0.026197740627785127|0.09429098603575792|0.1000135644715483|0.032982860271655756|0.5816101246572075|S
iShares MSCI Japan ESG Enhanced CTB UCITS EUR Hedged (Acc) ETF|IE0002SCQ8X0|CEB3.DE|EUR|0.18|8.722999572753906|8.689000129699707|0.020353233211471755|-0.00011467266856202141|0.3857028541752452|0.22997737780173777|0.08569357505558273|1.7078372659323926|N
Invesco US Treasury Bond 7-10 Year UCITS Acc ETF|IE00BF2FN752|TRXA.DE|EUR|0.06|37.733001708984375|37.143001556396484|0.0058914658049089574|-0.022790181469064974|0.005784275385440463|0.003644032214892512|-0.0031662934996714576|2.3614224411900366|N
State Street SPDR S&P 400 U.S. Mid Cap UCITS ETF|IE000G8WOLX8|US4E.DE|EUR|0.35|34.84000015258789|34.404998779296875|-0.024402496939072593|-0.045211020445627526|0.10971337609607024|0.08809340848520364|0.0038054850401887386|-0.42083818631623665|S
UBS Core BBG US Liquid Corp UCITS ETF USD dis|LU1048316647|UEF9.DE|EUR|0.06|12.338500022888184|12.154000282287598|0.012016045695015576|-0.0240436606934874|0.00808125889862965|0.011051357498966352|0.0010397025670199067|1.8831381090306263|N
State Street SPDR S&P Pan Asia Dividend Aristocrats UCITS ETF|IE00B9KNR336|ZPRA.DE|EUR|0.55|50.13999938964844|49.95000076293945|0.0019983707492312597|0.038277287077085775|0.14224857130938973|0.11428662986599125|0.05237372907190907|0.08524963185805333|B
iShares Edge MSCI World Multifactor UCITS EUR Hedged (Acc) ETF|IE00BYXPXK00|IS07.DE|EUR|0.33|12.28600025177002|12.336000442504883|-0.0029215467789962535|0.034872011473653375|0.20380167125671855|0.16146721232921113|0.08096220067507054|-0.3214739601016968|B
First Trust Value Line Div Index UCITS ETF A USD|IE00BKVKW020|FVD.DE|EUR|0.7|25.799999237060547|25.604999542236328|-0.028797337911448673|-0.02254219399068491|0.08677335660502217|0.07432854019482193|0.013356238742472382|-0.5095429135647361|S
Amundi STOXX Europe 600 Technology UCITS ETF Acc|LU1834988518|LTUG.DE|EUR|0.3|124.04000091552734|120.69999694824219|0.07152728599255442|0.07673614758216396|0.24263675911390492|0.2613382706394758|0.14334331151955393|2.386225974393049|N
UBS Core MSCI World UCITS USD dis ETF|IE00B7KQ7B66|UBU7.DE|EUR|0.06|109.91500091552734|108.80000305175781|0.028877647024207587|0.03279583921773854|0.20453184153144366|0.17347141742404126|0.09246032371219748|1.9772481718672397|N
iShares J.P. Morgan $ EM Corp Bd UCITS ETF USD D|IE00B6TLBW47|IS0Q.DE|EUR|0.5|76.71800231933594|76.052001953125|0.007883993102483222|-0.009902469960820781|0.043661336085270674|0.03736848208195376|0.015884244290966798|1.412195252693526|N
Amundi STOXX Europe 600 Energy Screened UCITS Dist ETF|LU2082998167|OIGS.DE|EUR|0.3|149.10000610351562|148.5800018310547|0.022353331373322405|0.11301880136499864|0.511510835936779|0.38234753624881934|0.11447226447645042|0.26378665014952946|B
Franklin FTSE Emerging ex China UCITS ETF|IE0006D3PGW3|EXCN.DE|EUR|0.11|32.0|31.360000610351562|0.02564100056083385|0.019920318725099584|0.3519222601122314|0.26908585391048456|0.11540522521760654|1.5405417469186593|N
Amundi Global Government Inflation-Linked Bond 1-10Y UCITS EUR Hedged Dist ETF|LU1910940268|B8TQ.DE|EUR|0.2|10.567999839782715|10.559499740600586|-0.01619808158931757|-0.0201659396028937|-0.010002225436642531|-0.006440136933156038|-0.01670179852082676|-1.153876409261574|S
First Trust Vest U.S. Equity Moderate Buffer UCITS May A USD Acc ETF|IE000P0FL8E3|GMAY.DE|EUR|0.85|36.435001373291016|35.974998474121094|0.038625982654220126|0.03655760431378763|0.13134604259383753|0.11422019948649753|0.07171145938875112|2.1250380362626613|N
Amundi MSCI EMU ESG Broad Transition UCITS ETF A|LU0908501058|LGQG.DE|EUR|0.12|361.79998779296875|364.95001220703125|-0.01738192341629774|-0.032491038955591356|0.1315089532227327|0.08910287326386501|0.027742330212374267|-1.5569857594278615|S
iShares Europe Equity Enh Active UCITS ETF EUR Acc|IE00000EF730|EUEE.DE|EUR|0.25|6.590000152587891|6.617000102996826|-0.01832260858132173|-0.023414343357512912|0.14908456829442884|0.0919635988746168|0.028738352933594946|-1.4504062239040103|S
Xtrackers S&P 500 UCITS 1C EUR Hedged ETF|IE00BM67HW99|XDPE.DE|EUR|0.05|107.77999877929688|107.4749984741211|0.007713495714257057|0.026134098362275093|0.13985362174353244|0.11969909157912473|0.06550849270839332|1.2802982445390427|N
Amundi S&P 500 Climate Paris Aligned UCITS Dist ETF|IE000UZTA1X0|WEBP.DE|EUR|0.07|29.80500030517578|29.434999465942383|0.03471619473721432|0.06105376088543357|0.1907773153108392|0.1770232265887388|0.11837569807274617|2.0643982236894853|N
Xtrackers II Target Maturity Sept 2031 EUR Corporate Bond UCITS ETF|LU2673523481|XB31.DE|EUR|0.12|29.320999145507812|29.224000930786133|-0.007178471328546099|-0.022102466135554777|-0.01069679224942055|-0.009906379812679722|-0.012179823429972703|0.14001657120190905|S
WisdomTree US Quality Dividend Growth UCITS - EUR Hedged Acc ETF|IE000CXVOXQ1|WDGE.DE|EUR|0.35|21.1200008392334|21.200000762939453|-0.019270908340804138|0.013192685772972057|0.08563793182390622|0.06904233066488619|0.02936044866774945|-0.9848562427434812|S
Xtrackers MSCI USA Financials UCITS 1D ETF|IE00BCHWNT26|XUFN.DE|EUR|0.12|34.95000076293945|34.77000045776367|-0.04560344668637495|-0.027237031431027403|0.055598607825543045|0.023536712749615996|0.03019627435754524|-1.274360604566751|S
UBS Core BBG Euro Area Liquid Corp UCITS ETF EURd|LU1805389258|UIQL.DE|EUR|0.06|10.093000411987305|10.059000015258789|-0.009373311928196792|-0.02619317876499916|-0.012484009155487419|-0.012017354729384033|-0.015641807681865405|-0.2040669359984279|S
Amundi PEA MSCI USA ESG Selection UCITS ETF EUR|LU1681042864|ACU2.DE|EUR|0.35|862.0|848.5999755859375|0.04776952377518495|0.03955618344199863|0.24620498017570758|0.21152494729444826|0.12395370900707814|2.1896092615036262|N
State Street SPDR Bloomberg UK Gilt UCITS ETF|IE00B3W74078|SYBG.DE|EUR|0.15|47.84299850463867|47.22200012207031|0.010305120201027362|-0.014640441228462975|0.03525046336246218|0.005639533326672774|0.0031195275249602528|1.687692289159774|N
Xtrackers iBoxx EUR Corp Bd Yld Plus UCITS ETF 1D|IE00BYPHT736|XDEP.DE|EUR|0.25|14.661999702453613|14.654000282287598|-0.012393912081196112|-0.03005591072554481|-0.016521233438897664|-0.01597680211778918|-0.01872403992268512|-0.5955776534036114|S
Amundi USD High Yield Corp Bd ESG UCITS ETF EURH D|LU1435356495|LYXE.DE|EUR|0.3|72.9520034790039|73.35199737548828|-0.028291238502327287|-0.03043504139424802|-0.014551445096236737|-0.019883863705342564|-0.02222990584311013|-1.8638588609954767|S
StSt SPDR ICE BofA 0-5Y EMUSDGvtBd UCITS ETF Dist|IE00BP46NG52|ZPR5.DE|EUR|0.42|23.82900047302246|23.582000732421875|0.019771467527894382|0.006866829652189654|0.06314931777064081|0.049133321985382894|0.02956426612387064|2.324799303196888|N
iShares Fallen Angels High Yield Corp Bond UCITS EUR Hedged (Dist) ETF|IE00BF3N7219|IBC7.DE|EUR|0.55|4.377099990844727|4.377900123596191|-0.02405613441793697|-0.025127428766536286|-0.003369639801617308|-0.012147129258046396|-0.01621621975001164|-1.632233596178236|S
StSt SPDR BBG 3-7 Y U.S. Treas Bd UCITS ETF Dist|IE00BYSZ5R67|SPP3.DE|EUR|0.05|23.93199920654297|23.58099937438965|0.01730072665727511|-0.004629207272251912|0.02832401492911618|0.02455977382578789|0.014186950396244624|3.2278150962755507|N
Leverage Shares Short Volatility Long Tech ETP|XS2595675641|SVLT.DE|EUR||44.42399978637695|43.80400085449219|0.08605516613387354|0.06655141003306042|0.34561094894609945|0.3004683836303479|0.18583816957360577|1.7566067173307507|N
First Trust Germany AlphaDEX UCITS ETF|IE00BWTNM966|FTGG.DE|EUR|0.65|34.01499938964844|34.415000915527344|-0.03981035754159146|-0.09253557696544845|0.027580293863439964|-0.02839395555020907|-0.04519710655155973|-1.8665381831595473|S
iShares MSCI Saudi Arabia Capped UCITS ETF USD D|IE00BJ5JPJ87|IUSW.DE|EUR|0.6|4.499499797821045|4.458499908447266|-0.0145642109378884|0.005641572772782544|-0.013439137927933942|0.06090181885394341|0.004134637074963532|-0.4988614709089645|S
Invesco Gl HY Corp Bd ESG Cl Trnstn UCITS ETF Dist|IE000ZWSN3F7|GB1D.DE|EUR|0.25|4.908899784088135|4.8968000411987305|-0.0018059145568252166|-0.01826573241449181|0.033663957844998205|0.02566527157634324|0.007798051234593206|-0.22419484714457716|S
Invesco BulletShares 2029 EUR Corporate Bond UCITS - Dist ETF|IE000ZC4C5Q1|BE29.DE|EUR|0.1|5.0644001960754395|5.054800033569336|-0.003447973664525983|-0.010670983609886386|0.002764755322505641|-0.0019794431097808207|-0.003707236791448576|0.3351301790180794|S
Xtrackers MSCI World Minimum Volatility ESG UCITS ETF|IE0008YN0OY8|XWEB.DE|EUR|0.25|40.82500076293945|40.650001525878906|-0.005481083515294194|0.03419891934140007|0.10040437849119366|0.08707230545044098|0.046135022842616946|0.951448504631815|N
iShares eb.rexx Government Germany 10.5+yr UCITS (DE) ETF|DE000A0D8Q31|EXX6.DE|EUR|0.16|109.62999725341797|106.86000061035156|0.009205560391087442|-0.033505024798620275|-0.05567570562159707|-0.025701296093061266|-0.024972922972316125|1.8596065463286513|N
Amundi Prime Euro Government Bond UCITS Acc ETF|LU2089238898|PRAR.DE|EUR|0.05|17.462499618530273|17.430999755859375|-0.016030885571010067|-0.037587207493284924|-0.029510664658563|-0.027727573216091983|-0.029470223757444236|-0.9797201127007028|S
UBS EUR Ultra-Short Bond Screened UCITS EUR acc ETF|IE000RW7V8Q4|BCFH.DE|EUR|0.08|5.378799915313721|5.377399921417236|0.002049196893016747|0.005345545611867397|0.020064509116334728|0.015711152439319864|0.008431260787725048|1.7911062386438092|N
StSt SPDR Mstar Mlt-Asst Gl Infra UCITS ETF Dist|IE00BQWJFQ70|ZPRI.DE|EUR|0.4|32.39500045776367|32.40999984741211|-0.012347524046258829|-0.03929420862908928|0.05642627788766119|0.03888321358930358|-0.011019151419755402|-1.3339431065276608|S
UBS Core MSCI Europe UCITS ETF EUR dis|LU0446734104|UIMA.DE|EUR|0.06|103.66000366210938|103.9800033569336|-0.020411982980004573|-0.02441671648006838|0.144706563989893|0.09024663929011845|0.027056208948646576|-1.2900081095394735|S
UBS Factor MSCI USA Prime Value Screened UCITS USD dis ETF|IE00BX7RR706|UBUS.DE|EUR|0.25|36.904998779296875|36.435001373291016|0.000813526218220284|-0.0005892484066326587|0.15963906527406602|0.12119903933887155|0.05452379785068984|2.526189168003059|N
BNP Paribas Easy MSCI Japan SRI PAB UCITS ETF|LU1753045928|JSRI.DE|EUR|0.25|26.200000762939453|25.920000076293945|0.053266362329224215|0.056451676167262876|0.24444965065963853|0.22098020659254036|0.12564541285046693|2.582159345257747|N
JPM US Gro Eq Active UCITS ETF - USD (dist)|IE0003KQ8JX1|JPGD.DE|EUR|0.49|34.7400016784668|34.3849983215332|0.07972035748960549|0.025535104899388816|0.0837151236072291|0.10047181809777972|0.08611996415255962|1.7225231166746937|N
Amundi Prime Euro Government Bond UCITS Dist ETF|LU1931975152|PR1R.DE|EUR|0.05|16.399999618530273|16.367000579833984|-0.01587204390707697|-0.038094953622659244|-0.02909927894302944|-0.02774486667895415|-0.0293895427540114|-0.9795712212137975|S
Xtrackers II Eurozone Government Bond 15-30 UCITS 1C ETF|LU0290357507|DBXF.DE|EUR|0.15|253.85000610351562|251.02999877929688|-0.025340778629986405|-0.0751939410003104|-0.0746883083323312|-0.059292198028938814|-0.062256052318130584|-0.9018495477858753|S
UBS MSCI USA SR UCITS ETF hEUR acc|IE00BJXT3G33|4UBD.DE|EUR|0.22|23.459999084472656|23.264999389648438|0.013828854937972368|0.013172031474093293|0.16196129093206424|0.1511285598890182|0.0815393115301779|1.7470896390250281|N
Xtrackers MSCI EM Asia Screened Swap UCITS ETF|LU2296661775|XMA1.DE|EUR|0.35|28.420000076293945|27.844999313354492|0.056112977980081746|0.060469379598013795|0.39364285684222056|0.33114478559659055|0.1360255041088514|1.596736395107688|N
Xtrackers MSCI World Swap UCITS 4C EUR Hedged ETF|LU0659579733|XWEH.DE|EUR|0.39|53.13600158691406|53.27199935913086|-0.0007521645444770186|0.011883008397825634|0.1445311482538183|0.11370550225982701|0.05472992627616158|0.20507834952468212|B
Xtrackers MSCI Japan Climate Transition UCITS ETF|IE0006FDYJF8|XCJD.DE|EUR|0.15|44.18000030517578|43.23500061035156|0.07128997349784516|0.04258696107565707|0.3166166217260713|0.2757987014560701|0.1344824422760531|2.949276840412151|N
Xtrackers US Equity Enhanced Active UCITS 1C ETF|IE0002PGSLZ5|XEEU.DE|EUR|0.2|36.18000030517578|35.71500015258789|0.03741936358926967|0.05604209216892486|0.23650034252096086|0.19980101082201318|0.11273262073031542|2.1144301270547294|N
BNPP Easy EUR Corp Bond SRI PAB 3-5Y UCITS ETF D|LU2008761053|ASR5.DE|EUR|0.15|9.038800239562988|9.014800071716309|-0.005326164754182683|-0.018822856877838356|-0.006005788066975493|-0.00696444175291322|-0.009586384856046348|0.18374523762792994|S
iShares STOXX Europe 600 Financial Services UCITS (DE) ETF|DE000A0H08G5|EXH2.DE|EUR|0.46|92.06999969482422|92.80000305175781|-0.05801103225772708|-0.0453703448075643|0.08774012276669518|0.046055918635812265|0.013309855187733755|-1.3093463025493293|S
iShares GBP Corp Bond 0-5yr UCITS EUR Hedged (Acc) ETF|IE000WJWZK35|CEBV.DE|EUR|0.25|5.600399971008301|5.589200019836426|-0.0024224925130024166|-0.00575204705253729|0.010318941193037334|0.00042871050303250335|-0.00015371939878960905|0.1714320073620134|S
iShares Global Corp Bond UCITS EUR Hedged (Acc) ETF|IE000PLCL3C9|CEMD.DE|EUR|0.25|4.968900203704834|4.94950008392334|-0.015006106740781289|-0.030382806840751453|-0.02844902800513982|-0.027574398608738115|-0.02502221416889394|-0.8885363848547607|S
UBS Core BBG US Liquid Corp UCITS ETF hEUR acc|LU1048317025|UEF0.DE|EUR|0.09|16.960500717163086|16.84950065612793|-0.019284138798595363|-0.0416172100028831|-0.04759096027310383|-0.043320057149988545|-0.0362221058288712|-1.0195380881384597|S
UBS J.P. Morgan USD EM IG Screened Diversified Bond UCITS hEUR acc ETF|LU1974696418|EMIE.DE|EUR|0.44|10.870499610900879|10.855999946594238|-0.02419216554004977|-0.038221647331610376|-0.04009011167450793|-0.041190740757875655|-0.034323289210682284|-1.6000593923238553|S
State Street SPDR Dow Jones Global Real Estate UCITS ETF|IE00B8GF1M35|SPYJ.DE|EUR|0.4|31.799999237060547|31.774999618530273|-0.02434211804504638|-0.055847419339603466|0.09699397732182091|0.09369896766008412|-0.0004031310031603619|-1.1166544087140549|S
Franklin Future of Food UCITS ETF|IE000ZOKLHY7|FOFD.DE|EUR|0.3|24.850000381469727|24.975000381469727|-0.02529909537288988|0.002016175239814455|0.10567296817303506|0.11135955738594294|0.030336906353453763|-1.9482182847084302|S
Amundi S&P World Consumer Staples Screened UCITS Dist ETF|IE0005NYD352|WELM.DE|EUR|0.18|9.741000175476074|9.723999977111816|-0.01615996839129752|-0.014667156462595532|0.08259456081549077|0.06852734739753186|-0.0006408838163829422|-0.5229836343197827|S
Dimensional-Global Core Equity Ucits Etf|IE000EGGFVG6|DEGC.DE|EUR|0.26|25.635000228881836|25.3799991607666|0.012840804812215723|0.026631995747460335|0.19149435073726595|0.17215360060225815|0.07964572858203|2.0479958646060994|N
UBS Core MSCI USA UCITS USD dis ETF|IE00B77D4428|UBU3.DE|EUR|0.03|167.30499267578125|165.13999938964844|0.04077755941388017|0.044007419313066176|0.2090845704179698|0.18752870127282018|0.10850316001676719|2.0361224673428313|N
iShares MSCI EM Consumer Growth UCITS ETF USD Acc|IE00BKM4H197|CEMG.DE|EUR|0.6|29.30500030517578|29.385000228881836|-0.04776602214706038|-0.029153525802095848|-0.13375705826078677|-0.09468639875949858|-0.04670897003959962|-1.1588209659206943|S
iShares Broad USD High Yield Corp Bond UCITS EUR Hedged (Acc) ETF|IE000VSFIC94|CBU1.DE|EUR|0.22|6.116199970245361|6.100599765777588|-0.021595889522252887|-0.021157454167078482|-0.006077782818876498|-0.012433013588919462|-0.014783882713718|-1.3626105567768|S
UBS MSCI USA NSL UCITS ETF USD acc|IE000OULL4R4|CSY1.DE|EUR|0.09|272.989990234375|270.30999755859375|0.037274860671794974|0.04047717084586622|0.20365955273852543|0.1823890525857197|0.10471321182998894|1.8567688047454938|N
Amundi MSCI EMU Value Factor UCITS ETF Dist|LU1598690169|LGWS.DE|EUR|0.4|185.13999938964844|190.1199951171875|-0.04812339645424968|-0.03209953695541845|0.17888552194048168|0.08918698695821448|0.02053921579413376|-3.2996827487144946|S
Amundi STOXX Europe 600 Cons Dscretnry UCITS ETF A|LU1834988781|LTVL.DE|EUR|0.3|25.0|25.235000610351562|-0.05105330606984304|-0.07935925730634619|-0.08892130053092273|-0.12556838521957592|-0.05303299419426|-1.3424734796769697|S
L&G UK Quality Div Gbp Dist|IE00BMYDM802|BAT3.DE|EUR|0.25|14.593999862670898|15.069999694824219|-0.03247464444691017|-0.025709612922662717|0.13149125697795494|0.06757455987515248|0.02038295520907618|-2.261291945657712|S
Amundi MSCI Pacific Ex Japan SRI Climate Paris Aligned UCITS DR - EUR (D) ETF|LU2402389261|APXJ.DE|EUR|0.45|9.53600025177002|9.605999946594238|-0.03608606185609142|-0.002510477698037805|0.037990613342457236|0.05790995299974688|0.002366137779213684|-0.6640450643118406|S
iShares Global Corp Bond UCITS EUR Hedged (Dist) ETF|IE00BJSFQW37|36B7.DE|EUR|0.25|3.9855000972747803|3.966099977493286|-0.014205748678002172|-0.029721245962347154|-0.02776621999806206|-0.027084481110722147|-0.023991645325011857|-0.8103093878839503|S
Invesco EUR Corp Bd ESG Mlt Factor UCITS ETF Dist|IE0006LBEDV2|ECMF.DE|EUR|0.19|4.9182000160217285|4.901199817657471|-0.006929685256936491|-0.022415824670098172|-0.011150168519962866|-0.009751357099386015|-0.012539936209597369|0.05140917901718214|S
Goldman Sachs EUR HY Bond Active UCITS ETF EUR Dis|IE000M02BVY5|GXHY.DE|EUR|0.35|48.35900115966797|48.75699996948242|-0.025530937513404073|-0.03201780528266762|-0.009259116703321468|-0.015124268385124373|-0.018168606222671024|-2.144434790305047|S
Invesco BulletShares 2030 EUR Corporate Bond UCITS - Dist ETF|IE000W6YTDH7|BD30.DE|EUR|0.1|4.991799831390381|4.973400115966797|-0.006658389897685968|-0.01728935141769128|-0.0050281015972488685|-0.008628577500185086|-0.009024178477468392|0.15038801103705707|S
Invesco MSCI Japan UCITS Acc ETF|IE00B60SX287|SC0I.DE|EUR|0.12|110.68499755859375|108.81999969482422|0.06427882267878604|0.055449553349050884|0.3449947661132651|0.28113561725937175|0.13018012881289076|0.8209677771536058|N
JPM Europe Rsrch Enh Idx Eqty Actv UCITS ETF EUR D|IE000WGK3YY5|JRED.DE|EUR|0.26|49.76499938964844|49.97999954223633|-0.0205668560401161|-0.027150616677791728|0.15353091219921922|0.09176124887429027|0.026551463592509927|-1.221362761454151|S
iShares eb.rexx Government Germany 5.5-10.5yr UCITS (DE) ETF|DE0006289499|EXHD.DE|EUR|0.16|113.16999816894531|111.81500244140625|-0.00039745767257737263|-0.02445771393602425|-0.027590784917245648|-0.019431862945650025|-0.017567645043089386|1.282653741354751|S
UBS Core MSCI EMU UCITS EUR dis ETF|LU0147308422|UIM4.DE|EUR|0.09|210.3000030517578|211.5500030517578|-0.0161403365999635|-0.02877471274897736|0.14129194627815767|0.0956866001792247|0.033403351148710625|-1.374192215216573|S
iShares Edge MSCI Wld Min Vol Adv UCITS ETF USD A|IE00BKVL7778|MVEW.DE|EUR|0.3|7.505000114440918|7.434999942779541|0.0003999279468658301|0.04250593661940538|0.10448859899560348|0.09706183694734438|0.058542118098327434|1.5339736738478607|N
Xtrackers MSCI Europe UCITS 1D ETF|LU1242369327|XIEE.DE|EUR|0.12|89.5999984741211|89.87999725341797|-0.02087207537451441|-0.024740378944515196|0.14187124699207576|0.08462624702846577|0.025765801790449183|-1.3002144383692744|S
iShares $ TIPS UCITS ETF USD (Acc)|IE00B1FZSC47|IUST.DE|EUR|0.1|222.77999877929688|220.00999450683594|0.008373720929011785|-0.013855096419253754|0.019728097837284686|0.027251366234023466|0.00782035158294958|2.920414033413701|N
iShares BIC 50 UCITS ETF|IE00B1W57M07|IQQ9.DE|EUR|0.74|19.479999542236328|19.624000549316406|-0.03156849297078257|0.027751348321560343|-0.19093096890348338|-0.13120847762322485|-0.05712723916101681|-0.9928798670564236|S
Amundi Prime Japan UCITS DR (D) ETF|LU1931974775|PR1J.DE|EUR|0.05|39.70000076293945|39.17499923706055|0.058384498517800365|0.05221312601654904|0.33306694496757516|0.2695874698358949|0.12662628951965194|2.6327766133628043|N
Xtrackers FTSE 100 UCITS 1C ETF|LU0838780707|XDUK.DE|EUR|0.09|19.95599937438965|20.110000610351562|-0.01670365610396196|-0.0022000312805176003|0.1762348132167595|0.10376103200220865|0.030550610834709113|-1.9175812051650993|S
Amundi S&P World Consumer Staples Screened UCITS Acc ETF|IE000ZIJ5B20|WELW.DE|EUR|0.18|10.586000442504883|10.600000381469727|-0.01908815584551471|-0.018178367000284634|0.07954320885837607|0.06413354354815537|-0.0038847689596597235|-1.0269095498827154|S
iShares MSCI Europe SRI UCITS ETF EUR (Dist)|IE00BGDPWW94|36B3.DE|EUR|0.2|7.943999767303467|7.925000190734863|-0.014233745731592196|-0.026050917529718443|0.09268300457516365|0.08250115204109454|0.032930781823234945|-0.10014726875875243|S
Xtrackers MSCI USA UCITS 1D ETF|IE00BK1PV445|XD9D.DE|EUR|0.03|26.597000122070312|26.263999938964844|0.04032700218823604|0.04361224486130255|0.2076689142229129|0.1861924342727863|0.1076666989961792|2.013741322366304|N
Amundi EUR High Yield Corporate Bond ESG UCITS ETF Dist|LU1812090543|LYQY.DE|EUR|0.25|105.27999877929688|105.87999725341797|-0.020560043989149235|-0.030392365040594282|-0.006580747611112492|-0.014923988029970747|-0.017260953061798423|-1.9823308523483782|S
iShares $ High Yield Corp Bond ESG SRI UCITS EUR Hedged (Acc) ETF|IE00BMDFDY08|UEEF.DE|EUR|0.27|5.6579999923706055|5.6528000831604|-0.023607340534220866|-0.02441549916412078|-0.006392217331369854|-0.014010872425701315|-0.015599564637760244|-1.3622099831334264|S
Amundi STOXX Europe 600 Industrials UCITS Dist ETF|LU2082997789|INDU.DE|EUR|0.3|202.5500030517578|201.1999969482422|-0.0063772529449799276|-0.041863723274562226|0.07295377994594299|0.06381307534011316|0.010894768614011285|0.02365103044623281|S
Amundi MSCI Em Latin America UCITS ETF - EUR (C)|LU1681045024|AMEL.DE|EUR|0.2|21.475000381469727|21.350000381469727|-0.014908204906645794|0.03894534601860111|0.31522547436655524|0.1838479109169322|0.03400966566276775|-0.5115171813538871|N
BNP PARIBAS EASY II Short Duration Income Opportunities UCITS EUR (H) Dist ETF|IE0002FPYN09|ASHE.DE|EUR|0.22|9.745800018310547|9.737600326538086|-0.005278852933836009|-0.00571437244647377|0.007726465775729663|0.002181432755305357|-0.0016922416154093733|-0.8178415960626768|S
UBS MSCI USA Socially Responsible UCITS USD dis ETF|IE00BJXT3B87|4UBK.DE|EUR|0.19|21.834999084472656|21.315000534057617|0.05178221790649373|0.03394633748721443|0.23965536023639578|0.22748417826537626|0.12963074538589936|2.4290327099571645|N
Amundi MSCI World IMI Value Advanced UCITS ACC ETF|IE000AZV0AS3|WMMS.DE|EUR|0.25|13.605999946594238|13.48799991607666|-0.0036614081892242245|0.04276514381858565|0.322768774408003|0.23803459781236302|0.10853833045252159|0.6179722965446299|N
JPM EUR 1-5 yr IG Corp Bond Active UCITS ETF EUR A|IE00BF59RW70|JER5.DE|EUR|0.04|108.58000183105469|108.55500030517578|-0.0064055358351157166|-0.01474524724831583|-0.0009201184563883968|-0.0046293922872649995|-0.006600538244129761|-0.4475298643093105|S
Amundi MSCI Jpn ESG Brd Transition UCITS ETF EURA|LU1602144732|J1GR.DE|EUR|0.15|377.95001220703125|371.8500061035156|0.06300105521900812|0.026898586448619533|0.3212726038659228|0.26214725930859983|0.12274524430159861|2.86840151901314|N
iShares MSCI AC Far East ex-Jpn UCITS ETF USD D|IE00B0M63730|IQQF.DE|EUR|0.74|87.23999786376953|85.11000061035156|0.0631062631084387|0.029396444782133546|0.4331699133008182|0.37822951703297014|0.15035612641439933|1.7512430285176912|N
UBS MSCI China Universal UCITS USD dis ETF|LU1953188833|UETC.DE|EUR|0.3|8.994999885559082|9.086999893188477|-0.027987879040208274|0.02541160227000927|-0.11454018230898044|-0.0705938264656173|-0.026416460979040934|-0.8874179786193198|S
iShares MSCI Japan SRI UCITS ETF USD (Acc)|IE00BYX8XC17|SXR6.DE|EUR|0.2|8.529999732971191|8.437000274658203|0.04380810140036773|0.08607074529391956|0.2601565468564886|0.19517999617033688|0.1370801088924556|1.7548206028525728|N
UBS EUR Overnight Rate SF UCITS ETF EUR acc|IE0006BDZN36|BCFQ.DE|EUR|0.05|5.166800022125244|5.16540002822876|0.002483550088858699|0.007016499060833015|0.025057009023531585|0.018931962967163152|0.010247164877283499|1.9370868683828448|N
First Trust Gl Cap Strength ESG Lds UCITS ETF AUSD|IE00BKPSPT20|FTGS.DE|EUR|0.75|38.54999923706055|38.34000015258789|-0.020330349887730637|-0.022069989150079183|0.04755434881198606|0.043019485713566175|0.017994454065604515|-0.4252983044213342|S
Amundi Euro Inflt Expectations 2-10Y UCITS ETF A|LU1390062245|EUIN.DE|EUR|0.25|121.71499633789062|124.91999816894531|-0.003357245953812704|-0.009359879102053159|0.04777682932572014|0.050897916237258034|0.015101182220321752|-1.3074483716698073|S
Xtrackers FTSE Developed Europe ex UK Real Estate UCITS 1C ETF|IE00BP8FKB21|XREA.DE|EUR|0.33|50.20000076293945|50.7599983215332|-0.08176326240568621|-0.13996913343238782|-0.10723810827648206|-0.11276070805309668|-0.12574623673318963|-2.042584160276008|S
Amundi MDAX ESG UCITS ETF|LU2611731667|AK8G.DE|EUR|0.3|10.345499992370605|10.333499908447266|0.001985489925827588|0.002908218914914551|0.012462441133587632|0.008509919485007567|0.005673391055796895|2.898631331761794|N
iShares DAX ESG UCITS (DE) ETF|DE000A0Q4R69|EXIA.DE|EUR|0.12|8.008999824523926|8.022000312805176|-0.02257754626612196|-0.0160934291490894|0.07517786973684326|0.0697208276700827|0.03320802486724239|-1.2635779027315481|S
Xtrackers MSCI Europe High Dividend Yield ESG UCITS ETF|IE000WQ16XQ4|XZDE.DE|EUR|0.25|39.88999938964844|40.01499938964844|-0.026835868352652947|-0.015076493895492593|0.14321217076655035|0.08437183491420619|0.015936536244102406|-1.5305685225408339|S
UBS Core BBG US Treasury 7-10 UCITS USD dis ETF|LU0721552973|UEFI.DE|EUR|0.05|33.21500015258789|32.75|0.021308677421840727|0.0024838988115762906|0.03849012865744128|0.03387791208530233|0.02154927381188876|2.9536035102323925|N
iShares $ Short Dur Corp Bd UCITS ETF USD Dist|IE00BCRY5Y77|IS3J.DE|EUR|0.2|87.3499984741211|86.27400207519531|0.025630507859652818|0.010053567742197345|0.05702853120702911|0.05180970348586755|0.032399106278931944|2.4734210590560086|N
StSt SPDR Bloomberg Euro HY Bond UCITS ETF Dist|IE00B6YX5M31|SYBJ.DE|EUR|0.4|49.20800018310547|49.582000732421875|-0.02209855958789142|-0.0239647126841106|-0.0030963748009219527|-0.008963409743450002|-0.014771161881972472|-2.3954524626296645|S
Ossiam Eur ESG Machine Learning UCITS ETF 1C/A EUR|LU0599612842|OSX4.DE|EUR|0.65|300.70001220703125|301.0|-0.022431709231378716|-0.020521132876119674|0.07163223687208542|0.053055594682940965|0.0020770112581849354|-1.717020675028417|S
JPM EUR High Yield Bond Active UCITS ETF EUR D|IE000YSJPNV8|JEYE.DE|EUR|0.45|9.734000205993652|9.803799629211426|-0.021590531431288862|-0.027234527190591495|-0.0016092665267964934|-0.0082607055267091|-0.01390467781480298|-2.4082038996295205|S
StSt SPDR BBG U.S. HY Crp Scored UCITS ETF Dist|IE00B99FL386|SYBK.DE|EUR|0.3|34.63800048828125|34.29800033569336|0.01203759504002444|-0.0019403598475542516|0.047766671139990224|0.04608664386280026|0.024891645274951246|1.9148729325574314|N
iShares MSCI USA UCITS ETF USD (Acc)|IE00B52SFT06|SXR4.DE|EUR|0.03|713.9000244140625|705.47998046875|0.039761214388083|0.04359140243721282|0.20754399471166307|0.18627457443495055|0.10739518711747364|1.9898757585074192|N
UBS Fc MSCI Wld Slcn Min Vlty UCITS ETF USD acc|IE000EJ2EHO7|CSY9.DE|EUR|0.25|138.0|136.13999938964844|0.008477080481974264|0.03386278406606502|0.12286410322738273|0.11795201936669608|0.06992005189026518|2.424963248860932|N
Rex Tech Innovation Premium Income UCITS ETF USD D|IE000HF69TA9|ASWK.DE|EUR|0.65|20.75|20.479999542236328|0.08439457177533694|0.11023066702875028|0.1697712967877294|0.1489067303018139|0.15465483897015297|1.7443032659660285|N
iShares MSCI Wld Cons Dscrt Sec Adv UCITS ETF USDD|IE00BJ5JP212|36BB.DE|EUR|0.18|7.453999996185303|7.388999938964844|-0.013629768671199916|-0.034080602719201436|-0.03193957565703931|-0.015568731122153068|-0.005258159178083921|0.19015679588055778|S
Xtrackers MSCI World UCITS 2C - EUR Hedged ETF|IE000ONQ3X90|XWEU.DE|EUR|0.14|14.17300033569336|14.168000221252441|0.0024401542984786584|0.0154397184927062|0.14923979806309595|0.11585249016254706|0.057778950985027944|0.5983062956201131|N
State Street SPDR Bloomberg 1-5 Year Gilt UCITS ETF|IE00B6YX5K17|SYB5.DE|EUR|0.15|56.34600067138672|55.849998474121094|0.009350805152984476|0.0012875741300772958|0.04627934521468191|0.03125972210353223|0.01861149258261463|3.037310697775447|N
Rize USA Environmental Impact UCITS USD Acc ETF|IE000PY7F8J9|RIZJ.DE|EUR|0.45|5.348999977111816|5.252999782562256|-0.003168132278853264|-0.11921619999491206|0.0480015441152839|0.04248683168336154|-0.04466747015295258|-0.0830968444834669|S
Leverage Shares 1x ARK NextGen Internet|XS2399368575|NGTE.DE|EUR||5.8480000495910645|5.78849983215332|0.0883037481611133|0.09574670538306895|-0.035142686894443886|0.12678227073527282|0.168824730660027|1.0540879981335292|N
Invesco BulletShares 2028 EUR Corporate Bond UCITS - Dist ETF|IE000LKGEZQ6|BE28.DE|EUR|0.1|5.212600231170654|5.20959997177124|-0.0014632385408572812|-0.004266175619857537|0.007635049236854652|0.004335645138410671|0.0012666537949788115|0.4682079124878982|S
Invesco MSCI Europe UCITS Acc ETF|IE00B60SWY32|SC0E.DE|EUR|0.19|438.20001220703125|440.29998779296875|-0.020782095626745822|-0.02643855528797212|0.14010668725997721|0.08599755193811953|0.02448706792734434|-1.4651464783644301|S
iShares   CpBd exFin 1-5Yr ESG SRI UCITS ETF EURD|IE00B4L5ZY03|EUNS.DE|EUR|0.2|104.4000015258789|103.97000122070312|-0.0017211732838422478|-0.00968307712237515|0.00038966013083086004|-0.0011941364397231036|-0.0033239312088926276|0.8038240215768574|S
UBS S&P 500 Climate Transition ESG UCITS hEUR acc ETF|IE0009WWNY77|BCFG.DE|EUR|0.1|7.968999862670898|7.968999862670898|0.00238994388196323|0.02442474122281557|0.13421574675644177|0.1122121291135274|0.06313008572093848|0.8426468006893904|N
UBS Core MSCI Japan UCITS JPY dis ETF|LU0136240974|UIM5.DE|EUR|0.12|72.31600189208984|71.24600219726562|0.06178422619247659|0.053090002580895135|0.34336531996648456|0.278578674629375|0.1282288423571254|2.7431687466653347|N
iShares Edge MSCI Europe Minimum Volatility Advanced UCITS ETF|IE00BKVL7D31|MVEE.DE|EUR|0.25|8.897000312805176|8.892000198364258|-0.018316166563754455|0.003836217652088969|0.12606002873455346|0.09595963037190725|0.035221653106471296|-1.5537597399643701|S
Amundi MSCI Millennials UCITS ETF Acc|LU2023678449|GENY.DE|EUR|0.45|15.883999824523926|15.857999801635742|-0.013048343478245905|-0.010589324836163372|-0.006629139969451359|0.014692700785023716|0.027329246650972916|0.137748414664282|S
Xtrackers II Target Maturity Sept 2034 EUR Corporate Bond UCITS ETF|LU2809864619|XB34.DE|EUR||33.52000045776367|33.375|-0.012520230987816072|-0.03756512294910497|-0.025853001263377084|-0.02162975621319374|-0.02404984735520732|-0.22246605831900307|S
iShares J.P. Morgan USD EM Bond UCITS EUR Hedged (Acc) ETF|IE00BJ5JPH63|3SUD.DE|EUR|0.5|5.047399997711182|5.051400184631348|-0.0370864664680709|-0.05188215253522854|-0.017059440558141792|-0.03712325476193579|-0.03917392633466221|-1.8786642023978426|S
L&G Asia Pacific Ex Japan Equity UCITS ETF USD Acc|IE00BFXR5W90|ETLK.DE|EUR|0.1|15.741999626159668|15.704000473022461|-0.010186157774931037|0.02714337770704489|0.11994876917932995|0.13121580999540572|0.036828395210266374|-0.35688411780577733|S
Invesco MSCI Europe Cath Principles UCITS ETF Dis|IE00BG0NY640|ICFP.DE|EUR|0.3|68.29000091552734|68.56999969482422|-0.015079530045778222|-0.029598580733878666|0.140645788592213|0.10283416293173353|0.03362018326470828|-1.038838666910298|S
Franklin FTSE Japan UCITS ETF|IE000D0T0BO1|FLXJ.DE|EUR|0.09|34.84000015258789|34.27000045776367|0.0604170031352389|0.047977177679298544|0.32951727739065095|0.26898562190507413|0.12240189828085346|2.7951001902041708|N
Vanguard ESG DevAsiaPacific AC UCITS ETF Dis|IE0008T6IUX0|V3PL.DE|EUR|0.17|9.300000190734863|9.116000175476074|0.059094653513089845|0.027138643999957912|0.44510648034227596|0.3715643931210788|0.1454253365674978|2.3610242902852145|N
Xtrackers DAX ESG Screened UCITS ETF|LU0838782315|XDDX.DE|EUR|0.09|157.82000732421875|157.27999877929688|-0.023994988851269827|0.0019411298464553361|0.0859402085136165|0.0653618637259914|0.035805105432924034|-1.0135937546293519|S
Invesco STOXX Europe 600 Optimised Health Care UCITS Acc ETF|IE00B5MJYY16|SC0T.DE|EUR|0.2|402.3500061035156|406.5|-0.053071282929842645|-0.0683107550840899|0.0007462214143914014|-0.03790053955251682|-0.03682897949750319|-1.2638243864859888|S
iShares   Govt Bond 3-5yr UCITS ETF EUR (Dist)|IE00B1FZS681|IBCN.DE|EUR|0.15|156.05999755859375|156.22999572753906|-0.011621689503872656|-0.024381151485256436|-0.017578608471347956|-0.019575893193084726|-0.018297958069048104|-0.9006046076972251|S
Xtrackers MSCI Europe Materials UCITS ETF|LU0292100806|DXSC.DE|EUR|0.17|178.6199951171875|178.67999267578125|-0.036361704094576175|0.009380585105901451|0.1148420531537655|0.07992745893918762|0.0293860575578202|-0.7127075019386883|S
Janus Henderson Fallen Angels Bond ESG Active Core UCITS ETF|IE000LH4DDC2|THFE.DE|EUR|0.25|11.124500274658203|11.142999649047852|-0.027706108766969106|-0.03437349960099734|-0.009526723981944207|-0.019651868319237153|-0.023215349395707796|-1.8250704897965841|S
Vanguard USD Corpo 1-3 Year Bd UCITS ETF USD A|IE00BGYWSV06|VAGY.DE|EUR|0.09|55.05400085449219|54.33399963378906|0.028201146204559935|0.015494155415805455|0.0644624817304622|0.057266906181682176|0.03735528293003498|2.5441829728281236|N
iShares JP Morgan Advanced $ EM Bond UCITS EUR Hedged (Acc) ETF|IE00BKP5L730|SLMG.DE|EUR|0.5|4.747799873352051|4.7708001136779785|-0.03654700178188608|-0.048460858471227386|-0.018319443822758186|-0.0364297087367178|-0.03820376550344273|-1.8145173237872727|S
First Trust Indxx Gl Aerospc &Dfnc UCITS ETF A USD|IE000NVDQXE1|FTGA.DE|EUR|0.65|28.7450008392334|28.385000228881836|-0.0053632796312388376|-0.07602056331465423|0.03622931061310264|0.02862770274273263|-0.03601566155567948|0.2831623629001691|S
UBS SBI Foreign AAA-BBB 1-5 ESG UCITS CHF dis ETF|LU0879397742|UEFY.DE|EUR|0.2|12.355500221252441|12.094499588012695|0.00984884086281368|-0.016944467376564187|0.00233267030442863|-0.003219918981542058|-0.009215324668771063|2.8195827797979|N
iShares Broad Global Govt Bond UCITS EUR Hedged (Acc) ETF|IE000XFP47S2|CEMB.DE|EUR|0.13|4.936100006103516|4.918499946594238|-0.00887495612500655|-0.01972036171594338|-0.026563821498070683|-0.023984698670213245|-0.0192550720380541|-0.6195023449020012|S
Amundi MSCI World Minimum Volatility Advanced UCITS ACC ETF|IE0001DKJVC2|WMMV.DE|EUR|0.25|10.163999557495117|10.067999839782715|-0.0031385387775327844|0.031459251376314334|0.09703175184664392|0.09466879101005055|0.049764626362895026|1.2810121783647974|N
BNPP Easy Low Crbn 100 Europe PAB UCITS ETF C|LU1377382368|LCEU.DE|EUR|0.3|291.6000061035156|294.54998779296875|-0.033316718038514326|-0.032514890482494674|0.11022277890644472|0.06171495570256491|0.01680201402873971|-1.4073664740285416|S
Franklin MSCI Emerging Markets Paris Aligned Climate UCITS ETF|IE000QLV3SY5|FVEM.DE|EUR|0.18|38.904998779296875|38.42499923706055|0.03401990111088038|-0.002819444113095315|0.28547826082572403|0.22922588461956828|0.08473656223419646|1.0305637937524015|N
Xtrackers MSCI Malaysia UCITS 1C ETF|LU0514694370|XCS3.DE|EUR|0.5|12.583999633789062|12.520000457763672|-0.0061601698386895|0.011738214477509556|0.12216871021201192|0.05659108270462365|-0.0015139451505618018|0.04156616590131928|S
iShares MSCI Europe Climate Transition Aware UCITS EUR (Dist) ETF|IE000ZQF1PE1|ECTD.DE|EUR|0.12|5.7179999351501465|5.734000205993652|-0.0183690777027663|-0.02821208265199271|0.11715489981020077|0.06970709963843302|0.01693955521189583|-1.139495783968186|S
State Street SPDR Bloomberg Emerging Markets Local Bond UCITS ETF|IE00BFWFPY67|SPFA.DE|EUR|0.55|30.983999252319336|30.767000198364258|0.008495253822705884|0.012979349413711816|0.05334007438237953|0.03483515140141158|0.022848849235770352|1.7179040480251369|N
WisdomTree Enhanced Commodity UCITS ETF EUR HgdAcc|IE00BG88WG77|WTEH.DE|EUR|0.23|18.402000427246094|18.591999053955078|-0.012874142718828141|0.13803341622888277|0.41750115003628263|0.36960409384365467|0.10433581248349189|-1.8824600897872208|N
Amundi SDAX UCITS Dist ETF|LU2611732475|AK8E.DE|EUR|0.7|10.260000228881836|10.258500099182129|-0.002673161756321818|-0.005862132916718554|0.0021087486101345476|-0.0007756293199585595|-0.002127073894542808|0.025902023365554812|S
Xtrackers MSCI World High Dividend Yield ESG UCITS ETF|IE000NS5HRY9|XZDW.DE|EUR|0.25|40.68000030517578|39.88999938964844|0.026624613379830464|0.043269591990708456|0.2625723352445928|0.21067407662132598|0.09723896373107821|2.7181488464935337|N
JPMorgan Global High Yield Corporate Bond Multi-Factor UCITS ETF EUR Hedged (dist)|IE000YK1TO74|JYEH.DE|EUR|0.35|88.56199645996094|88.75599670410156|-0.02567777644320457|-0.026893147098354664|0.008300324839884077|-0.005904540956560123|-0.014967494700297346|-1.864573346809438|S
UBS MSCI EM Cl Paris Aligned UCITS ETF USD acc|IE00BN4Q1675|AW12.DE|EUR|0.16|16.229999542236328|16.016000747680664|0.03653081812137127|-0.007582276423029777|0.2761439704734403|0.222322615713634|0.08381210048373444|0.9914672217316693|N
iShares Core GBP Corp Bond UCITS EUR Hedged (Acc) ETF|IE000H22E3N8|CBU0.DE|EUR|0.25|5.371200084686279|5.350200176239014|-0.005480695856607709|-0.020925988893849112|-0.0025627007630456555|-0.02096164451546423|-0.01332791706865788|-0.29044342056381595|S
UBS MSCI USA Selection UCITS ETF USD acc|IE00063GNWK1|CSY2.DE|EUR|0.1|277.20001220703125|274.3999938964844|0.03568099580917772|0.05239187027456893|0.2268201635361331|0.19021047433018246|0.11389500519376217|2.0776094126946476|N
Goldman Sachs Access China Gv Bd UCITS ETF USD Dis|IE00BJSBCS90|GASF.DE|EUR|0.24|51.27000045776367|50.61399841308594|0.03724533313329492|0.0386524319004955|0.13415189547198225|0.1123570481161198|0.0651607293691403|2.2060458142382795|N
Xtrackers USA Biodiversity Focus SRI UCITS 1C ETF|IE000LOSV2D0|XBUZ.DE|EUR|0.3|44.0099983215332|43.4900016784668|0.030679099184717895|0.04202670026117161|0.18497574164741515|0.15315072096926996|0.10094355260246246|2.009360238553736|N
UBS BBG Commodity CMCI SF UCITS hEUR acc ETF|IE00BYYLVJ24|BCFE.DE|EUR|0.34|19.097999572753906|19.323999404907227|-0.01678337197324764|0.10049553255736599|0.30166300859678374|0.24174248573782542|0.0742357566418852|-2.3354823869436423|N
BNPP Easy EUR Corp Bond SRI PAB 3-5Y UCITS ETF C|LU2446383338|ASRX.DE|EUR|0.15|11.562000274658203|11.52750015258789|-0.005975150928396622|-0.018005766108906807|-0.005718683421788495|-0.006914292426486557|-0.009478127899808397|0.1789516066893373|S
Ossiam Shiller Barclays CAPE US Sector Val TR 1CE|LU1079841273|USCP.DE|EUR|0.65|1463.0|1448.199951171875|-0.03048376408217357|-0.0016377947141239524|0.05983770945019984|0.05922390075290829|0.020124266905187982|-0.25356294792594286|S
Amundi STOXX Europe 600 Telecommunications UCITS Dist ETF|LU2082999058|INDB.DE|EUR|0.3|68.16000366210938|66.94000244140625|-0.030992220490164257|-0.022375179737238904|0.0891658943398379|0.1079324309970442|-0.04015676656895817|-0.9450356305334546|S
State Street SPDR EURO STOXX Low Volatility UCITS ETF|IE00BFTWP510|ZPRL.DE|EUR|0.3|60.93000030517578|61.7599983215332|-0.03576512692908895|-0.030857303319041463|0.08687118823734119|0.057445356380584345|-0.0036343675929757513|-2.7496866756509624|S
State Street SPDR Bloomberg 10+ Year U.S. Corporate Bond UCITS ETF|IE00BZ0G8860|SYBN.DE|EUR|0.12|21.503000259399414|21.187999725341797|-0.005089557485074447|-0.05328240064506451|-0.02834492595263438|-0.014070730049754898|-0.023835698609300016|-0.2762316333262714|S
Amundi Euro Hghst Rtd Mcr Wght Gov Bd UCITS ETF A|LU1287023342|LYXA.DE|EUR|0.17|122.99500274658203|122.09500122070312|-0.007464456391471197|-0.029740043870297717|-0.027092196424383652|-0.020701448695017888|-0.0221144085678604|0.0844099702333547|S
iShares iBonds Dec 2026 Term Italy Govt Bond UCITS EUR (Dist) ETF|IE000LZ7BZW8|26TP.DE|EUR|0.12|5.056000232696533|5.055799961090088|0.0018566547276996914|0.004986164760012457|0.01829760539895897|0.01419181645073464|0.007850726979802491|1.6945843317419969|N
iShares MSCI Japan ESG Enhanced CTB UCITS USD (Acc) ETF|IE00BHZPJ452|EDMJ.DE|EUR|0.15|9.350000381469727|9.175000190734863|0.06528425730103549|0.04914729506729287|0.3403097199593266|0.27662486789155993|0.12875337971445222|2.957952693123733|N
Goldman Sachs USD InvGr Crp Bd Act UCITS ETF USD D|IE000RRCJI06|GIGU.DE|EUR|0.18|43.18299865722656|42.64400100708008|0.009868736808111622|-0.026001594856261634|0.01596504915467456|0.017809154377383507|0.003997555693384225|1.9398869810813404|N
Xtrackers II iBoxx Eurozone Government Bond Yield Plus UCITS 1D ETF|LU0962071741|XYPD.DE|EUR|0.15|136.11500549316406|136.6300048828125|-0.027923503472607414|-0.05185274074596857|-0.041653291288449634|-0.042507388274784064|-0.042788656184669205|-1.753291617111253|S
iShares MSCI Europe Consumer Discretionary Sector UCITS EUR (Acc) ETF|IE00BMW42298|ESIC.DE|EUR|0.18|5.540999889373779|5.586999893188477|-0.06449434046689151|-0.09029718987051027|-0.14556672701701934|-0.17001201449624936|-0.07526241170731807|-1.2414194923192192|S
Invesco BulletShares 2030 EUR Corporate Bond UCITS - Acc ETF|IE000I25S1V5|BSE0.DE|EUR|0.1|5.355800151824951|5.337399959564209|-0.005459383439250454|-0.01732045202853083|-0.006860944862297935|-0.007008275603673897|-0.008997413049546599|0.23253170847082183|S
HSBC China Government Local Bond UCITS C H EUR ETF|IE000YUU9UG5|H41U.DE|EUR|0.2|11.572999954223633|11.558500289916992|0.0035988459477918067|0.011581634703024202|0.03542989235263616|0.034227023074402396|0.018174584175050024|1.8420584543011125|N
iShares   Corp Bond ex-Financials UCITS ETF EUR D|IE00B4L5ZG21|EUNR.DE|EUR|0.2|105.75|105.32499694824219|-0.006342523207911399|-0.02261297089436831|-0.011427006030846565|-0.01061834426236885|-0.012801697053052896|0.1111452404819864|S
Vanguard USD Corpo 1-3 Year Bd UCITS ETF USD D|IE00BDD48R20|VUSC.DE|EUR|0.09|43.24800109863281|42.689998626708984|0.02826298243685499|0.01519260284718027|0.06443584507005218|0.057489966758270006|0.037465719693441146|2.5486710014494216|N
UBS MSCI EM ex China SR UCITS ETF USD acc|IE00BNC0MH93|AW1J.DE|EUR|0.2|9.970999717712402|9.71500015258789|0.0653915480551881|0.030807337090584586|0.6823012722629933|0.5311731555914063|0.20487748004023887|1.4434801996177302|N
Future of Defence Screened UCITS ETF USD Acc|IE00041H4WT9|ASWG.DE|EUR|0.49|7.635000228881836|7.506999969482422|0.05938677164891715|-0.0076682532110744495|-0.010613023922125153|0.20084939715121664|0.09587982623184876|1.3584646164402565|N
UBS MSCI Japan Socially Responsible UCITS JPY dis ETF|LU1230561679|FRCJ.DE|EUR|0.19|32.040000915527344|31.725000381469727|0.051181148186348|0.05025657159527297|0.3523797930732331|0.2522324942868184|0.13893414183608033|2.170949191007881|N
WisdomTree Enhanced Commodity ex-Agriculture UCITS USD Acc ETF|IE00BDVPNS35|WAXG.DE|EUR|0.35|17.43199920654297|17.360000610351562|0.024327157482241457|0.14880713404208845|0.5407458906406821|0.3616621734268881|0.12130435067407719|-0.17006276868559544|B
iShares MSCI EMU Large Cap UCITS ETF EUR (Acc)|IE00BCLWRF22|IS3G.DE|EUR|0.49|76.43000030517578|76.87999725341797|-0.016091658021230915|-0.033510387765801175|0.13078864397466305|0.0856533898948888|0.02952735526812078|-1.087352143622416|S
Xtrackers II Target Maturity Sept 2028 EUR Corporate Bond UCITS ETF|LU2810185665|XB28.DE|EUR|0.12|35.7859992980957|35.72999954223633|-0.0019800638254615643|-0.0023685158396091754|0.008355700726695225|0.005356063326677152|0.002222877295340986|0.7662778243922068|S
L&G Ecommerce Logistics UCITS ETF USD Acc|IE00BF0M6N54|ETLH.DE|EUR|0.49|17.215999603271484|17.007999420166016|0.011278162214039211|0.05258001074020546|0.0658741423898539|0.07264800134809746|0.06307497545560015|1.186323864503971|N
iShs V-iBds Dec 2026 Term EO CReg.Shs () EUR Dis. oN|IE000WA6L436|CEBE.DE|EUR|0.12|5.59499979019165|5.59499979019165|0.002292956132382784|0.006005390653474274|0.021656543324101163|0.015537064106271314|0.008632013379914483|1.6950397785546245|N
Amundi S&P World Industrials Screened UCITS Acc ETF|IE000LTA2082|WELH.DE|EUR|0.18|18.600000381469727|18.281999588012695|0.023440112253775736|-0.024441393246849352|0.21077983452552962|0.1751326952729193|0.05089735318882371|1.9164145550522913|N
iShares MSCI USA SRI UCITS EUR Hedged (Dist) ETF|IE00BZ173V67|3SUR.DE|EUR|0.23|2239.0|2222.5|0.0033609679587720542|0.0074240719910010355|0.15188596573309865|0.15101890771265825|0.06883578698230486|1.6651922703758162|N
iShares MSCI Wld Hlth Care Sec Adv UCITS ETF USD D|IE00BJ5JNZ06|CBUF.DE|EUR|0.18|7.052999973297119|7.1479997634887695|-0.020280582142736314|0.011182805696204445|0.14057792562006033|0.07093217978513744|0.055019976297314255|0.13719924973376824|S
Invesco EUR Gv and Rltd Grn Bd Wghtd UCITS ETF Dis|IE0008SEV3B2|EGVD.DE|EUR|0.15|4.719699859619141|4.715199947357178|-0.017015546918930147|-0.03907492668257284|-0.031963718620378834|-0.029882920581353112|-0.03059659493000233|-1.1250290557777736|S
Invesco STOXX Europe 600 Optimised Travel & Leisure UCITS Acc ETF|IE00B5MJYC95|SC0R.DE|EUR|0.2|280.1499938964844|279.54998779296875|0.0071903650687992204|-0.059267947011316546|0.06097332644506315|0.00900414210321232|0.02657212613444182|0.5607942109953563|S
Amundi MSCI Europe Momentum Factor UCITS ETF EUR C|LU1681041460|MJMT.DE|EUR|0.22|148.67999267578125|149.6199951171875|-0.011436178793244767|-0.02556042147379023|0.12109785967344222|0.05912514250086742|0.01236720456008289|-1.7431038077741277|S
Invesco RAFI Europe Fundamental Value UCITS ETF D|IE00B23D8X81|6PSC.DE|EUR|0.39|15.75|15.866000175476074|-0.02854769130644852|-0.0021003234353074163|0.17800476749254557|0.0866037507305677|0.02246838350622382|-2.2848888986685854|S
Fidelity Japan Eq Research Enh UCITS ETF Inc JPY|IE000B5UZSG9|FJPI.DE|EUR|0.25|5.0|4.9120001792907715|0.06371662330108063|0.04624402668891303|0.3540561437377827|0.28503913539862613|0.13768941457913075|2.7964543202834027|N
Xtrackers II Eurozone Government Bond ESG Tilted UCITS ETF|LU2504537445|XEZB.DE|EUR|0.12|39.0|38.82699966430664|-0.012958114601952508|-0.03486784159683265|-0.028154630740498177|-0.024849994949517562|-0.026691293463313004|-0.6180865681456236|S
Amundi MSCI Europe ESG Broad Transition UCITS EUR Hedged Acc (C) ETF|LU2873560481|CEUH.DE|EUR|0.14|25.44499969482422|25.674999237060547|-0.024348168356574162|-0.02490897243279966|0.13517727662450962|0.08023771450485384|0.022500424318643297|-1.7671381043991534|S
L&G India INR Government Bond UCITS ETF USD Acc|IE000YSUEJ32|TIGA.DE|EUR|0.39|9.069199562072754|9.019399642944336|-0.0025297195900549907|-0.009328706881985283|-0.021619094062889643|-0.011251243637033559|0.008807835591071678|0.8876402915637105|N
Invesco Preferred Shares UCITS EUR Hgd Dist ETF|IE00BDT8V027|PDSE.DE|EUR|0.55|11.534500122070312|11.480500221252441|-0.03774213576883412|-0.06334639997682912|-0.10410508136001095|-0.0784879882599181|-0.06381891854967336|-1.4407588079627671|S
Xtrackers II Eurozone Government Bond 1-3 UCITS 1D ETF|LU0614173549|X03B.DE|EUR|0.1|156.5050048828125|156.60000610351562|-0.0032162896738491265|-0.00668571484464997|0.0021489600397393005|-0.0014313511265342527|-0.0026720257655642454|-0.39866540670735234|S
iShares iBonds Dec 2026 Term EUR Corp UCITS EUR (Dist) ETF|IE000SIZJ2B2|IB26.DE|EUR|0.12|5.048399925231934|5.0482001304626465|0.0013472028516361423|0.004157090404718344|0.020509447840649786|0.014731209271463541|0.007987872470340607|1.4463914331820276|N
Amundi Global Aggregate Bond ESG UCITS DR - Hedged EUR (C) ETF|LU2439733507|AHYD.DE|EUR|0.16|50.24800109863281|50.18000030517578|-0.012498973868603436|-0.028122675624045912|-0.031382496130960336|-0.029136706952815672|-0.024343905807377553|-1.0226418252970952|S
Invesco MSCI Em Mkts Universal Scrnd UCITS ETF Acc|IE00BMDBMY19|ESGM.DE|EUR|0.19|52.59000015258789|52.040000915527344|0.022753831686232795|0.02714842517452798|0.3799527502054991|0.31000123434841|0.12463892723219572|0.7792942225755737|N
iShares MSCI EMU Climate Transition Aware UCITS EUR (Dist) ETF|IE000E9XXE77|MCTD.DE|EUR|0.12|6.310999870300293|6.348999977111816|-0.01313527926141611|-0.027580879372978928|0.13101430465244523|0.0861838240495798|0.03137120046247821|-1.068620044172824|S
Goldman Sachs Emerging Markets Green and Social Bond Active UCITS ETF EUR Hedged (Dist)|IE000GZD8ME7|GAEM.DE|EUR|0.55|48.46500015258789|48.426998138427734|-0.016318594614423976|-0.026580460981034726|-0.0178129128504394|-0.018192649803797867|-0.01989045316381355|-1.4472296741453832|S
UBS MSCI EMU Small Cap UCITS EUR dis ETF|LU0671493277|UEFD.DE|EUR|0.28|147.36000061035156|149.60000610351562|-0.030143489255378353|-0.04150789203463967|0.09202854335961841|0.060840868240072954|-0.004274744019315713|-2.059890252932316|S
JPM Eurozone Research Enhanced Index Equity Active UCITS EUR (acc) ETF|IE00004PGEY9|JREZ.DE|EUR|0.25|44.65999984741211|45.119998931884766|-0.019646590972846156|-0.034065118246950465|0.14703989398208628|0.09407153800333767|0.028890012051599356|-1.5972997375196758|S
Amundi MSCI Emerging Markets ESG Selection - UCITS DR (C) ETF|LU2109787551|SADM.DE|EUR|0.18|73.94000244140625|72.72000122070312|0.04214243300595566|0.028945196401168216|0.16661409270003102|0.14193053963561786|0.07531029475196527|1.4547359613370332|N
StSt SPDR S&P US Materials Sel Sctr UCITS ETF Acc|IE00BWBXM831|ZPDM.DE|EUR|0.15|43.95000076293945|43.81999969482422|-0.039134255571530274|-0.026146693490983863|0.15127705674640834|0.1280801282270958|0.007798126279676687|-0.5038577121307292|S
Vanguard EUR Cash UCITS ETF EUR Dist|IE000AFVKJZ0|VCAS.DE|EUR|0.07|15.021400451660156|15.0177001953125|0.0019438923175638667|0.005597506135958774|0.01697764894504994|0.015528788267094695|0.008350717668180074|1.8117581196435246|N
Amundi STOXX Europe 600 Basic Resources UCITS Dist ETF|LU2082996385|E6BR.DE|EUR|0.3|165.3000030517578|162.67999267578125|-0.06451609560482097|0.06288579289235963|0.47255127086052373|0.22844832083010713|0.03405178923213281|-0.8253859588437903|S
iShares EUR Corp Bond Financials UCITS EUR (Dist) ETF|IE00B87RLX93|IS3B.DE|EUR|0.2|99.43399810791016|99.1760025024414|-0.00714931010543951|-0.020788813817525398|-0.008299368654164696|-0.008255449034668905|-0.011377601447911001|-0.09715619001168697|S
StSt SPDR Bloomberg U.S. Treas Bond UCITS ETF Dist|IE00B44CND37|SYBT.DE|EUR|0.05|82.78800201416016|81.54399871826172|0.01617774363211999|-0.0076226350283262745|0.02451378693392381|0.02366018507634915|0.012665287081772947|2.8529805918794735|N
Xtrackers MSCI World Consumer Discretionary UCITS 1C ETF|IE00BM67HP23|XDWC.DE|EUR|0.25|57.83000183105469|56.97999954223633|-0.009421021360017323|-0.0326195548354129|-0.02181997841908545|-0.019498096305648693|-0.006292477379144512|0.8599139344575035|S
StSt SPDR BBG 0-5 Y Strlg Corp Bd UCITS ETF Dist|IE00BCBJF711|SYBQ.DE|EUR|0.2|33.81999969482422|33.542999267578125|0.007777395084167971|0.004412376315077182|0.0563348984266101|0.03895858865761359|0.022814942731582244|2.7080466584679574|N
Invesco US High Yield Fallen Angels UCITS ETF Dist|IE00BD0Q9673|FAHY.DE|EUR|0.45|18.333499908447266|18.191499710083008|0.0045519251283301365|-0.010147089233091156|0.04053470217505839|0.03902929150711132|0.019385133730283943|1.2118418258741028|N
StSt SPDR MSCI Japan EUR Hdg UCITS ETF|IE00BZ0G8C04|ZPDW.DE|EUR|0.17|112.94999694824219|111.91500091552734|0.025792356027138474|0.011734123663164508|0.3962716748886017|0.24251955670216185|0.09350152017658808|1.9032155466775427|N
Xtrackers II Global Inflation-Linked Bond UCITS 1D EUR Hedged ETF|LU0962078753|XGII.DE|EUR|0.2|185.42999267578125|184.72500610351562|-0.015503123616197545|-0.02682763815465672|-0.0190257823034361|-0.01876106709170755|-0.02425552720463653|-1.1553912232737507|S
iShares MSCI EMU USD Hedged UCITS ETF (Acc)|IE00BWZN1T31|CEBP.DE|EUR|0.38|13.097999572753906|13.041999816894531|0.01597885287154943|-0.008628543850756731|0.20830252660346615|0.16178813001167525|0.07403878162170874|1.1050925574234507|N
Invesco STOXX Europe 600 Optimised Retail UCITS Acc ETF|IE00B5MTZM66|SC05.DE|EUR|0.2|247.35000610351562|248.60000610351562|-0.027521131637603058|-0.03960389117801999|0.0036518935541414166|-0.02310422952304536|-0.005818956276752663|-0.060996093997407644|S
iShares Emerging Asia Local Gvt Bd UCITS ETF USD D|IE00B6QGFW01|IS0S.DE|EUR|0.5|74.0260009765625|73.01000213623047|0.02654206619985211|0.02135826344791636|-0.01975683690979102|-0.01647487421777316|0.01869965754218872|2.9122617366280243|N
iShares STOXX Europe Large 200 UCITS (DE) ETF|DE0005933980|EXSC.DE|EUR|0.2|65.0|65.27999877929688|-0.024763579274989844|-0.03267819798437532|0.1394361839276892|0.07471451192820244|0.020147118600724045|-1.5459918225522697|S
L&G Digital Payments UCITS USD Acc ETF|IE00BF92J153|DPGA.DE|EUR|0.49|6.355999946594238|6.269999980926514|-0.04190531885484905|-0.03448279358912998|-0.09805590910659512|0.004901207630661375|0.03155274854245205|-0.5958467315453503|S
iShares $ Floating Rate Bd UCITS ETF EUR Hgd Dist|IE00BF11F458|SXRR.DE|EUR|0.12|4.273200035095215|4.273900032043457|0.0017112215063288527|0.005364193573176745|0.025465479087040332|0.019330256610680774|0.010092052185161515|1.0369160495657919|N
StSt SPDR MSCI USA Value UCITS ETF|IE00BSPLC520|ZPRU.DE|EUR|0.2|89.62000274658203|87.91999816894531|0.014949033399811906|0.06652390870511837|0.4728020541314646|0.35705635227377086|0.1515506197244818|2.064588425274292|N
Invesco MSCI Europe ESG Climate PA UCITS ETF Acc|IE000TI21P14|PAUE.DE|EUR|0.16|6.297999858856201|6.236999988555908|-0.02401986799303213|-0.021289834520831996|0.11785588480886822|0.08120172791056901|0.02579887076717502|-0.556228874247242|S
iShares UltraShort Bond ESG SRI UCITS EUR (Dist) ETF|IE00BJP26D89|EUED.DE|EUR|0.09|5.013800144195557|5.014999866485596|0.0014739181726348694|0.004984924319568096|0.021993557418231946|0.01618137270630271|0.008482676760662944|1.2036208342429524|N
iShares $ Short Duration High Yield Corp Bond UCITS EUR Hedged (Dist) ETF|IE0000BQ75C2|CEMH.DE|EUR|0.47|4.767499923706055|4.752200126647949|-0.013558064842987494|-0.012633394162944733|-0.010823177246989557|-0.018371300019076497|-0.016304934041756036|-1.1730923893529748|S
JPM BetaBuilders US Equity UCITS ETF USD Acc|IE00BJK9H753|BBUS.DE|EUR|0.04|65.41000366210938|64.7699966430664|0.03874864846920212|0.04372116759565836|0.20504799434626442|0.1836772647280558|0.1059411343829395|1.8976305296708558|N
UBS BBG US Liquid Corp 1-5 UCITS ETF USD dis|LU1048314949|UEF7.DE|EUR|0.16|11.9350004196167|11.77299976348877|0.02209474803707412|0.0030893994979726003|0.04564551346628121|0.03941991011063495|0.024906320459031184|2.722225276181787|N
StSt SPDR MSCI Europe Health Care UCITS ETF|IE00BKWQ0H23|SPYH.DE|EUR|0.18|219.64999389648438|221.3000030517578|-0.04748487388207534|-0.0682927088166092|0.024248062589141473|-0.020294393905849195|-0.03509188488439818|-0.9264442756197282|S
L&G Market Neutral Commodities UCITS USD Acc ETF|IE000IIHLZL0|MANU.DE|EUR|0.39|8.538000106811523|8.371999740600586|0.04773591004448763|-0.00916786848966733|-0.146285395299943|-0.03252121344550052|0.015296651752129575|2.662846570497458|N
UBS Core BBG US Treasury 1-10 UCITS ETF USD acc|LU0950676469|CHSV.DE|EUR|0.05|10.84850025177002|10.697500228881836|0.020651100543241707|0.0022634786009640973|0.038134014332858346|0.033682741311636066|0.021170594650173236|2.950274544298513|N
First Trust Vest US Eq Mod BffrUCITS ETFNovAUSDAcc|IE000OJ31JQ4|FTGN.DE|EUR|0.85|33.65999984741211|33.30500030517578|0.037447993959504045|0.03840811034154212|0.17078260338824736|0.12669455556191167|0.07992607366919224|2.0184731997334318|N
Amundi Core Stoxx Europe 600 UCITS EUR Hedged Dist ETF|LU1574142243|STXH.DE|EUR|0.15|164.13999938964844|165.47999572753906|-0.02297619410923546|-0.02274355305740383|0.13715221416403223|0.08157620803191867|0.024294382248821744|-1.8080561174218746|S
Xtrackers II ESG Eurozone Government Bond UCITS ETF|LU2468423459|XZEB.DE|EUR|0.15|26.243000030517578|26.150999069213867|-0.013272696343736956|-0.03429619991569066|-0.029654281512809244|-0.024750096859484483|-0.026770216290568416|-0.7621213220775593|S
JPM Global High Yield Corporate Bond Multi-Factor Active UCITS USD (acc) ETF|IE00BKKCKJ46|JGHY.DE|EUR|0.35|112.87000274658203|112.06999969482422|0.000221556343732221|-0.011083360634089656|0.057231177295734126|0.04147638059129899|0.017273254683700223|0.6226674027437326|S
Amundi Russell 2000 UCITS ETF - EUR (C)|LU1681038672|RS2K.DE|EUR|0.35|380.1499938964844|372.6499938964844|-0.0036692279944299244|-0.04220206666057191|0.22018940392031627|0.19581629819178303|0.05529505608622953|0.8802318102055352|S
BNP PARIBAS EASY II MSCI Europe PAB UCITS EUR Acc ETF|IE000YASIPS3|AIME.DE|EUR|0.14|13.612000465393066|13.657999992370605|-0.019167011747689533|-0.03282648013482359|0.10361609125582527|0.0669383968120758|0.018324942850065806|-0.9810031213071525|S
JPM US Val Eq Active UCITS ETF - USD (acc)|IE000TD3TI26|JPVA.DE|EUR|0.49|33.3650016784668|33.10499954223633|0.00014991211102333146|0.014596423336877162|0.22238511028416252|0.1657931761039213|0.07375665522457386|1.7875526154096189|N
BNPP Easy EUR Corp Bond SRI PAB 7-10Y UCITS ETF D|LU2742532745|BJLT.DE|EUR|0.15|9.916999816894531|9.865400314331055|-0.011512628662853075|-0.03807167501642417|-0.026954322923933183|-0.02025881521611117|-0.02415378831676873|-0.13785748439055281|S
UBS MSCI USA Select Factor Mix UCITS ETF USD acc|IE00BDGV0415|USUE.DE|EUR|0.26|43.40999984741211|42.89500045776367|0.015082438137945964|0.002656234746056363|0.22264465685077384|0.18574157671928115|0.07902201506596174|2.4931558259847795|N
iShares EUR Corp Bond ex-Financials UCITS EUR (Acc) ETF|IE0000BH4WF5|IEXA.DE|EUR|0.2|5.340400218963623|5.3206000328063965|-0.006658974524309191|-0.023442852303508288|-0.011842138698172078|-0.010267225165350502|-0.013166000270808609|0.03689276862198585|S
StSt SPDR S&P 400 U.S. Mid Cap UCITS ETF Dist|IE000UYVEVN3|US4D.DE|EUR|0.3|31.885000228881836|31.139999389648438|0.009600214712401467|-0.024602569081585313|0.17846133283272403|0.1540523772504625|0.04528520154545412|1.996562678339429|S
Xtrackers MSCI Japan ESG UCITS ETF|IE00BG36TC12|XZMJ.DE|EUR|0.2|31.084999084472656|30.415000915527344|0.0793402745813867|0.06949934675033154|0.332119147377937|0.27895489381471283|0.14819189163678392|2.9448188129762496|N
Invesco MSCI Europe Equal Weight UCITS Acc ETF|IE000LUZJNI7|MEEQ.DE|EUR|0.2|18.422000885009766|18.54800033569336|-0.02652710352113652|-0.02456840000149474|0.12274499164081965|0.07781429350985869|0.01816249483623733|-2.0403749442583354|S
iShares MSCI North America UCITS USD (Dist) ETF|IE00B14X4M10|IQQN.DE|EUR|0.4|127.4000015258789|125.76000213623047|0.03859655080598556|0.042670796578648584|0.2056130777600249|0.18190365034179035|0.10448661219736799|2.053813086273667|N
L&G Multi-Strategy Enh Comms UCITS ETF EURH Acc|IE00022GJEG1|BATJ.DE|EUR|0.35|13.390000343322754|13.527999877929688|-0.008882300779132879|0.13033941097446822|0.29748069179093384|0.29572293572969466|0.09478699280162273|-1.6395767323269161|N
Amundi Global Equity Quality Income UCITS ETF D|LU0832436512|LGQI.DE|EUR|0.45|155.27999877929688|154.5|-0.03420823511480342|-0.02560242103054855|0.1186855911777076|0.08830955109555716|-0.00014231305746359446|-1.2548525896218405|S
iShares iBond Dec 2026 Term $ Corp UCITS ETF USD D|IE0007UPSEA3|CBU8.DE|EUR|0.12|4.4756999015808105|4.43120002746582|0.033479264126514474|0.02376549804637329|0.07847246151641851|0.07147355620199614|0.046476543145898885|2.0189695836560198|N
Invesco Gl Active ESG Eq UCITS ETF EUR PfHdg Dist|IE0008YN55P8|IQSD.DE|EUR|0.3|80.08999633789062|80.19999694824219|-0.005402207611600485|0.0020605251828709203|0.2164879210549615|0.15862217242788623|0.06427897654102166|-0.1513801384052356|S
Xtrackers II ESG Global Government Bond UCITS 4D - EUR Hedged ETF|LU2385068593|XZEG.DE|EUR|0.25|5.4070000648498535|5.387599945068359|-0.011047300058111054|-0.027244328137405516|-0.03246188099981007|-0.030353598995199738|-0.024816821703575465|-0.7449323872495784|S
WisdomTree US High Dividend UCITS ETF - EUR Hedged Acc|IE00BD6RZW23|WTDY.DE|EUR|0.35|27.354999542236328|27.485000610351562|-0.06173901910534585|-0.026512485022052945|0.11927164257286349|0.07569796358471725|0.0002596017133431605|-1.5431193773242837|S
HSBC MSCI AC Far East ex Japan UCITS ETF USD|IE00BBQ2W338|H412.DE|EUR|0.45|39.42499923706055|38.78499984741211|0.053299463414882675|0.08384877627657872|0.32320856305110746|0.27857954946116714|0.16457073961578672|2.0869323014084142|N
JPM US Research Enhanced Index Equity Active UCITS EUR Hedged (acc) ETF|IE000CN8T855|JUHE.DE|EUR|0.2|60.15999984741211|60.08000183105469|0.0030010054443070366|0.021739109308372973|0.1318908395161571|0.10689975227979942|0.056816159822764556|0.9735156241680255|N
StSt SPDR BBG 1-3 Y U.S. Treas Bd UCITS ETF Dist|IE00BC7GZJ81|SYBW.DE|EUR|0.05|42.266998291015625|41.676998138427734|0.02999802646397476|0.016697451934149843|0.04346790975768|0.05385663530661877|0.03685937212308099|2.629150543134809|N
Invesco S&P 500 Scored & Screened UCITS ETF Acc|IE00BKS7L097|5ESG.DE|EUR|0.09|96.69999694824219|95.41999816894531|0.03511024238477467|0.05165851177432601|0.2348359080957514|0.19030033839239335|0.10949903289414986|2.3272459933972156|N
iShares USD Corp Bond 0-3yr ESG UCITS EUR Hedged (Acc) ETF|IE00BG5QQ390|IU0E.DE|EUR|0.14|5.419400215148926|5.4141998291015625|-0.0032370026350143632|-0.0018050462248870858|0.007585634494122306|0.0034439316850103374|0.00011372258422381876|-0.5515165990116673|S
Xtrackers MSCI USA Industrials UCITS 1D ETF|IE00BCHWNV48|XUIN.DE|EUR|0.12|97.44999694824219|95.22000122070312|0.01935144878294004|-0.0666199670930232|0.16090939629278744|0.1400516019093081|0.02063773997789764|2.209390929431336|S
Amundi MSCI EM Asia ESG Broad Transition UCITS Acc ETF|LU1781541849|LCUA.DE|EUR|0.25|17.52400016784668|17.097999572753906|0.048838878130149865|0.014003042796149723|0.36225122289601175|0.3069809201833349|0.130052082963509|1.6212501702312245|N
Xtrackers MSCI Gl SDG 9 Ind Innvtn&InfrUCITS ETF1C|IE0005E47AH7|SDG9.DE|EUR|0.35|29.649999618530273|29.1299991607666|-0.0025231543137744783|-0.03827441803749232|0.20381650949302865|0.0688536360191585|-0.029679067685808636|0.3614594526858078|S
Xtrackers II US Treasuries 1-3 UCITS ETF|LU0429458895|D5BE.DE|EUR|0.06|147.72999572753906|145.69500732421875|0.0301952720735843|0.01695005516653736|0.059789754787624716|0.05376850259936505|0.036816215853151535|2.6127394130694124|N
iShares Core UK Gilts UCITS EUR Hedged (Acc) ETF|IE000PYIUPH0|CEMM.DE|EUR|0.09|4.978000164031982|4.946499824523926|-0.0005420627584599158|-0.02050290923017939|-0.0057521789718325556|-0.027202324809491585|-0.016150476439245054|0.1856959447280545|S
Amundi Core S&P 500 UCITS Acc ETF|IE000UBAW7M3|CSP5.DE|EUR|0.03|6.617800235748291|6.541399955749512|0.03857501725092316|0.04408058084701039|0.2107208449980036|0.18704941025291433|0.10671811388773267|1.9993169523311507|N
Invesco EURO STOXX 50 UCITS Dist ETF|IE00B5B5TG76|S6X0.DE|EUR|0.05|60.40999984741211|60.70000076293945|-0.018840341938634486|-0.023440037966905747|0.13156963377534203|0.08971059717013175|0.03637413657241839|-1.2275973768715314|S
iShares Italy Govt Bond UCITS EUR (Dist) ETF|IE00B7LW6Y90|IS0M.DE|EUR|0.2|143.84500122070312|144.25|-0.020663150607401204|-0.04224649522313251|-0.03081559927137112|-0.03504090803147353|-0.03344849751957035|-1.4920518253757962|S
Global X Agtech and Food Innvtn UCITS ETF USD Acc|IE000EBFYWX3|KROP.DE|EUR|0.5|8.765999794006348|8.897000312805176|-0.07842727957686213|-0.011279086340008626|0.15433236140766038|0.1695797101873413|0.021118352150561126|-1.6675382565135417|S
Amundi Core MSCI Japan UCITS Dist ETF|LU2090063673|NADA.DE|EUR|0.12|95.27999877929688|93.98999786376953|0.06043406118409389|0.05246879558211437|0.34298242982203986|0.27755425636933717|0.12779950926027528|2.6763917752503876|N
UBS Factor MSCI USA Quality Screened UCITS hEUR acc ETF|IE00BWT3KN65|UBUX.DE|EUR|0.28|54.790000915527344|54.61000061035156|0.0075395336402908075|0.0298872204846945|0.17751993021555124|0.14038928095832004|0.08143104495678188|1.8244850911510015|N
Invesco BulletShares 2026 EUR Corporate Bond UCITS - Acc ETF|IE0004QWOTD5|BSE6.DE|EUR|0.1|5.786799907684326|5.785399913787842|0.0021821109677420125|0.00563049709513308|0.02160860899656769|0.01551310662034977|0.008669047729397805|1.8286102522419168|N
Invesco STOXX Europe 600 Optimised Media UCITS Acc ETF|IE00B5MTZ488|SC06.DE|EUR|0.2|163.32000732421875|162.25999450683594|-0.011499781397207087|-0.024022882165927406|-0.06652948641391343|-0.028550963195204337|0.02294682754198929|-0.9389065988472154|S
BNPP Easy EUR HY SRI Fossil Free UCITS ETF Dis|LU2244386137|ASRG.DE|EUR|0.25|8.838000297546387|8.891400337219238|-0.027358967908345022|-0.03830242643190984|-0.012332580769201296|-0.018155922812536418|-0.02184688407725144|-2.02088872922051|S
Performance Trust Total Rtn Bond UCITS ETF Acc|IE000X5OD4M3|PTAM.DE|EUR|0.75|7.348800182342529|7.281000137329102|0.016853458121664167|-0.0040116647513647186|-0.10516888600383445|0.04084756852491145|0.021899355713005164|2.0548413920661353|N
BNPPE ESG Enh EUR Crp Bd December 2029 UCITS ETF D|LU2823896738|BJLZ.DE|EUR|0.12|10.331500053405762|10.290499687194824|-0.0014014754206708169|-0.008588377088021515|0.0025229268653816916|0.0007164494332743132|-0.0019409644663858083|1.0386426206767105|S
iShares Core UK Gilts UCITS EUR Hedged (Dist) ETF|IE000BI0GCN3|CBUS.DE|EUR|0.09|4.347400188446045|4.322800159454346|-0.0012864634447314893|-0.021605014119784438|-0.007183825905091812|-0.02843656996029842|-0.017255783658884583|0.028164508500793935|S
Fidelity USD HY Crp Bd Rs Enh PAB UCITS ETFIncEURH|IE000FK14CA5|FYUE.DE|EUR|0.35|4.607500076293945|4.620999813079834|-0.02507400763181633|-0.010110010792603208|0.05230069362168832|0.03593557975869266|0.007892466394531894|-1.870992457522861|S
iShares iBond Dec 2027 Term   Corp UCITS ETF EUR D|IE000H5X52W8|CEBD.DE|EUR|0.12|5.112800121307373|5.111199855804443|0.0008804349378463971|0.0034162114369573615|0.015743749174649935|0.01203771818995425|0.006581564748861624|1.6395821212249282|N
Invesco MSCI Japan ESG Climate PA UCITS ETF Acc|IE000I8IKC59|PAUJ.DE|EUR|0.15|5.10699987411499|5.02400016784668|0.060643782642672006|0.05158029808875342|0.17835711669538434|0.1638559391056782|0.09207118058134078|2.7445994236525393|N
Xtrackers S&P 500 Equal Weight Score & Screened UCITS ETF|IE0004MFRED4|XZEW.DE|EUR|0.17|52.58000183105469|51.88999938964844|-0.006424723160518564|0.009600614101781035|0.19867775718941916|0.16353183069091615|0.06730814291152765|1.5533576758508238|S
Xtrackers II Harvest China Government Bond UCITS 1D ETF|LU1094612022|CGB.DE|EUR|0.2|20.500999450683594|20.308000564575195|0.03527330830141895|0.03192781170889969|0.1484711719891043|0.12444075736668725|0.06436370927920776|1.9575662903715152|N
Xtrackers MSCI Europe ESG UCITS ETF|IE0004ZJGWT9|XZEP.DE|EUR|0.18|579.0999755859375|579.5|-0.01747548083046746|-0.019934289554224827|0.1022959721590504|0.09418934048156458|0.041907566871337565|-0.4458037096065669|S
Xtrackers MSCI USA ESG UCITS ETF|IE00BFMNPS42|XZMU.DE|EUR|0.15|75.02999877929688|74.12000274658203|0.04078239132689454|0.0540882053612628|0.2058823096636544|0.16905575603816403|0.11256838243559497|2.0074791720956897|N
Global X S&P 500 Qtr Buffer UCITS ETF USD Acc|IE000LSRKCB4|SPQB.DE|EUR|0.5|20.915000915527344|20.90999984741211|0.029028296700666978|0.034371989405253434|0.14816652234506722|0.12265173685959074|0.07138974215640159|1.3553577662108807|N
UBS J.P. Morgan Global Gov ESG Liquid Bond UCITS hEUR dis ETF|LU1974694470|CHSP.DE|EUR|0.18|8.428600311279297|8.413599967956543|-0.011075848272795397|-0.026950244043364546|-0.03287217451404112|-0.029601880005898362|-0.024621455674331494|-0.9792939211068622|S
Amundi S&P World Materials Screened UCITS Acc ETF|IE000FCGBU62|WELI.DE|EUR|0.18|15.501999855041504|15.395999908447266|-0.03027650470072074|0.015858428737218988|0.24995962917280568|0.18173500678287957|0.03768172109861756|-0.3348514139354447|S
BNP PARIBAS EASY II US High Yield Opportunities UCITS USD Acc ETF|IE000IAPH329|AHYT.DE|EUR|0.35|10.819999694824219|10.71150016784668|0.005202504289939736|-0.00023104957308706098|0.056950200539896745|0.04748530781166305|0.02569835957121258|1.418448735418002|N
JPM US Val Eq Active UCITS ETF - USD (dist)|IE000DTA2ZH9|JPVD.DE|EUR|0.49|32.650001525878906|32.334999084472656|-0.0016817092828765867|0.01602624027525179|0.22447729395588478|0.16632325842761708|0.0754581312822391|2.1601672417373314|N
BNP Paribas Easy ESG Enhcd EUR Govt Bd UCITS ETF D|LU2697597719|BJLQ.DE|EUR|0.12|9.585399627685547|9.574600219726562|-0.016478622763596573|-0.03795822042055241|-0.036726605901305276|-0.0281730627822544|-0.029592430167517225|-1.1002142302612021|S
iShares STOXX Europe 600 Retail UCITS (DE) ETF|DE000A0H08P6|EXH8.DE|EUR|0.46|44.130001068115234|44.41999816894531|-0.03814298080337619|-0.05802306262456236|0.029689471820649516|-0.0307335587333194|-0.018174128460554995|-0.32536967241147535|S
Fidelity Gl HY Crp Bd Rs Enh PAB UCITS ETF Inc USD|IE0006OIQXE9|FFGH.DE|EUR|0.35|4.526199817657471|4.502999782562256|-0.005340094246203297|-0.00038027578682653385|0.09612727744715288|0.0736644613409696|0.03583342614094276|0.3212875225812776|B
iShares MSCI EMU Screened UCITS ETF EUR Dist|IE00BFNM3C07|SLMB.DE|EUR|0.12|9.062999725341797|9.10200023651123|-0.01381935373670684|-0.023278429828062164|0.1368119827887999|0.09254050705775918|0.03521999769324413|-1.2500783623004157|S
First Trust US Momentum UCITS ETF A USD|IE000CY30YV9|FTGM.DE|EUR|0.6|27.360000610351562|27.174999237060547|0.03420906026291637|0.0056975073361584805|0.31412108604176225|0.24675329190387196|0.09421181943014112|1.84386937121143|N
UBS J.P. Morgan USD EM Diversified Bond 1-5 UCITS USD dis ETF|LU1645385839|SEAA.DE|EUR|0.35|9.553000450134277|9.459400177001953|0.018313287894226038|0.006275808487635981|0.0782757572087891|0.058624952297634536|0.029970223836264687|2.1374771342507426|N
BNPP Easy MSCI Pac ex Japan Min TE UCITS ETF C|LU1291106356|PAC.DE|EUR|0.15|17.329999923706055|17.333999633789062|-0.02454130393029108|0.03302341948199383|0.13120106194002767|0.13549992323490434|0.04122230338482136|-0.39012502342775524|S
JPM Gbl RsrchEnhIdx Eqt SRI PA Atv UCITS ETF USDA|IE000BXC49I6|JGSC.DE|EUR|0.25|36.77000045776367|36.584999084472656|0.019972295033031218|0.02594866911875915|0.18479138516347637|0.15050067306253112|0.08264160862843783|1.666660188804752|N
BNPP Easy EUR Agg Bd SRI Fossil Free UCITS ETF C|LU2533812991|BJLF.DE|EUR|0.15|10.396499633789062|10.371500015258789|-0.013099861092804255|-0.03261376340109001|-0.02352781738109233|-0.02205812632188764|-0.024126996670468137|-0.747860437872007|S
iShares iBond Dec 2028 Term $ Corp UCITS ETF USD D|IE0000VITHT2|CBU4.DE|EUR|0.12|4.497399806976318|4.443299770355225|0.02792780323209243|0.015035917390163966|0.06264739695789356|0.05549827665295881|0.036572719939479414|2.384416463854702|N
UBS Nasdaq-100 UCITS ETF USD dis|IE0003RQ9F90|BCFN.DE|EUR|0.13|31.829999923706055|31.18000030517578|0.09437857746740819|0.05460670446539062|0.2998239155916447|0.2839087709407291|0.16050544253404952|1.938186698544633|N
Invesco Hydrogen Economy UCITS Acc ETF|IE00053WDH64|HYDE.DE|EUR|0.6|5.257999897003174|5.117000102996826|0.04118805909154677|0.020178520659382304|0.5942994972462221|0.4579232019130075|0.102712350974697|2.0120366864918062|N
Goldman Sachs Alp Enh Wld Eq Actv UCITS ETF USDAcc|IE000UFAX9L6|GQWD.DE|EUR|0.25|12.4399995803833|12.321999549865723|0.026910950249754872|0.029119728174424653|0.21960782480441488|0.17513688460036758|0.08977022479212438|2.0347802216292235|N
Global X Clean Water UCITS ETF USD Acc|IE000BWKUES1|AKWA.DE|EUR|0.5|26.8700008392334|26.6200008392334|-0.0014863994204948883|-0.062456350931918814|-0.021663910797336317|-0.004814783732096317|-0.03264940302317054|0.9391049144656909|S
StSt SPDR BBG 0-3 Year Euro Corp Bd UCITS ETF Dis|IE00BC7GZW19|SYBD.DE|EUR|0.2|29.631999969482422|29.492000579833984|-0.0004385389806207396|-0.0017678865345054362|0.011956637712183804|0.008141207887428559|0.002959626587740738|1.0272070853963309|S
Amundi Japan TOPIX II UCITS ETF EUR Dist|FR0010245514|LYY4.DE|EUR|0.45|232.1999969482422|229.5399932861328|0.05416076834966854|0.056655276214981454|0.323148691098748|0.2680555387740222|0.12384524193313418|2.497244562072846|N
Amundi UK Equity All Cap UCITS ETF - Dist|LU1781541096|LCUK.DE|EUR|0.04|17.549999237060547|17.667999267578125|-0.01647616161583776|-0.0014793454851205201|0.16731837288861517|0.10155655665152818|0.02996277957357507|-1.6317146914696126|S
iShares $ Corp Bond ESG SRI? UCITS EUR Hedged (Acc) ETF|IE000FZ1S3M3|CEMJ.DE|EUR|0.17|4.875899791717529|4.852399826049805|-0.020589031404932068|-0.036764127525967694|-0.04130951147629669|-0.038739117134946155|-0.032267231384952466|-1.1045591987955123|S
Amundi Core USD Corporate Bond UCITS EUR Hedged Acc ETF|LU2977997381|CBDE.DE|EUR|0.09|9.803000450134277|9.75160026550293|-0.025498215326858253|-0.04788258542082369|-0.054950321686947134|-0.049590325473437|-0.042309494923552515|-1.2484562598105657|S
Xtrackers Developed Green Real Estate ESG UCITS 1C ETF|IE00BN2BCY94|XDRE.DE|EUR|0.18|28.469999313354492|28.559999465942383|-0.027497875855350573|-0.06209850954729956|0.07779664306652267|0.07943125358690017|-0.003032595567031837|-1.6094359927472215|S
WisdomTree Megatrends UCITS - USD Acc ETF|IE0000902GT6|WMGT.DE|EUR|0.5|36.654998779296875|35.625|0.04534436660085284|-0.03918748851341203|0.14243415381725355|0.14047913737990347|0.02772657763641395|1.7817310353283886|N
JPM US Research Enhanced Index Equity Active UCITS USD (dist) ETF|IE00BJ06C044|JRUD.DE|EUR|0.2|63.36000061035156|62.650001525878906|0.034786886886157165|0.04107788325547235|0.20411375565865408|0.17572428208162405|0.09939940097049682|2.0564139545051594|N
StSt SPDR BBG Em Mkts Local Bond UCITS ETF Dist|IE00B4613386|SYBM.DE|EUR|0.55|50.060001373291016|49.58599853515625|0.009620256709437225|0.012844431100659026|0.05578650647180594|0.03793403265930917|0.02568238006557877|2.205269294839867|N
Invesco NASDAQ Next Generation 100 UCITS ETF Acc|IE00BMD8KP97|EQQJ.DE|EUR|0.25|48.404998779296875|47.529998779296875|0.030222372044248935|-0.008297532935857665|0.2904559036332781|0.2509367918607699|0.1105464359269066|2.1058441442055837|N
Invesco S&P China A 300 Swap UCITS ETF Acc|IE000K9Z3SF5|C3AE.DE|EUR|0.35|5.974999904632568|5.96999979019165|-0.02017057132801181|-0.07564979941341066|0.09392164435664707|0.059960939449548833|-0.013371104577463155|-1.1532498611054616|S
iShares iBonds Dec 2034 Term Corp UCITS EUR (Dist) ETF|IE000SBJO6L2|34GI.DE|EUR|0.12|4.755099773406982|4.72790002822876|-0.011100537816639333|-0.036553636552998925|-0.02540272808390076|-0.017665374870327044|-0.022822117778933726|-0.023575360323978705|S
UBS Factor MSCI USA Low Volatility UCITS hEUR acc ETF|IE00BWT3KJ20|UBUV.DE|EUR|0.21|29.049999237060547|29.170000076293945|-0.06290325041740175|-0.05712431870787127|-0.03247295233496006|-0.01542111291808057|-0.04521979649188723|-1.4128039095291687|S
Invesco BlltShs 2030 USD Crp Bd UCITS ETF Dist|IE000GB2EQ90|BS30.DE|EUR|0.1|4.363500118255615|4.303599834442139|0.020302757405062044|-0.0002599062065252733|0.040061397212802996|0.035531089561914975|0.021318907446406632|2.8410380144735017|N
Invesco STOXX Europe 600 Optimised Financial Services UCITS Acc ETF|IE00B5MTYK77|SC02.DE|EUR|0.2|497.95001220703125|502.3999938964844|-0.05061961447658481|-0.039262928931547925|0.06993987696051995|0.043154930009676074|0.010382850278215283|-1.3708706793956933|S
Xtrackers S&P 500 Equal Weight Swap UCITS 1D ETF|IE000FL46JJ1|XEQL.DE|EUR|0.08|33.8650016784668|33.415000915527344|-0.006454376174710785|-0.0020489596473994842|0.16942778965280825|0.15429134693699242|0.059991522767018024|1.3611562661535663|S
iShares EUR Covered Bond UCITS EUR (Dist) ETF|IE00B3B8Q275|IUS6.DE|EUR|0.2|138.24000549316406|137.46499633789062|-0.004572417690987818|-0.016523393793837937|-0.007738366246817896|-0.007668699224838482|-0.010063630337363572|0.5253078409836255|S
BNPPE ESG Enh EUR Crp Bd December 2032 UCITS ETF D|LU2823895763|BJLY.DE|EUR|0.12|10.055500030517578|10.012499809265137|-0.009115070469748465|-0.027655586129980203|-0.016947196213366267|-0.013365934314263583|-0.016793133327695053|0.12021733714331845|S
WisdomTree Emerging Markets ex-State-Owned Enterprises UCITS Acc ETF|IE00BM9TSP27|XSOE.DE|EUR|0.32|29.094999313354492|28.635000228881836|0.025735926251606367|-0.006148601452477753|0.27918216046700817|0.21660038467587595|0.08420622485717844|0.9715843568385842|N
HSBC MSCI World Small Cap Scrnd UCITS ETF USD Acc|IE000C692SN6|H41G.DE|EUR|0.25|23.799999237060547|23.530000686645508|0.0014727476671998474|-0.0008396497909283207|0.1985093904120241|0.1689586701171315|0.06285346136946668|1.2173791451070493|N
UBS J.P. Morgan USD EM Diversified Bond 1-5 UCITS hEUR dis ETF|LU1645386308|SEAD.DE|EUR|0.39|9.117799758911133|9.133199691772461|-0.016842830074243476|-0.01626550720784392|0.015414036361458106|-0.0019934647925432536|-0.011503886029694432|-1.6417645331566468|S
StSt SPDR MSCI Europe Consumer Dis UCITS ETF|IE00BKWQ0C77|SPYR.DE|EUR|0.18|146.0|147.25999450683594|-0.06721188337145922|-0.09249132540523808|-0.14878733463603577|-0.17467492912727833|-0.07760034652841152|-1.2757842234936103|S
L&G S&P 100 Equal Weight UCITS USD Acc ETF|IE000YELA4E3|SNPE.DE|EUR|0.19|10.642000198364258|10.51200008392334|0.0033943288658586646|0.01545807855000736|0.19573041061788876|0.16115660039922175|0.07968486010833686|2.375186479139341|N
Xtrackers II Target Maturity Sept 2029 Italy and Spain Government Bond UCITS ETF|LU0484969463|XBAT.DE|EUR|0.12|204.16000366210938|204.35000610351562|-0.006133748019020335|-0.01271816678471649|-0.00409754311166155|-0.007197022621726168|-0.008044557626960658|-0.5781017861528759|S
UBS Core US Treasury 10+ d ETF|LU1459799943|CHSS.DE|EUR|0.05|7.923600196838379|7.769599914550781|-0.007042786271096224|-0.049578209783794236|-0.035586896977521154|-0.021144280804984095|-0.027798624358251867|-0.13766746418403156|S
Xtrackers MSCI Emerging Markets Climate Transition UCITS ETF|IE000DNSAS54|XEMC.DE|EUR|0.16|50.83000183105469|49.70000076293945|0.04502472181100248|0.054673766011320124|0.30517402052541254|0.2772962475148628|0.11754263392066089|1.6208743515283834|N
iShares Spain Govt Bond UCITS EUR (Dist) ETF|IE00B428Z604|IS0P.DE|EUR|0.2|145.64500427246094|145.35000610351562|-0.011872858300984945|-0.032644748710360716|-0.020149522552134647|-0.021778239736194527|-0.023560122637588332|-0.7861301590234774|S
Global X 1-3 Month T-Bill UCITS ETF|IE000GSIFIB0|C71P.DE|EUR|0.07|15.11050033569336|14.945500373840332|0.03524942641349904|0.024961846559255596|0.08017013293083908|0.07421893485427655|0.0483600113875613|2.0607378345650367|N
UBS MSCI Pacific ex Japan IMI SR UCITS ETF USD acc|IE000BKMMHF9|BCFB.DE|EUR|0.19|18.077999114990234|18.1299991607666|-0.0254447515624322|0.020779223576596673|0.08381287675280524|0.09232628086822059|0.029817840625304015|-0.5306839192558955|S
iShares $ Intermediate Credit Bond UCITS ETF USD D|IE00BDQZ5152|SXRF.DE|EUR|0.15|4.199699878692627|4.142499923706055|0.016581149464770073|-0.005416372636138589|0.013468482271684179|0.008776070244297607|0.015234477219721931|2.8123604845252443|N
Amundi MSCI China ESG Selection Extra UCITS Dist ETF|LU1900067940|LHKG.DE|EUR|0.65|22.760000228881836|23.045000076293945|-0.02672653384147028|0.01948485783097942|-0.1849877394314664|-0.11765845467863856|-0.050448065133045006|-0.8388286588205688|S
Amundi JP Morgan INR India Government Bond UCITS Acc ETF|IE0004W4ZVJ5|INGE.DE|EUR||8.535799980163574|8.46560001373291|0.004873793985510799|-0.005846780777321148|-0.01593265040545999|-0.006610326266587974|0.012214568014680571|1.809267383412805|N
State Street SPDR Bloomberg 0-3 Year Euro Corporate Bond UCITS ETF|IE000IUNJSL2|SEUA.DE|EUR|0.2|10.78499984741211|10.770999908447266|-0.0010188662511463331|-0.0026817349676139246|0.01125174739693402|0.007567205793179266|0.002602943540650049|0.662545106280445|S
Xtrackers MSCI USA Cons Discretionary UCITS ETF 1D|IE00BGQYRR35|XUCD.DE|EUR|0.12|81.54000091552734|80.12000274658203|-0.006578958375742072|-0.04052321038901252|-0.006967369774472654|-0.00200950011723644|-0.0073999185860919026|1.049153834084526|S
UBS CoreBBG Euro Inflation Linked Bond 1-10 UCITS EUR dis ETF|LU1645380368|FRC3.DE|EUR|0.08|14.017499923706055|14.11050033569336|-0.02214859529794322|-0.025195706445604094|0.004246302198429808|0.003863652956803243|-0.016311682577919706|-2.00453809595225|S
iShares Euro Total Market Growth Large UCITS EUR (Dist) ETF|IE00B0M62V02|IQQG.DE|EUR|0.4|70.18000030517578|70.0999984741211|0.0068867055659993515|-0.05110869153715902|0.07826899447961444|0.08092070056890721|0.028692766184828855|0.8211672511293856|S
JPM US RschEnhIdx Eqt SRI PA Atv UCITS ETF USDD|IE0002UMVXQ1|JSUD.DE|EUR|0.2|37.51499938964844|37.224998474121094|0.03375581270919614|0.04717372200190617|0.18744963410543525|0.16742608925225522|0.10778931910880907|1.7458962158642388|N
BNP Paribas Easy JPMTilted EMU GovernmentBond IG 1-3Y - UCITS Capitalisation ETF|LU2533810789|BJLH.DE|EUR|0.15|10.084500312805176|10.080499649047852|-0.003015270291955363|-0.007186803081914772|0.0010967756594382205|-0.0022670420192044682|-0.0032010503187202|-0.03706133356972549|S
UBS Sustainable Dev Bank Bonds UCITS ETF USD acc|LU1852211215|MDBA.DE|EUR|0.15|10.955499649047852|10.803500175476074|0.020445192507900556|0.0006393542208789071|0.03730531349623267|0.03246626953455012|0.019990355214960287|2.9787050745200148|N
Invesco US HY Flln Angls UCITS ETF EUR Hdg Acc|IE00BYVTMZ20|FAEU.DE|EUR|0.5|27.187000274658203|27.25200080871582|-0.02861942869090317|-0.02604425357747453|-0.019899781513385117|-0.02078229597950909|-0.020223488789745336|-1.664953455691992|S
UBS MSCI World Selection UCITS hEUR dis ETF|IE000V6KDJC9|BCFJ.DE|EUR|0.18|26.610000610351562|26.665000915527344|-0.0011260803297364896|0.017298510413136903|0.15588459699479862|0.11632419121270132|0.060818596201763775|0.6500585287376226|N
State Street SPDR Bloomberg 10+ Year Euro Government Bond UCITS ETF|IE00BYSZ6062|SYBV.DE|EUR|0.15|20.86400032043457|20.864999771118164|-0.030618425627008783|-0.07400826462022148|-0.06789962871051958|-0.05707399766844712|-0.06083386703128657|-1.5072040597137253|S
YieldMax Future of Dfnc Option Inc UCITS ETF USD D|IE000TAA0GK0|NA7Y.DE|EUR|0.99|39.0|38.39500045776367|0.0631047714337678|-0.05922088343066001|-0.05671788974404213|-0.06821167300110276|-0.02901260603524325|1.7473039694503567|N
Amundi S&P 500 Equal Weight UCITS EUR Hedged Acc ETF|IE000M86QRT4|MWOQ.DE|EUR|0.2|13.814000129699707|13.795999526977539|-0.038156267785524056|-0.01623698121121664|0.10194638259912603|0.0753542295857752|0.02021298799170057|-1.0466636813014092|S
Goldman Sachs EUR InvGr Crp Bd Act UCITS ETF EUR A|IE000O6GI299|GIGA.DE|EUR|0.18|50.604000091552734|50.470001220703125|-0.007959189244064024|-0.022711446803168722|-0.009318749460430986|-0.008658882779331911|-0.011842691991589493|-0.09164559482752432|S
Amundi Stoxx Europe Select Dividend 30 UCITS ETF D|LU1812092168|SELD.DE|EUR|0.3|24.204999923706055|24.594999313354492|-0.035080693357940396|0.026941036788442396|0.2882171755576799|0.16370196209327847|0.058922088102032255|-2.5554399031719846|S
Xtrackers II ESG Global Aggregate Bond UCITS 5C EUR Hedged ETF|LU0942970798|XBAE.DE|EUR|0.1|20.35700035095215|20.197999954223633|-0.010162386168634074|-0.024253486924427636|-0.026912032661977614|-0.026213839640934933|-0.02135828652139271|-0.3619601145546912|S
iShares Govt Bond 0-3 month UCITS EUR (Acc) ETF|IE000JLXYKJ8|E0UA.DE|EUR|0.07|5.206399917602539|5.204800128936768|0.002580411752984846|0.006145362439449631|0.02122319182169341|0.01635884857967662|0.008919104064649686|1.60947757202607|N
HSBC Global Corporate Bond UCITS C H EUR ETF|IE000MY0C911|H41R.DE|EUR|0.13|11.060500144958496|11.02750015258789|-0.016713315331778333|-0.030418594253576292|-0.029056780434486673|-0.027391804673540965|-0.024692619709912877|-1.0259808734755047|S
JPM China A Research Enhanced Index Equity (ESG) UCITS ETF USD (dist)|IE000DS9ZCL4|JRDC.DE|EUR|0.4|20.454999923706055|20.405000686645508|-0.019885045464262063|-0.06959721164878396|0.07734162311817272|0.04407059285796211|-0.01386336862068449|-1.134106684716797|S
Amundi EURFloatRateCpBdESG UCITS ETF Acc|LU1681041114|FRNE.DE|EUR|0.18|113.31500244140625|113.30500030517578|0.001502548087708666|0.0060819071712043815|0.02528959358700078|0.019019834093596977|0.01001054952151792|0.8997205962245121|N
Amundi Core USD Corporate Bond UCITS Acc ETF|LU2089239276|PRAP.DE|EUR|0.05|18.50149917602539|18.222999572753906|0.00682954555362314|-0.029022088586979522|0.001596960467742381|0.0064461600172485145|-0.003888066718259253|1.2438359519478472|N
L&G China CNY Bond UCITS EUR Dist ETF|IE000F472DU7|DRGE.DE|EUR|0.3|10.750499725341797|10.61299991607666|0.03649247919469145|0.03768732670447417|0.1351624547718555|0.1097037686678426|0.06323500453095421|1.9044681691177303|N
Janus Henderson Japan High Conviction Equity UCITS (GBP) Acc ETF|IE000CV0WWL4|JCPN.DE|EUR|0.49|0.8992000222206116|0.8885999917984009|0.0621309075993528|0.0420674501590792|0.39931531645512086|0.32586259749692137|0.152220796905584|2.1031832095753287|N
iShares US Mortgage Backed Securities UCITS EUR Hedged (Dist) ETF|IE000EEJLWG1|CEBW.DE|EUR|0.31|4.767499923706055|4.725900173187256|-0.02517079205314332|-0.037549183009021214|-0.034272218118201914|-0.04052268062487985|-0.03636182764332707|-0.9128941864648487|S
iShares India INR Govt Bond UCITS USD (Acc) ETF|IE000ANOU8J3|CEB6.DE|EUR|0.35|4.2434000968933105|4.196199893951416|0.005163928584216215|-0.003452228881386188|-0.01295615972996933|-0.0037797698576451655|0.01437648763743038|1.944946164486221|N
Amundi MSCI World ex USA UCITS Dist ETF|IE0009BI8Z04|WEXF.DE|EUR|0.15|11.918000221252441|11.892000198364258|-0.0013406899602723676|0.003198662158709231|0.19201362548849987|0.13760822905881387|0.051747184160568116|-0.045174508180758036|S
JPM US Equity Active UCITS ETF - EUR Hedged (acc)|IE000BZFW5H7|JAUH.DE|EUR|0.39|33.189998626708984|33.2599983215332|-0.008809973966414697|0.01778589406629183|0.07532800495162917|0.06344119193586906|0.039281446576386436|0.23194768714754116|S
BNP Paribas Easy ESG Enhcd EUR Corp Bd UCITS ETF D|LU2697596828|BJLP.DE|EUR|0.18|10.13599967956543|10.104000091552734|-0.007199239040872385|-0.02270648752320159|-0.012598596225168457|-0.009676288601774052|-0.012696387095904704|0.013720277345984203|S
Amundi STOXX Europe 600 Utilities UCITS Dist ETF|LU2082999215|LUTL.DE|EUR|0.3|150.0|149.5399932861328|0.012829127739240942|-0.05063291139240511|0.2286730627142084|0.09297576505468386|-0.008629548796502795|0.4382037182067063|S
Invesco MSCI Eu Ex UK Univ Scrnd UCITS ETF Acc|IE00BMDBMW94|ESGX.DE|EUR|0.16|74.02999877929688|74.25|-0.018820387360908852|-0.024637716850959945|0.1479299307108044|0.09885699511943002|0.03344634717247841|-1.2137870555101566|S
iShares China CNY Bond UCITS EUR Hedged (Dist) ETF|IE000W336086|CEB0.DE|EUR|0.4|5.319200038909912|5.3206000328063965|0.0028279224007377035|0.010371204055987127|0.033290909309850125|0.03033050704137663|0.016052944580609685|1.3890190339396575|N
Amundi EUR Corporate Bond 1-5Y ESG UCITS ETF Acc|LU1525418643|A4H7.DE|EUR|0.2|54.762001037597656|54.64799880981445|-0.004508221986955996|-0.012086848364405212|-3.650028064816624e-05|-0.0024772810514995802|-0.004981430786773933|0.21980956609724586|S
Xtrackers USD Corporate Green Bond UCITS 1C - EUR Hedged ETF|IE00028H9QJ8|XGUE.DE|EUR|0.25|24.10099983215332|24.086999893188477|-0.019247968755930378|-0.028459684644301375|-0.028303014899743628|-0.02798952377516406|-0.025264822923938723|-1.474504847191998|S
Goldman Sachs ActBeta PA Sst Wld Eq UCITS ETF USDA|IE000HPBRE54|GACL.DE|EUR|0.2|46.709999084472656|46.26499938964844|0.02681902310378148|0.02648056231344098|0.19554644098603724|0.16483792673003195|0.09299525123478469|1.8484986739735065|N
Xtrackers II Australia Government Bond UCITS 1C ETF|LU0494592974|XCS2.DE|EUR|0.25|148.13499450683594|146.63499450683594|-0.0035316099982530824|-0.007104881298603205|0.07844346133231128|0.08269979956808782|0.01850823180616956|0.5304768589569689|N
iShares iBonds Dec 2033 Term Corp UCITS EUR (Dist) ETF|IE000E0NL9T3|33GI.DE|EUR|0.12|4.771299839019775|4.752699851989746|-0.011688012298118|-0.03386298253668707|-0.023324795272982035|-0.018521877109802465|-0.02164525066386358|-0.12112324798090492|S
Invesco BlltShs 2027 USD Crp Bd UCITS ETF Dist|IE000BMDG046|BS27.DE|EUR|0.1|4.716100215911865|4.661300182342529|0.033237636281067795|0.02332586578948903|0.07654027798927387|0.0682816435525948|0.045726944313494|2.1296488302036147|N
Xtrackers MSCI World Climate Transition UCITS ETF|IE000P4AYI47|XCTW.DE|EUR|0.19|52.02000045776367|51.779998779296875|0.025226620751967577|0.02826646176838632|0.1917525461464742|0.16154964016974604|0.087872593073|1.5730960188377399|N
Amundi Core EUR High Yield Bond UCITS ETF Acc|LU2970735911|AEHY.DE|EUR|0.15|10.262499809265137|10.267999649047852|-0.011462739688577583|-0.01435842272961707|0.00899619374132321|0.0021972693994030124|-0.003241365731886381|-1.1978038986437467|S
VanEck iBoxx EUR Sovereign Diversifi 1-10|NL0009690254|TGBT.DE|EUR|0.15|11.798500061035156|11.784500122070312|-0.014492153296533083|-0.035097861146580644|-0.02573302194482574|-0.025723354669054843|-0.026503307897430717|-0.837652908391309|S
iShares EURO STOXX Select Dividend 30 UCITS (DE) EUR (Dist) ETF|DE0002635281|EXSG.DE|EUR|0.31|23.239999771118164|23.604999542236328|-0.04145188836161784|0.011811278303442307|0.1903841366694634|0.11188299016416181|0.04549697229790528|-2.599437031284646|S
JPMorgan NASDAQ Eqt Prem Inc Actv UCITS ETF USD A|IE000N6I8IU2|JEQA.DE|EUR|0.35|30.514999389648438|30.049999237060547|0.07617703693469191|0.06602617955103707|0.2531827068417729|0.20755832358021786|0.13005437124531438|1.9615561460540645|N
iShares S&P 500 Scored and Screened UCITS EUR Hedged (Acc) ETF|IE000CR7DJI8|CBUM.DE|EUR|0.1|9.029999732971191|8.996999740600586|0.0033333036634657365|0.032590034435876936|0.16201259031741366|0.1218784908224988|0.06706116166743414|1.2507693426816324|N
Fidelity ESG USD EM Bond UCITS ETF Inc EURH|IE0007L3IJF6|FESE.DE|EUR|0.5|4.566800117492676|4.592800140380859|-0.03548191039010151|-0.06557810980552936|-0.063202254197398|-0.06859032548126642|-0.0599209696785894|-2.045115275133455|S
Amundi DJ Switzerland Titans 30 UCITS Dist ETF|LU2611732632|AK8F.DE|EUR|0.25|10.269499778747559|10.270000457763672|-0.0024285367285724613|-0.006001091258550084|0.003437556172454004|-0.000970700487085141|-0.0019642432924290576|-0.04215422610797361|S
Invesco US Treasury Bond 1-3 Year UCITS Acc ETF|IE00BF2FNH52|TRX3.DE|EUR|0.06|39.229000091552734|38.731998443603516|0.027717340847000393|0.014901824320029844|0.057642029364252334|0.0516594833867583|0.03482828090532242|2.5368003297849144|N
iShares   Corp Bond Large Cap UCITS ETF EUR Dist|IE0032523478|IBCS.DE|EUR|0.09|120.62000274658203|120.30000305175781|-0.00690578375014228|-0.02329320697888071|-0.010226964897529056|-0.008806627355571695|-0.012755868728218989|-0.08477817203026583|S
VanEck New China UCITS ETF|IE0000H445G8|CNIE.DE|EUR|0.6|13.644000053405762|13.668000221252441|-0.006697729122058682|-0.030552813288340697|-0.13939699920428894|-0.07848167780725246|-0.048392886321324435|0.2349852124603543|S
JPM Glbl Aggrgte Bd Active UCITS ETF - USD (dist)|IE000LHP8TA1|JAGG.DE|EUR|0.31|8.753000259399414|8.649800300598145|0.0063001577506347495|-0.011792677056235434|0.01349920902727031|0.015259445078707579|0.005874389039586925|2.0736970105313848|N
PIMCO Advantage Euro Low Duration Corporate Bond UCITS - EUR Income ETF|IE00BP9F2J32|LDCE.DE|EUR|0.27|98.78600311279297|98.41400146484375|-0.006179105879810076|-0.01851372897469572|-0.008999390922557193|-0.010578220581482722|-0.009700276894618054|0.20692049374527263|S
Franklin Sust Euro Green Corp 1-5 Year UCITS ETF|IE0006K7DEL9|GCOR.DE|EUR|0.18|27.895999908447266|27.825000762939453|-0.004069986415673799|-0.01155127957667701|-0.0002150569388196244|-0.002217621941917991|-0.00549853200595507|0.2724155205238814|S
First Trust US Equity Income UCITS ETF B USD|IE00BD6GCF16|FTGI.DE|EUR|0.55|42.46500015258789|41.790000915527344|-0.03235725699569092|0.016517022178480056|0.22518754586083878|0.2046808553925643|0.06133379786397808|-0.5556118669058877|S
iShares $ Treasury Bond UCITS ETF USD Dist|IE00BK95B138|SNA2.DE|EUR|0.07|3.6138999462127686|3.5671000480651855|0.013021153568545163|-0.010921317263382302|0.020602676791943386|0.020685764931098083|0.009287530804065414|2.530588659986421|N
Invesco S&P World Financials ESG UCITS ETF Acc|IE00018LB0D8|WF1E.DE|EUR|0.18|8.255999565124512|8.319000244140625|-0.03932980020334098|-0.012322124456377703|0.16101806978787692|0.09033274379417411|0.04954239139431982|-1.8875373010429457|S
iShares MSCI USA ESG Enhanced CTB UCITS EUR Hedged (Acc) ETF|IE000U7L59A3|CBUC.DE|EUR|0.1|7.684000015258789|7.708000183105469|-0.0006502944929867027|0.012651581025022729|0.1137845815790326|0.09865599962256644|0.05415003060919421|0.22803109206918631|B
Global X Wind Energy UCITS ETF|IE000JNHCBM6|WNDY.DE|EUR|0.5|10.0|10.01200008392334|0.024905199475005135|-0.044707718147525055|0.1020497691013107|0.020720635917865105|-0.06283416022914401|-0.4162215611034501|S
Janus Henderson HMT Global IG Credit Curve Steepener Core UCITS ETF|IE00BMQ5Y557|TCRS.DE|EUR|0.4|114.625|114.55000305175781|0.0020543807291324434|0.0049094599273025175|0.027197811288742102|0.021613218517968935|0.011217343674892799|0.860555664233442|N
Amundi MSCI USA ESG Leaders Extra UCITS DR - USD ETF|IE000VML2GZ3|MWOJ.DE|EUR|0.1|19.974000930786133|19.672000885009766|0.043791872139064214|0.05682546740386529|0.21157350823957022|0.1886455555283142|0.1185185507254145|2.2880685386048043|N
iShares US Equity Enhanced Active UCITS ETF USD Ac|IE0009VWHAE6|USEE.DE|EUR|0.2|6.630000114440918|6.539999961853027|0.04000001795151653|0.04805562607525804|0.23740208284756692|0.20283019112761091|0.11650748783519438|2.1709405761603606|N
Xtrackers MSCI USA Screened UCITS 1C ETF|IE00BJZ2DC62|XRSM.DE|EUR|0.07|60.130001068115234|59.41999816894531|0.042837343517856175|0.045012167385784174|0.21022440185418012|0.18599605844718048|0.11192940532251994|1.9456896976994373|N
Xtrackers II Target Maturity Sept 2033 EUR Corporate Bond UCITS ETF|LU2673523564|XB33.DE|EUR|0.12|27.91200065612793|27.801000595092773|-0.011054431135519183|-0.03285609251160282|-0.021582261948085324|-0.01665519178948016|-0.020357386346713024|-0.14881718134995572|S
HSBC Bloomberg Gl ESG Aggrt 1-3Y Bd UCITS ETF USD|IE000XGNMWE1|HGGA.DE|EUR|0.18|9.902000427246094|9.819000244140625|0.019941561857348633|0.016089999954005396|0.04095714721397847|0.04058512493435584|0.02760315265123925|2.928265148606539|N
Xtrackers MSCI USA Health Care UCITS ETF 1D|IE00BCHWNW54|XUHC.DE|EUR|0.12|59.130001068115234|60.130001068115234|-0.010045177946080841|0.03958749893446245|0.2067054054037223|0.1173907342332825|0.09267785386978877|0.32007216269918465|B
BNPP Easy MSCI Japan Min TE UCITS ETF C|LU1291102447|EJAP.DE|EUR|0.15|21.885000228881836|21.565000534057617|0.06186315287588551|0.052922799593221326|0.34263811369530206|0.2810232204405614|0.13158993907135885|2.755886557590435|N
iShares EURO STOXX Small UCITS EUR (Dist) ETF|IE00B02KXM00|IQQS.DE|EUR|0.4|51.63999938964844|52.22999954223633|-0.0252424541904962|-0.01605180304399867|0.1362406026144809|0.07923882624276235|0.022058414455734532|-1.555415153809298|S
Harbor Health Care UCITS ETF Acc|IE00BJQTJ848|W311.DE|EUR|0.89|7.235000133514404|7.288000106811523|-0.026244912426575562|-0.02872865507145994|0.12484452010181424|0.06915914311089755|0.06040344425112232|0.27444505466397606|S
Amundi Euro Aggregate Bond ESG UCITS DR - EUR (D) ETF|LU2439113387|9E0E.DE|EUR|0.15|43.582000732421875|43.47200012207031|-0.01273106791040679|-0.03286507782319381|-0.022800572971644173|-0.021728361867925816|-0.02389542074202733|-0.7397610748066582|S
StSt SPDR BBG 7-10 Y U.S. Treas Bd UCITS ETF Dist|IE00BYSZ5T81|SPP7.DE|EUR|0.05|21.60300064086914|21.275999069213867|0.00539866578798609|-0.023367805749579973|0.005060534204571976|0.003940883555666241|-0.0034887550574647097|2.160968579292956|N
Leverage Shares FAANG+ ETP|XS2595675724|FGA1.DE|EUR||58.400001525878906|57.959999084472656|0.0685207726690249|0.150965699527418|0.201942867003851|0.17613892769007444|0.15639617385215732|1.4037151238976362|N
Invesco Gl Act Def ESG Eq UCITS ETF EUR PfHdg Acc|IE000XIBT2R7|LVLE.DE|EUR|0.3|8.107999801635742|8.104999542236328|-0.015541556392767442|0.020644516507575927|0.10148074098718829|0.07776153881941372|0.04184265436396917|-0.7925377291366453|S
Xtrackers MSCI North America High Dividend Yield UCITS 1C ETF|IE00BH361H73|XDND.DE|EUR|0.39|61.290000915527344|60.90999984741211|-0.015895919768364353|0.009387346563983101|0.18618159642908294|0.1701030864017261|0.051879157864530345|0.03710256513710785|S
Xtrackers MSCI World Value ESG UCITS ETF|IE000LAUZQT6|XWEV.DE|EUR|0.25|55.70000076293945|55.220001220703125|0.021643439018125488|0.05492427211709838|0.3741211538821685|0.2680706142379181|0.13208737750021826|1.799574310154645|N
iShares Dow Jones U.S. Select Dividend UCITS (DE) ETF|DE000A0D8Q49|EXX5.DE|EUR|0.31|97.4800033569336|96.4800033569336|-0.02412649962399127|-0.0160611175884412|0.15096289973238575|0.14485931523843365|0.019935554754380025|-1.4010763784164642|S
UBS MSCI EMU Value UCITS ETF EUR dis|LU0446734369|UIME.DE|EUR|0.25|61.709999084472656|63.18000030517578|-0.04768524416298359|-0.02956412256657759|0.18595861415125103|0.09362511621989267|0.02374565778140325|-3.184143440176303|S
iShares Govt Bond 0-3 month UCITS EUR (Dist) ETF|IE000LJ2O0V5|EU03.DE|EUR|0.07|5.059000015258789|5.055799961090088|0.0037299672490218594|0.006005409742581236|0.021101234860198215|0.01619106456139341|0.00887839282442271|2.1542811219176268|N
UBS Factor MSCI USA Qlty Scrnd UCITS ETF USD dis|IE00BX7RRJ27|UBUT.DE|EUR|0.25|63.630001068115234|62.65999984741211|0.04208974184446035|0.051556733910971486|0.2524435086450485|0.2115976968329638|0.12632470414416597|2.3463363000624224|N
Xtrackers II US Treasuries UCITS ETF 1D|LU0429459356|XUTD.DE|EUR|0.06|165.52999877929688|163.1699981689453|0.012508781608774777|-0.009365582252294669|0.0212945152242745|0.02086673470453637|0.009698414696904578|2.649620820537495|N
UBS BBG US Liquid Corp 1-5 UCITS ETF hEUR acc|LU1048315243|UEF8.DE|EUR|0.19|15.043999671936035|15.008500099182129|-0.010978947190231403|-0.0171174760291658|-0.014025474941736005|-0.018239959113394932|-0.0152984379833776|-0.8254851171326139|S
JPM US Gro Eq Active UCITS ETF - USD (acc)|IE0005CH3U28|JPGR.DE|EUR|0.49|34.8849983215332|34.53499984741211|0.07852827345711444|0.02542615673516635|0.08355330492956758|0.10047310668576825|0.08590082435267288|1.722195915311545|N
Amundi STOXX Europe 600 Basic Materials UCITS Dist ETF|LU2082996542|LYX4.DE|EUR|0.3|295.45001220703125|296.3999938964844|-0.03965539389400441|0.020728967859598768|0.29095991256793297|0.20077223549101886|0.043785505856691165|-0.8730511081697064|S
Robeco Dynamic Theme Machine UCITS ETF USD Acc|IE000VG2WCW5|RDYN.DE|EUR|0.55|5.896999835968018|5.855000019073486|0.026279155551738098|0.0522840363362842|0.1691117490157672|0.16702946113814887|0.11579676118613769|2.0192947734433844|N
Amundi MSCI Europe Action UCITS Dist ETF|LU2608817958|AE5B.DE|EUR|0.09|132.77999877929688|133.13999938964844|-0.019205244568917257|-0.03516928142432518|0.11760230012205586|0.06479552549153911|0.016840887706265573|-0.8590063575613093|S
Xtrackers II Global Inflation-Linked Bond UCITS 5C ETF|LU0908508814|XGIU.DE|EUR|0.2|22.356000900268555|22.125999450683594|0.003006027372408848|-0.018440384005504296|0.02030950739026882|0.018079205478404914|0.00010584362205623421|1.0051652393228772|N
Xtrackers MSCI USA Climate Transition UCITS ETF|IE000GYDNJS5|XCUD.DE|EUR|0.09|52.349998474121094|52.0|0.03335962557835104|0.043411411816917767|0.1871933447041696|0.16988861400909427|0.10395426648182626|1.615671257124509|N
Amundi STOXX Europe 600 Banks UCITS Dist ETF|LU2082996112|INDA.DE|EUR|0.3|94.87000274658203|99.0|-0.05281550241724442|-0.017603779161379673|0.3512200348443224|0.15203405591313301|0.07196713515993669|-3.3939662962509254|S
Invesco STOXX Europe 600 Optimised Insurance UCITS Acc ETF|IE00B5MTXJ97|SC0Y.DE|EUR|0.2|249.85000610351562|250.4499969482422|-0.04345331383261741|-0.018078172135573833|0.10455353436934356|0.06364415749461205|0.03534191979154877|-1.8826739906245604|S
Xtrackers World Equity Enhanced Active UCITS 1C ETF|IE00094GSCQ4|XEEW.DE|EUR|0.25|35.334999084472656|34.904998779296875|0.030775972658812822|0.041715831129460756|0.21572332479636525|0.17567788140689533|0.09557905226878072|2.1612720592027004|N
BNP Paribas Easy FTSE EPRA Nareit Developed Europe ex UK Green UCITS ETF|LU2008763935|EEPG.DE|EUR|0.4|6.120999813079834|6.201000213623047|-0.07327785080938509|-0.11584574059327968|-0.08532577804370067|-0.09062548482459176|-0.09823111009551|-1.9730859826335732|S
iShares MSCI Pacific ex-Japan UCITS ETF USD (Dist)|IE00B4WXJD03|EUNJ.DE|EUR|0.6|49.21500015258789|49.209999084472656|-0.022736307463989913|0.0335877522568393|0.13241199645567647|0.13552908215055437|0.04174214304193513|-0.3983951055164473|S
JPM BetaBuilders US Trs Bond UCITS ETF USD Acc|IE00BJK9HH50|BBTR.DE|EUR|0.07|92.87799835205078|91.4739990234375|0.013907712839785757|-0.011031402098022558|0.019740848538093214|0.01967371325685008|0.00894664507188403|2.661777078615559|N
JPM EUR IG Corporate Bond Active UCITS ETF EUR D|IE000WAKWCV7|JEBE.DE|EUR|0.04|97.62000274658203|97.4000015258789|-0.008551474238608359|-0.023517693217437796|-0.00949994538615162|-0.00949994538615162|-0.012979442264945518|-0.23299946923357587|S
Global X Europe Focused Def Tech UCITS ETF EUR Acc|IE000WRQ9RR1|ED3F.DE|EUR|0.4|15.387999534606934|15.184000015258789|-0.019747765353591573|-0.07524037866373723|-0.17481773150918756|-0.07267689152974677|-0.10543571813842212|-0.037315317237431485|S
UBS MSCI EM ex China UCITS ETF USD acc|LU2050966394|4UBL.DE|EUR|0.16|33.95500183105469|33.01499938964844|0.06059667275937919|0.02243308542969391|0.5683603893458058|0.4198202187401403|0.15997734749070958|1.7231922540396756|N
First Trust Vest U.S. Equity Max Buffer UCITS - June - A USD Acc ETF|IE000CO3P697|MJUN.DE|EUR|0.85|22.829999923706055|22.559999465942383|0.03303165292469479|0.02629800235569757|0.08843859396899556|0.08019870719035671|0.05234287464019283|2.192590011276476|N
Amundi Prime Global UCITS Dist ETF|IE000QIF5N15|MWOL.DE|EUR|0.05|44.540000915527344|44.07500076293945|0.02923164286642388|0.033890413705140565|0.20645947324691094|0.17412410511945287|0.09360741450791021|1.9911560457818511|N
UBS BBG Euro Area Liq Crp 1-5 UCITS ETF EUR dis|LU1048314196|UEF6.DE|EUR|0.16|12.862000465393066|12.829500198364258|-0.004180853150108188|-0.012520042604285408|8.846478523150125e-05|-0.003585730044485813|-0.005590672444584999|0.16057385655289683|S
iShares $ Corp Bd Int Rate Hgd UCITS ETF USD Dist|IE00BCLWRB83|IS3F.DE|EUR|0.25|92.99600219726562|91.99800109863281|0.03499945317069297|0.019688263720172516|0.07909106208452954|0.07546671720556586|0.04764354361377943|1.872774779688285|N
JPM US Research Enhanced Index Equity SRI Paris Aligned Active UCITS EUR (acc) ETF|IE000I5MBLC4|JEUS.DE|EUR|0.2|37.70000076293945|37.415000915527344|0.03372633674435099|0.04693147792777497|0.18721466727411906|0.16700202466487224|0.1078639459572508|1.7325867254875926|N
iShares Edge MSCI USA Qual Fctr UCITS ETF USD A|IE00BD1F4L37|QDVB.DE|EUR|0.2|16.881999969482422|16.6560001373291|0.04805066906991651|0.04766039678390288|0.20585714067731575|0.18870584203091667|0.10706212734271658|2.1737921592467795|N
State Street SPDR MSCI EMU UCITS ETF|IE00B910VR50|ZPRE.DE|EUR|0.08|103.4000015258789|104.0199966430664|-0.01841650730449007|-0.028195488317453887|0.1403992898865376|0.09580331556860577|0.032970660767666304|-1.4051650675407745|S
L&G Crp Bd exBks Hgh Rtngs 0-2Y UCITS ETF USD Acc|IE000CWS09Q9|XBHR.DE|EUR|0.12|9.603799819946289|9.517600059509277|0.0233137544729205|0.01588811577091409|0.056965516184555254|0.050766947262430584|0.03302131709300338|2.331096470960161|N
UBS BBG TIPS 10+ UCITS ETF USD dis|LU1459802754|UIMB.DE|EUR|0.1|7.480800151824951|7.3765997886657715|-0.028114077153557404|-0.06768549661616197|-0.06262885333652957|-0.041342755341645776|-0.04650246910269906|-1.0546313154022176|S
State Street SPDR Bloomberg Euro Aggregate Bond UCITS ETF|IE00B41RYL63|SYBA.DE|EUR|0.17|52.332000732421875|52.16400146484375|-0.013571541718884639|-0.0325317384275986|-0.022318486887463185|-0.0209977252155108|-0.023736396091450285|-0.7611529361355722|S
Vanguard LifeStrategy 60% Equity UCITS ETF EUR Dis|IE00BMVB5Q68|V60D.DE|EUR|0.25|32.79999923706055|32.61000061035156|0.008300045124363997|0.003058057241222656|0.10831439163972045|0.08978852141418003|0.04142933444683683|1.3235930638735054|N
Amundi Global Aggregate Bond 1-5Y ESG DR - Hedged EUR (C) ETF|LU2470620845|AHYH.DE|EUR|0.16|53.57600021362305|53.492000579833984|-0.00438564000279873|-0.00983221480295382|-0.006158654125464014|-0.008219182531991498|-0.007500981040138521|-0.05843386966653076|S
First Trust Cboe Vest U.S. Equity Moderate Buffer UCITS ETF|IE000X8M8M80|FEBB.DE|EUR|0.85|35.85499954223633|35.45500183105469|0.03852275040047415|0.03717095339183629|0.1547504162074389|0.1333965317788035|0.08051011515112205|2.036125210595301|N
State Street SPDR ICE BofA 0-5 Year EM USD Government Bond UCITS ETF|IE00BJL36X53|ZPR6.DE|EUR|0.47|30.340999603271484|30.365999221801758|-0.013397088175226224|-0.01310824501464447|0.002080709610799536|-0.01024306235004635|-0.011038435278682757|-1.4300390341891847|S
Xtrackers MSCI GCC Select Swap UCITS 1C ETF|IE00BQXKVQ19|XGLF.DE|EUR|0.65|24.40999984741211|24.350000381469727|0.0034943096323416523|0.0008200269891012191|0.018356301487771676|0.053972366504124736|0.007589939235552734|-0.43356050372540345|B
BNPPE MSCI Europe Small Caps SRI PAB UCITS ETF|LU1291101555|EESM.DE|EUR|0.25|331.54998779296875|333.5|-0.019807870530764937|-0.00030154109861624256|0.118589725439604|0.07558795715480526|0.025676680620075887|-0.9078476988900301|S
iShares STOXX Europe 600 Real Estate UCITS (DE) ETF|DE000A0Q4R44|EXI5.DE|EUR|0.47|12.755999565124512|12.881999969482422|-0.06274798773663093|-0.10211824249349433|-0.04817622143258793|-0.050036515928053915|-0.07778007495589723|-1.9298918554753102|S
Amundi MSCI Europe Minimum Volatility Factor UCITS - EUR (C) ETF|LU1681041627|MIVA.DE|EUR|0.23|164.47999572753906|165.0399932861328|-0.02443659683764776|-0.015207810321800408|0.08754291029811845|0.06239496154454183|0.005493261622800061|-2.208556736619388|S
State Street SPDR Bloomberg Sterling Corporate Bond UCITS ETF|IE00B4694Z11|SYBS.DE|EUR|0.2|58.36000061035156|57.832000732421875|0.005270950345460879|-0.011674263304829902|0.04242200585126876|0.01593821252344574|0.009399959448163964|1.5871640647610896|N
Xtrackers ESG USD Emerging Markets Bond Quality Weighted UCITS 1D ETF|IE00BD4DX952|XQUA.DE|EUR|0.45|8.82960033416748|8.724200248718262|0.0023840232763820968|-0.029907148400676098|0.01583108766642538|0.012584097131879801|-0.001049255701363494|0.5485194732168852|S
L&G Em Quality Div USD Dist|IE00BMYDMC42|LGGM.DE|EUR|0.45|11.928000450134277|11.777999877929688|0.013721542760536387|0.02818609559059504|0.2388393509358835|0.19694836622016965|0.07610668874955562|1.731846243381265|N
Amundi US Treasury Bond Long Dated UCITS ETF Dist|LU1407890620|DJAD.DE|EUR|0.06|83.91600036621094|82.56400299072266|-0.010307825685567984|-0.05301643229069364|-0.03923815054288671|-0.024005616540327956|-0.031029880824896883|-0.44048529591545466|S
Xtrackers MDAX ESG Screened UCITS ETF|IE00B9MRJJ36|XDGM.DE|EUR|0.4|22.385000228881836|22.655000686645508|-0.04132762898598075|-0.08546182545799619|0.01833291077008714|-0.01575083864475013|-0.026801839608928457|-1.4399281692044321|S
Invesco BulletShares 2027 EUR Corporate Bond UCITS - Dist ETF|IE000XOS4OJ6|BE27.DE|EUR|0.1|5.332200050354004|5.334000110626221|-0.0002215484574219495|0.0025032921658332263|0.016501740766664552|0.012082521980625316|0.005654463978283397|0.5696713933874492|N
iShares   Corp Bond BBB-BB UCITS ETF EUR (Dist)|IE00BSKRK281|IS06.DE|EUR|0.25|4.723599910736084|4.7108001708984375|-0.008771566440205492|-0.021044934797316173|-0.005801037103112527|-0.007258778063602311|-0.011876524374842101|-0.48593867674491115|S
UBS Solactive China Technology UCITS hEUR acc ETF|LU2265794946|UIC1.DE|EUR|0.5|5.189000129699707|5.304999828338623|-0.0750445621738266|-0.09330769094253533|-0.3617466104972443|-0.24633261333348844|-0.15214147892128538|-1.9696615474852393|S
Amundi Core EUR Corporate Bond UCITS Acc ETF|LU2089238625|PRAC.DE|EUR|0.07|19.88800048828125|19.872499465942383|-0.008673102581737369|-0.02428489162370462|-0.010498056258193778|-0.009709689441135372|-0.013959012947915794|-0.45999580415417946|S
L&G Eur X-UK Qual Div Eur Dist|IE00BMYDM919|LGGE.DE|EUR|0.25|17.81599998474121|18.09000015258789|-0.02819374918393769|0.01007936626372552|0.24083377647014603|0.14393298388488351|0.04630681004922321|-2.788947063102972|S
Xtrackers SLI UCITS 1D ETF|LU0322248146|DXS0.DE|EUR|0.25|249.5|246.89999389648438|-0.024437927663734094|-0.04813733638946516|0.12346847056686294|0.0504674645591916|0.014417192496935849|0.13058111060576516|S
Fidelity US Fundamental Large Cap Core UCITS - Acc ETF|IE000IY9QFN9|FFLC.DE|EUR|0.38|5.285999774932861|5.264999866485596|0.02066033523153621|0.021646693695427377|0.19999989175093402|0.16495865256903053|0.08332210282740649|1.6689498230151256|N
UBS MSCI World UCITS ETF USD dis|LU0340285161|UIM7.DE|EUR|0.3|440.5899963378906|436.2699890136719|0.02864677998659082|0.032188089586093094|0.20139953061609495|0.1702936731483875|0.09146071141160395|1.9679250449188241|N
UBS Factor MSCI USA Low Volatility UCITS USD dis ETF|IE00BX7RQY03|UBUR.DE|EUR|0.18|29.389999389648438|29.18000030517578|-0.03067283359288875|-0.03612685838884788|0.0286832257027807|0.045014395646331806|-0.005064526381590495|-0.5172094231977026|S
Amundi Euro Government Low Duration Tilted Green Bond UCITS Acc ETF|LU2924150282|LWGB.DE|EUR|0.14|20.131000518798828|20.139999389648438|-0.010664392496137154|-0.023572782042336704|-0.016128239898794305|-0.018095808959254|-0.01731353079379605|-0.738610707950306|S
BNP Paribas Easy MSCI Europe SRI PAB UCITS ETF|LU1753045415|ZSRI.DE|EUR|0.25|32.880001068115234|32.994998931884766|-0.0145362081808188|-0.01938555725754998|0.13157744623697742|0.09857769073974287|0.03443196517288194|-0.7179900353986209|S
Xtrackers II Germany Government Bond UCITS 1D ETF|LU0468896575|D5BB.DE|EUR|0.15|162.07000732421875|160.77499389648438|0.0009573791465500303|-0.01396702578410014|-0.01740905426238981|-0.008824297094218392|-0.009209512421878285|2.080533142878718|N
iShares MSCI EM SRI UCITS ETF USD (Dist)|IE00BGDQ0T50|36B5.DE|EUR|0.25|6.785999774932861|6.690000057220459|0.037138857628512545|0.04255645381419182|0.2822075602935028|0.2171861054768902|0.10250413023041838|1.5801742026942418|N
Xtrackers MSCI World Swap UCITS 1D ETF|LU2263803533|XWD1.DE|EUR|0.19|26.621999740600586|26.413999557495117|0.026568432538677023|0.03166020363573585|0.2059575756387082|0.17345186118329203|0.0915383321251475|1.8077918741130945|N
Amundi EUR Corp Bd Cl Paris Aligned UCITS ETF A|LU1829219127|LYEB.DE|EUR|0.14|153.28500366210938|152.7899932861328|-0.006706866336099182|-0.022011656201916252|-0.009722783702441506|-0.008986580651194842|-0.011678371320267167|0.06881381481898191|S
Xtrackers MSCI Global SDGs UCITS ETF|IE000PSF3A70|XDGI.DE|EUR|0.35|31.03499984741211|30.9950008392334|-0.018500979642462|-0.037823629834231265|0.08381350093755491|0.08098226531107389|0.0169416480848954|-0.35117322351965413|S
Amundi STOXX Europe 600 Technology UCITS Dist ETF|LU2082998837|CSTA.DE|EUR|0.3|156.67999267578125|152.63999938964844|0.0703647181950473|0.07491766314819115|0.2309867550161111|0.2588783049037342|0.14213063173631046|2.352897666880322|N
Invesco STOXX Europe 600 Optimised Basic Resources UCITS Acc ETF|IE00B5MTWY73|SC0W.DE|EUR|0.2|871.0999755859375|874.5999755859375|-0.05150266503782197|0.03900280322001204|0.49058853387169044|0.24088315610532418|0.04162491034359039|-0.9745751684358148|S
Xtrackers Europe Equity Enhanced Active UCITS 1C ETF|IE00002ZKAP0|XEEE.DE|EUR|0.25|35.5|35.654998779296875|-0.020419471418139934|-0.025662174778355418|0.12985359369188454|0.07984790874524705|0.020855643862083273|-1.5723496621648507|S
BNPP Easy EUR Corp Bond SRI PAB 1-3Y UCITS ETF D|LU2008760592|ASR3.DE|EUR|0.15|9.593400001525879|9.583600044250488|-0.0014572037233342439|-0.006071324401809464|0.006258676490035642|0.0031429337292423476|-0.0001044062662397538|0.5478055370898572|S
Xtrackers MSCI Europe Communication Services UCITS ETF|LU0292104030|DXSG.DE|EUR|0.17|85.38999938964844|84.66999816894531|-0.057401447824843466|0.0008204371199553862|-0.07235202000335184|0.008741852928889848|-0.03844801015035726|-1.415689119543917|S
iShares USD Short Duration Corp Bond UCITS EUR Hedged (Acc) ETF|IE000AWT6D61|CEBU.DE|EUR|0.25|5.48799991607666|5.475399971008301|-0.007164030832066071|-0.009672352584132682|-0.0019640440072811183|-0.006984397055423086|-0.007127419769279775|-0.6328553427301906|S
iShares $ Treasury Bond 10-20yr UCITS EUR Hedged (Acc) ETF|IE00043L4HU0|CEMC.DE|EUR|0.1|4.7484002113342285|4.7093000411987305|-0.035720808141294746|-0.06135842405835079|-0.07869608254297622|-0.06948852465205047|-0.058993682762310096|-1.2643781052672771|S
Invesco S&P 500 Quality UCITS ETF Acc|IE000E6TPCH9|QSPA.DE|EUR|0.2|5.5229997634887695|5.442999839782715|0.03640453508019115|-0.022823812464972226|0.21277994812798995|0.1895325465742954|0.07466515329490586|2.3674118630249206|N
JPM Glob EM Resrch Enh Idx Eqt Actv UCITS ETF USDA|IE00BF4G6Z54|JREM.DE|EUR|0.37|46.19499969482422|45.41999816894531|0.032752071709827746|0.006207794562390401|0.3602768239162204|0.29670174581962727|0.11026589491470018|1.1881938776480347|N
UBS MSCI EMU Select Factor Mix UCITS EUR acc ETF|LU1804202403|UIQN.DE|EUR|0.34|18.374000549316406|18.549999237060547|-0.026491468975723298|-0.027933544915627384|0.1277928281255487|0.08401178302543055|0.02273635031791521|-2.429019002217069|S
UBS Core MSCI USA hEUR UCITS ETF EUR acc|IE00BD4TYG73|UBUJ.DE|EUR|0.06|58.25400161743164|58.34400177001953|0.004033111992791438|0.01960308693101953|0.13343454201106453|0.11380069004726612|0.06097851646093422|0.5661426977402929|N
BNP PARIBAS EASY II EUR Credit PAB Opportunities UCITS EUR Acc ETF|IE000JBB8CR7|AIPE.DE|EUR|0.2|11.348999977111816|11.312000274658203|-0.008041255812612058|-0.025209357828435475|-0.013173318712068172|-0.011712418287626591|-0.014761222018460196|-0.034855113433978006|S
PIMCO Advantage Covered Bond UCITS - EUR Income ETF|IE00BF8HV717|COVR.DE|EUR|0.43|102.19499969482422|101.56999969482422|-0.006513373672866196|-0.02051084878925269|-0.013540842540168074|-0.014051578099347095|-0.012656423287031981|0.4609403445757238|S
Franklin Future of Health and Wellness UCITS ETF|IE0003WEWAX4|FOHW.DE|EUR|0.3|25.735000610351562|25.950000762939453|-0.01756056842266529|0.010206093228204871|0.09697364086363702|0.06629377941977554|0.051585315941365284|0.32726410121934646|S
UBS Sustainable Dev Bank Bonds UCITS ETF hEUR dis|LU1852211645|CHSK.DE|EUR|0.18|9.454000473022461|9.424799919128418|-0.012162476189033655|-0.018625570243754774|-0.02202921747050124|-0.024556229495066195|-0.01993205493346173|-0.7308383896443672|S
Amundi US Inflation Expectations 10Y UCITS ETF A|LU1390062831|UINF.DE|EUR|0.25|126.16000366210938|122.0250015258789|0.035881457539466144|0.05432057329995077|0.08296494002023547|0.08171145188303708|0.055697576167078156|4.164669358341252|N
Xtrackers II US Treasuries UCITS 2D EUR Hedged ETF|LU1399300455|XUTE.DE|EUR|0.1|86.19400024414062|85.81999969482422|-0.01813504217303119|-0.028748899160146446|-0.03595098766294902|-0.0351499735507077|-0.02857021396697157|-1.0173532663884648|S
iShares $ Ultrashort Bond UCITS ETF USD Dist|IE00BCRY6227|IS3L.DE|EUR|0.09|88.68000030517578|87.62799835205078|0.03503953527221615|0.025959180056356113|0.08223049181371889|0.07569417117947186|0.04933512065489665|2.1683349265147505|N
Guinness Sustainable Energy UCITS ETF Acc|IE00BNC1F287|ECLM.DE|EUR|0.65|6.96999979019165|6.829999923706055|0.029086082028948246|-0.0449438305026163|0.11306287077286759|0.09076681311811141|0.01626087205588389|1.5696298520781775|N
iShares Core FTSE 100 UCITS ETF GBP (Acc)|IE00B53HP851|SXRW.DE|EUR|0.07|254.5|255.60000610351562|-0.014902287642962198|-0.0017650400220775575|0.1798794789091629|0.10556039693267838|0.03184111571859183|-1.405734169592437|S
Xtrackers MSCI EMU UCITS 1D ETF|LU0846194776|XD5E.DE|EUR|0.09|67.19999694824219|67.58000183105469|-0.01379516363114397|-0.02638186469397097|0.1426710352109939|0.09750323452420262|0.03472332289670721|-1.2881709900613765|S
Amundi S&P World Materials Screened UCITS Dist ETF|IE000WP7CVZ7|WELV.DE|EUR|0.18|14.458000183105469|14.411999702453613|-0.03407270275549945|0.00991898564652205|0.24392007600556265|0.1776415525532702|0.032722817312373254|-0.6239156825149229|S
Amundi MSCI EMU SmCp ESG Brd Trnstn UCITS ETF D|LU1598689153|LGWU.DE|EUR|0.4|428.1499938964844|432.79998779296875|-0.02615717083964675|-0.04141945651584977|0.12639959753604835|0.08132335066734808|0.009860364784030295|-1.7143946346829084|S
Xtrackers MSCI Next Generation Internet Innovation UCITS ETF|IE000XOQ9TK4|XNGI.DE|EUR|0.3|72.05000305175781|70.93000030517578|0.10016804706016669|0.07441105986924668|0.2203591113564647|0.26226350281156807|0.18521472647826243|1.6179525625423832|N
iShares Floating Rate Bond ESG UCITS EUR (Acc) ETF|IE000NVM56L3|EFRB.DE|EUR|0.1|5.2129998207092285|5.212399959564209|0.002153091516931216|0.006837128094915101|0.025292982304769174|0.019518037503504004|0.01072963949355632|1.2509192165175949|N
Amundi S&P 500 Buyback UCITS ETF - EUR (C)|LU1681048127|B500.DE|EUR|0.15|350.95001220703125|345.04998779296875|-0.010153647468293281|0.011237644579284778|0.1540611810693877|0.1293644801513476|0.05814446428880715|0.674269101003196|S
iShares eb.rexx Government Germany 2.5-5.5yr UCITS (DE) ETF|DE0006289481|EXHC.DE|EUR|0.16|92.55799865722656|91.76200103759766|0.0025996865368269617|-0.009582388572975553|-0.00974019454595465|-0.008862326952929545|-0.005876440524472004|1.930546352057519|N
Amundi Nasdaq-100 Swap UCITS ETF EURH Acc|LU1681038599|HNDX.DE|EUR|0.35|691.5999755859375|688.7000122070312|0.05282379339660781|0.026874499756403214|0.21205749242408856|0.19965303657578048|0.10769601570197906|1.4399044704622717|N
Rize Global Sustainable Infrastructure UCITS USD acc ETF|IE000QUCVEN9|RIZD.DE|EUR|0.45|5.388000011444092|5.396999835968018|-0.0012974920309860583|-0.01711810521849344|0.12423114551048475|0.08345820871364862|0.0035273703468725603|-0.6218000510249383|S
L&G Gerd Kommer Multifactor Equity UCITS ETF|IE000FPWSL69|K0MR.DE|EUR|0.45|14.423999786376953|14.314000129699707|0.011375336210451614|0.008134713554661|0.2046212939938581|0.17245526333394556|0.07144240498442822|1.287477251083414|N
UBS EURO STOXX 50 ESG UCITS ETF EUR acc|LU1971906984|CHSE.DE|EUR|0.1|20.184999465942383|20.309999465942383|-0.017761546699228692|-0.030266685176607244|0.14052432580808238|0.094749960224777|0.03484956814056139|-1.0387705685727113|S
Amundi Euro Government Bond 15+Y UCITS ETF Acc|LU1287023268|LYXF.DE|EUR|0.15|163.0449981689453|161.18499755859375|-0.025928228218290994|-0.07418660153385015|-0.07366056895926487|-0.05754336318528719|-0.06179066006594014|-0.915562517207473|S
Goldman Sachs USD HY Bond Active UCITS ETF USD Dis|IE0006B9CPY7|GUHY.DE|EUR|0.35|43.35200119018555|42.939998626708984|0.009124816435449379|-0.003822904802815663|0.05436237494921614|0.04272912581344035|0.022987733065482185|1.5728194135538902|N
Amundi FTSE EPRA NAREIT Global II UCITS ETF Dist|LU1832418773|LMWE.DE|EUR|0.45|40.525001525878906|40.599998474121094|-0.03142922136503978|-0.06581372687735554|0.0540883558476164|0.06295085969518444|-0.021678739122639623|-1.5033743237773534|S
Invesco BulletShares 2029 EUR Corporate Bond UCITS - Acc ETF|IE000P5IB8I8|BSE9.DE|EUR|0.1|5.439000129699707|5.421199798583984|-0.0015786324849915712|-0.009325691710040718|0.0025806338198390844|0.0018050462248870858|-0.00219060845126684|0.9430713834118916|S
JPM Global Rsrch Enh Idx Eqty Actv UCITS ETF USD D|IE000HFXP0D2|JRGD.DE|EUR|0.23|56.36000061035156|55.939998626708984|0.023982552195994433|0.028785149499155782|0.2005807863661473|0.1663901959799805|0.08646065657003166|1.8798199284466253|N
iShares Gl Infl Lnk Govt Bd UCITS ETF USD Acc|IE00B3B8PX14|IUS5.DE|EUR|0.2|142.5749969482422|141.46499633789062|0.003695838685009223|-0.013321820427389719|0.021493820996553392|0.01401089065512684|0.00019710705832465258|1.1506068255740225|N
Invesco Global Buyback Achievers UCITS ETF Dist|IE00BLSNMW37|BBCK.DE|EUR|0.39|66.31999969482422|65.80999755859375|-0.01646430668653498|0.032720067204599745|0.2020354702096867|0.13954464856667714|0.0656120121814796|-0.4095173978632009|S
UBS S&P 500 Cl Transition ESG UCITS ETF USD acc|IE000S4A5WE2|BCFF.DE|EUR|0.07|8.79699993133545|8.713000297546387|0.034089568930687486|0.0436588011445902|0.20605974114424042|0.18080539014177233|0.105506979497628|1.9767273345249534|N
iShares MSCI Wrld Par-Align Clim UCITS ETF USD Acc|IE00BMXC7W70|WPAB.DE|EUR|0.2|7.486999988555908|7.431000232696533|0.024633888653599056|0.024493691662403227|0.15255545012188487|0.13302061339387117|0.08248469520611112|1.7067657345365115|N
UBS FTSE 100 UCITS ETF GBP dis|LU0136242590|UIM3.DE|EUR|0.2|113.23999786376953|114.13999938964844|-0.02041523046282645|-0.008150721387491067|0.1705684845899973|0.09956471067238937|0.02639937808436188|-1.9637920924071013|S
Amundi Core MSCI EMU UCITS ETF Dist|LU1646360971|LMVF.DE|EUR|0.12|82.29000091552734|82.70999908447266|-0.013191011897976335|-0.028223894438299313|0.14244588512343892|0.0961769182103902|0.034791723767661376|-1.2592390018962158|S
iShares Edge MSCI USA Min Vol Adv UCITS ETF USD A|IE00BKVL7331|MVEA.DE|EUR|0.2|7.9629998207092285|7.836999893188477|0.010148411106343902|0.0405069838918386|0.10153544333388398|0.11401791888458002|0.07031150057846114|2.67138744219546|N
WisdomTree New Economy Real Estate UCITS ETF USD|IE000X9TLGN8|WTER.DE|EUR|0.45|23.625|23.729999542236328|-0.013363946498332502|-0.07043088141042475|0.04207521501843736|0.09253257406564552|-0.031846999775305807|-1.8179200755299434|S
AMUNDI LIFECYCLE 2033 UCITS ETF Acc|LU2872292086|LC33.DE|EUR|0.18|10.741999626159668|10.685999870300293|-0.0001862256733837775|-0.012865313702938086|0.054170762365782554|0.043723262463185586|0.014942542065188968|0.977196983275167|S
iShares Asia Property Yield UCITS ETF USD Dist|IE00B1FZS244|IQQ4.DE|EUR|0.59|18.280000686645508|18.45599937438965|-0.03208720762478934|-0.02741143280461944|-0.04002329830240914|-0.055325634711475113|-0.051608740581479906|-1.5122453406064058|S
Xtrackers USD Corporate Bond Short Duration SRI PAB UCITS 2C EUR Hedged ETF|IE00BFMKQ930|XYLE.DE|EUR|0.21|19.45549964904785|19.44099998474121|-0.008207437536316142|-0.010728926932734306|-0.006003183234587706|-0.009293249551669214|-0.008764116545891376|-0.8638095618897639|S
Amundi Prime Eurozone UCITS ETF DR D|LU1931974429|PR1Z.DE|EUR|0.05|39.39500045776367|39.63999938964844|-0.01574018848463743|-0.02979926359102758|0.14416367741497327|0.0968954323688127|0.033722946124134845|-1.377935889438183|S
Xtrackers II Eurozone Government Bond 3-5 UCITS 1C ETF|LU0290356954|DBXQ.DE|EUR|0.15|202.8000030517578|203.02000427246094|-0.011117606587380147|-0.023309556694845135|-0.016250259247685084|-0.01877293285039916|-0.017359006860237503|-0.8737737208777044|S
Amundi EUR Corporate Bond 0-1Y ESG - UCITS DR (D) ETF|LU1686830065|LCVB.DE|EUR|0.08|128.4149932861328|128.41000366210938|0.0012084733037207585|0.004537053278162784|0.0057171613070992056|0.015499517035290511|0.007923864601427244|1.2668859253217688|N
iShares Edge MSCI World Minimum Volatility UCITS USD (Dist) ETF|IE00BMCZLJ20|UEEH.DE|EUR|0.3|5.934000015258789|5.86299991607666|0.0005057802132124589|0.02967204641248089|0.0794167809951869|0.08741565308814869|0.04635001602831745|1.8952511993917263|N
Amundi STOXX Europe 600 Consumer Staples UCITS Dist ETF|LU2082997359|DFOP.DE|EUR|0.3|126.77999877929688|127.41999816894531|-0.03309942418783485|-0.05893707221987521|0.033433507215025804|-0.007981253897528018|-0.029757778155968917|-1.7819793809408013|S
iShares   Govt Bond 7-10yr UCITS ETF EUR (Dist)|IE00B1FZS806|IBCM.DE|EUR|0.15|176.5399932861328|176.15499877929688|-0.020854185812440806|-0.04691466091803331|-0.03684508904191697|-0.03571835772515475|-0.036577239064504496|-0.9392756581558365|S
Xtrackers MSCI Europe Health Care UCITS ETF|LU0292103222|DXSE.DE|EUR|0.17|218.3000030517578|220.60000610351562|-0.05395448298263139|-0.07244530533072768|0.01534885140352471|-0.0321436484234332|-0.03785550154268191|-1.3237945674000235|S
UBS S&P USA Div Arist ESG Elite UCITS ETF USD dis|IE000JQ2IJD3|CHSB.DE|EUR|0.2|3.887500047683716|3.8450000286102295|-0.023854369564415667|-0.011869607216920985|0.12055899309825002|0.12915177524326094|0.03785062258527083|0.1519547885043|S
Janus Henderson EUR Ultrashort IG Bond Paris-aligned Climate Core UCITS ETF|IE000WXLHR76|TUCP.DE|EUR|0.15|10.92300033569336|10.92650032043457|0.0014670164376140438|0.005153281628802464|0.019983257934670373|0.014865818824201016|0.007931389050787052|1.3132403482524142|N
Invesco MSCI USA Universal Screened UCITS ETF Acc|IE00BJQRDM08|ESGU.DE|EUR|0.09|104.0999984741211|102.5999984741211|0.04037578467020819|0.03130568611338358|0.21654784206359734|0.19216672970615556|0.1080125894478694|2.1404432231515256|N
Vanguard U.K. Gilt UCITS ETF GBP Acc|IE00BH04GW44|VX6F.DE|EUR|0.05|23.81999969482422|23.513999938964844|0.009621467336624834|-0.014969792556307926|0.035202062489581465|0.005190496209248385|0.0029655158277972493|1.6620646047569199|N
UBS SBI Foreign AAA-BBB 5-10 ESG UCITS CHF dis ETF|LU0879399441|UEFZ.DE|EUR|0.2|14.66349983215332|14.359000205993652|0.005278830659898315|-0.02752681183587069|-0.009953653413973584|-0.00726252460086263|-0.017182485060061148|1.8708335613332527|N
Xtrackers MSCI Japan Screened UCITS ETF|IE00BPVLQD13|XDNY.DE|EUR|0.15|21.5|21.145000457763672|0.06726232372529561|0.05813921615673712|0.33992427274507087|0.27985495829755846|0.1350294665854186|2.8474961358237314|N
UBS MSCI EM Socially Responsible UCITS USD acc ETF|LU1048313974|UETE.DE|EUR|0.24|28.030000686645508|27.549999237060547|0.042782796197308626|0.03279297409772708|0.48589907816539846|0.3773955853174835|0.15685427771724125|1.3260190589760101|N
L&G Multi-Strategy Enhanced Commodities ex-Agriculture & Livestock UCITS ETF|IE000MQ5XEW1|XEXA.DE|EUR|0.3|13.404000282287598|13.383999824523926|0.031394273874182144|0.14662110893318747|0.41273191408608545|0.34013202125086184|0.10233392957093623|0.13576260066641013|B
Amundi MSCI Japan ESG Broad Transition UCITS - Hedged EUR (C) ETF|LU2490201840|AHYZ.DE|EUR|0.2|116.12000274658203|114.19999694824219|0.02056603965890469|0.011145998341250962|0.3709563982338717|0.22502375382465756|0.08211323875327903|1.9423237921062526|N
Amundi US TIPS UCITS ETF Dist|LU1452600270|TIUP.DE|EUR|0.09|101.63999938964844|100.18499755859375|0.007683552692140383|-0.01368271344350358|0.019375323620280493|0.02621058019649669|0.007698868741559783|2.868827570095966|N
Amundi DJ Switzerland Titans 30 UCITS Dist ETF|LU2611732632|AK8F.DE|EUR|0.25|10.269499778747559|10.270000457763672|-0.0024285367285724613|-0.006001091258550084|0.0034376496767447584|-0.000970700487085141|-0.0019642432924290576|-0.04215422610797361|S
Xtrackers MSCI EMU High Dividend Yield ESG UCITS ETF|IE000VCBWFL8|XZDZ.DE|EUR|0.25|39.7599983215332|40.08000183105469|-0.014622061335796466|-0.02066665564199488|0.08340446648266986|0.04478414606947112|0.01644387131661218|-1.5868287753174994|S
UBS MSCI Pacific Socially Responsible UCITS USD dis ETF|LU0629460832|UIMT.DE|EUR|0.28|90.45999908447266|89.94999694824219|0.04759699690768748|0.06653326874823184|0.27184819481950884|0.22646752488280986|0.12427114523927929|2.121458165585447|N
iShares MSCI Japan EUR Hedged UCITS ETF (Acc)|IE00B42Z5J44|IBCG.DE|EUR|0.64|146.6750030517578|145.77999877929688|0.024374100308490076|0.007867823006014074|0.38660431787095884|0.2351059445419359|0.08957044021365057|1.7401560452177347|N
State Street SPDR Bloomberg Euro Government Bond UCITS ETF|IE00B3S5XW04|SYBB.DE|EUR|0.07|53.36600112915039|53.29600143432617|-0.01749025572292362|-0.03989721716877648|-0.03033043442579375|-0.02922960760191018|-0.030718127449436472|-1.1951087309760535|S
JPM All Cntr Rsch Enh Idx Eqt Actv UCITS EUR A ETF|IE000T4LTZ00|JREW.DE|EUR|0.26|29.31999969482422|29.104999542236328|0.024637425453262862|0.02499563586890341|0.212321701148392|0.17491483808708108|0.08596412688088728|1.7265429759091913|N
iShares MSCI All Country World SRI UCITS USD A ETF|IE000JTPK610|CBUY.DE|EUR|0.2|7.735000133514404|7.626999855041504|0.02640663011210287|0.020313980386462704|0.20276782049984488|0.18199877103677764|0.09052793553764271|2.160672971018414|N
UBS MSCI World Selection UCITS hEUR acc ETF|IE0009W21NT4|CSY7.DE|EUR|0.18|265.1000061035156|265.3999938964844|0.00037738152270039294|0.019223375173663237|0.15840069492330744|0.11785795035369628|0.06219300445514264|0.7758255097128567|N
Amundi MSCI Europe ESG Broad Transition UCITS DR - EUR (D) ETF|LU2678230652|CEUE.DE|EUR|0.12|14.6899995803833|14.755999565124512|-0.020536108921076934|-0.027667475955829968|0.14257979787715014|0.08525408593002792|0.024015897137137143|-1.3448674022563316|S
State Street SPDR S&P UK Dividend Aristocrats UCITS ETF|IE00B6S2Z822|SPYG.DE|EUR|0.3|15.071999549865723|15.324000358581543|-0.01970175224001547|0.0030073458671777686|0.1793434164679657|0.12509737019668243|0.04918773938997556|-1.51922405700481|S
JPM EUR Aggregate Bond Active UCITS ETF EUR dist|IE0008QIFH42|JGGE.DE|EUR|0.3|9.508399963378906|9.486800193786621|-0.013201059141049742|-0.03509513046415269|-0.02598314812553426|-0.027288617313503183|-0.025972433227582692|-0.7912641002857966|S
Amundi Euro Government Bond 5-7Y UCITS ETF Acc|LU1287023003|LYXC.DE|EUR|0.15|155.47500610351562|155.4149932861328|-0.017069681657339353|-0.03757462090582109|-0.028068579609072053|-0.02834190712459883|-0.028696291588492184|-0.9622045266723485|S
iShares iBonds Dec 2028 Term Italy Govt Bond UCITS EUR (Dist) ETF|IE000Q2EQ5K8|28IY.DE|EUR|0.12|5.047999858856201|5.050000190734863|-0.0034178596274215822|-0.006963547000237047|0.0024974313568590922|-0.0014846027173889276|-0.0029244758527909864|-0.47976302036415175|S
Invesco BulletShares 2027 EUR Corporate Bond UCITS - Acc ETF|IE000LGHLQ71|BSE7.DE|EUR|0.1|5.7129998207092285|5.704400062561035|0.00021004276574232428|0.004395150780883705|0.018069694906128975|0.013662111811542088|0.007221179569050884|2.7060700511134366|N
Amundi Core MSCI USA UCITS EURH Acc ETF|IE000N85G7P8|WEBU.DE|EUR|0.07|5.635000228881836|5.638999938964844|0.004635411291374236|0.021203352723385693|0.12700004577636714|0.11078262955439167|0.06101499212731554|0.6798497648567956|N
BNPP Easy Low Carbon 300 World PAB UCITS ETF Cap|LU2194449075|LOWD.DE|EUR|0.3|20.350000381469727|20.030000686645508|0.040814256026239226|-0.005862185437714218|0.16365504170743472|0.1489386011850502|0.0836702790612407|2.3693846490018893|N
abrdn Future Real Estate UCITS ETF USD Acc|IE000GGQK173|R8T.DE|EUR|0.4|9.746999740600586|9.793999671936035|-0.031113386278371458|-0.06440780057606765|0.04312926839175857|0.056699887769571466|-0.02367542180831106|-1.7364954115778182|S
UBS MSCI USA UCITS ETF USD dis|LU0136234654|UIM6.DE|EUR|0.14|664.4000244140625|656.1199951171875|0.039489411618433445|0.0426493209939216|0.20459061129028777|0.1842331144847993|0.10638045849718014|2.005362653012834|N
Invesco Gl Crp Bd ESG Cl Transition UCITS ETF Dist|IE000FVQW7E7|GLBD.DE|EUR|0.15|4.399099826812744|4.3541998863220215|0.0039972353453114895|-0.022104349787515853|0.008383649146124883|0.007781329702563289|-0.0007553386059249156|1.5782090614535336|N
Amundi S&P Eurozone Climate Paris Aligned UCITS Dist ETF|LU2932780914|EPAZ.DE|EUR|0.14|27.045000076293945|27.235000610351562|-0.017973886084887924|-0.01636663936002991|0.11057051716040944|0.08592649390272622|0.03834824472038911|-1.0935453633618681|S
Xtrackers II Target Maturity Sept 2030 EUR Corporate Bond UCITS ETF|LU2809864296|XB30.DE|EUR||35.290000915527344|35.15999984741211|-0.004709925076709198|-0.01538064952298801|-0.005338194036993538|-0.006611983265319976|-0.007828011850445904|0.40644937852074586|S
Vanguard LifeStrategy 20% Equity UCITS ETF EUR Dis|IE00BMVB5L14|V20D.DE|EUR|0.25|22.06999969482422|21.985000610351562|-0.008980725587265481|-0.02150301945419475|0.012485975655961212|0.006586417797916688|-0.005981138747943704|-0.6090838046088376|S
StSt SPDR MSCI Europe Com Services UCITS ETF|IE00BKWQ0N82|SPYT.DE|EUR|0.18|72.30999755859375|71.52999877929688|-0.05526526399708298|0.004026672161130396|-0.07068500414562151|-0.008093332715167545|-0.035687341419670116|-1.3665585590752147|S
Franklin FTSE Developed Word UCITS ETF|IE000CVOSY02|DWLD.DE|EUR|0.09|32.95000076293945|32.685001373291016|0.0288836594219386|0.03000940914941852|0.22037039862738705|0.18439975285368693|0.0940156408641677|1.8102843002148468|N
Xtrackers II Italy Government Bond 0-1 Swap UCITS 1C ETF|LU0613540268|XBO2.DE|EUR|0.15|34.24599838256836|34.262001037597656|0.0009644617584223525|0.003957618401443819|0.017530312087499667|0.010087277628820779|0.006643398150272928|-0.03181814956484408|B
iShares iBond Dec 2027 Term   Corp UCITS ETF EUR A|IE000ZOI8OK5|IB27.DE|EUR|0.12|5.649600028991699|5.643400192260742|0.001169573446652139|0.00326754382622374|0.017102990512360083|0.012473137318506966|0.00667894738621011|2.322530467716129|N
Invesco Global Clean Energy UCITS ETF Dist|IE00BLRB0028|G1CD.DE|EUR|0.6|19.691999435424805|19.374000549316406|0.013099481541412272|-0.10916567301862234|0.150717646553987|0.0807898974627772|-0.046786175344013414|0.6597288071102149|S
Northern Trust Listed Private Eq UCITS ETF USD Acc|IE0008ZGI5C1|FLPE.DE|EUR|0.4|25.2450008392334|24.934999465942383|-0.07170431614168937|-0.027355002371784898|-0.17066358750591426|-0.1576576103562224|-0.043172791288745405|-0.9061481246650467|S
Amundi STOXX Europe 600 Healthcare UCITS Dist ETF|LU2082997516|EHLT.DE|EUR|0.3|185.67999267578125|187.60000610351562|-0.05120084020804039|-0.07113557606243237|0.013536841554670387|-0.031504321439935645|-0.03926978186096042|-1.1321054194456392|S
Invesco STOXX Europe 600 Optimised Industrial Goods & Services UCITS Acc ETF|IE00B5MJYX09|SC0S.DE|EUR|0.2|570.0999755859375|565.9000244140625|-0.0008762706298516276|-0.029121315166227735|0.08528457802025557|0.09319266651186475|0.027852114952972906|0.32770026479445696|S
Amundi MSCI Eu ESG Brd Transition UCITS ETF EUR A|LU1681042609|CEUG.DE|EUR|0.12|433.70001220703125|435.6000061035156|-0.02143501746015808|-0.029102305002792095|0.1413158215974506|0.0849281105866948|0.023255073337606236|-1.4239000765604453|S
iShares US Aggregate Bond UCITS ETF USD (Dist)|IE00B44CGS96|EUNX.DE|EUR|0.25|80.41000366210938|79.2959976196289|0.011293925606111976|-0.015933943066183454|0.020094294479382713|0.017911160727781095|0.006197207696825524|2.286063873320585|N
UBS J.P. Morgan CNY China Gov 1-10 UCITS USD acc ETF|LU2095995895|JC11.DE|EUR|0.33|12.52299976348877|12.347999572753906|0.035600582181017915|0.03478759864071068|0.13484367346190962|0.108377191294313|0.06191416695480134|2.0772204798421186|N
L&G China CNY Bond UCITS ETF USD Dist|IE00BLRPQL76|DRGN.DE|EUR|0.3|9.39739990234375|9.27340030670166|0.03730934855411383|0.03951313014738389|0.13900293689015153|0.1122334655823376|0.06508086234939792|2.1251145966583422|N
Invesco RAFI Emg Mkts Fundmntal Val UCITS ETF Dist|IE00B23D9570|6PSK.DE|EUR|0.49|11.982000350952148|11.833999633789062|0.020372962894562807|0.038966586955468285|0.3108520042755931|0.24472430292083325|0.10967681773041549|1.2603268581020155|N
Invesco Bloomberg Commodity ex-Agriculture UCITS Acc ETF|IE00BYXYX521|XAAG.DE|EUR|0.19|42.189998626708984|42.21500015258789|0.023408130704811736|0.12807478356693758|0.4523235709034057|0.3511608682556291|0.09821812307154332|-0.30339394005401404|B
UBS CMCI ex-Agriculture SF UCITS USD acc ETF|IE00BZ2GV965|UEQU.DE|EUR|0.34|277.04998779296875|276.79998779296875|0.029351640630252973|0.12165986960716091|0.4139531710775475|0.3290956673017358|0.11446121418608168|0.512866597246328|N
Xtrackers II Eurozone Government Bond 3-5 UCITS 1D ETF|LU0614173895|X03C.DE|EUR|0.15|179.22000122070312|179.22500610351562|-0.01024435045590133|-0.02219625185949725|-0.015416864429469879|-0.016971676433038763|-0.016398284527034623|-0.6913268305074287|S
Amundi Global Agg SRI 1-5 UCITS DR - USD (C) ETF|LU2470620761|AHYF.DE|EUR|0.14|49.104000091552734|48.69599914550781|0.014440684431022532|0.00612641705782857|0.023917245482689697|0.0268077774454083|0.01697095496867229|3.3105712299482706|N
iShares MSCI Europe Climate Transition Aware UCITS EUR (Acc) ETF|IE000U3XZQN5|ECTA.DE|EUR|0.12|6.011000156402588|6.0279998779296875|-0.018451978239594213|-0.028132544541101034|0.11728625065786691|0.04575504607019987|0.02131667655738201|-1.1119958626220767|S
WisdomTree Gl Ex-USA Qual Div Gr UCITS ETF EUR Acc|IE000X7DRW38|DGXU.DE|EUR|0.3|29.274999618530273|28.915000915527344|0.0|0.004288164721639953|0.15620063078099156|0.10492540823702456|0.043179232648496324|0.6316938372769015|S
JPM Eurozone Research Enhanced Index Equity Active UCITS EUR (dist) ETF|IE000783LRG9|JRZD.DE|EUR|0.25|39.400001525878906|39.64500045776367|-0.015369183384984053|-0.029778095408791505|0.15215732338739674|0.10028262159493173|0.033311920724057975|-1.1590026002678477|S
iShares MSCI UK Small Cap UCITS ETF GBP (Acc)|IE00B3VWLG82|SXRD.DE|EUR|0.58|331.04998779296875|334.04998779296875|-0.0021100594032592568|0.024763969361691895|0.12755443089551322|0.09582913308360985|0.045124530467971935|0.13720988203552978|S
Amundi MSCI Em Mkts Swap II UCITS ETF EUR Acc|FR0010429068|LYM7.DE|EUR|0.55|19.649999618530273|19.20199966430664|0.04343664264520242|0.01858328928679409|0.33532668149461586|0.27427773880882156|0.11244732000383983|1.5841482806832232|N
StSt SPDR S&P US Con St Sel Sector UCITS ETF Acc|IE00BWBXM385|ZPDS.DE|EUR|0.15|39.404998779296875|39.369998931884766|-0.008679275992531488|-0.006429678998898791|0.10703743300836699|0.10548459175890557|0.004145365945655177|0.2933751280519532|S
Vanguard EUR Cash UCITS ETF (Acc)|IE000SOORXS0|VCAA.DE|EUR|0.07|15.255000114440918|15.252099990844727|0.0019638985424945687|0.005623080708157202|0.017000007629394576|0.015395698642288291|0.008309056158549044|1.7796805392826502|N
Invesco EUR Gv and Rltd Grn Bd Wghtd UCITS ETF Acc|IE0007BT2BH8|EGVA.DE|EUR|0.15|5.221199989318848|5.215400218963623|-0.0167972317871804|-0.03884245193773361|-0.031568771649441496|-0.030381809770946733|-0.030868650763190564|-1.0545013707862994|S
Amundi Euro Government Inflation-Linked Bond UCITS Dist ETF|LU1650491795|E15H.DE|EUR|0.09|139.01499938964844|140.0399932861328|-0.030916679351299825|-0.04064731678870115|-0.011246765289258387|-0.008735068850060368|-0.031036088653709992|-2.0850763370737804|S
Invesco MSCI Em Markets ESG Cl PA UCITS ETF Acc|IE000PJL7R74|PAUM.DE|EUR|0.19|5.533999919891357|5.446000099182129|0.028624498545469335|-0.008065975322587349|0.20592714065739526|0.22284833479986266|0.09451622880996502|1.0627237526239108|N
Goldman Sachs EUR InvGr Crp Bd Act UCITS ETF EUR D|IE0009EDBBS3|GIGE.DE|EUR|0.18|48.858001708984375|48.72200012207031|-0.007757919505706923|-0.02266294874880448|-0.009322760195415336|-0.008581671091261844|-0.011759869607658624|-0.07338077434973499|S
Invesco BulletShares 2026 EUR Corporate Bond UCITS - Dist ETF|IE000AYJ75E5|BE26.DE|EUR|0.1|5.410999774932861|5.409599781036377|0.0022218528505815183|0.005663793516002658|0.021053369406502265|0.016619150572965813|0.008685672326003369|1.849688583521816|N
Xtrackers STOXX Europe 600 UCITS ETF|LU2581375156|XSX7.DE|EUR|0.07|97.88999938964844|98.38999938964844|-0.02207791326834041|-0.025897981742758702|0.14248043944575972|0.0842460377552372|0.023743858293090447|-1.4394745510292857|S
Invesco STOXX Europe 600 Optimised Automobiles & Parts UCITS Acc ETF|IE00B5NLX835|SC0P.DE|EUR|0.2|371.3500061035156|376.04998779296875|-0.07451711874513245|-0.07555390884049462|-0.19898619237593762|-0.22157003331760916|-0.11031462073617548|-1.7459038131023628|S
HSBC Global Government Bond UCITS C H EUR ETF|IE000QL3QEM2|H41S.DE|EUR|0.1|10.163000106811523|10.126500129699707|-0.010707647153677113|-0.022506511393045936|-0.024523668579202407|-0.02231845509721697|-0.019841378318202874|-0.7857578695231896|S
BNP Paribas Easy Growth Europe UCITS ETF Cap|LU2244387887|EGRE.DE|EUR|0.31|11.670000076293945|11.649999618530273|-0.011184542363195549|-0.021301552720019323|0.06809449563361869|0.07320218045353477|0.029223973701030914|-0.3607588985556293|S
iShares   Aggregate Bond ESG SRI UCITS ETF EUR D|IE00B3DKXQ41|EUN4.DE|EUR|0.16|103.4000015258789|103.1500015258789|-0.01326461854665828|-0.03306391325856983|-0.023680960098617088|-0.02233118356268382|-0.02386222197222021|-0.7013461260584859|S
VanEck Morningstar US Wide Moat UCITS ETF USD A|IE0007I99HX7|WMOT.DE|EUR|0.46|22.915000915527344|22.674999237060547|-0.03210130289438451|0.019804255263522696|0.11318930943320837|0.06979462343176901|0.04519688046897996|0.04262599031222841|S
UBS MSCI Pacific Socially Responsible UCITS USD acc ETF|LU0950674928|USUP.DE|EUR|0.28|13.663999557495117|13.62399959564209|0.03327280559171619|0.06984021475442859|0.2677676481955753|0.21782524352056098|0.12955208388971107|2.0986206237147105|N
Franklin Euro Short Maturity UCITS ETF (Dis)|IE00BFWXDY69|FVSH.DE|EUR|0.15|25.57699966430664|25.62299919128418|-0.0023793128486166992|-0.002301451708388691|0.01234337879715186|0.007725458769096916|0.001686665297488954|-2.3523091062073047|S
Xtrackers MSCI China A UCITS ETF|LU0292109856|DBX9.DE|EUR|0.35|34.04999923706055|34.06999969482422|-0.02463479272731406|-0.08319871306861482|0.031037022371624534|0.011286043622827258|-0.031736595731869266|-1.3314424357055206|S
Invesco MSCI USA UCITS EUR Hdg Acc ETF|IE000CH3OQ51|MXUE.DE|EUR|0.05|7.25|7.228000164031982|0.008906224722354805|0.02479288932600876|0.13373362559380952|0.11655273133068866|0.06538119288661348|1.2429819318638928|N
iShares $ Treasury Bond 7-10yr UCITS EUR Hedged (Acc) ETF|IE000K1VI152|CEMF.DE|EUR|0.1|4.875|4.845799922943115|-0.025623611444815952|-0.04103392132243233|-0.050854708472219734|-0.05122412832118828|-0.04093354577296848|-0.9923120967316341|S
Invesco EURO STOXX 50 Equal Weight UCITS Dist ETF|IE000DB78H45|EWSD.DE|EUR|0.2|5.295000076293945|5.331999778747559|-0.03877709093565762|-0.03475808626818855|0.08160121184624125|0.034104027079388644|0.00864086129439623|-1.9232186517302474|S
iShares US Mortgage Backed Sec UCITS ETF USD D|IE00BZ6V7883|QDVP.DE|EUR|0.29|3.5622000694274902|3.502700090408325|0.004285350545895961|-0.02188417907258522|0.020070000754421446|0.011788276923064389|-0.0011338128522582203|1.3392370711812733|N
JPM Global Eq Prem Inc Active UCITS ETF USD (acc)|IE000WX7BVB0|JEGA.DE|EUR|0.35|28.094999313354492|27.84000015258789|0.0008906169861797597|0.030064150551522673|0.0774687820253519|0.06723641022289573|0.037682683685842155|2.1176138156978515|N
iShares iBond Dec 2027 Term $ Corp UCITS ETF USD A|IE000I1D7D10|CEBK.DE|EUR|0.12|104.95999908447266|103.74500274658203|0.03246109879487702|0.0236005280606435|0.07569641273638372|0.06792563117708972|0.045467207256231434|2.203978774661279|N
Amundi S&P World Health Care Screened UCITS Dist ETF|IE000JKS50V3|WELG.DE|EUR|0.18|11.486000061035156|11.600000381469727|-0.015598230782151057|0.01970881776218425|0.12151228682763549|0.054944061602572924|0.055912444048435095|0.3744995398135855|B
Invesco STOXX Europe 600 Optimised Telecommunications UCITS Acc ETF|IE00B5MJYB88|SC0Q.DE|EUR|0.2|136.66000366210938|133.75999450683594|-0.018529170707202725|-0.02816094149184134|0.15695902882176171|0.11486377566269246|-0.03435369338872141|-1.007580851088521|S
Amundi JPX-Nikkei 400 UCITS ETF - EUR (C)|LU1681038912|JP40.DE|EUR|0.18|263.70001220703125|261.04998779296875|0.050597658195343564|0.04229253836771241|0.3171828982355367|0.2605163291291672|0.11363211679989393|2.528507191694292|N
Global X Cloud Computing UCITS ETF USD Acc|IE00BMH5YF48|CL0U.DE|EUR|0.55|12.857999801635742|12.5|0.10029094166893326|0.2685477711249311|0.3100356955016399|0.3830267717113751|0.3212579201340835|1.8757067569852401|N
BNPP Easy EUR Corp Bond SRI PAB 7-10Y UCITS ETF C|LU2742532828|BJLU.DE|EUR|0.15|10.41100025177002|10.355500221252441|-0.011300995652313683|-0.03797812929134736|-0.02700930492025544|-0.020002788264190663|-0.023961024270051978|-0.11241039543910626|S
Regan Total Return Income UCITS ETF USD Acc|IE000TD32PU3|MBSR.DE|EUR|0.75|9.493800163269043|9.391400337219238|0.031598401872737325|0.02061923420219336|0.08547718882942035|0.07415372517165464|0.04574292632015742|2.0111322219188352|N
HSBC JAPAN SCREENED EQUITY UCITS ETF USD|IE00BKY55S33|XU8Z.DE|EUR|0.18|24.010000228881836|23.81999969482422|0.04664340322205551|0.0638015309494151|0.3367108546741988|0.25078148039512604|0.12529302105647577|1.976537995814995|N
iShares STOXX Europe 600 Automobiles & Parts UCITS (DE) EUR (Acc) ETF|DE000A2QP4A8|EXHG.DE|EUR|0.46|4.441999912261963|4.491499900817871|-0.06523568018434489|-0.06621821720438903|-0.196454412020437|-0.1941219440076225|-0.09096445484400495|-1.829176091155784|S
Vanguard FTSE 100 UCITS ETF GBP Acc|IE00BFMXYP42|VUKG.DE|EUR|0.09|66.44999694824219|66.70999908447266|-0.013948693425135161|-0.0007519255903430944|0.17382081313900044|0.10400396186012473|0.031245367671723923|-1.5780151912294345|S
Xtrackers II Germany Government Bond 0-1 UCITS ETF|LU2641054551|XG01.DE|EUR|0.07|35.172000885009766|35.13100051879883|0.0027083622206089952|0.005488889230590432|0.020158356899731222|0.015358011106671787|0.008695045157852022|2.80424183331218|N
Amundi STOXX Europe 600 Basic Resource UCITS ETF A|LU1834983550|LBRE.DE|EUR|0.3|137.36000061035156|134.75999450683594|-0.0613639193129728|0.06662526721839068|0.4766717433610035|0.23392023883322066|0.03776479376142783|-0.7181707793130974|S
iShares Europe Defence UCITS EUR (Acc) ETF|IE000IAXNM41|DFNC.DE|EUR|0.35|5.199999809265137|5.210000038146973|-0.03435476541383797|-0.06424335804557346|-0.1029843245026194|0.0013479625839376563|-0.05155832952627537|-1.1947169073621886|S
iShares Blockchain Technology UCITS ETF (Acc)|IE000RDRMSD1|CBUT.DE|EUR|0.5|16.030000686645508|15.295999526977539|0.11769632395190088|0.01764860552071612|-0.07915901795217295|0.14255174566926154|0.08501572822737402|0.4433315238391835|B
BNPP Easy ECPI Circular Economy Leaders UCITS ETFC|LU1953136527|EMEC.DE|EUR|0.3|22.639999389648438|22.530000686645508|0.00022085976214047953|-0.018213360191714156|0.1354061576367167|0.10844554395717387|0.03809874782235556|1.0722601256413178|S
First Trust Bloomberg Global Semiconductor Supply Chain UCITS - A USD ACC ETF|IE000KXTLDE2|FCHP.DE|EUR|0.6|47.43000030517578|44.80500030517578|0.17736131276720513|0.029296840722156547|1.0421958891771745|0.8224784246069599|0.28143214228773217|2.534694549116254|N
Vanguard ESG EUR Corp Bond UCITS ETF EUR Acc|IE000QADMYA3|V3RE.DE|EUR|0.09|5.723800182342529|5.709000110626221|-0.006491663046990448|-0.022408170162861674|-0.010579026220192134|-0.009346100598955576|-0.0123338015984219|-0.023875319669500863|S
Invesco S&P 500 CTB Net Zero Pathway ESG UCITS ETF Acc|IE000N1ZEIG9|CTBA.DE|EUR|0.09|5.71999979019165|5.642000198364258|0.03792408416941351|0.05069802253589972|0.1952773442517135|0.17273187556891734|0.10712601809414335|2.2324034138471602|N
JPMorgan US Eqt Premium Inc Active UCITS ETF USD D|IE000U5MJOZ6|JEIP.DE|EUR|0.35|21.665000915527344|21.43000030517578|0.01608032748009447|0.025722483403021412|0.11426670848261011|0.08609149436616392|0.04698757641031803|2.167349977502607|N
Xtrackers II ESG EUR Corporate Bond UCITS 1C ETF|LU0484968903|XB4D.DE|EUR|0.16|7.047399997711182|7.024799823760986|-0.006932905560025016|-0.02222655480660063|-0.010752396685673848|-0.009501022569443962|-0.012279446932777605|-0.005889535382745082|S
UBS Core BBG EUR Gov 1-10 UCITS ETF EUR acc|LU0969639474|CHSF.DE|EUR|0.09|16.792999267578125|16.797500610351562|-0.012612108251947918|-0.027535693548260576|-0.018469811125766067|-0.019243697394743853|-0.02023264499264843|-0.9608382792739327|S
HSBC MSCI USA Climate Paris Aligned UCITS ETF USD|IE00BP2C1S34|HPAU.DE|EUR|0.12|47.625|47.10499954223633|0.04543957152798073|0.048777805770332305|0.17607115091195236|0.16371413287338843|0.11257897675629192|1.7138004795932391|N
Xtrackers MSCI China A Screened Swap UCITS ETF|LU2469465822|XCNA.DE|EUR|0.29|18.59600067138672|18.56599998474121|-0.018058879444244225|-0.06515179539783589|0.08863130043609302|0.055391588289832594|-0.005831800796378017|-1.0590924071825656|S
Fidelity Pj Research Enhance Etf Acc|IE00BNGFMY78|FEPX.DE|EUR|0.2|6.5970001220703125|6.611000061035156|-0.023823583513852498|0.04152194613998672|0.1188942036139986|0.12981672680008471|0.04560020152588873|-0.7387213000908566|S
Invesco MSCI Europe Universal Scrnd UCITS ETF Acc|IE00BJQRDL90|ESGE.DE|EUR|0.16|81.11000061035156|81.51000213623047|-0.020410656752631318|-0.024768517541736923|0.1550840102582869|0.09371624332582318|0.030719544458386316|-1.4061037807021879|S
iShares US Large CapMax Bffr Sep UCITS ETF USD Acc|IE000ON9GR24|MAXS.DE|EUR|0.5|4.790500164031982|4.718999862670898|0.04118677217816247|0.03802825603852544|0.10532995887252117|0.10253173655980352|0.06775529818329273|2.2820539071865036|N
BNP Paribas Easy Overnight UCITS ETF Cap|LU3025345516|EDEG.DE|EUR|0.1|10.319600105285645|10.318699836730957|0.0022727129581225913|0.006387714220053242|0.024359297676428193|0.018475440607549132|0.009825050780037037|1.7217681188050433|N
Vanguard Global Government Bond UCITS EUR Hedged Accumulating ETF|IE000B1A2798|VGGF.DE|EUR|0.1|4.9029998779296875|4.8871002197265625|-0.01316321624186978|-0.02806964510766452|-0.03431026159738382|-0.03225173131585468|-0.026562480938615463|-0.8716777717463535|S
iShares iBond Dec 2035 Term   Corp UCITS ETF EUR A|IE000O1FWAW6|IG35.DE|EUR|0.12|4.879499912261963|4.855999946594238|-0.013285621332745023|-0.04105415837171411|-0.0204954029664679|-0.023826690212484736|-0.026614077693302374|-0.30545384401858355|S
JPM Global IG Corp Bond Active UCITS ETF USD A|IE000S2QZKI8|JIGG.DE|EUR|0.25|9.075599670410156|8.983200073242188|0.0019208880493388758|-0.022636747528748224|0.0074596717846044935|0.005495196919587553|-0.0030475990532549124|1.1778040075593836|S
Franklin STOXX Europe 600 Paris Aligned Climate UCITS ETF|IE00BMDPBY65|FLXP.DE|EUR|0.15|42.15999984741211|42.595001220703125|-0.020218427993619836|-0.03213961161023571|0.10323170689709049|0.06680160321531092|0.01871304805691887|-1.230140154015506|S
JPM Global Research Enhanced Index Equity Active UCITS EUR acc) ETF|IE0005MWBFR7|JGIE.DE|EUR|0.24|32.18000030517578|31.895000457763672|0.024514500525447014|0.030254511809134854|0.2005222883344695|0.1672107602967079|0.08736146103020981|1.9597581774783708|N
Fidelity Global Government Bond Climate Aware UCITS - EUR Hedged Inc ETF|IE000G4ONBO6|FFGC.DE|EUR|0.25|4.60699987411499|4.5995001792907715|-0.014397945549387448|-0.01842170124217435|0.012477107714569113|0.0005073172146121685|-0.009576022726499045|-1.255016190114028|S
iShares Corp Bond ESG SRI UCITS EUR (Acc) ETF|IE000L2TO2T2|SUA0.DE|EUR|0.14|5.315400123596191|5.3024001121521|-0.008320897165532304|-0.02333526670953967|-0.00998320634402139|-0.010462436868967084|-0.012947491514443188|-0.24596857452966175|S
HSBC MSCI Europe Cl Paris Aligned UCITS ETF EUR|IE00BP2C0316|HPAE.DE|EUR|0.15|28.040000915527344|28.135000228881836|-0.019237468839634175|-0.032603059338447093|0.10350260070478079|0.06514720238877558|0.016466870247682897|-0.9909818303302901|S
Fidelity EUR HY Crp Bd Rs Enh PAB UCITS ETFInc EUR|IE000HDEYKM3|FYEI.DE|EUR|0.3|4.817500114440918|4.850299835205078|-0.025941145539174593|-0.04026213314810567|-0.051710665515419474|-0.04490258564701677|-0.03842309103888142|-2.1984768716540093|S
BNPPE MSCI Wld Equal Wght Select UCITS ETF EUR C|IE0008D0AIU9|ESAE.DE|EUR|0.2|13.142000198364258|13.09000015258789|-0.007551686347873066|0.004432938413221121|0.1615697408263217|0.12690795178113934|0.049981600597444054|-0.2903105906991858|S
Franklin Euro IG Corporate UCITS ETF|IE000H0TSO96|EIGC.DE|EUR|0.15|25.74799919128418|25.697999954223633|-0.009730405166896827|-0.02502939132547477|-0.012441046367042796|-0.011269637655078601|-0.015010498088998458|-0.40874001259271847|S
Amundi Global Aggregate Green Bond UCITS ETF Acc|LU1563454310|KLMT.DE|EUR|0.25|47.83100128173828|47.60300064086914|-0.010836485688317521|-0.03275967978173433|-0.022100864709970414|-0.018085902575022406|-0.022167862904418967|-0.44470962109034445|S
JPM All Cntr Rsch Enh Idx Eqt Actv UCITS ETF EURHA|IE0001JABD69|JRWE.DE|EUR|0.28|30.149999618530273|30.21500015258789|0.0008298628557767973|0.0048325433034261955|0.15561515684926763|0.11790880185900376|0.05010460676855133|-0.03986226766197779|S
iShares iBonds Dec 2033 Term Corp UCITS EUR (Acc) ETF|IE000ZBGZQM8|IG33.DE|EUR|0.12|5.0802001953125|5.0584001541137695|-0.011134027584602801|-0.03403557528635892|-0.022888127890524856|-0.01812902878570377|-0.02124692741382428|-0.039433605806404974|S
Schroder Global Equity Active UCITS ACC USD ETF|IE000BNLRWE6|SAHE.DE|EUR|0.25|10.494000434875488|10.399999618530273|0.031047354172306196|0.0322644163731034|0.2147239853011178|0.18109174615025792|0.09452740638607793|1.9300484990394096|N
L&G Global Equity UCITS ETF USD Acc|IE00BFXR5S54|LGGL.L|EUR|0.1|27.84000015258789|27.854999542236328|-0.0009868180599887921|0.02155764084092282|0.15746805602375247|0.12416720527862313|0.06076590844248653|0.09193920874882215|B
Leverage Shares 1x Tesla|XS2337093798|TSLA.L|EUR||656.0|641.0|0.01863354037267073|-0.1099050203527816|-0.20581113801452788|-0.18912237330037085|-0.08734878997196649|-0.6056870786354003|N
PIMCO Advantage EM Local Bond UCITS ETF USD Acc|IE00B4P11460|EMLB.SW|EUR|0.42|129.1699981689453|129.0050048828125|-0.016933719176277395|-0.0011985214224200513|0.05217284088413354|0.022480774928576697|0.003918081491346204|-1.428581072019505|S
UBS Core BBG US Treasury 10+ UCITS ETF hEUR Adis|LU1459800113|UST10.SW|EUR|0.07|9.36240005493164|9.290599822998047|-0.038037127704617535|-0.06530228994173315|-0.07371753803988157|-0.06595504149127696|-0.06404148471582416|-1.4147858944912657|S
Amundi Euro Government Bond 25+Y UCITS ETF A|LU1686832194|MTH.PA|EUR|0.07|68.0|67.06999969482422|-0.025229387648146195|-0.07933929815768614|-0.08089478355041302|-0.05817170534304905|-0.06679484467040375|-0.9204376660948123|S
Amundi MSCI Eu SmCp ESG Brd Transition UCITS ETF A|LU1681041544|CEM.PA|EUR|0.23|170.49000549316406|171.0399932861328|-0.01502103472029137|-0.010849356640552199|0.12429346979534328|0.09117439675613603|0.027064840294336312|-1.01367036417742|S
WisdomTree Uranium and Nuclear Energy UCITS - USD Acc ETF|IE0003BJ2JS4|NCLR.PA|EUR|0.45|41.29999923706055|41.18000030517578|-0.08242611026043423|-0.11163695964782361|-0.12249016377059552|-0.09340360091341715|-0.16345028774382264|-0.9887877507516156|S
BNP Paribas Easy ECPI Global ESG Hydrogen Economy UCITS ETF|LU2365458145|HYDRO.PA|EUR|0.3|13.85159969329834|13.882599830627441|-0.006868692311179481|-0.07482686192108823|0.24869054516221079|0.15547474132902006|0.0034361859635312353|-0.8858305846727927|S
Amundi MSCI USA Minimum Vol Factor - UCITS ETF (C)|LU1589349734|MIVU.PA|EUR|0.18|101.06800079345703|99.57499694824219|0.00226105180331837|0.02164220888192392|0.09018736443828357|0.1035190913134092|0.05743530095495286|2.3352608736494|N
iShares MSCI USA Clmt Trans Aware UCITS ETF USD D|IE000YG82CF0|UCTD.L|USD|0.07|5.333000183105469|5.314499855041504|0.031727612615990886|0.05291216640816421|0.16040148825395772|0.15049304367066973|0.09368974808893116|1.1975218426639638|N
