Rank all|Rank shortterm|Rank longterm|name|Category|reinvest|isin|yf_ticker|currency|totalExpenseRatio|Current price|Last day|Last month|Last 3 months|Last year|YTD Performance|200 avg|Z-score 20MA|Rank 1M|Rank 3M|Rank 1 Jaar|Rank 200 M|Total score
1|2|1|ARK Genomic Revolution UCITS ETF USD Acc|Other|Acc|IE000O5M6XO1|AAKG.DE|EUR|0,75|8,72599983215332|8,675000190734863|0,11003686101030996|0,2321378289701812|1,0293021965336382|0,856200688284636|0,5382831863278192|Wacht op Yahoo...|3,0|4,0|7,0|1,0|4,0
2|1|13|WisdomTree Multi Asset Issuer PLC Energy Enhanced EUR Daily Hedged ETC|Commodity / Energy|Unknown|XS2284324667|WNRG.DE|EUR|1,02|54,54499816894531|56,2599983215332|0,16434695357593454|0,355020519135794|0,737876719741958|0,9173579252219837|0,2916659219969413|Wacht op Yahoo...|1,0|1,0|15,0|13,0|6,9
3|5|2|Global X Genomics & Biotechnology UCITS ETF USDAcc|Healthcare / Biotech|Acc|IE00BM8R0N95|GN0M.DE|EUR|0,5|11,02400016784668|10,9399995803833|0,0927834895611519|0,22298649239980595|0,9095791823113808|0,5855026692044947|0,3965381971533677|Wacht op Yahoo...|10,0|5,0|13,0|5,0|7,75
4|6|22|WisdomTree Cybersecurity UCITS USD Acc ETF|Other|Acc|IE00BLPK3577|W1TB.DE|EUR|0,45|39,2599983215332|39,209999084472656|0,0929844187875124|0,20911601002653257|0,47372369448283647|0,7073275446265235|0,450416546232397|Wacht op Yahoo...|8,0|6,0|56,0|2,0|18,0
5|6|22|WisdomTree Battery Solutions UCITS ETF USD Acc|Other|Acc|IE00BKLF1R75|W1TB.DE|EUR|0,4|39,2599983215332|39,209999084472656|0,0929844187875124|0,20911601002653257|0,47372369448283647|0,7073275446265235|0,450416546232397|Wacht op Yahoo...|8,0|6,0|56,0|2,0|18,0
6|3|31|StSt SPDR MSCI Europe Energy UCITS ETF|Commodity / Energy|Unknown|IE00BKWQ0F09|SPYN.DE|EUR|0,18|315,95001220703125|315,1499938964844|0,07630735937846644|0,25626247398421964|0,5393423250038063|0,46137843046625493|0,1717432176118836|Wacht op Yahoo...|13,0|2,0|34,0|55,0|22,25
7|8|30|Market Access Jim Rogers International Commodity Index ETF|Commodity / Energy|Unknown|LU0249326488|M9SA.DE|EUR|0,6|41,060001373291016|41,755001068115234|0,07571399903018539|0,20818009815731653|0,5213042505183374|0,5012797367677604|0,18702515815304|Wacht op Yahoo...|14,0|8,0|40,0|47,0|24,7
8|9|21|L&G Healthcare Tech & Innovation UCITS ETF USD Acc|Technology|Acc|IE00BK5BC677|XMLH.DE|EUR|0,49|16,375999450683594|16,173999786376953|0,05583489419872123|0,1662156148856324|0,5324723609811726|0,2947501389078544|0,23623144722090839|Wacht op Yahoo...|34,0|23,0|35,0|25,0|28,05
9|19|15|WisdomTree Biorevolution UCITS ETF USD Acc|Other|Acc|IE000O8KMPM1|WRNA.DE|EUR|0,45|23,684999465942383|23,524999618530273|0,045464522095734594|0,15059511874392406|0,6498327914497743|0,46348241742532204|0,2759471946087715|Wacht op Yahoo...|53,0|36,0|18,0|16,0|30,05
10|4|43|VanEck Genomics & Hlth Cr Innvtrs UCITS ETF USD A|Healthcare / Biotech|Acc|IE000B9PQW54|CURE.DE|EUR|0,35|25,139999389648438|24,975000381469727|0,08082541454286907|0,23386500071894178|0,3914101331428097|0,32065561654876484|0,3035831924291301|Wacht op Yahoo...|11,0|3,0|102,0|9,0|30,15
11|14|38|Invesco BBG Commodity Carbon Tilted UCITS ETF USD|Commodity / Energy|Unknown|IE000CYTPBT0|CMOC.DE|EUR|0,35|7,354000091552734|7,4679999351501465|0,03592056842697211|0,18842919380694267|0,5244610845416289|0,4180486454826895|0,14463332239138182|Wacht op Yahoo...|94,0|13,0|38,0|76,0|44,0
12|24|36|iShares MSCI Poland UCITS ETF USD (Acc)|Other|Acc|IE00B4M7GH52|IBCJ.DE|EUR|0,74|37,185001373291016|37,5|0,039412991957306964|0,16166833249336898|0,5158989128579632|0,2848998164160499|0,16374326818342566|Wacht op Yahoo...|83,0|27,0|41,0|60,0|45,5
13|15|42|Amundi Global Memory Chips UCITS ETF Acc|Technology|Acc|LU2023678282|DRUP.DE|EUR|0,45|22,09000015258789|22,264999389648438|0,1223453431115078|0,123601237234783|0,4066479551204669|0,40682719557065594|0,2579336340234333|Wacht op Yahoo...|2,0|48,0|92,0|21,0|46,7
14|12|53|WisdomTree Broad Commodities UCITS ETF USD Acc|Commodity / Energy|Acc|IE00BKY4W127|PCOM.DE|EUR|0,19|15,208000183105469|15,329999923706055|0,04178658913582134|0,17599752510751143|0,45978113458680436|0,3848114821619837|0,1417974730651106|Wacht op Yahoo...|72,0|18,0|62,0|84,0|50,3
15|24|45|Amundi STOXX Europe 600 Energy Screened UCITS Dist ETF|Commodity / Energy|Distr|LU2082998167|OIGS.DE|EUR|0,3|150,77999877929688|149,77999877929688|0,04621151740044094|0,14626734434532151|0,5451433893267947|0,39792321459366087|0,13267075993387545|Wacht op Yahoo...|51,0|39,0|31,0|101,0|51,2
16|29|41|First Trust Nasdaq Cybersecurity UCITS ETF A USD|Technology|Unknown|IE00BF16M727|CBRS.DE|EUR|0,6|55,95000076293945|55,849998474121094|0,049128048789210954|0,11676651630718404|0,3928305529820355|0,498794482147463|0,3217818346364474|Wacht op Yahoo...|41,0|50,0|98,0|8,0|52,25
17|20|54|StSt SPDR S&P U.S. Energy Sel Sector UCITS ETF Acc|Commodity / Energy|Acc|IE00BWBXM492|ZPDE.DE|EUR|0,15|44,41999816894531|44,27000045776367|0,0278837906306304|0,18992756469656746|0,4611841686296987|0,4443179769489578|0,1411358877951414|Wacht op Yahoo...|123,0|11,0|61,0|87,0|55,5
18|17|60|iShares Diversified Commodity Swap UCITS ETF USD A|Commodity / Energy|Acc|IE00BDFL4P12|SXRS.DE|EUR|0,19|9,347000122070312|9,461999893188477|0,03694255439985161|0,16998376581033936|0,4516229125322637|0,38105791197042316|0,13696493920109742|Wacht op Yahoo...|90,0|20,0|64,0|93,0|56,1
19|21|55|iShares S&P 500 Energy Sector UCITS ETF USD (Acc)|Commodity / Energy|Acc|IE00B42NKQ00|QDVF.DE|EUR|0,15|11,619999885559082|11,581999778747559|0,027954705194074503|0,18959872062359828|0,45943230864647955|0,4440164017288206|0,1408867377236942|Wacht op Yahoo...|121,0|12,0|63,0|88,0|56,3
20|30|51|Amundi Bloomberg Equal-weight Commodity ex-Agriculture  UCITS ETF Acc|Commodity / Energy|Acc|LU1829218749|LYTR.DE|EUR|0,3|38,33000183105469|39,04499816894531|0,03580599174961563|0,15730685589347138|0,5660878951435981|0,4006943961866689|0,12770457333851426|Wacht op Yahoo...|95,0|31,0|24,0|123,0|57,25
21|18|64|iShares Diversified Commodity Swap UCITS (DE) ETF|Commodity / Energy|Unknown|DE000A0H0728|EXXY.DE|EUR|0,46|36,845001220703125|37,23500061035156|0,03861882467962463|0,16856962950555143|0,4434868470656086|0,37558340229981324|0,13545841924935909|Wacht op Yahoo...|86,0|22,0|68,0|96,0|57,9
22|11|83|Global X Cybersecurity UCITS ETF USD Acc|Global / Broad|Acc|IE00BMH5Y871|BUG.DE|EUR|0,5|17,77400016784668|17,714000701904297|0,06969192346407405|0,15595731662501278|0,32444113761548743|0,5737560372002235|0,39779463387181613|Wacht op Yahoo...|18,0|33,0|165,0|4,0|57,95
23|44|26|Xtrackers ATX UCITS 1C ETF|Other|Acc|LU0659579063|XB4A.DE|EUR|0,25|146,02000427246094|145,0800018310547|0,03150612313355783|0,09690512040597188|0,5430625437029355|0,3374244721039694|0,1754430752410232|Wacht op Yahoo...|106,0|60,0|32,0|53,0|58,5
24|10|86|L&G Multi-Strategy Enh Comms UCITS ETF USD Acc|Other|Acc|IE00BFXR6159|EN4C.DE|EUR|0,3|17,420000076293945|17,586000442504883|0,046875042984120485|0,1688137242587444|0,36756164162853544|0,3596627929169065|0,14252509085910758|Wacht op Yahoo...|46,0|21,0|111,0|82,0|59,45
25|13|79|iShares STOXX Europe 600 Oil & Gas UCITS (DE) ETF|Commodity / Energy|Unknown|DE000A0H08M3|EXH1.DE|EUR|0,46|56,22999954223633|56,20000076293945|0,046334160513568756|0,15905051057533282|0,49677302941250234|0,3795348066732678|0,11647834091179932|Wacht op Yahoo...|49,0|29,0|49,0|143,0|59,8
26|34|52|iShares Healthcare Innovation UCITS USD (Acc) ETF|Healthcare / Biotech|Acc|IE00BYZK4776|2B78.DE|EUR|0,4|9,600000381469727|9,50100040435791|0,040763270304738475|0,13194204008040966|0,40391936723888744|0,2503256596583776|0,1911978366535283|Wacht op Yahoo...|77,0|43,0|93,0|40,0|60,0
27|35|62|Xtrackers MSCI USA Energy UCITS 1D ETF|Commodity / Energy|Distr|IE00BCHWNS19|XUEN.DE|EUR|0,12|56,83000183105469|56,779998779296875|0,023963996955940425|0,18456265987664455|0,4458936725451055|0,43766014592724645|0,13680095815915494|Wacht op Yahoo...|154,0|15,0|66,0|94,0|64,4
28|23|82|iShares MSCI World Energy Sector UCITS ETF USD D|Commodity / Energy|Distr|IE00BJ5JP105|5MVW.DE|EUR|0,18|8,770000457763672|8,758000373840332|0,029826288151872937|0,1798735845881716|0,44112809027818867|0,41270472458937957|0,12826583644984857|Wacht op Yahoo...|112,0|16,0|70,0|121,0|64,9
29|22|84|Xtrackers MSCI World Energy UCITS 1C ETF|Commodity / Energy|Acc|IE00BM67HM91|XDW0.DE|EUR|0,25|66,52999877929688|66,4800033569336|0,030035648728906628|0,1798191079872551|0,43988737458682725|0,4126764424002194|0,127801046900047|Wacht op Yahoo...|109,0|17,0|72,0|122,0|65,55
30|26|85|Invesco STOXX Europe 600 Optimised Oil & Gas UCITS Acc ETF|Commodity / Energy|Acc|IE00B5MTWH09|SC0V.DE|EUR|0,2|445,6000061035156|443,5|0,044783132716332164|0,14682800180898448|0,5069326604948987|0,3780732880545037|0,1098422676475237|Wacht op Yahoo...|57,0|38,0|47,0|157,0|66,9
31|37|65|Xtrackers MSCI USA Information Technology UCITS 1D ETF|Region: US|Distr|IE00BGQYRS42|XUTC.DE|EUR|0,12|158,5800018310547|158,27999877929688|0,05607350801543687|0,08883451834256828|0,35548088652034804|0,3287606771083882|0,2023229496626342|Wacht op Yahoo...|33,0|65,0|121,0|31,0|67,4
32|36|69|UBS CMCI Composite SF UCITS ETF USD acc|Other|Acc|IE00B53H0131|UIQK.DE|EUR|0,34|133,10000610351562|134,10000610351562|0,03515324473552206|0,14780965121047562|0,3978156311404928|0,3711755075921004|0,15327866329644024|Wacht op Yahoo...|98,0|37,0|96,0|70,0|67,5
33|66|18|L&G Cyber Security UCITS ETF USD Acc|Technology|Acc|IE00BYPLS672|USPY.DE|EUR|0,69|42,30500030517578|42,32500076293945|0,04431009770465577|0,05538234430353439|0,5234065397124814|0,6387758834001565|0,32542870464574225|Wacht op Yahoo...|58,0|127,0|39,0|7,0|70,65
34|40|68|iShares S&P 500 Info Technolg Sctr UCITS ETF USD A|Region: US|Acc|IE00B3WJKG14|QDVE.DE|EUR|0,15|47,209999084472656|47,125|0,055679736042064|0,08453940749766375|0,3554406144871307|0,3233356718737954|0,1971158433841249|Wacht op Yahoo...|35,0|71,0|122,0|34,0|70,95
35|38|73|StSt SPDR S&P US Technology Sel Sctr UCITS ETF Acc|Region: US|Acc|IE00BWBXM948|ZPDT.DE|EUR|0,15|172,66000366210938|172,44000244140625|0,055121023625666954|0,08468407844310111|0,3539837531943453|0,3242828439629126|0,19700951607060313|Wacht op Yahoo...|36,0|70,0|126,0|35,0|71,9
36|75|6|Xtrackers MSCI Taiwan UCITS 1C ETF|Region: Emerging Markets / Asia|Acc|LU0292109187|DBX5.DE|EUR|0,65|141,0800018310547|142,86000061035156|0,06139033835779739|0,048142610948736175|0,9537460686852601|0,8010979003337921|0,29498735443063095|Wacht op Yahoo...|25,0|159,0|11,0|11,0|72,3
37|77|7|Franklin FTSE Taiwan UCITS ETF|Region: Emerging Markets / Asia|Unknown|IE000CM02H85|FLXT.DE|EUR|0,19|65,94999694824219|66,70999908447266|0,06388119313684348|0,04782329817617592|0,9616299537028266|0,7965131733314934|0,29162143674883767|Wacht op Yahoo...|23,0|160,0|9,0|14,0|72,5
38|27|92|Invesco Bloomberg Commodity ex-Agriculture UCITS Acc ETF|Commodity / Energy|Acc|IE00BYXYX521|XAAG.DE|EUR|0,19|42,33000183105469|43,1150016784668|0,044927266969400304|0,14420875937833477|0,4713243363759423|0,3556445576915077|0,10674700523229674|Wacht op Yahoo...|55,0|40,0|58,0|169,0|72,55
39|78|9|iShares MSCI Taiwan UCITS ETF USD (Dist)|Region: Emerging Markets / Asia|Distr|IE00B0M63623|IQQT.DE|EUR|0,74|184,32000732421875|186,74000549316406|0,05742712897269531|0,04835353954824684|0,9492531754686675|0,7956425077283589|0,29330826681398103|Wacht op Yahoo...|30,0|158,0|12,0|12,0|73,1
40|74|17|L&G Artificial Intelligence UCITS ETF USD Acc|Technology|Acc|IE00BK5BCD43|XMLD.DE|EUR|0,49|37,459999084472656|38,095001220703125|0,06480951562019843|0,05018225420279765|0,5504966606398871|0,5504966606398871|0,285595365558573|Wacht op Yahoo...|21,0|152,0|29,0|15,0|74,2
41|63|24|iShares Edge MSCI EM Value Factor UCITS USD (Acc) ETF|Factor / Smart Beta|Acc|IE00BG0SKF03|5MVL.DE|EUR|0,4|90,33000183105469|90,52999877929688|0,04126803263463619|0,05797616229647473|0,6328633826710963|0,45318536120967146|0,1656416621824861|Wacht op Yahoo...|75,0|118,0|20,0|58,0|75,05
42|16|102|L&G Multi-Strategy Enhanced Commodities ex-Agriculture & Livestock UCITS ETF|Commodity / Energy|Unknown|IE000MQ5XEW1|XEXA.DE|EUR|0,3|13,399999618530273|13,557999610900879|0,048021222796023055|0,15120268241376267|0,40919127834784175|0,3397320348666082|0,10663316078090568|Wacht op Yahoo...|42,0|35,0|90,0|170,0|76,8
43|32|93|UBS CMCI ex-Agriculture SF UCITS USD acc ETF|Commodity / Energy|Acc|IE00BZ2GV965|UEQU.DE|EUR|0,34|277,54998779296875|279,5|0,04068232129481486|0,13563827628623049|0,4185320586637493|0,33149432408907153|0,12139732487927257|Wacht op Yahoo...|78,0|42,0|87,0|133,0|76,85
44|47|66|Xtrackers MSCI World Information Technology UCITS 1C ETF|Global / Broad|Acc|IE00BM67HT60|XDWT.DE|EUR|0,25|133,0|132,67999267578125|0,05354881377236276|0,07448700364864802|0,35811293358048424|0,3276102974131112|0,1961485834423511|Wacht op Yahoo...|37,0|91,0|120,0|36,0|79,15
45|46|76|WisdomTree Enhanced Commodity ex-Agriculture UCITS USD Acc ETF|Commodity / Energy|Acc|IE00BDVPNS35|WAXG.DE|EUR|0,35|17,299999237060547|17,68400001525879|0,02004717989042648|0,15998389099899968|0,5106531386811712|0,35135128692396456|0,11856891073593068|Wacht op Yahoo...|199,0|28,0|44,0|139,0|79,85
46|69|29|Invesco Nasdaq Biotech UCITS ETF Acc|Technology|Acc|IE00BQ70R696|NBTK.DE|EUR|0,4|65,5|64,55000305175781|0,01723871130413479|0,08749793288754848|0,531805485759697|0,2988300536115114|0,17773770108779696|Wacht op Yahoo...|229,0|66,0|36,0|51,0|79,95
47|70|32|iShares NASDAQ US Biotechnology UCITS ETF USD Acc|Technology|Acc|IE00BYXG2H39|2B70.DE|EUR|0,35|9,157999992370605|9,027999877929688|0,017668674727523426|0,08674497954472149|0,5304143845446119|0,29606566829139513|0,17677671138541018|Wacht op Yahoo...|228,0|67,0|37,0|52,0|80,65
48|49|72|Amundi MSCI World Information Technology UCITS EUR Acc ETF|Global / Broad|Acc|LU0533033667|LYPG.DE|EUR|0,3|1269,199951171875|1264,800048828125|0,05310322153412783|0,07322846048853515|0,3551142261965816|0,32622774417123823|0,19576559709637453|Wacht op Yahoo...|38,0|94,0|124,0|37,0|81,7
49|31|103|BNPP Easy Engy&Metals Enhcd Roll UCITS ETF EUR C|Commodity / Energy|Acc|LU1291109616|GSDE.DE|EUR|0,39|21,719999313354492|22,0|0,04147685399687173|0,14123580199291474|0,4214659484899772|0,32036463866238396|0,10428976436342752|Wacht op Yahoo...|74,0|41,0|85,0|177,0|84,15
50|41|91|Amundi S&P World Information Technology Screened UCITS DR - EUR (A) ETF|Global / Broad|Acc|IE000E7EI9P0|WELU.DE|EUR|0,18|28,434999465942383|28,354999542236328|0,036072136350027595|0,09914953782371017|0,33091503723682014|0,29988568987165176|0,19059803853705204|Wacht op Yahoo...|92,0|58,0|155,0|43,0|84,35
51|89|11|L&G Cyber Security Innovation UCITS ETF USD Acc|Technology|Acc|IE000ST40PX8|ES6Y.DE|EUR|0,49|24,594999313354492|24,549999237060547|0,07849151432690205|0,03885956096901522|0,6340020753757516|0,7391457338686283|0,3261669489071568|Wacht op Yahoo...|12,0|197,0|19,0|6,0|86,55
52|42|95|Amundi S&P World Information technology Screened UCITS Dist ETF|Global / Broad|Distr|IE000GEHNQU9|WELL.DE|EUR|0,18|28,030000686645508|27,969999313354492|0,035654909792947054|0,09727933462242078|0,3291187003105329|0,2996374123267427|0,18933272117120992|Wacht op Yahoo...|96,0|59,0|158,0|46,0|86,7
53|54|77|Global X European Superdividend UCITS EUR Distribution ETF|Global / Broad|Distr|IE00082MOBL9|EVSD.DE|EUR|0,45|20,405000686645508|20,420000076293945|0,013259677404078296|0,17253977945974008|0,42611915278785895|0,3470296050448811|0,13760245156060802|Wacht op Yahoo...|281,0|19,0|82,0|92,0|88,65
54|61|55|Amundi MSCI Robotics & AI UCITS ETF Acc|Technology|Acc|LU1861132840|GOAI.DE|EUR|0,4|151,02000427246094|151,13999938964844|0,04671475984328333|0,0560839459612652|0,3709150258897982|0,3500804885431539|0,19869132673503476|Wacht op Yahoo...|47,0|126,0|107,0|33,0|90,8
55|57|74|iShares MSCI Wld IT Sector Advanced UCITS ETF USDD|Other|Unknown|IE00BJ5JNY98|AYEW.DE|EUR|0,18|19,020000457763672|18,93400001525879|0,04356417386823508|0,06375846479336156|0,35528730424649635|0,3200469404950461|0,19177892056781576|Wacht op Yahoo...|64,0|108,0|123,0|39,0|91,35
56|52|96|WisdomTree Enhanced Commodity UCITS ETF EUR HgdAcc|Commodity / Energy|Acc|IE00BG88WG77|WTEH.DE|EUR|0,23|18,489999771118164|18,81800079345703|0,0170516755081751|0,16494456107006683|0,41490664201183547|0,3761536133972079|0,1148090388176164|Wacht op Yahoo...|232,0|25,0|88,0|144,0|95,6
57|87|34|Xtrackers Artificial Intelligence & Big Data UCITS 1C ETF|Technology|Acc|IE00BGV5VN51|XAIX.DE|EUR|0,35|218,4499969482422|220,64999389648438|0,04621644518890311|0,042969683127873415|0,4659105535176258|0,41318407530485746|0,20971982962787417|Wacht op Yahoo...|50,0|171,0|60,0|30,0|96,9
58|71|66|Amundi MSCI Greece UCITS ETF Dist|Other|Distr|FR0010405431|LYMH.DE|EUR|0,55|3,0445001125335693|2,997999906539917|0,014326244481084327|0,10148342249015263|0,3924899561694015|0,3035752986714608|0,1635884617328005|Wacht op Yahoo...|265,0|55,0|100,0|61,0|98,95
59|45|117|L&G Longer Dated All Commodities UCITS ETF USD Acc|Commodity / Energy|Acc|IE00B4WPHX27|ETL2.DE|EUR|0,3|28,950000762939453|29,225000381469727|0,02423496862136454|0,13063859716870652|0,35343625942082224|0,29154582112397676|0,10896598990195772|Wacht op Yahoo...|150,0|45,0|127,0|162,0|104,65
60|101|25|HSBC MSCI Emerging Markets Value Screened UCITS USD Acc ETF|Factor / Smart Beta|Acc|IE000NVVIF88|H41E.DE|EUR|0,35|23,850000381469727|23,895000457763672|0,02979276936975972|0,04193975611268175|0,5559760095661099|0,4152623662736561|0,16621955437849278|Wacht op Yahoo...|113,0|179,0|26,0|57,0|106,45
61|123|3|L&G Metaverse UCITS USD Acc ETF|Technology|Acc|IE0004U3TX15|MTVR.DE|EUR|0,39|39,1349983215332|39,904998779296875|0,09883466172050293|0,03013942070224762|0,9594931945892877|0,7628377016484131|0,30313600317043865|Wacht op Yahoo...|7,0|265,0|10,0|10,0|111,55
62|56|127|iShares S&P 500 Health Care Sctr UCITS ETF USD A|Healthcare / Biotech|Acc|IE00B43HR379|QDVG.DE|EUR|0,15|12,197999954223633|12,0600004196167|0,02504204581900349|0,08099960345269985|0,3228500517999995|0,15336608432659382|0,1256453880351336|Wacht op Yahoo...|139,0|77,0|170,0|124,0|118,95
63|55|129|StSt SPDR S&P US Health Cr Sel Sctr UCITS ETF Acc|Healthcare / Biotech|Acc|IE00BWBXM617|ZPDH.DE|EUR|0,15|47,025001525878906|46,494998931884766|0,025068153152673744|0,08128304692989685|0,321669452103144|0,15342165803003116|0,12513933201299032|Wacht op Yahoo...|138,0|75,0|172,0|127,0|119,1
64|67|115|iShares Digital Security UCITS ETF USD (Acc)|Technology|Acc|IE00BG0J4C88|L0CK.DE|EUR|0,4|11,350000381469727|11,465999603271484|0,020499968187989603|0,0803351276680937|0,2886013718055618|0,3288841932815596|0,19261779089427233|Wacht op Yahoo...|193,0|78,0|219,0|38,0|122,5
65|72|111|HSBC MSCI AC Far East ex Japan UCITS ETF USD|Region: Japan|Unknown|IE00BBQ2W338|H412.DE|EUR|0,45|38,654998779296875|38,79499816894531|0,025195515239565536|0,06326500525432444|0,30900771691407414|0,25360791071863775|0,14591304670556715|Wacht op Yahoo...|135,0|109,0|183,0|73,0|124,2
66|72|111|Hsbc Usa Screened Equity Etf|Region: US|Unknown|IE00BKY40J65|H412.DE|EUR|0,12|38,654998779296875|38,79499816894531|0,025195515239565536|0,06326500525432444|0,30900771691407414|0,25360791071863775|0,14591304670556715|Wacht op Yahoo...|135,0|109,0|183,0|73,0|124,2
67|102|63|iShares EURO STOXX Banks 30-15 UCITS (DE) EUR (Dist) ETF|Financials|Distr|DE0006289309|EXX1.DE|EUR|0,51|30,959999084472656|30,81999969482422|0,005847901033519065|0,08544295480948749|0,4207030748782219|0,22642817842734786|0,15202943825311754|Wacht op Yahoo...|409,0|69,0|86,0|71,0|124,65
68|68|120|iShares Digital Security UCITS ETF USD (Dist)|Technology|Distr|IE00BG0J4841|IS4S.DE|EUR|0,4|12,430000305175781|12,54800033569336|0,021196218805106914|0,0789930391711775|0,28639609823384804|0,32890074139810577|0,1907824851360218|Wacht op Yahoo...|186,0|81,0|226,0|42,0|125,2
69|107|58|Amundi STOXX Europe 600 Banks UCITS ETF Acc|Financials|Acc|LU1834983477|LBNK.DE|EUR|0,3|74,81999969482422|74,37999725341797|0,0065921949643328315|0,0757727737142524|0,43912285592045186|0,23343224337340995|0,14311119299224018|Wacht op Yahoo...|397,0|86,0|74,0|80,0|128,45
70|110|57|iShares STOXX Europe 600 Banks UCITS (DE) ETF|Financials|Unknown|DE000A0F5UJ7|EXV1.DE|EUR|0,46|42,6349983215332|42,3849983215332|0,006016924185729078|0,07571418259166407|0,44006347020034786|0,235352439085452|0,14372472041434947|Wacht op Yahoo...|406,0|87,0|71,0|79,0|129,25
71|120|37|Fidelity Emerging Markets Quality Income UCITS - Inc USD ETF|Factor / Smart Beta|Distr|IE00BYSX4739|FYEQ.DE|EUR|0,5|7,449999809265137|7,455999851226807|0,019849416062134306|0,04052295399424466|0,48061816860594586|0,40947179343624796|0,1744892802883089|Wacht op Yahoo...|202,0|187,0|55,0|54,0|129,65
72|51|158|L&G Multi-Strategy Enh Comms UCITS ETF EURH Acc|Other|Acc|IE00022GJEG1|BATJ.DE|EUR|0,35|13,460000038146973|13,656000137329102|0,0193880305932701|0,15635735748652757|0,294230820370851|0,3024966629703403|0,10479914745349794|Wacht op Yahoo...|208,0|32,0|203,0|176,0|129,95
73|125|33|Xtrackers MSCI World Value UCITS 1C ETF|Factor / Smart Beta|Acc|IE00BL25JM42|XDEV.DE|EUR|0,25|74,2699966430664|74,7300033569336|0,017675982828113446|0,03917721246032646|0,5537656449476049|0,39526577647507777|0,15931390702829673|Wacht op Yahoo...|226,0|193,0|27,0|68,0|131,45
74|43|184|Rex Tech Innovation Inc & Growth UCITS ETF USD Dis|Technology|Distr|IE000OBK3UE0|ASWL.DE|EUR|0,65|25,71500015258789|25,885000228881836|0,060068775969375876|0,07599013433130763|0,22828272484652|0,20720472585832939|0,16265681929734854|Wacht op Yahoo...|28,0|85,0|332,0|62,0|133,6
75|112|71|Invesco EURO STOXX Optimised Banks UCITS Acc ETF|Financials|Acc|IE00B3Q19T94|S7XE.DE|EUR|0,3|244,75|244,25|0,004102564102564044|0,08440409086990996|0,3992110825636406|0,21766169154228865|0,14734997523497073|Wacht op Yahoo...|452,0|72,0|95,0|72,0|134,75
76|28|215|ARK Innovation UCITS ETF USD Acc|Other|Acc|IE000GA3D489|ARXK.DE|EUR|0,75|8,815999984741211|8,892000198364258|0,07133307651692045|0,09980042556051871|0,2086646291368679|0,2688543527381626|0,2191951293168788|Wacht op Yahoo...|15,0|57,0|418,0|28,0|135,15
77|64|136|Xtrackers MSCI USA Health Care UCITS ETF 1D|Healthcare / Biotech|Distr|IE00BCHWNW54|XUHC.DE|EUR|0,12|60,40999984741211|59,72999954223633|0,023898302498510438|0,07486534249808208|0,2992222774089457|0,1415791115371936|0,11861782134191179|Wacht op Yahoo...|155,0|89,0|195,0|138,0|135,2
78|60|138|Invesco S&P Wld Information Tech ESG UCITS ETF Acc|Technology|Acc|IE000Q0IU5T1|WDTE.DE|EUR|0,18|12,10200023651123|12,071999549865723|0,022819511731959397|0,0786096210776639|0,2700178274741263|0,24301562866100834|0,16125877641728503|Wacht op Yahoo...|164,0|82,0|267,0|64,0|136,95
79|134|35|iShares Edge MSCI Wld Val Fctr UCITS ETF USD A|Other|Acc|IE00BP3QZB59|IS3S.DE|EUR|0,25|71,76000213623047|72,19000244140625|0,018305674658458226|0,037744042700776914|0,5455524803912402|0,38908250770785213|0,15503201147902312|Wacht op Yahoo...|220,0|207,0|30,0|69,0|137,1
80|116|69|Invesco STOXX Europe 600 Optimised Banks UCITS Acc ETF|Financials|Acc|IE00B5MTWD60|SC0U.DE|EUR|0,2|253,14999389648438|252,0|0,005561048248200029|0,07380697304977457|0,42203116403163565|0,2226514859466222|0,14140785242923704|Wacht op Yahoo...|417,0|93,0|84,0|85,0|137,75
81|90|107|Janus Henderson Japan High Conviction Equity UCITS (GBP) Acc ETF|Region: Japan|Acc|IE000CV0WWL4|JCPN.DE|EUR|0,49|0,8758999705314636|0,8571000099182129|0,03156280417427659|0,045101961206842844|0,33970626525215186|0,2915068743085527|0,1283960853063706|Wacht op Yahoo...|105,0|165,0|138,0|120,0|140,25
82|76|133|ishares Digital Entertainment and Education Ucits Etf Usd Acc|Technology|Acc|IE00023EZQ82|CBUN.DE|EUR|0,4|13,093999862670898|13,371999740600586|0,04019697753130336|0,05206490103847505|0,26463200182445235|0,3476739807875253|0,20079416155464935|Wacht op Yahoo...|81,0|138,0|272,0|32,0|141,75
83|79|157|Amundi MSCI Digital Economy UCITS ETF Acc|Technology|Acc|LU2023678878|EBUY.DE|EUR|0,45|21,985000610351562|22,184999465942383|0,016882504946799326|0,07822468212102418|0,24040845496482577|0,27404960300047065|0,1850305411521116|Wacht op Yahoo...|234,0|83,0|304,0|48,0|153,9
84|58|190|UBS MSCI USA Tech 125 Universal UCITS USD acc ETF|Technology|Acc|IE0003B4BV34|CSYU.DE|EUR|0,18|20,104999542236328|20,139999389648438|0,03751673408530776|0,06431975605323204|0,23328422805674487|0,2023083001716408|0,13408229242295744|Wacht op Yahoo...|87,0|105,0|318,0|100,0|154,55
85|106|124|Invesco Cybersecurity UCITS ETF|Other|Unknown|IE00072RHT03|IVCS.DE|EUR|0,35|6,98199987411499|7,007999897003174|0,011737407760927132|0,05996659895728507|0,27805237108877656|0,41982711683455753|0,26004940119546704|Wacht op Yahoo...|314,0|113,0|246,0|20,0|157,8
86|104|128|iShares MSCI World Islamic UCITS ETF USD (Dist)|Global / Broad|Distr|IE00B27YCN58|IUSD.DE|EUR|0,3|61,61000061035156|61,7599983215332|0,028547563287354416|0,04123715593905253|0,31941797779061276|0,2645575064401584|0,12996130639889047|Wacht op Yahoo...|118,0|182,0|177,0|118,0|158,35
87|192|14|iShares AI Infrastructure UCITS ETF USD (Acc)|Technology|Acc|IE000X59ZHE2|AIFS.DE|EUR|0,35|10,289999961853027|10,371999740600586|0,07064820481800504|0,023473250782104937|0,8078004428084837|0,6359300515514796|0,2677667479116346|Wacht op Yahoo...|16,0|390,0|14,0|19,0|165,7
88|129|99|Leverage Shares Short Volatility Long Tech ETP|Technology|Unknown|XS2595675641|SVLT.DE|EUR||43,35599899291992|43,54600143432617|0,041160385482127415|0,0310582587290118|0,3268454135781793|0,2692037232606863|0,1619498967042805|Wacht op Yahoo...|76,0|257,0|160,0|63,0|166,8
89|113|130|UBS MSCI Japan Socially Responsible UCITS JPY dis ETF|ESG / Sustainable|Distr|LU1230561679|FRCJ.DE|EUR|0,19|31,415000915527344|31,364999771118164|0,017160455972730748|0,04751514429950565|0,3204844352798186|0,2278053629957586|0,12047572214736624|Wacht op Yahoo...|230,0|161,0|175,0|134,0|169,45
90|143|97|Xtrackers MSCI World Value ESG UCITS ETF|ESG / Sustainable|Unknown|IE000LAUZQT6|XWEV.DE|EUR|0,25|55,150001525878906|55,34000015258789|0,003822404521645284|0,05489676384075515|0,3863751437463896|0,2555492881909389|0,12511300374211554|Wacht op Yahoo...|462,0|128,0|103,0|128,0|171,85
91|91|174|HSBC JAPAN SCREENED EQUITY UCITS ETF USD|Region: Japan|Unknown|IE00BKY55S33|XU8Z.DE|EUR|0,18|23,375|23,584999084472656|0,021634652857951187|0,05198023052824041|0,2927219916592265|0,21770165870580094|0,09918324194871753|Wacht op Yahoo...|183,0|139,0|208,0|194,0|173,85
92|80|204|iShares Dow Jones Global Titans 50 UCITS (DE) EUR (Dist) ETF|Region: US|Distr|DE0006289382|EXI2.DE|EUR|0,51|117,0999984741211|117,26000213623047|0,023601371610396438|0,05896180624981118|0,2462533510981355|0,17933048187214773|0,10757680076072296|Wacht op Yahoo...|159,0|114,0|294,0|168,0|176,55
93|85|196|Amundi S&P World Energy Screened UCITS Acc ETF|Commodity / Energy|Acc|IE000J0LN0R5|WELN.DE|EUR|0,18|15,350000381469727|15,355999946594238|0,00880657082623948|0,11312548396896993|0,37347896152236326|0,35194647328653605|0,0805537209905447|Wacht op Yahoo...|359,0|52,0|105,0|384,0|177,7
94|48|264|iShares S&P 500 Top 20 UCITS ETF USD (Acc)|Region: US|Acc|IE000VA628D5|IS20.DE|EUR|0,2|6,103000164031982|6,104000091552734|0,04485534674371494|0,07693671452708384|0,20493585292892402|0,16625270311003915|0,1189798758505698|Wacht op Yahoo...|56,0|84,0|437,0|137,0|178,65
95|127|125|Xtrackers MSCI Emerging Markets Climate Transition UCITS ETF|ESG / Sustainable|Unknown|IE000DNSAS54|XEMC.DE|EUR|0,16|50,22999954223633|49,36000061035156|0,03716702923225412|0,03141681222438919|0,34574677871434734|0,2622189182919512|0,1087535260433341|Wacht op Yahoo...|88,0|250,0|132,0|164,0|179,0
96|100|180|Xtrackers MSCI Japan ESG UCITS ETF|ESG / Sustainable|Unknown|IE00BG36TC12|XZMJ.DE|EUR|0,2|29,915000915527344|30,059999465942383|0,024661799220048186|0,04451821065121031|0,27896544233201803|0,23081672659583985|0,10877918123314956|Wacht op Yahoo...|145,0|166,0|243,0|163,0|181,5
97|88|195|UBS MSCI Pacific Socially Responsible UCITS USD acc ETF|ESG / Sustainable|Acc|LU0950674928|USUP.DE|EUR|0,28|13,444000244140625|13,418000221252441|0,010827071529373011|0,08157682333624883|0,24481481543620753|0,1982174620483106|0,11473182385384662|Wacht op Yahoo...|331,0|73,0|296,0|145,0|181,85
98|167|94|Invesco MSCI Em Mkts Universal Scrnd UCITS ETF Acc|Region: Emerging Markets / Asia|Acc|IE00BMDBMY19|ESGM.DE|EUR|0,19|52,38999938964844|52,4900016784668|0,013934608984288|0,032518676716596806|0,39930559057965365|0,30501927493481196|0,12523711582761599|Wacht op Yahoo...|271,0|239,0|94,0|125,0|184,75
99|80|223|iShares MSCI Japan SRI UCITS ETF USD (Acc)|ESG / Sustainable|Acc|IE00BYX8XC17|SXR6.DE|EUR|0,2|8,324000358581543|8,361000061035156|0,012652078853316873|0,09095678030556331|0,22249968276217924|0,16631641595913882|0,11269518649902777|Wacht op Yahoo...|295,0|63,0|349,0|148,0|186,3
100|109|177|Xtrackers MSCI Singapore UCITS 1C ETF|Other|Acc|LU0659578842|XBAS.DE|EUR|0,5|2,430999994277954|2,426500082015991|0,002680967520200861|0,10474891235405859|0,25012856715226817|0,2292678098565999|0,13202161084557829|Wacht op Yahoo...|489,0|54,0|287,0|102,0|187,1
101|117|160|WisdomTree Enhanced Commodity ex-Agriculture UCITS EUR Hedged Acc ETF|Commodity / Energy|Acc|IE00BDVPNV63|EXAG.DE|EUR|0,35|17,40999984741211|17,850000381469727|-0,0024065905169842194|0,1531328878052478|0,43433848368292094|0,29058562956291456|0,08614074782777315|Wacht op Yahoo...|587,0|34,0|78,0|334,0|187,95
102|96|203|JPMorgan NASDAQ Eqt Prem Inc Actv UCITS ETF USD D|Technology|Distr|IE000U9J8HX9|JEQP.DE|EUR|0,35|24,479999542236328|24,34000015258789|0,04798007015618566|0,03901517328698434|0,23897626530406568|0,18492284495150568|0,11198313523478509|Wacht op Yahoo...|43,0|195,0|307,0|149,0|191,0
103|93|208|UBS BBG Commodity CMCI SF UCITS hEUR acc ETF|Commodity / Energy|Acc|IE00BYYLVJ24|BCFE.DE|EUR|0,34|19,290000915527344|19,474000930786133|0,004582921193581946|0,12465021193009185|0,31260212202916926|0,2542263180749371|0,08860664841021992|Wacht op Yahoo...|437,0|46,0|180,0|316,0|192,15
104|83|228|Xtrackers MSCI Next Generation Internet Innovation UCITS ETF|Other|Unknown|IE000XOQ9TK4|XNGI.DE|EUR|0,3|70,36000061035156|71,08999633789062|0,047803410447214256|0,043916899368854345|0,2058269485912163|0,23265589266452724|0,16120318553215074|Wacht op Yahoo...|44,0|168,0|428,0|65,0|193,8
105|33|331|Leverage Shares FAANG+ ETP|Other|Unknown|XS2595675724|FGA1.DE|EUR||57,21500015258789|57,90999984741211|0,041598394952071516|0,13151392675735796|0,18545914604969704|0,15227375289421174|0,13540174706968422|Wacht op Yahoo...|73,0|44,0|588,0|97,0|194,95
106|99|209|JPMorgan NASDAQ Eqt Prem Inc Actv UCITS ETF USD A|Technology|Acc|IE000N6I8IU2|JEQA.DE|EUR|0,35|29,924999237060547|29,84000015258789|0,04651162635576345|0,038701832411911496|0,23657017742282527|0,18421047467241825|0,11121526423194128|Wacht op Yahoo...|48,0|198,0|312,0|155,0|195,4
107|119|182|Amundi Prime Japan UCITS DR (D) ETF|Region: Japan|Distr|LU1931974775|PR1J.DE|EUR|0,05|38,56999969482422|38,755001068115234|0,022670012959755015|0,03864282854858536|0,2887443424855831|0,23345056380541607|0,0982580720678119|Wacht op Yahoo...|169,0|199,0|218,0|201,0|199,65
108|94|227|Global X S&P 500 Covered Call UCITS ETF USD Dist|Region: US|Distr|IE0002L5QB31|XY7D.DE|EUR|0,45|14,017999649047852|13,920000076293945|0,03712022693547845|0,04202433309700604|0,22915269136154293|0,17654237239296|0,10396212777619196|Wacht op Yahoo...|89,0|177,0|328,0|179,0|201,95
109|128|172|Invesco RAFI Emg Mkts Fundmntal Val UCITS ETF Dist|Other|Distr|IE00B23D9570|6PSK.DE|EUR|0,49|11,812000274658203|11,843999862670898|0,012735294860755308|0,04214125210960362|0,29835395648581575|0,22706433266021597|0,09777521907132414|Wacht op Yahoo...|290,0|176,0|197,0|206,0|204,35
110|86|252|Invesco S&P World Health Care ESG UCITS ETF Acc|Healthcare / Biotech|Acc|IE000L4EH2K5|WH2E.DE|EUR|0,18|6,13100004196167|6,067999839782715|0,015907240592678118|0,0697958644381318|0,2541678989552014|0,0965837871786499|0,08994393825136049|Wacht op Yahoo...|243,0|98,0|281,0|301,0|206,1
111|126|181|Xtrackers MSCI Japan Screened UCITS ETF|Region: Japan|Unknown|IE00BPVLQD13|XDNY.DE|EUR|0,15|20,7450008392334|20,854999542236328|0,02242483505054249|0,03565346353168586|0,28812325407022876|0,23491126437115706|0,09897152202732284|Wacht op Yahoo...|176,0|213,0|221,0|197,0|206,25
112|124|191|iShares Edge MSCI World Multifactor UCITS USD (Acc) ETF|Global / Broad|Acc|IE00BZ0PKT83|IBCZ.DE|EUR|0,3|14,539999961853027|14,552000045776367|0,009722246321631767|0,050426235647949014|0,25909244364254036|0,20864507768878493|0,11127076157611548|Wacht op Yahoo...|346,0|147,0|278,0|154,0|211,0
113|142|173|BNPP Easy MSCI Japan Min TE UCITS ETF C|Region: Japan|Acc|LU1291102447|EJAP.DE|EUR|0,15|21,19499969482422|21,309999465942383|0,022677891662415517|0,03264312247241463|0,2923780602333734|0,24063452055479684|0,09973868815113995|Wacht op Yahoo...|168,0|238,0|209,0|192,0|211,05
114|118|210|Amundi Japan TOPIX II UCITS ETF EUR Dist|Region: Japan|Distr|FR0010245514|LYY4.DE|EUR|0,45|225,7100067138672|227,4600067138672|0,01914482986315935|0,04201101554810083|0,2764527870683844|0,23261338471954596|0,09616374070312128|Wacht op Yahoo...|209,0|178,0|257,0|225,0|211,8
115|137|183|Xtrackers MSCI Japan UCITS 1C ETF|Region: Japan|Acc|LU0274209740|DBXJ.DE|EUR|0,12|106,66000366210938|107,36499786376953|0,0221370888525807|0,0336273005000991|0,2935383962856759|0,23896485965717362|0,09656476564125827|Wacht op Yahoo...|178,0|227,0|205,0|220,0|212,75
116|115|221|WisdomTree US Quality Growth UCITS - USD Acc ETF|Factor / Smart Beta|Acc|IE000YGEAK03|QGRW.DE|EUR|0,33|38,33000183105469|38,3849983215332|0,01590252573808537|0,04855701028752524|0,22108960103053943|0,18650368267953876|0,1231560227509143|Wacht op Yahoo...|244,0|157,0|354,0|129,0|213,7
117|164|140|iShares STOXX Europe Select Dividend 30 UCITS (DE) ETF|Factor / Smart Beta|Unknown|DE0002635299|EXSH.DE|EUR|0,31|26,920000076293945|26,764999389648438|-0,008654045457900938|0,08110406282090143|0,3339288544587389|0,20279639409066652|0,09665094642368466|Wacht op Yahoo...|694,0|76,0|146,0|218,0|214,6
118|92|256|Xtrackers MSCI Global SDG 3 Good Health UCITS ETF|Healthcare / Biotech|Unknown|IE00036F4K40|XDG3.DE|EUR|0,35|35,10499954223633|34,779998779296875|0,007895426262551908|0,08600150699715181|0,21723298739602348|0,10029772094411027|0,09831145646582518|Wacht op Yahoo...|375,0|68,0|372,0|200,0|216,45
119|163|155|Amundi Stoxx Europe Select Dividend 30 UCITS ETF D|Factor / Smart Beta|Distr|LU1812092168|SELD.DE|EUR|0,3|24,969999313354492|24,815000534057617|-0,007945997708908248|0,07931701172761763|0,33058955060804873|0,2004807802523385|0,09579948554136264|Wacht op Yahoo...|683,0|80,0|156,0|231,0|219,65
120|256|59|StSt SPDR MSCI USA Value UCITS ETF|Factor / Smart Beta|Unknown|IE00BSPLC520|ZPRU.DE|EUR|0,2|87,9000015258789|88,61000061035156|-0,011137336827170885|0,04011358778791352|0,4669560115479905|0,3310115128301252|0,13441093649656932|Wacht op Yahoo...|734,0|189,0|59,0|99,0|220,25
121|150|185|iShares MSCI Japan UCITS ETF USD (Acc)|Region: Japan|Acc|IE00B53QDK08|SXR5.DE|EUR|0,12|263,1099853515625|265,1199951171875|0,02087445829317791|0,03160157695888777|0,29375026635542345|0,23636101860825165|0,09598450380044676|Wacht op Yahoo...|189,0|248,0|204,0|227,0|223,95
122|149|189|Amundi Core MSCI Japan UCITS Dist ETF|Region: Japan|Distr|LU2090063673|NADA.DE|EUR|0,12|92,2300033569336|92,93000030517578|0,020582057694160216|0,031886397304701664|0,29337344589501013|0,23665863626366312|0,09548660569827638|Wacht op Yahoo...|192,0|244,0|206,0|235,0|224,9
123|136|205|Amundi Prime Japan UCITS DR (C) ETF|Region: Japan|Acc|LU2089238385|PRAJ.DE|EUR|0,05|38,0|38,30500030517578|0,01863020209459143|0,03570459041493068|0,2831335571057223|0,23176659741064287|0,09449763508105913|Wacht op Yahoo...|216,0|212,0|235,0|245,0|224,95
124|102|266|Amundi MSCI World Health Care UCITS EUR Acc ETF|Healthcare / Biotech|Acc|LU0533033238|LYPE.DE|EUR|0,3|532,0|526,0|0,017014002732638867|0,0526315916595832|0,24911952952341054|0,10671933948459|0,08695430146916516|Wacht op Yahoo...|233,0|135,0|288,0|325,0|225,95
125|317|19|iShares Edge MSCI USA Val Fctr UCITS ETF USD A|Region: US|Acc|IE00BD1F4M44|QDVI.DE|EUR|0,2|16,875999450683594|16,945999145507812|0,014304541135815807|0,021178772914355326|0,6838953226853344|0,5070547883256908|0,1895707017124204|Wacht op Yahoo...|266,0|436,0|16,0|45,0|227,3
126|147|202|Invesco MSCI Japan Univ Screened UCITS ETF Acc|Region: Japan|Acc|IE00BMDBMV87|ESGJ.DE|EUR|0,15|60,08000183105469|60,560001373291016|0,021594974121875277|0,032479863360543204|0,2895471481924321|0,22825310654309283|0,09301152706347504|Wacht op Yahoo...|184,0|240,0|217,0|258,0|229,45
127|50|406|Franklin FTSE Brazil UCITS ETF|Region: Emerging Markets / Asia|Unknown|IE00BHZRQY00|FLXB.DE|EUR|0,19|31,395000457763672|31,59000015258789|0,06279619108817536|0,06785717228295418|0,3021567674404917|0,22302299822572746|0,042219102864757385|Wacht op Yahoo...|24,0|100,0|190,0|706,0|232,3
128|145|216|UBS MSCI Pacific Socially Responsible UCITS USD dis ETF|ESG / Sustainable|Distr|LU0629460832|UIMT.DE|EUR|0,28|88,47000122070312|88,58999633789062|0,003516306099326849|0,05316924660862954|0,24283578523866578|0,19948689499997774|0,10295923959036046|Wacht op Yahoo...|469,0|132,0|298,0|180,0|233,65
129|157|193|iShares Core MSCI Japan IMI UCITS ETF USD Acc|Region: Japan|Acc|IE00B4L5YX21|EUNN.DE|EUR|0,12|73,19000244140625|73,62999725341797|0,021921245945486056|0,030409738127983088|0,28706082699892765|0,23840954874905673|0,09595649849572485|Wacht op Yahoo...|180,0|263,0|224,0|228,0|233,8
130|153|201|Invesco MSCI Japan UCITS Acc ETF|Region: Japan|Acc|IE00B60SX287|SC0I.DE|EUR|0,12|106,70999908447266|107,51000213623047|0,020074547957829703|0,03146292780249982|0,2877727496627889|0,23512656240934704|0,09420570692606312|Wacht op Yahoo...|198,0|249,0|222,0|249,0|234,6
131|111|271|Xtrackers MSCI World Health Care UCITS 1C ETF|Healthcare / Biotech|Acc|IE00BM67HK77|XDWH.DE|EUR|0,25|55,09000015258789|54,529998779296875|0,013428983334067723|0,05213902808275761|0,24694431353668378|0,10411864209164223|0,08561992238672134|Wacht op Yahoo...|277,0|137,0|291,0|339,0|236,9
132|133|232|iShares MSCI Japan UCITS ETF USD (Dist)|Region: Japan|Distr|IE00B02KXH56|IQQJ.DE|EUR|0,12|22,253999710083008|22,385000228881836|0,022138543318944492|0,03416652506989659|0,29432183721626015|0,2371512080708773|0,08279048961229085|Wacht op Yahoo...|177,0|222,0|202,0|358,0|237,45
133|132|234|Invesco S&P World Energy Trgtd & Scr UCITS ETF Acc|Commodity / Energy|Acc|IE000AIFGRB9|WDEE.DE|EUR|0,18|7,171000003814697|7,181000232696533|-0,003335673005430695|0,09147637997722358|0,3314147411024855|0,3255083560205585|0,07632350917971897|Wacht op Yahoo...|602,0|62,0|154,0|420,0|237,6
134|141|224|iShares MSCI Japan Small Cap UCITS ETF USD (Dist)|Region: Japan|Distr|IE00B2QWDY88|IUS4.DE|EUR|0,58|54,43000030517578|54,599998474121094|0,02254369290360958|0,03281968971467508|0,2557142774165715|0,22972341496786952|0,09525939875345957|Wacht op Yahoo...|173,0|236,0|279,0|238,0|237,7
135|168|192|StSt SPDR MSCI Japan UCITS ETF|Region: Japan|Unknown|IE00BZ0G8B96|ZPDJ.DE|EUR|0,12|78,89800262451172|79,58399963378906|0,019538430809084906|0,030215227747150797|0,2911239186031471|0,23734399818131235|0,09456295498097189|Wacht op Yahoo...|206,0|264,0|211,0|244,0|238,05
136|229|122|iShares Nasdaq 100 Top 30 UCITS ETF USD Acc|Technology|Acc|IE000Z7P04F4|HX60.DE|EUR|0,3|6,379000186920166|6,4039998054504395|0,061221098143809716|0,021457214382172518|0,3006423033942405|0,25843371074242016|0,14135727688075206|Wacht op Yahoo...|26,0|430,0|192,0|86,0|241,1
137|172|199|UBS Core MSCI Japan UCITS JPY dis ETF|Region: Japan|Distr|LU0136240974|UIM5.DE|EUR|0,12|69,8759994506836|70,44599914550781|0,020087583221658267|0,02943089884142225|0,29039655784806606|0,23543835981660477|0,09394015970300829|Wacht op Yahoo...|197,0|273,0|214,0|251,0|242,45
138|263|100|Xtrackers MSCI EM Asia Screened Swap UCITS ETF|Region: Emerging Markets / Asia|Unknown|LU2296661775|XMA1.DE|EUR|0,35|27,75|27,65999984741211|0,031598527640282814|0,021268781679513182|0,3931553890505146|0,29976311404438194|0,11450922727910795|Wacht op Yahoo...|104,0|435,0|97,0|146,0|243,05
139|159|217|Franklin FTSE Japan UCITS ETF|Region: Japan|Unknown|IE000D0T0BO1|FLXJ.DE|EUR|0,09|33,80500030517578|33,959999084472656|0,024238727803993054|0,029071594380956522|0,28438452496728095|0,23128757600129557|0,09266216051342546|Wacht op Yahoo...|149,0|276,0|233,0|265,0|244,0
140|105|300|Invesco CoinShares Global Blockchain UCITS ETF Acc|Global / Broad|Acc|IE00BGBN6P67|BNXG.DE|EUR|0,65|168,1199951171875|171,6999969482422|0,019526994177601287|0,05022484504103186|0,19420369779056457|0,2429395382586006|0,13181631289341267|Wacht op Yahoo...|207,0|149,0|541,0|104,0|246,7
141|328|46|UBS MSCI EM Socially Responsible UCITS USD dis ETF|ESG / Sustainable|Distr|LU1048313891|UEF5.DE|EUR|0,24|20,81999969482422|20,989999771118164|0,02259327459149385|0,01812694711132412|0,48363659692103655|0,3591608115760707|0,14438100510962903|Wacht op Yahoo...|171,0|482,0|52,0|77,0|246,85
142|301|80|UBS Nasdaq-100 ESG Enhanced UCITS ETF USD acc|Technology|Acc|IE000PWGE381|BCFM.DE|EUR|0,15|18,167999267578125|18,256000518798828|0,04750919115726604|0,01713132707559506|0,3602874618317844|0,31862385168696106|0,1665326427717213|Wacht op Yahoo...|45,0|499,0|119,0|56,0|247,3
143|39|466|Rex Tech Innovation Premium Income UCITS ETF USD D|Technology|Distr|IE000HF69TA9|ASWK.DE|EUR|0,65|20,274999618530273|20,415000915527344|0,06011314853018401|0,08156138883046937|0,14782047293714262|0,12260655318735503|0,13039214192791126|Wacht op Yahoo...|27,0|74,0|766,0|117,0|248,55
144|62|411|Invesco MSCI USA ESG Climate PA UCITS ETF Acc|ESG / Sustainable|Acc|IE000RLUE8E9|PAUS.DE|EUR|0,09|6,433000087738037|6,422999858856201|0,025833229414108372|0,07056087129237087|0,16603223788996146|0,18887458054234663|0,1311082575714737|Wacht op Yahoo...|133,0|96,0|675,0|111,0|249,3
145|259|119|Invesco NASDAQ-100 ESG UCITS ETF Acc|Technology|Acc|IE000COQKPO9|N1ES.DE|EUR|0,25|79,0|79,19999694824219|0,04608055497382102|0,020408187398904598|0,2972085060856635|0,2644046187387725|0,1447234784873055|Wacht op Yahoo...|52,0|447,0|199,0|75,0|251,35
146|338|48|UBS MSCI EM Socially Responsible UCITS USD acc ETF|ESG / Sustainable|Acc|LU1048313974|UETE.DE|EUR|0,24|27,579999923706055|27,80500030517578|0,022997064550735802|0,017336750378937005|0,4813621161509545|0,3552825261280983|0,1440076669651842|Wacht op Yahoo...|163,0|497,0|54,0|78,0|252,35
147|386|20|UBS MSCI EM ex China SR UCITS ETF USD acc|Region: Emerging Markets / Asia|Acc|IE00BNC0MH93|AW1J.DE|EUR|0,2|9,781999588012695|9,890000343322754|0,039311506295800935|0,011686825929329459|0,677873021616509|0,5021497945250719|0,18971744590233364|Wacht op Yahoo...|84,0|572,0|17,0|44,0|254,45
148|121|291|BNP Paribas Easy MSCI Japan SRI PAB UCITS ETF|ESG / Sustainable|Unknown|LU1753045928|JSRI.DE|EUR|0,25|25,485000610351562|25,594999313354492|0,009107165204038647|0,0533168395039616|0,20462999100864954|0,18765955740937912|0,09815329965461195|Wacht op Yahoo...|353,0|131,0|441,0|202,0|256,0
149|140|267|iShares Asia Pacific Dividend UCITS ETF USD (Dist)|Factor / Smart Beta|Distr|IE00B14X4T88|IQQX.DE|EUR|0,59|28,0049991607666|27,825000762939453|-0,0008563980110607439|0,0751219011415809|0,3019752708952317|0,20475200883148204|0,06842082538090088|Wacht op Yahoo...|567,0|88,0|191,0|453,0|258,6
150|155|248|Xtrackers US Equity Enhanced Active UCITS 1C ETF|Region: US|Acc|IE0002PGSLZ5|XEEU.DE|EUR|0,2|35,58000183105469|35,61000061035156|0,0107954846556515|0,03837742491842899|0,22583987247805304|0,1799038640649644|0,09711796751451995|Wacht op Yahoo...|332,0|203,0|340,0|213,0|258,6
151|169|230|Vanguard FTSE Japan UCITS ETF USD Acc|Region: Japan|Acc|IE00BFMXYX26|VJPA.DE|EUR|0,1|43,435001373291016|43,744998931884766|0,020919103129620975|0,02914345430335441|0,2807017603058686|0,22715075043215083|0,08976754581032842|Wacht op Yahoo...|188,0|274,0|241,0|306,0|259,25
152|289|106|HSBC PLUS EM Eq Inc Quant Active UCITS ETF USD Dis|Region: Emerging Markets / Asia|Distr|IE000893FCN6|H417.DE|EUR|0,35|12,07800006866455|12,196000099182129|0,016495547861095083|0,021936116389692506|0,370014568039299|0,27752748362905466|0,11035785990999991|Wacht op Yahoo...|236,0|418,0|109,0|156,0|261,05
153|236|144|StSt SPDR MSCI Europe Financials UCITS ETF|Financials|Unknown|IE00BKWQ0G16|SPYZ.DE|EUR|0,18|160,55999755859375|159,83999633789062|-0,015573319741691405|0,05312862710237454|0,29987048188287435|0,16736953174463975|0,10793994422843922|Wacht op Yahoo...|841,0|133,0|194,0|166,0|261,05
154|122|299|BNP Paribas Easy MSCI Japan SRI PAB UCITS ETF|ESG / Sustainable|Unknown|LU1753045845|QUEJ.DE|EUR|0,25|31,385000228881836|31,549999237060547|0,008515404322044562|0,05336466348435942|0,20387420775892173|0,18613005724929454|0,09698927177449801|Wacht op Yahoo...|364,0|130,0|449,0|215,0|261,85
155|65|444|iShares MSCI USA Clmt Trans Aware UCITS ETF USD D|Region: US|Distr|IE000YG82CF0|UCTD.L|USD|0,07|5,348499774932861|5,320499897003174|0,035527553617638485|0,06068413578620069|0,1736520198082645|0,15383678489791386|0,09903373939987925|Wacht op Yahoo...|97,0|112,0|654,0|196,0|262,05
156|209|194|Amundi MSCI World (2x) Leveraged UCITS ETF|Global / Broad|Unknown|FR0014010HV4|LVWC.DE|EUR|0,6|5,497000217437744|5,489999771118164|0,004385194158452954|0,03171924673333426|0,25202143980600256|0,2301667334676183|0,10946063125595895|Wacht op Yahoo...|442,0|247,0|283,0|159,0|267,65
157|271|153|iShares MSCI Europe Financials Sector UCITS EUR (Acc) ETF|Financials|Acc|IE00BMW42306|ESIF.DE|EUR|0,18|17,097999572753906|17,010000228881836|-0,01690435960540082|0,05024562970561819|0,2976624194043487|0,16725831846146955|0,10509018571485207|Wacht op Yahoo...|882,0|148,0|198,0|175,0|276,0
158|98|414|iShares EM Dividend UCITS ETF USD (Dist)|Factor / Smart Beta|Distr|IE00B652H904|EUNY.DE|EUR|0,65|16,761999130249023|16,770000457763672|0,008646841299851937|0,07990856287592552|0,24630301132535393|0,15736333483269704|0,05254115641142243|Wacht op Yahoo...|363,0|79,0|293,0|594,0|278,1
159|185|237|Amundi JPX-Nikkei 400 UCITS ETF - EUR (C)|Other|Acc|LU1681038912|JP40.DE|EUR|0,18|256,79998779296875|258,8500061035156|0,014618655077945242|0,028228179351226235|0,28079794410458225|0,22753342035900315|0,08805139890270297|Wacht op Yahoo...|260,0|290,0|240,0|317,0|278,4
160|262|175|Fidelity Japan Eq Research Enh UCITS ETF Inc JPY|Region: Japan|Distr|IE000B5UZSG9|FJPI.DE|EUR|0,25|4,818999767303467|4,859000205993652|0,017955124125722977|0,02368556278889411|0,2898828021497504|0,23852065889236562|0,10040891297231114|Wacht op Yahoo...|224,0|388,0|215,0|187,0|279,95
161|53|509|iShares MSCI Brazil UCITS ETF USD (Dist)|Region: Emerging Markets / Asia|Distr|IE00B0M63516|IQQB.DE|EUR|0,74|25,594999313354492|25,895000457763672|0,05864849841484565|0,06585172302019227|0,2640825062897265|0,18580222165530258|0,029815049942016447|Wacht op Yahoo...|29,0|102,0|273,0|836,0|280,6
162|182|251|Ishrs Dw Jnes Glb Screened Etf Usd Acc|Other|Acc|IE00B57X3V84|IUSL.DE|EUR|0,6|89,72000122070312|89,69000244140625|-0,00818038769908136|0,056275001670670344|0,21852511975393618|0,17296383483362798|0,10040727405909666|Wacht op Yahoo...|688,0|125,0|365,0|188,0|282,05
163|266|178|Global X Cloud Computing UCITS ETF USD Acc|Technology|Acc|IE00BMH5YF48|CL0U.DE|EUR|0,55|12,112000465393066|12,416000366210938|-0,02667950596544577|0,19400634874075795|0,2217067788989593|0,30278590457655974|0,24998779419615014|Wacht op Yahoo...|1240,0|10,0|352,0|23,0|282,6
164|161|288|Global X Nasdaq 100 Covered Call UCITS ETF|Technology|Unknown|IE00BM8R0J59|QYLE.DE|EUR|0,45|15,0|14,904000282287598|0,04035050342303581|0,027562886994502156|0,21702509207401333|0,1514707338987522|0,09122943944410689|Wacht op Yahoo...|80,0|303,0|373,0|285,0|283,45
165|144|322|iShares MSCI Wld Hlth Care Sec Adv UCITS ETF USD D|Other|Distr|IE00BJ5JNZ06|CBUF.DE|EUR|0,18|7,193999767303467|7,124000072479248|0,009684177867153254|0,04275976116534319|0,22846937366338937|0,09234168174404411|0,07755747231982202|Wacht op Yahoo...|347,0|173,0|331,0|410,0|286,0
166|202|244|iShares US Equity Enhanced Active UCITS ETF USD Ac|Region: US|Unknown|IE0009VWHAE6|USEE.DE|EUR|0,2|6,506999969482422|6,511000156402588|0,010874658048781072|0,02844947436749745|0,22312025554885606|0,18051521596691633|0,09867287324982921|Wacht op Yahoo...|329,0|285,0|347,0|198,0|289,7
167|415|61|Amundi STOXX Europe 600 Banks UCITS Dist ETF|Financials|Distr|LU2082996112|INDA.DE|EUR|0,3|100,76000213623047|100,31999969482422|0,006593443278423372|0,01777779935586321|0,4391791975921444|0,22355803282613063|0,14245546259850883|Wacht op Yahoo...|396,0|491,0|73,0|83,0|290,65
168|205|246|UBS MSCI USA Selection UCITS ETF USD acc|Region: US|Acc|IE00063GNWK1|CSY2.DE|EUR|0,1|272,8500061035156|272,0|0,0057133003328024845|0,031179137602787677|0,22135189596264992|0,17153290362380846|0,0992508746303229|Wacht op Yahoo...|414,0|255,0|353,0|193,0|290,95
169|170|295|VanEck Ms Developed Markets Div Lead UCITS ETF|Other|Unknown|NL0011683594|VDIV.DE|EUR|0,38|54,81999969482422|54,63999938964844|-0,005473767198213908|0,0653307987119125|0,28523899260654173|0,1674944865715744|0,0650056407436348|Wacht op Yahoo...|646,0|104,0|230,0|480,0|292,0
170|97|451|WisdomTree Energy Transition Metals Securities ETC|Commodity / Energy|Unknown|XS2425848053|NRGT.DE|EUR|0,81|24,511999130249023|24,52199935913086|0,01532594353593919|0,05865076621806553|0,3236136034265742|0,11824813161192793|0,03048486104336967|Wacht op Yahoo...|254,0|116,0|168,0|831,0|292,7
171|193|261|iShares STOXX Global Select Dividend 100 UCITS (DE) ETF|Factor / Smart Beta|Unknown|DE000A0F5UH1|ISPA.DE|EUR|0,46|39,810001373291016|39,71500015258789|-0,01240386958486428|0,06124248910279251|0,2875379741209376|0,2021013831254661|0,07958495678380806|Wacht op Yahoo...|764,0|111,0|223,0|398,0|294,35
172|334|132|Amundi MSCI World IMI Value Advanced UCITS ACC ETF|Factor / Smart Beta|Acc|IE000AZV0AS3|WMMS.DE|EUR|0,25|13,484000205993652|13,562000274658203|-0,017630746693787724|0,03579663308562808|0,33320148099563074|0,22693362027447428|0,10214545544513354|Wacht op Yahoo...|916,0|211,0|151,0|183,0|296,15
173|274|196|iShares MSCI EM SRI UCITS ETF USD (Acc)|ESG / Sustainable|Acc|IE00BYVJRP78|QDVS.DE|EUR|0,25|9,920999526977539|9,916999816894531|0,012243637378780203|0,024473307656476262|0,27666962345388413|0,13214653131013177|0,09859439875550491|Wacht op Yahoo...|306,0|370,0|253,0|199,0|296,95
174|406|89|Vanguard ESG DevAsiaPacific AC UCITS ETF Dis|ESG / Sustainable|Distr|IE0008T6IUX0|V3PL.DE|EUR|0,17|9,093000411987305|9,085000038146973|0,027934715965807433|0,011292572001561751|0,4226991393408377|0,34103615193436965|0,12517883313154554|Wacht op Yahoo...|122,0|582,0|83,0|126,0|297,05
175|82|487|Invesco FTSE EM High Div Low Vlty UCITS ETF Dist|Region: Emerging Markets / Asia|Distr|IE00BYYXBF44|EHDL.DE|EUR|0,49|25,78499984741211|25,790000915527344|0,016098437658662368|0,07415517571946162|0,21198504424552644|0,1448885376372424|0,05022541057931673|Wacht op Yahoo...|242,0|92,0|403,0|619,0|297,65
176|156|330|iShares World Eqt High Income Actv UCITS ETF USD D|Global / Broad|Distr|IE000KJPDY61|WINC.DE|EUR|0,35|5,142000198364258|5,127999782562256|0,01145000291704279|0,03637674537777502|0,21404613745405476|0,16949086552502846|0,08557219519142878|Wacht op Yahoo...|319,0|210,0|392,0|341,0|298,05
177|131|389|Amundi S&P World Health Care Screened UCITS Acc ETF|Healthcare / Biotech|Acc|IE0006FM6MI8|WELS.DE|EUR|0,18|12,13599967956543|12,022000312805176|0,010491211347406049|0,04674830285616993|0,213599967956543|0,07208480624909441|0,07415623069893429|Wacht op Yahoo...|335,0|162,0|394,0|426,0|298,75
178|166|319|Franklin EM Multi-Factor Equity UCITS ETF|Factor / Smart Beta|Unknown|IE00BF2B0K52|FLXE.DE|EUR|0,45|35,61000061035156|35,584999084472656|0,0035226151289267094|0,045968645192461466|0,2618710657976493|0,18364639169061658|0,0659506617346095|Wacht op Yahoo...|468,0|164,0|276,0|474,0|299,6
179|269|210|iShares MSCI Japan ESG Enhanced CTB UCITS USD (Acc) ETF|ESG / Sustainable|Acc|IE00BHZPJ452|EDMJ.DE|EUR|0,15|9,013999938964844|9,062000274658203|0,0181859547564307|0,023271645289017817|0,29066432890838834|0,23074823655212096|0,09196146758426482|Wacht op Yahoo...|221,0|394,0|213,0|280,0|300,0
180|228|239|Invesco RAFI All-World Fundamental Val UCITS ETF D|Global / Broad|Distr|IE00B23LNQ02|PSWD.DE|EUR|0,39|35,814998626708984|35,81999969482422|0,0015416724671399873|0,03215712529875181|0,286980875106261|0,20744535963625998|0,08530067525407614|Wacht op Yahoo...|526,0|242,0|225,0|343,0|300,55
181|426|78|iShares MSCI AC Far East ex-Jpn UCITS ETF USD D|Other|Distr|IE00B0M63730|IQQF.DE|EUR|0,74|85,37999725341797|85,73999786376953|0,025759932112966455|0,010296770631345264|0,43789538847712906|0,3488449708883343|0,13148230736837085|Wacht op Yahoo...|134,0|602,0|75,0|108,0|301,25
182|146|376|JPM US Research Enhanced Index Equity SRI Paris Aligned Active UCITS EUR (acc) ETF|ESG / Sustainable|Acc|IE000I5MBLC4|JEUS.DE|EUR|0,2|37,34000015258789|37,2599983215332|0,009052805696614374|0,04214340620614898|0,18936135079284822|0,1558582200850629|0,09977822259858615|Wacht op Yahoo...|355,0|175,0|560,0|191,0|301,45
183|179|302|UBS MSCI USA Value UCITS USD dis ETF|Factor / Smart Beta|Distr|IE00B78JSG98|UBU5.DE|EUR|0,2|123,68000030517578|124,12000274658203|0,002594031235740424|0,04193611976356881|0,2156765653921886|0,19141397694294704|0,08983860183287118|Wacht op Yahoo...|494,0|180,0|382,0|304,0|302,4
184|254|225|JPM Japan Rsrch Enh Idx Equity Actv UCITS ETF USDD|Region: Japan|Unknown|IE00005YSIA4|JREI.DE|EUR|0,25|34,78499984741211|35,064998626708984|0,019639400146012953|0,0237176527962768|0,2845669533483206|0,2302326798754155|0,08995895084316663|Wacht op Yahoo...|204,0|387,0|232,0|298,0|303,0
185|187|287|iShares World Equity Enhanced Active UCITS ETF USD (Acc)|Global / Broad|Acc|IE000D8XC064|WOEE.DE|EUR|0,3|6,453999996185303|6,451000213623047|0,008279952055554762|0,031319926878872195|0,22211699078831182|0,1745223167604577|0,08903916300305648|Wacht op Yahoo...|366,0|251,0|350,0|310,0|304,8
186|248|235|iShares MSCI EM SRI UCITS ETF USD (Dist)|ESG / Sustainable|Distr|IE00BGDQ0T50|36B5.DE|EUR|0,25|6,686999797821045|6,686999797821045|0,01164896562047435|0,02608555996353301|0,2767418864944533|0,19942875201688004|0,08995563183083721|Wacht op Yahoo...|316,0|339,0|251,0|299,0|305,55
187|475|28|Franklin FTSE Asia ex China ex Japan UCITS ETF|Region: Japan|Unknown|IE00BFWXDV39|FVSJ.DE|EUR|0,14|39,52000045776367|39,744998931884766|0,034690424755233096|0,0064943606794620745|0,6081383206857172|0,4420725950582376|0,1609853834152155|Wacht op Yahoo...|99,0|679,0|23,0|67,0|305,6
188|202|275|L&G Eur X-UK Qual Div Eur Dist|Region: Europe|Distr|IE00BMYDM919|LGGE.DE|EUR|0,25|18,22599983215332|18,236000061035156|-0,011501259872136238|0,05468629624675114|0,2859373311527096|0,1702582573785527|0,07325417851651883|Wacht op Yahoo...|745,0|129,0|227,0|430,0|306,1
189|138|403|Amundi S&P World Health Care Screened UCITS Dist ETF|Healthcare / Biotech|Distr|IE000JKS50V3|WELG.DE|EUR|0,18|11,654000282287598|11,557999610900879|0,009179073736827581|0,046140029005738104|0,211570638125401|0,07037422308754593|0,07253337051721331|Wacht op Yahoo...|351,0|163,0|404,0|437,0|306,25
190|223|259|Invesco S&P 500 Scored & Screened UCITS ETF Acc|Region: US|Acc|IE00BKS7L097|5ESG.DE|EUR|0,09|95,08999633789062|94,70999908447266|0,005817594849133911|0,028889831441724523|0,22712606735468732|0,17048250662618192|0,09378554513299142|Wacht op Yahoo...|412,0|278,0|336,0|252,0|307,4
191|221|263|iShares Oil & Gas Exploratn & Prod UCITS ETF USD A|Commodity / Energy|Acc|IE00B6R51Z18|IS0D.DE|EUR|0,55|30,0|30,334999084472656|-0,02008818473676255|0,124227116372571|0,33037698514399505|0,31694464862712346|0,06419300647465231|Wacht op Yahoo...|1026,0|47,0|157,0|486,0|309,15
192|174|341|Xtrackers MSCI USA ESG UCITS ETF|ESG / Sustainable|Unknown|IE00BFMNPS42|XZMU.DE|EUR|0,15|73,87000274658203|73,83999633789062|0,008739578865359254|0,03459385389239622|0,1986045994861949|0,15098165153210208|0,09785018495676501|Wacht op Yahoo...|362,0|218,0|508,0|205,0|309,5
193|354|148|BNP PARIBAS EASY II NASDAQ 100 UCITS USD Acc ETF|Technology|Acc|IE000QDFFK00|ANAV.DE|EUR|0,14|23,280000686645508|23,334999084472656|0,04371218866307225|0,013054880347486142|0,27757658493531645|0,24839123720213396|0,13198880385104816|Wacht op Yahoo...|61,0|547,0|247,0|103,0|310,3
194|165|364|Franklin S&P 500 Paris Aligned Climate UCITS ETF|ESG / Sustainable|Unknown|IE00BMDPBZ72|FLX5.DE|EUR|0,07|56,27000045776367|56,41999816894531|0,008965393507189612|0,03800039491019036|0,18901214053078497|0,16032584178008835|0,10532020988288715|Wacht op Yahoo...|356,0|205,0|561,0|174,0|310,45
195|352|150|Amundi Nasdaq-100 Swap UCITS ETF EUR Acc|Technology|Acc|LU1681038243|6AQQ.DE|EUR|0,23|306,29998779296875|306,8999938964844|0,043789316924177646|0,013064268595055939|0,2767819740968216|0,2479119641527554|0,1316676225162634|Wacht op Yahoo...|60,0|546,0|250,0|105,0|310,9
196|349|154|UBS Nasdaq-100 UCITS USD acc ETF|Technology|Acc|IE000SB4G4I4|BCFP.DE|EUR|0,13|31,125|31,209999084472656|0,044112732560092516|0,013183616396418518|0,2766612416495797|0,2477450543508346|0,1316258043640106|Wacht op Yahoo...|59,0|544,0|254,0|106,0|311,15
197|453|81|Global X Artificial Intelligence UCITS ETF USD Acc|Technology|Acc|IE0000XTDDA8|QAIU.DE|EUR|0,4|25,780000686645508|26,135000228881836|0,022812964280100934|0,009199475813258973|0,3653215087549948|0,31075867636128907|0,1611606054088992|Wacht op Yahoo...|165,0|615,0|113,0|66,0|312,2
198|308|200|UBS Factor MSCI USA Qlty Scrnd UCITS ETF USD dis|Factor / Smart Beta|Distr|IE00BX7RRJ27|UBUT.DE|EUR|0,25|62,400001525878906|61,939998626708984|0,004022526047660735|0,0249766607668227|0,25341448426046975|0,18817691123712788|0,10760456637061644|Wacht op Yahoo...|457,0|354,0|282,0|167,0|314,05
199|359|156|Xtrackers Nasdaq-100 UCITS 1C ETF|Technology|Acc|IE00BMFKG444|XNAS.DE|EUR|0,2|62,0|62,15999984741211|0,04341975615211435|0,012906402995319644|0,27663959133527594|0,24723397992107854|0,13144673733388634|Wacht op Yahoo...|66,0|549,0|255,0|109,0|315,05
200|189|304|Amundi Core S&P 500 Swap UCITS EUR Dist ETF|Region: US|Distr|LU0496786574|LYPS.DE|EUR|0,05|69,94599914550781|69,91200256347656|0,013651402422601544|0,028164051162588244|0,20598802899329316|0,17091869348534572|0,09378382991524381|Wacht op Yahoo...|276,0|291,0|427,0|253,0|315,15
201|470|50|iShares Automation & Robotics UCITS ETF USD A|Technology|Acc|IE00BYZK4552|2B76.DE|EUR|0,4|19,236000061035156|19,31599998474121|0,02243015326308284|0,0075424792696208165|0,4301858984253879|0,38428326049007433|0,18184181050593695|Wacht op Yahoo...|175,0|647,0|81,0|50,0|315,3
202|186|310|Xtrackers S&P 500 UCITS ETF|Region: US|Unknown|IE000Z9SJA06|XDPU.DE|EUR|0,03|13,151000022888184|13,145500183105469|0,013017999335028563|0,028707729565902174|0,20469013993454932|0,16986168562180803|0,09320937738976642|Wacht op Yahoo...|283,0|282,0|439,0|254,0|315,8
203|355|163|Invesco EQQQ NASDAQ-100 UCITS ETF Dist|Technology|Distr|IE0032077012|EQQQ.DE|EUR|0,3|652,9000244140625|654,5999755859375|0,04370559639572691|0,012955982763739105|0,2748752966672443|0,24683881880618985|0,13093491235277388|Wacht op Yahoo...|62,0|548,0|260,0|112,0|315,9
204|490|39|Vanguard FTSEDvlpAsiaPacexJpn UCITS ETF USDAcc|Other|Acc|IE00BK5BQZ41|VGEK.DE|EUR|0,15|51,88999938964844|51,84000015258789|0,018449433025185202|0,007572803682494023|0,614750337636635|0,46148423682903417|0,13496552014113417|Wacht op Yahoo...|218,0|646,0|21,0|98,0|315,95
205|362|159|Amundi Core Nasdaq-100 Swap UCITS ETF Acc|Technology|Acc|LU1829221024|LYMS.DE|EUR|0,22|108,73999786376953|109,04000091552734|0,04357006764388327|0,012853923673365797|0,27659071934943613|0,2470183677679767|0,13113649948922568|Wacht op Yahoo...|63,0|552,0|256,0|110,0|316,25
206|478|49|iShares Automation & Robotics UCITS ETF USD D|Technology|Distr|IE00BYWZ0333|2B7F.DE|EUR|0,4|12,815999984741211|12,859999656677246|0,02266201771983556|0,007388764484275168|0,4309096850562304|0,3828689126236111|0,18205901402634717|Wacht op Yahoo...|170,0|654,0|79,0|49,0|316,65
207|162|397|JPM US RschEnhIdx Eqt SRI PA Atv UCITS ETF USDD|ESG / Sustainable|Unknown|IE0002UMVXQ1|JSUD.DE|EUR|0,2|37,08000183105469|37,064998626708984|0,006924672446222191|0,039966431090869614|0,18675287696279752|0,15388943706178493|0,09736365801121694|Wacht op Yahoo...|387,0|190,0|578,0|209,0|320,35
208|198|309|iShares MSCI USA Screened UCITS ETF (ACC)|Region: US|Acc|IE00BFNM3G45|SGAS.DE|EUR|0,07|14,154000282287598|14,166000366210938|0,013896865588144847|0,02758821764268382|0,2019361629396621|0,1672439230004359|0,09721952935070854|Wacht op Yahoo...|272,0|302,0|470,0|212,0|321,5
209|371|166|iShares NASDAQ 100 UCITS ETF USD (Acc)|Technology|Acc|IE00B53SZB19|SXRV.DE|EUR|0,3|1534,4000244140625|1539,0|0,043383686853867065|0,01213721927048983|0,2746303058450361|0,24606138865733462|0,1308220663278905|Wacht op Yahoo...|67,0|562,0|262,0|113,0|322,95
210|347|187|Goldman Sachs Alpha Enhanced Japan Equity Active UCITS Class JPY Acc ETF|Region: Japan|Acc|IE000ZUTO1I5|GQJY.DE|EUR|0,25|26,290000915527344|26,434999465942383|0,023753917566294414|0,016824652136636198|0,3092629987757063|0,24420264835323047|0,09284737210145266|Wacht op Yahoo...|158,0|505,0|182,0|261,0|323,4
211|503|40|UBS MSCI EM ex China UCITS ETF USD acc|Region: Emerging Markets / Asia|Acc|LU2050966394|4UBL.DE|EUR|0,16|33,095001220703125|33,61000061035156|0,027316500510540687|0,005927042120980941|0,5519343510748502|0,3838595004700778|0,13674619273777644|Wacht op Yahoo...|126,0|697,0|28,0|95,0|323,7
212|199|313|iShares S&P 500 Swap UCITS ETF USD (Acc)|Region: US|Acc|IE00BMTX1Y45|I500.DE|EUR|0,05|11,352499961853027|11,357000350952148|0,012305455379149732|0,028119919408386762|0,20504624978172137|0,16973372350795546|0,0926787400577842|Wacht op Yahoo...|304,0|292,0|436,0|263,0|324,0
213|158|413|Goldman Sachs Alp Enh US Eq Actv UCITS ETF USD Acc|Region: US|Acc|IE000HYFO765|GQUS.DE|EUR|0,2|12,862000465393066|12,831999778747559|0,014193368782664972|0,033258395942471264|0,1937999132186481|0,16292947354506682|0,09203511286909771|Wacht op Yahoo...|269,0|230,0|544,0|279,0|324,15
214|373|165|Invesco EQQQ NASDAQ-100 UCITS ETF Acc|Technology|Acc|IE00BFZXGZ54|EQQB.DE|EUR|0,3|457,3500061035156|458,6499938964844|0,043225393409804136|0,012060217483162106|0,27466561221683006|0,24635506442082145|0,13081239800023803|Wacht op Yahoo...|68,0|565,0|261,0|114,0|324,25
215|195|323|iShares Core S&P 500 UCITS ETF USD (Acc)|Region: US|Acc|IE00B5BMR087|SXR8.DE|EUR|0,07|730,3800048828125|730,4400024414062|0,012925425562054338|0,02809608745926906|0,2041348058272796|0,16909436933724376|0,09259062409201713|Wacht op Yahoo...|284,0|293,0|444,0|269,0|324,6
216|188|342|L&G Em Quality Div USD Dist|Factor / Smart Beta|Distr|IE00BMYDMC42|LGGM.DE|EUR|0,45|11,824000358581543|11,845999717712402|0,008768658887111203|0,03113181741933002|0,23385678325698|0,18651218790250446|0,06955295066593647|Wacht op Yahoo...|361,0|256,0|317,0|445,0|324,8
217|388|149|HSBC MSCI Emerging Markets UCITS ETF USD|Region: Emerging Markets / Asia|Unknown|IE00B5SSQT16|H414.DE|EUR|0,15|12,142000198364258|12,100000381469727|0,022570373239740427|0,013353350252522267|0,34225081066538143|0,26571454987031506|0,09440038980902465|Wacht op Yahoo...|172,0|541,0|135,0|247,0|325,35
218|196|325|Xtrackers S&P 500 Swap UCITS 1C ETF|Region: US|Acc|LU0490618542|D5BM.DE|EUR|0,15|136,92999267578125|137,0050048828125|0,012870701996837042|0,02796434663505365|0,20399181072769457|0,16914266960924684|0,09260746492057792|Wacht op Yahoo...|285,0|295,0|447,0|268,0|326,1
219|201|317|Amundi S&P 500 Swap UCITS ETF EUR Acc|Region: US|Acc|LU1681048804|AUM5.DE|EUR|0,15|135,40499877929688|135,44500732421875|0,01267662837723793|0,02781989626016057|0,20424222553586246|0,1694519540237156|0,09278414882019059|Wacht op Yahoo...|294,0|298,0|443,0|262,0|326,45
220|84|540|iShares Metaverse UCITS ETF USD (Acc)|Technology|Acc|IE000RN58M26|CBUV.DE|EUR|0,5|11,12600040435791|11,227999687194824|0,03671263888570464|0,050217155803595315|0,10420803577546889|0,13034643286290049|0,11663387893908195|Wacht op Yahoo...|91,0|151,0|898,0|142,0|326,95
221|378|169|iShares Nasdaq-100 UCITS (DE) ETF|Technology|Unknown|DE000A0F5UF5|EXXT.DE|EUR|0,3|259,6499938964844|260,3500061035156|0,04319003721820436|0,011886156353941635|0,27358552136226555|0,2452448829395657|0,130541485084408|Wacht op Yahoo...|69,0|569,0|265,0|116,0|327,4
222|323|219|iShares MSCI Japan CTB Enh ESG UCITS ETF USD D|ESG / Sustainable|Distr|IE00BHZPJ346|EMNJ.DE|EUR|0,15|8,005999565124512|8,0649995803833|0,018056933411908727|0,019872568456960504|0,29108901785238483|0,23285351086245853|0,09080669878443026|Wacht op Yahoo...|223,0|456,0|212,0|294,0|327,65
223|383|164|Invesco NASDAQ-100 Swap UCITS ETF Acc|Technology|Acc|IE00BNRQM384|EQQX.DE|EUR|0,2|83,73999786376953|84,06999969482422|0,042839286192734694|0,011596993218520701|0,27632978333729086|0,24724454311926114|0,13075442879867039|Wacht op Yahoo...|70,0|575,0|258,0|115,0|328,0
224|200|326|Vanguard S&P 500 UCITS ETF USD Acc|Region: US|Acc|IE00BFMXXD54|VUAA.DE|EUR|0,07|130,9600067138672|131,0|0,01264264298633111|0,02790320606437624|0,20406387577593388|0,16949457749554875|0,09255318312522776|Wacht op Yahoo...|296,0|296,0|446,0|270,0|328,3
225|237|286|Franklin FTSE Developed Word UCITS ETF|Other|Unknown|IE000CVOSY02|DWLD.DE|EUR|0,09|32,71500015258789|32,63999938964844|0,01034586391050274|0,02683614331000772|0,2236768058991898|0,1759525705053966|0,08892831580885052|Wacht op Yahoo...|338,0|323,0|346,0|311,0|328,6
226|403|146|Sprott Pure Play Copper Miners UCITS ETF Acc|Other|Acc|IE000IQQEL77|ASWD.DE|EUR|0,59|20,8799991607666|20,815000534057617|-0,058611412377024164|0,11395645212792904|0,506493483259747|0,20637846543073968|0,08401502106821157|Wacht op Yahoo...|1528,0|51,0|48,0|350,0|331,6
227|495|75|HSBC ASIA PACIFIC EX JAPAN SCRND EQ UCITS ETF USD|Region: Japan|Unknown|IE00BKY58G26|H4Z2.DE|EUR|0,25|26,829999923706055|26,934999465942383|0,009785481063911527|0,01016568009008778|0,4434043937359582|0,34418843458653914|0,1315122573708818|Wacht op Yahoo...|345,0|603,0|69,0|107,0|331,6
228|231|301|iShares Euro Dividend UCITS ETF EUR Dist|Factor / Smart Beta|Distr|IE00B0M62S72|IQQA.DE|EUR|0,4|26,454999923706055|26,440000534057617|-0,017525468827452872|0,06723475405194113|0,2361157058084975|0,14635773335546154|0,08026348270355155|Wacht op Yahoo...|912,0|101,0|314,0|388,0|333,3
229|191|367|WisdomTree Global Quality Growth UCITS - USD Acc ETF|Factor / Smart Beta|Acc|IE000Y83YZ44|QGRG.DE|EUR|0,35|28,264999389648438|28,190000534057617|0,010366362974951082|0,029877926906257457|0,19792329782568707|0,1534380884575477|0,0957284178518285|Wacht op Yahoo...|336,0|269,0|515,0|233,0|333,35
230|210|345|StSt SPDR S&P 500 UCITS ETF Dist|Region: US|Distr|IE00B6YX5C33|SPY5.DE|EUR|0,03|675,780029296875|676,0|0,012562954925960268|0,027619457497250144|0,20365519608298244|0,16890236892132982|0,092354701446423|Wacht op Yahoo...|299,0|301,0|455,0|275,0|334,0
231|177|410|Amundi S&P 500 Climate Paris Aligned UCITS Dist ETF|ESG / Sustainable|Distr|IE000UZTA1X0|WEBP.DE|EUR|0,07|29,299999237060547|29,354999542236328|0,0034246051886412943|0,04085256249073854|0,18183691881807684|0,1570803317543934|0,10197043244017001|Wacht op Yahoo...|471,0|184,0|613,0|185,0|334,5
232|213|343|StSt SPDR S&P 500 UCITS ETF Acc|Region: US|Acc|IE000XZSV718|SPYL.DE|EUR|0,03|16,761999130249023|16,770000457763672|0,012595518666691508|0,02755550223748804|0,2036910151353124|0,16885738104890402|0,09236052375679771|Wacht op Yahoo...|298,0|304,0|454,0|274,0|334,6
233|214|340|iShares Core S&P 500 UCITS ETF USD (Dist)|Region: US|Distr|IE0031442068|IUSA.DE|EUR|0,07|67,38800048828125|67,40799713134766|0,012609642208997407|0,02752309800422026|0,20370924319473516|0,16885621760278124|0,0923984915788798|Wacht op Yahoo...|297,0|306,0|453,0|273,0|334,8
234|197|363|Vanguard FTSE North America UCITS - (USD) Accumulating ETF|Other|Acc|IE00BK5BQW10|VNRA.DE|EUR|0,08|170,8000030517578|170,83999633789062|0,011369008251021828|0,028543933294299606|0,20061865350030272|0,16826269915877323|0,09263331701054245|Wacht op Yahoo...|320,0|283,0|486,0|267,0|336,1
235|400|170|UBS Nasdaq-100 UCITS ETF USD dis|Technology|Distr|IE0003RQ9F90|BCFN.DE|EUR|0,13|30,864999771118164|31,020000457763672|0,04045167094408253|0,010933246721978263|0,27440130781257044|0,24498410355661182|0,12916919233259372|Wacht op Yahoo...|79,0|589,0|263,0|119,0|337,0
236|241|305|iShares EURO STOXX Select Dividend 30 UCITS (DE) EUR (Dist) ETF|Factor / Smart Beta|Distr|DE0002635281|EXSG.DE|EUR|0,31|23,950000762939453|23,96500015258789|-0,018040124547757386|0,06551835358562719|0,23459586586757353|0,1458518199196306|0,07978949248230416|Wacht op Yahoo...|930,0|103,0|316,0|397,0|339,1
237|390|186|Ishrs World Quality Div Usd Adv Dist|Factor / Smart Beta|Distr|IE00BYYHSQ67|QDVW.DE|EUR|0,38|8,463000297546387|8,460000038146973|-0,008319673761597923|0,025453709670877345|0,3003145908571496|0,21122694118653884|0,09490978329512867|Wacht op Yahoo...|689,0|349,0|193,0|242,0|339,6
238|207|368|iShares MSCI USA UCITS ETF USD (Acc)|Region: US|Acc|IE00B52SFT06|SXR4.DE|EUR|0,03|702,9600219726562|703,280029296875|0,01256054370382409|0,027659266348546874|0,19963146421884415|0,1680957730668624|0,09306020193417708|Wacht op Yahoo...|300,0|299,0|497,0|256,0|340,05
239|483|98|iShares Asia ex Japn Eqty Enh Actv UCITS ETF USD A|Region: Emerging Markets / Asia|Acc|IE000D5R9C23|AZEH.DE|EUR|0,3|7,8470001220703125|7,933000087738037|0,025885730144959984|0,006670948719360359|0,3918056236506493|0,30478885961228874|0,12276355657192095|Wacht op Yahoo...|131,0|673,0|101,0|131,0|340,3
240|204|373|Xtrackers MSCI USA UCITS 1D ETF|Region: US|Distr|IE00BK1PV445|XD9D.DE|EUR|0,03|26,18199920654297|26,191999435424805|0,012725740050218315|0,027650319852410288|0,19945726532396213|0,1676840197113394|0,09301142641421101|Wacht op Yahoo...|291,0|300,0|501,0|259,0|340,7
241|230|320|Robeco 3D Global Equity UCITS ETF USD Acc|Global / Broad|Acc|IE000Q8N7WY1|3DGL.DE|EUR|0,25|6,264999866485596|6,250999927520752|0,003523920528668345|0,03008880210379128|0,21508915818822594|0,16731875279587638|0,08560603503116826|Wacht op Yahoo...|467,0|267,0|385,0|340,0|341,1
242|391|188|Xtrackers Spain UCITS 1C ETF|Other|Acc|LU0592216393|XESP.DE|EUR|0,3|64,44999694824219|64,5|-0,016030580942867356|0,028402725886449876|0,347480545283956|0,16609365685628497|0,08652310371087557|Wacht op Yahoo...|858,0|286,0|130,0|329,0|341,4
243|178|429|Xtrackers MSCI USA Climate Transition UCITS ETF|ESG / Sustainable|Unknown|IE000GYDNJS5|XCUD.DE|EUR|0,09|51,7599983215332|51,88999938964844|0,008180720056428337|0,03412088993746387|0,1854181034565605|0,15670361914959274|0,09396057226866295|Wacht op Yahoo...|370,0|223,0|589,0|250,0|341,95
244|364|218|Invesco RAFI US Fundamental Value UCITS ETF Dist|Factor / Smart Beta|Distr|IE00B23D8S39|6PSA.DE|EUR|0,39|39,61000061035156|39,7599983215332|0,0014147174398715379|0,023874810183998285|0,2768048314227416|0,2236635129331983|0,09447200013752366|Wacht op Yahoo...|527,0|382,0|249,0|246,0|343,3
245|130|494|iShares AI Adopters & Applications UCITS ETF USD (Acc)|Technology|Acc|IE000Q9W2IR3|AIAA.DE|EUR|0,35|5,388000011444092|5,394999980926514|-0,0033296569418703736|0,09467697818155107|0,14833761982032834|0,09378803940266223|0,10001500633996718|Wacht op Yahoo...|600,0|61,0|764,0|190,0|343,4
246|217|362|Amundi Core MSCI USA UCITS Dist ETF|Region: US|Distr|IE000IEGVMH6|WEBI.DE|EUR|0,03|51,77000045776367|51,790000915527344|0,012715210083337647|0,02718251766681612|0,19981796553722497|0,16803556643445727|0,09315733983420649|Wacht op Yahoo...|292,0|313,0|495,0|255,0|343,75
247|151|469|iShares US Equity High Income Actv UCITS ETF USD D|Region: US|Distr|IE000WHL2ZK1|INCU.DE|EUR|0,35|5,116000175476074|5,114999771118164|0,01452317685853477|0,03418178607485678|0,17956608932332419|0,1482511239269757|0,09035401847907298|Wacht op Yahoo...|262,0|221,0|628,0|296,0|343,9
248|477|104|Goldman Sachs Alp Enh EM Eq Actv UCITS ETF USD Acc|Region: Emerging Markets / Asia|Acc|IE000KEFZYE7|GQEM.DE|EUR|0,3|26,684999465942383|26,8700008392334|0,024179587541261816|0,006981111922354177|0,3704292984107256|0,28850799833928953|0,1118469494301193|Wacht op Yahoo...|151,0|661,0|108,0|150,0|344,05
249|233|328|Xtrackers MSCI USA Screened UCITS 1C ETF|Region: US|Acc|IE00BJZ2DC62|XRSM.DE|EUR|0,07|59,099998474121094|59,25|0,01233294609168989|0,026219800616988698|0,20146371465908564|0,16568042573525665|0,09552523246849653|Wacht op Yahoo...|303,0|334,0|476,0|234,0|344,85
250|303|268|HSBC MSCI World Value Screened UCITS ETF USD Acc|Factor / Smart Beta|Acc|IE000LYBU7X5|H41D.DE|EUR|0,25|25,899999618530273|25,915000915527344|-0,01427212199598027|0,035585740963754775|0,24639070080373915|0,1775402878062804|0,08656433872974278|Wacht op Yahoo...|812,0|215,0|292,0|328,0|346,4
251|215|377|Xtrackers S&P 500 Swap II UCITS - 1D ETF|Region: US|Distr|IE000FO05UG4|XISP.DE|EUR|0,04|37,069000244140625|42,305999755859375|0,012261095722340798|0,027412783610142544|0,20533587298484357|0,17041180604323136|0,08401872962165746|Wacht op Yahoo...|305,0|307,0|434,0|349,0|346,85
252|222|361|Invesco MSCI USA UCITS Acc ETF|Region: US|Acc|IE00B60SX170|SC0H.DE|EUR|0,05|199,38999938964844|199,52000427246094|0,012131976597200111|0,027121696791492234|0,20006022698907477|0,1686203557367396|0,09288524099196827|Wacht op Yahoo...|307,0|317,0|489,0|260,0|347,1
253|234|344|Amundi Core S&P 500 Swap Etf|Region: US|Unknown|LU0496786657|6TVM.DE|EUR|0,05|69,802001953125|69,88200378417969|0,011681832717712393|0,026439683084607202|0,20391718697960748|0,16889949790442693|0,09182111213478628|Wacht op Yahoo...|315,0|330,0|448,0|282,0|347,65
254|242|334|Fidelity Global Quality Income UCITS Inc-USD ETF|Factor / Smart Beta|Distr|IE00BYXVGZ48|FGEQ.DE|EUR|0,4|10,270000457763672|10,241999626159668|0,0013651416958684326|0,031217453889139435|0,21984805925931306|0,17192548300721122|0,08042112972962379|Wacht op Yahoo...|530,0|254,0|357,0|387,0|347,75
255|232|347|Xtrackers World Biodiversity Focus SRI UCITS 1C ETF|ESG / Sustainable|Acc|IE000E0V65D8|XBI0.DE|EUR|0,3|58,45000076293945|58,380001068115234|0,010546345241049693|0,026879877779562023|0,2081438501964159|0,14810451656111367|0,08748487125729265|Wacht op Yahoo...|334,0|322,0|419,0|321,0|347,85
256|218|380|Xtrackers MSCI USA UCITS ETF 1C|Region: US|Acc|IE00BJ0KDR00|XD9U.DE|EUR|0,03|200,32000732421875|200,4499969482422|0,01243306735206029|0,02720307643603692|0,19887492797073358|0,1672639391209767|0,09266640685078964|Wacht op Yahoo...|301,0|312,0|506,0|264,0|349,25
257|417|179|iShares Copper Miners UCITS ETF USD (Acc)|Other|Acc|IE00063FT9K6|CEBS.DE|EUR|0,55|9,895000457763672|9,961999893188477|-0,07644197402577058|0,1064520446199726|0,5412773115535117|0,26292283466330435|0,07599205112928153|Wacht op Yahoo...|1569,0|53,0|33,0|423,0|349,4
258|154|479|Robeco Dynamic Theme Machine UCITS ETF USD Acc|Other|Acc|IE000VG2WCW5|RDYN.DE|EUR|0,55|5,815000057220459|5,810999870300293|0,005533471362972664|0,04436067251169007|0,15514504365466042|0,15080152146253223|0,10271930788631622|Wacht op Yahoo...|418,0|167,0|736,0|182,0|349,9
259|211|396|JPM BetaBuilders US Equity UCITS ETF USD Acc|Region: US|Acc|IE00BJK9H753|BBUS.DE|EUR|0,04|64,44000244140625|64,5999984741211|0,011458222687551478|0,028079166044374437|0,19732446686734817|0,1661238581018174|0,09215530158406726|Wacht op Yahoo...|318,0|294,0|517,0|278,0|350,15
260|302|278|UBS S&P 500 Scored & Screened UCITS ETF USD acc|Region: US|Acc|IE00BHXMHL11|4UBQ.DE|EUR|0,1|50,20000076293945|50,099998474121094|0,003398000955237457|0,025850604968796098|0,2239424968907635|0,16744187820789436|0,09100433926793894|Wacht op Yahoo...|472,0|340,0|345,0|289,0|350,85
261|253|339|iShares Edge MSCI World Multifactor UCITS EUR Hedged (Acc) ETF|Global / Broad|Acc|IE00BYXPXK00|IS07.DE|EUR|0,33|12,312000274658203|12,413999557495117|-0,011084300138240688|0,04039214599131191|0,2120496440151023|0,1639251460330693|0,08570185721464707|Wacht op Yahoo...|733,0|188,0|402,0|336,0|352,85
262|238|355|UBS Core S&P 500 UCITS ETF USD dis|Region: US|Distr|IE00B7K93397|UBU9.DE|EUR|0,03|109,11000061035156|109,25|0,01121407847415501|0,026461264350524205|0,20256296457495848|0,16779118541053295|0,09121804017645418|Wacht op Yahoo...|323,0|329,0|464,0|286,0|353,25
263|227|379|Amundi Core MSCI USA UCITS Acc ETF|Region: US|Acc|IE000FSN19U2|WEBH.DE|EUR|0,03|44,084999084472656|44,1349983215332|0,012052288673791045|0,026904234127331783|0,19959181182238517|0,16781454528404383|0,0924939624206833|Wacht op Yahoo...|310,0|321,0|498,0|271,0|353,6
264|240|365|Amundi Core S&P 500 UCITS Acc ETF|Region: US|Acc|IE000UBAW7M3|CSP5.DE|EUR|0,03|6,509200096130371|6,519000053405762|0,01131069544630292|0,026428686203686436|0,201713219162152|0,16756956391508382|0,0912084244624527|Wacht op Yahoo...|321,0|331,0|471,0|287,0|355,7
265|245|360|UBS Core S&P 500 UCITS ETF USD acc|Region: US|Acc|IE00BD4TXW66|BCFT.DE|EUR|0,03|130,5850067138672|130,77999877929688|0,0115419301992703|0,026208304234712765|0,20227417283249927|0,16776222023335263|0,09130109455471525|Wacht op Yahoo...|317,0|336,0|468,0|284,0|355,75
266|235|384|Xtrackers World Equity Enhanced Active UCITS 1C ETF|Global / Broad|Acc|IE00094GSCQ4|XEEW.DE|EUR|0,25|34,779998779296875|34,84000015258789|0,005057050697167442|0,02838554385379166|0,20784853923060753|0,1572117260403887|0,08090045252598554|Wacht op Yahoo...|430,0|287,0|420,0|378,0|359,9
267|252|365|Amundi MSCI USA ESG Leaders Extra UCITS DR - USD ETF|ESG / Sustainable|Unknown|IE000VML2GZ3|MWOJ.DE|EUR|0,1|19,530000686645508|19,52199935913086|0,002566793921158439|0,028977932438051912|0,19669124092197876|0,16222326193375447|0,09638600760974025|Wacht op Yahoo...|495,0|277,0|523,0|222,0|360,2
268|247|375|Invesco EURO STOXX Hi Div Low Vlty UCITS ETF Dist|Region: Europe|Distr|IE00BZ4BMM98|EHDV.DE|EUR|0,3|35,869998931884766|36,189998626708984|-0,0074241270618045085|0,03829972506289292|0,2323075641779282|0,15116974397808014|0,0625461318855991|Wacht op Yahoo...|674,0|204,0|321,0|489,0|360,75
269|482|135|BNPP Easy MSCI Emerging Min TE UCITS ETF EUR C|Region: Emerging Markets / Asia|Acc|LU1291097779|EMKX.DE|EUR|0,27|17,41200065612793|17,488000869750977|0,012678865237401249|0,009391342384227785|0,34041577851614724|0,24870914739438454|0,09757116432513824|Wacht op Yahoo...|293,0|611,0|137,0|207,0|364,0
270|309|296|Vanguard FTSE Developed World UCITS ETF USD A|Global / Broad|Acc|IE00BK5BQV03|VGVF.DE|EUR|0,12|134,55999755859375|134,60000610351562|0,007940056618679803|0,023737028752554457|0,22171779829554317|0,173761324799379|0,08636941964382072|Wacht op Yahoo...|373,0|386,0|351,0|330,0|364,1
271|270|356|Fidelity Global Quality Income UCITS - Acc ETF|Factor / Smart Beta|Acc|IE000YUTMIU2|FGEA.DE|EUR|0,4|5,816999912261963|5,7870001792907715|0,0017220168363665245|0,028465306050874606|0,21796479991309892|0,17101150811755828|0,0783869624075233|Wacht op Yahoo...|519,0|284,0|368,0|407,0|364,85
272|244|391|UBS Core MSCI USA UCITS USD dis ETF|Region: US|Distr|IE00B77D4428|UBU3.DE|EUR|0,03|164,38999938964844|164,6750030517578|0,011164093344464776|0,026327557134827817|0,19822863751254283|0,1668381161567587|0,09183978639719714|Wacht op Yahoo...|324,0|333,0|511,0|281,0|365,75
273|278|350|Vanguard ESG N America All Cap UCITS ETF USD Acc|ESG / Sustainable|Acc|IE000O58J820|V3YA.DE|EUR|0,12|8,112000465393066|8,137999534606934|0,008955286552444708|0,02488951414902063|0,198050594458407|0,16652293210281832|0,09728464598035069|Wacht op Yahoo...|357,0|356,0|512,0|211,0|366,15
274|183|461|Xtrackers MSCI World ESG UCITS ETF|ESG / Sustainable|Unknown|IE00BZ02LR44|XZW0.DE|EUR|0,2|50,18000030517578|50,119998931884766|0,004504022938123908|0,034532505930849444|0,18349053064416387|0,14136245038138728|0,08890303734235827|Wacht op Yahoo...|440,0|219,0|604,0|312,0|367,0
275|267|372|Robeco 3D US Equity UCITS ETF USD Acc|Region: US|Acc|IE000XERHYF0|3DUS.DE|EUR|0,2|6,078000068664551|6,083000183105469|0,005459055740961505|0,027036134070682394|0,20284981214805176|0,16526073146416698|0,08979563984199745|Wacht op Yahoo...|421,0|318,0|463,0|305,0|367,1
276|239|401|BNP Paribas Easy MSCI USA Min TE UCITS ETF C|Region: US|Acc|LU1291104575|ENOA.DE|EUR|0,15|31,014999389648438|31,03499984741211|0,011083949830294149|0,026476890055286972|0,19610486018612416|0,16466392666441232|0,09233995063887668|Wacht op Yahoo...|326,0|328,0|531,0|276,0|368,05
277|621|10|iShares MSCI Korea UCITS ETF USD (Dist)|Region: Emerging Markets / Asia|Distr|IE00B0M63391|IQQK.DE|EUR|0,65|118,66000366210938|118,31999969482422|0,04504897006966546|-0,002501154117348081|1,4978363359530387|0,9024867243084236|0,22636050697371557|Wacht op Yahoo...|54,0|886,0|2,0|26,0|368,2
278|419|220|Global X Copper Miners UCITS ETF USD Acc|Global / Broad|Acc|IE0003Z9E2Y3|4COP.DE|EUR|0,55|59,02000045776367|59,400001525878906|-0,09186024930359327|0,12077479355830478|0,5158597245677958|0,22524398383334887|0,059859534560060546|Wacht op Yahoo...|1585,0|49,0|42,0|517,0|371,25
279|296|338|Schroder Global Equity Active UCITS ACC USD ETF|Global / Broad|Acc|IE000BNLRWE6|SAHE.DE|EUR|0,25|10,387999534606934|10,371999740600586|0,01011271235573874|0,023851727611212237|0,21213534475160856|0,1691614256620282|0,08613081745981144|Wacht op Yahoo...|340,0|383,0|401,0|335,0|371,45
280|152|527|Amundi MSCI Em Latin America UCITS ETF - EUR (C)|Region: Emerging Markets / Asia|Acc|LU1681045024|AMEL.DE|EUR|0,2|21,170000076293945|21,389999389648438|0,017788502538699458|0,032682930550924194|0,2631264789491192|0,16703422208352303|0,021786449479740178|Wacht op Yahoo...|225,0|237,0|274,0|881,0|373,25
281|531|114|iShares Emerg Mkts Equity Enh Actv UCITS ETF USD A|Other|Acc|IE000OVF8Q66|EGEE.DE|EUR|0,3|7,559999942779541|7,622000217437744|0,019830005915276505|0,005854197708770714|0,3643746785264672|0,28070474320101124|0,10857997305706646|Wacht op Yahoo...|203,0|702,0|116,0|165,0|373,25
282|258|400|UBS MSCI USA NSL UCITS ETF USD acc|Region: US|Acc|IE000OULL4R4|CSY1.DE|EUR|0,09|269,0299987792969|269,69000244140625|0,010707063573283104|0,025814034780682116|0,19648650867922068|0,16523732280691927|0,09130551096928508|Wacht op Yahoo...|333,0|341,0|525,0|283,0|374,2
283|324|305|Scalable MSCI AC World Xtrackers UCITS ETF|Global / Broad|Unknown|LU2903252349|SCWX.DE|EUR|0,15|12,163999557495117|12,163999557495117|0,006620318282893667|0,023388851205139227|0,2199378098353657|0,1723206518367375|0,08471065623303708|Wacht op Yahoo...|395,0|392,0|356,0|347,0|374,45
284|357|283|Vanguard ESG Global All Cap UCITS ETF (USD) Acc|ESG / Sustainable|Acc|IE00BNG8L278|V3AA.DE|EUR|0,24|7,818999767303467|7,822999954223633|0,00877304095195175|0,02115707210155149|0,21829222464215303|0,1750826564345178|0,09247774189323077|Wacht op Yahoo...|360,0|437,0|366,0|272,0|374,7
285|314|312|Amundi Prime All Country World UCITS Dist ETF|Global / Broad|Distr|IE0009HF1MK9|WEBG.DE|EUR|0,07|13,649999618530273|13,652000427246094|0,008272973174405562|0,023238340509482258|0,21761055533536644|0,17043076048476702|0,08513849354186331|Wacht op Yahoo...|367,0|396,0|371,0|344,0|375,0
286|295|359|UBS S&P 500 Scored & Screened UCITS USD dis ETF|Region: US|Distr|IE00BHXMHK04|S5SD.DE|EUR|0,1|46,13999938964844|46,04499816894531|0,0036980240250408247|0,026212559198661056|0,20293968903424786|0,1668711249243171|0,09089309195496109|Wacht op Yahoo...|465,0|335,0|462,0|291,0|377,45
287|190|476|L&G New Energy Commodities UCITS ETF USD Acc|Commodity / Energy|Acc|IE000BLN64M9|ENTR.DE|EUR|0,65|12,473999977111816|12,60200023651123|0,003216982612509245|0,03467155190089377|0,28214614654412906|0,1425169192459388|0,03470328634453068|Wacht op Yahoo...|474,0|217,0|237,0|804,0|377,95
288|212|462|HSBC MSCI USA Climate Paris Aligned UCITS ETF USD|ESG / Sustainable|Unknown|IE00BP2C1S34|HPAU.DE|EUR|0,12|46,77000045776367|47,040000915527344|0,004834080946821917|0,031312062434861954|0,16954234795513057|0,14282226828754707|0,0949770362203406|Wacht op Yahoo...|433,0|252,0|663,0|241,0|379,7
289|286|378|UBS S&P 500 Cl Transition ESG UCITS ETF USD acc|ESG / Sustainable|Acc|IE000S4A5WE2|BCFF.DE|EUR|0,07|8,670999526977539|8,680000305175781|0,00696776977320912|0,024819651753910765|0,19997228458191296|0,16389258375468874|0,0922827879475272|Wacht op Yahoo...|386,0|360,0|492,0|277,0|380,3
290|260|418|UBS MSCI USA UCITS ETF USD dis|Region: US|Distr|LU0136234654|UIM6.DE|EUR|0,14|653,3800048828125|654,3400268554688|0,010360630115226588|0,025772675276211743|0,19433838928326486|0,1645909236786136|0,09062712086913516|Wacht op Yahoo...|337,0|342,0|539,0|295,0|381,1
291|367|285|Xtrackers MSCI World High Dividend Yield ESG UCITS ETF|ESG / Sustainable|Unknown|IE000NS5HRY9|XZDW.DE|EUR|0,25|39,935001373291016|39,78499984741211|-0,004735168266890577|0,025470530038104844|0,255487402097196|0,18850222590409005|0,08001608840783292|Wacht op Yahoo...|626,0|348,0|280,0|392,0|381,5
292|281|392|Amundi Prime Global UCITS Acc ETF|Global / Broad|Acc|IE0009DRDY20|F50A.DE|EUR|0,05|40,1150016784668|40,095001220703125|0,006271164918451255|0,02569677965817352|0,20357034127403795|0,16107098594192948|0,0836013066002046|Wacht op Yahoo...|401,0|343,0|456,0|351,0|381,55
293|176|514|iShares World Eqt Factor Rota Actv UCITS ETF USD A|Factor / Smart Beta|Acc|IE0009Y1MQJ2|FCRN.DE|EUR|0,3|5,892000198364258|5,890999794006348|0,012371138243854718|0,03187393327519983|0,16190102211091317|0,154388732891225|0,08709794174199526|Wacht op Yahoo...|302,0|245,0|696,0|323,0|381,9
294|216|460|BNP PARIBAS EASY II MSCI USA PAB UCITS USD Acc ETF|Region: US|Acc|IE000AXIKJM8|AIUT.DE|EUR|0,13|14,48799991607666|14,574000358581543|0,004576340663946965|0,03102760239680924|0,17046369465657318|0,14366906086494224|0,09517135288503331|Wacht op Yahoo...|438,0|258,0|661,0|239,0|381,95
295|135|577|JPM Nasdaq Equity Premium Income Active UCITS EUR Hedged dist ETF|Technology|Distr|IE0006FIW9Z0|JEQE.DE|EUR|0,35|22,59000015258789|22,579999923706055|0,023338902352536106|0,03308792005816308|0,1527676255100927|0,12865763905684857|0,07933841471373282|Wacht op Yahoo...|161,0|231,0|747,0|400,0|383,3
296|251|433|JPM US Research Enhanced Index Equity Active UCITS USD (acc) ETF|Region: US|Acc|IE00BF4G7076|JREU.DE|EUR|0,2|67,37000274658203|67,37000274658203|0,009590879026712074|0,026355931947287914|0,19662528702548254|0,1583563088606117|0,08570060828087556|Wacht op Yahoo...|348,0|332,0|524,0|337,0|383,4
297|173|526|Invesco MSCI World ESG Climate PA UCITS ETF Acc|ESG / Sustainable|Acc|IE000V93BNU0|PAUD.DE|EUR|0,19|6,013000011444092|6,004000186920166|0,00652829502539265|0,03851468930229407|0,1579049098710712|0,15125405980321216|0,08627563088474366|Wacht op Yahoo...|398,0|200,0|713,0|331,0|384,15
298|325|337|Amundi MSCI EMU Value Factor UCITS ETF Dist|Factor / Smart Beta|Distr|LU1598690169|LGWS.DE|EUR|0,4|193,17999267578125|193,0399932861328|-0,015392478692329514|0,03326907220020292|0,24619715403979603|0,13648663096467817|0,06698977528419436|Wacht op Yahoo...|838,0|229,0|295,0|467,0|384,45
299|346|307|Xtrackers MSCI AC World Screened UCITS 1C ETF|Global / Broad|Acc|IE00BGHQ0G80|XMAW.DE|EUR|0,25|51,2599983215332|51,33000183105469|0,008062927428026834|0,0217261349884319|0,21656580903046208|0,16659080390536807|0,08680438583959593|Wacht op Yahoo...|371,0|425,0|377,0|326,0|385,1
300|285|390|Amundi Prime Global UCITS Dist ETF|Global / Broad|Distr|IE000QIF5N15|MWOL.DE|EUR|0,05|44,0099983215332|44,040000915527344|0,0060578213765891675|0,025157186319125557|0,2038521534237392|0,16015264556415176|0,08313984486149995|Wacht op Yahoo...|405,0|352,0|450,0|357,0|385,45
301|421|249|Xtrackers MSCI Japan Climate Transition UCITS ETF|ESG / Sustainable|Unknown|IE0006FDYJF8|XCJD.DE|EUR|0,15|42,314998626708984|42,595001220703125|0,010025018841299138|0,016052303420218017|0,2625186857522548|0,22194250627350498|0,09029866338798098|Wacht op Yahoo...|342,0|516,0|275,0|297,0|385,85
302|519|145|Amundi MSCI Emerging Markets ESG Broad Transition UCITS DR (C) ETF|ESG / Sustainable|Acc|LU2109787049|SBIM.DE|EUR|0,18|77,58000183105469|78,02999877929688|0,015046467634267868|0,006878634111679993|0,3247950821674437|0,25169413365657944|0,09791903220369247|Wacht op Yahoo...|255,0|665,0|164,0|204,0|386,05
303|527|137|Amundi MSCI Em Mkts Swap UCITS ETF EUR Acc|Region: Emerging Markets / Asia|Acc|LU1681045370|AMEM.DE|EUR|0,2|7,855800151824951|7,910399913787842|0,01532859068152237|0,006508689891559172|0,3388894442263728|0,25327849323046725|0,09731749141235113|Wacht op Yahoo...|253,0|678,0|140,0|210,0|386,15
304|171|531|iShares MSCI EM Latin America UCITS ETF USD D|Region: Emerging Markets / Asia|Distr|IE00B27YCK28|IUSC.DE|EUR|0,2|18,326000213623047|18,516000747680664|0,015403361744175559|0,03128867425641846|0,26029795341485573|0,1670513372635063|0,021166526045063305|Wacht op Yahoo...|250,0|253,0|277,0|892,0|386,35
305|341|316|UBS MSCI EMU Value UCITS EUR acc ETF|Factor / Smart Beta|Acc|LU0950669845|AW1T.DE|EUR|0,25|23,584999084472656|23,55500030517578|-0,01565108573994145|0,03239219931539172|0,2514591024227759|0,13772308756782214|0,06790799596173724|Wacht op Yahoo...|847,0|241,0|284,0|460,0|386,45
306|335|332|Amundi Prime All Country World UCITS Acc ETF|Global / Broad|Acc|IE0003XJA0J9|WEBN.DE|EUR|0,07|13,081999778747559|13,097999572753906|0,007237439427031811|0,022350755106472997|0,21579921008115277|0,16782718896441629|0,08315502630004867|Wacht op Yahoo...|383,0|411,0|381,0|356,0|388,3
307|342|327|Ishrs Msci Cntry Wrld Ucits Etf Usd|Other|Unknown|IE00B6R52259|IUSQ.DE|EUR|0,2|108,63999938964844|108,72000122070312|0,00629863200205949|0,022397865665075845|0,2161647505069324|0,16880046214679267|0,08348055680917232|Wacht op Yahoo...|399,0|409,0|379,0|354,0|389,0
308|284|408|StSt SPDR MSCI World UCITS ETF Acc|Global / Broad|Acc|IE00BFY0GT14|SPPW.DE|EUR|0,12|47,15800094604492|47,16699981689453|0,006058804313698651|0,02528540148207159|0,20230480737641066|0,15901497405568943|0,082386284395503|Wacht op Yahoo...|404,0|351,0|466,0|362,0|389,9
309|563|116|UBS MSCI AC Asia ex Japan SF UCITS USD acc ETF|Region: Japan|Acc|IE00B7WK2W23|UIQI.DE|EUR|0,23|252,85000610351562|254,35000610351562|0,018734928333794976|0,0047685763406968285|0,3532969977490754|0,27136966962819753|0,10951340498496509|Wacht op Yahoo...|215,0|743,0|128,0|158,0|393,05
310|279|432|iShares MSCI North America UCITS USD (Dist) ETF|Other|Distr|IE00B14X4M10|IQQN.DE|EUR|0,4|125,19999694824219|125,44000244140625|0,009160238965536305|0,024832984378401646|0,19445373087961815|0,16149396894512802|0,08798502935149743|Wacht op Yahoo...|352,0|359,0|537,0|318,0|394,25
311|361|321|StSt SPDR MSCI All Cntry World UCITS ETF Acc|Global / Broad|Acc|IE00B44Z5B48|SPYY.DE|EUR|0,12|288,6499938964844|288,95001220703125|0,006625959534383163|0,02158912180872319|0,21690555484901108|0,16862345707078696|0,08329530898117632|Wacht op Yahoo...|394,0|427,0|374,0|355,0|394,4
312|299|407|UBS Core MSCI World UCITS USD dis ETF|Global / Broad|Distr|IE00B7KQ7B66|UBU7.DE|EUR|0,06|108,6449966430664|108,66000366210938|0,005413650728202546|0,02492565136029934|0,20240927394926|0,15991263380646514|0,08236575621262898|Wacht op Yahoo...|424,0|355,0|465,0|363,0|394,45
313|348|351|Invesco FTSE All World UCITS ETF Acc|Global / Broad|Acc|IE000716YHJ7|FWIA.DE|EUR|0,15|8,347000122070312|8,348999977111816|0,006997293723191245|0,02178974871865691|0,21375604159001926|0,16757587440153565|0,08241572152471743|Wacht op Yahoo...|385,0|421,0|393,0|361,0|396,6
314|353|346|Vanguard FTSE All-World UCITS - (USD) Accumulating ETF|Global / Broad|Acc|IE00BK5BQT80|VWCE.DE|EUR|0,14|169,5800018310547|169,74000549316406|0,00617069292957817|0,021935635386854502|0,21475640699691967|0,16838915904769758|0,08276742157207062|Wacht op Yahoo...|402,0|419,0|388,0|359,0|396,7
315|452|245|Invesco STOXX Europe 600 Optimised Basic Resources UCITS Acc ETF|Commodity / Energy|Acc|IE00B5MTWY73|SC0W.DE|EUR|0,2|878,0|880,2000122070312|-0,06536089292988889|0,07034013539641037|0,5091096913402358|0,2507122507122508|0,05391027095219636|Wacht op Yahoo...|1542,0|97,0|45,0|577,0|396,75
316|318|388|iShares UK Dividend UCITS ETF GBP (Dist)|Factor / Smart Beta|Distr|IE00B0M63060|IQQD.DE|EUR|0,4|11,767999649047852|11,678000450134277|-0,01605919317224147|0,03560112220791867|0,27007170349449683|0,14279234129103524|0,05357773816873679|Wacht op Yahoo...|859,0|214,0|266,0|583,0|397,55
317|249|464|Invesco S&P 500 CTB Net Zero Pathway ESG UCITS ETF Acc|ESG / Sustainable|Acc|IE000N1ZEIG9|CTBA.DE|EUR|0,09|5,611999988555908|5,619999885559082|0,006275747987507074|0,027274422979449486|0,18346686348852326|0,15058942546768894|0,08865179114739319|Wacht op Yahoo...|400,0|309,0|605,0|315,0|397,85
318|304|412|HSBC MSCI China UCITS ETF USD|Region: Emerging Markets / Asia|Unknown|IE00B44T3H88|H4ZY.DE|EUR|0,28|42,37900161743164|42,361000061035156|0,005981976467264394|0,024563080059857523|0,20138907963876362|0,1588777744675134|0,08245750869063295|Wacht op Yahoo...|407,0|367,0|477,0|360,0|399,1
319|311|401|iShares MSCI Screened UCITS ETF (ACC)|Other|Acc|IE00BFNM3J75|SNAW.DE|EUR|0,2|12,140000343322754|12,144000053405762|0,007301717325932655|0,023781459470771038|0,20150437780302277|0,15685151898574268|0,08482455481309703|Wacht op Yahoo...|381,0|385,0|475,0|346,0|399,1
320|307|409|UBS Core MSCI World UCITS USD acc ETF|Global / Broad|Acc|IE00BD4TXV59|UETW.DE|EUR|0,06|40,159000396728516|40,14699935913086|0,005432853804516302|0,024673377751181835|0,20229327235056016|0,15955883316721442|0,08214730069725529|Wacht op Yahoo...|422,0|366,0|467,0|364,0|399,25
321|431|269|WisdomTree Global Sustainable Equity UCITS - USD Acc ETF|Global / Broad|Acc|IE000XNILW20|WSDG.DE|EUR|0,29|29,84000015258789|29,71500015258789|0,011868443003940188|0,013759153864232765|0,23127705389214026|0,1860095522082108|0,09095130748035762|Wacht op Yahoo...|312,0|537,0|324,0|290,0|400,6
322|268|456|Fidelity US Quality Income UCITS Inc-USD ETF|Factor / Smart Beta|Distr|IE00BYXVGX24|FUSD.DE|EUR|0,25|11,96399974822998|11,923999786376953|0,00033442391891735923|0,029569643839187032|0,19573093858559787|0,1582398159544376|0,08017365438190871|Wacht op Yahoo...|549,0|271,0|532,0|391,0|401,95
323|375|332|UBS MSCI EMU Value UCITS ETF EUR dis|Factor / Smart Beta|Distr|LU0446734369|UIME.DE|EUR|0,25|64,16000366210938|64,16999816894531|-0,017006174935584983|0,030764146933268455|0,24899998893517883|0,1370441176898085|0,06654317652788766|Wacht op Yahoo...|886,0|261,0|289,0|471,0|403,75
324|329|394|Xtrackers MSCI World Swap UCITS 1D ETF|Global / Broad|Distr|LU2263803533|XWD1.DE|EUR|0,19|26,325000762939453|26,375999450683594|0,004234380791295678|0,02389223475478408|0,20410547467871565|0,16036056061985748|0,08191747017670226|Wacht op Yahoo...|447,0|381,0|445,0|367,0|404,1
325|544|162|iShares MSCI EM ESG Enhanced CTB UCITS USD (Acc) ETF|ESG / Sustainable|Acc|IE00BHZPJ239|EDM2.DE|EUR|0,18|8,390999794006348|8,45300006866455|0,015490774126674767|0,005873865539695489|0,320793259460729|0,24458612664163848|0,09657818270207041|Wacht op Yahoo...|247,0|700,0|174,0|219,0|404,35
326|292|442|Xtrackers MSCI World Climate Transition UCITS ETF|ESG / Sustainable|Unknown|IE000P4AYI47|XCTW.DE|EUR|0,19|51,70000076293945|51,65999984741211|0,006816013616723904|0,024777006562867188|0,19648233877231536|0,1544043974341316|0,0835717993752958|Wacht op Yahoo...|389,0|362,0|528,0|352,0|405,55
327|290|445|JPM US Research Enhanced Index Equity Active UCITS USD (dist) ETF|Region: US|Distr|IE00BJ06C044|JRUD.DE|EUR|0,2|62,34000015258789|62,41999816894531|0,008248395704834932|0,02448647026836781|0,19532738485340717|0,15679689422848697|0,08418782473493547|Wacht op Yahoo...|368,0|369,0|534,0|348,0|405,9
328|366|357|Goldman Sachs Alp Enh Wld Eq Actv UCITS ETF USDAcc|Other|Acc|IE000UFAX9L6|GQWD.DE|EUR|0,25|12,29800033569336|12,270000457763672|0,005395682050979733|0,021768035762944615|0,2161787746926611|0,16172301356747143|0,07989068564102886|Wacht op Yahoo...|425,0|423,0|378,0|395,0|406,45
329|322|415|Xtrackers MSCI World UCITS 1C ETF|Global / Broad|Acc|IE00BJ0KDQ92|XDWD.DE|EUR|0,12|141,07000732421875|141,06500244140625|0,005344925604707784|0,024138896692416756|0,20151607975585928|0,1589238783536353|0,08188639840463896|Wacht op Yahoo...|426,0|377,0|474,0|368,0|406,8
330|509|207|Avantis Emerging Markets Eq UCITS ETF USD Acc ETF|Region: Emerging Markets / Asia|Acc|IE000K975W13|AVEM.DE|EUR|0,35|28,360000610351562|28,420000076293945|0,014850632315598356|0,007460070858510859|0,30721369021809264|0,22188719211644536|0,08925058716073386|Wacht op Yahoo...|257,0|652,0|185,0|309,0|407,4
331|175|569|Franklin Future of Health and Wellness UCITS ETF|Healthcare / Biotech|Unknown|IE0003WEWAX4|FOHW.DE|EUR|0,3|26,174999237060547|25,8799991607666|-0,0024771545207542545|0,053108015253878094|0,15946836555731503|0,08452450751326235|0,07065063857615006|Wacht op Yahoo...|590,0|134,0|708,0|442,0|407,5
332|572|134|UBS Core MSCI EM UCITS ETF USD dis|Region: Emerging Markets / Asia|Distr|LU0480132876|UIMI.DE|EUR|0,15|149,73500061035156|150,5449981689453|0,01912538710381284|0,004449019649589436|0,3429582685982775|0,2531406468459636|0,09745532908338972|Wacht op Yahoo...|210,0|754,0|133,0|208,0|407,95
333|313|424|Amundi Core MSCI World UCITS ETF Acc|Global / Broad|Acc|IE000BI8OT95|MWRE.DE|EUR|0,12|161,90499877929688|161,9149932861328|0,005527431562414087|0,024164164235662478|0,2008084000634207|0,15861594686438663|0,08180812142431959|Wacht op Yahoo...|419,0|376,0|485,0|370,0|408,5
334|316|419|Amundi Core MSCI World UCITS Dist ETF|Global / Broad|Distr|IE000CNSFAR2|MWOE.DE|EUR|0,12|16,198999404907227|16,1924991607666|0,005649342214558706|0,023924592909384534|0,20093731171150386|0,15737168644180688|0,08184094603858383|Wacht op Yahoo...|415,0|380,0|483,0|369,0|408,8
335|321|423|iShares Core MSCI World UCITS ETF USD (Acc)|Global / Broad|Acc|IE00B4L5Y983|EUNL.DE|EUR|0,2|128,91000366210938|128,88499450683594|0,005420639894472057|0,02407059481095697|0,2008943331890065|0,15801297175266704|0,08154096826735535|Wacht op Yahoo...|423,0|378,0|484,0|371,0|409,85
336|305|439|Amundi MSCI World Swap UCITS ETF EUR Acc|Global / Broad|Acc|LU1681043599|AMEW.DE|EUR|0,38|701,739990234375|701,1799926757812|0,006656168140785512|0,02428844729443469|0,1985311532611016|0,15653632233514903|0,08143559842305659|Wacht op Yahoo...|392,0|373,0|510,0|372,0|409,9
337|561|147|iShares MSCI EM UCITS ETF USD (Acc)|Region: Emerging Markets / Asia|Acc|IE00B4L5YC18|EUNM.DE|EUR|0,18|56,93000030517578|57,327999114990234|0,015519067259589292|0,00504906597364041|0,33425520958126653|0,2496981653780741|0,09589505470462911|Wacht op Yahoo...|246,0|729,0|145,0|230,0|410,75
338|379|354|Invesco FTSE All World UCITS ETF Dist|Global / Broad|Distr|IE0000QLH0G6|FTWD.DE|EUR|0,15|7,947000026702881|7,953999996185303|0,005803959179949025|0,02100820387147162|0,2127319460587498|0,1666746936773711|0,08206867179353483|Wacht op Yahoo...|413,0|441,0|399,0|366,0|411,3
339|384|353|Vanguard FTSE All-Wld Hgh Div Yld UCITS ETF USD A|Other|Acc|IE00BK5BR626|VGWE.DE|EUR|0,29|93,08000183105469|93,0199966430664|-0,00809883350910856|0,02556191758724191|0,24239193948134363|0,1746593177738227|0,06457992149829739|Wacht op Yahoo...|686,0|345,0|299,0|484,0|412,45
340|733|12|Xtrackers MSCI Korea UCITS 1C ETF|Region: Emerging Markets / Asia|Acc|LU0292100046|DBX8.DE|EUR|0,45|209,8000030517578|209,4499969482422|0,04352151140105898|-0,010377344095481966|1,4925746419840595|0,9058866239278267|0,22328832610847793|Wacht op Yahoo...|65,0|995,0|3,0|27,0|413,9
341|568|151|Amundi MSCI Em Mkts Swap II UCITS ETF EUR Acc|Region: Emerging Markets / Asia|Acc|FR0010429068|LYM7.DE|EUR|0,55|19,284500122070312|19,413999557495117|0,016123495005125443|0,004898249727745219|0,332078455965932|0,2505755565733798|0,0959549602049119|Wacht op Yahoo...|240,0|738,0|152,0|229,0|415,0
342|582|139|Amundi Core MSCI Emerging Markets UCITS EUR Dist ETF|Region: Emerging Markets / Asia|Distr|LU1737652583|AEMD.DE|EUR|0,18|76,3499984741211|76,83799743652344|0,01494165023161198|0,004684516708989728|0,33736864236531905|0,2553023615850405|0,09632446932729755|Wacht op Yahoo...|256,0|746,0|141,0|223,0|416,65
343|327|434|JPM Global Research Enhanced Index Equity Active UCITS USD (acc) ETF|Global / Broad|Acc|IE00BF4G6Y48|JREG.DE|EUR|0,23|59,52000045776367|59,45000076293945|0,004048611393538293|0,024264323397045873|0,20157465713353018|0,1555038322119684|0,07892250013480995|Wacht op Yahoo...|455,0|375,0|473,0|401,0|416,7
344|276|482|iShares Core FTSE 100 UCITS ETF GBP Dist|Region: Europe|Distr|IE0005042456|IUSZ.DE|EUR|0,07|12,187999725341797|12,081999778747559|-0,009411411804783443|0,03392583767727664|0,21522178909888945|0,12354385964295345|0,04940580942618311|Wacht op Yahoo...|704,0|224,0|384,0|631,0|417,4
345|332|428|iShares MSCI EMU Mid Cap UCITS ETF EUR (Acc)|Other|Acc|IE00BCLWRD08|IS3H.DE|EUR|0,49|81,16999816894531|81,16000366210938|-0,009276237439272417|0,028379549665637605|0,21058903019419506|0,14469036774734145|0,06573356300408495|Wacht op Yahoo...|703,0|288,0|408,0|476,0|417,85
346|338|420|Invesco MSCI World UCITS Acc ETF|Global / Broad|Acc|IE00B60SX394|SC0J.DE|EUR|0,05|138,3249969482422|138,48500061035156|0,004137723096990786|0,023492439475725435|0,2011027295497747|0,15835528105963448|0,08105908859609334|Wacht op Yahoo...|451,0|389,0|481,0|374,0|418,3
347|423|308|Vanguard ESG Global All Cap UCITS ETF (USD) Dist|ESG / Sustainable|Distr|IE00BNG8L385|V3AL.DE|EUR|0,24|7,202000141143799|7,2270002365112305|0,00521740137432225|0,017973973056159664|0,2149085964355566|0,17167329935534914|0,08865868398817978|Wacht op Yahoo...|428,0|487,0|387,0|314,0|418,55
348|583|142|Amundi Core MSCI Emerging Markets Swap UCITS Dist ETF|Region: Emerging Markets / Asia|Distr|LU2573966905|AE5A.DE|EUR|0,14|66,86199951171875|67,30599975585938|0,015399100132791332|0,004507122197548119|0,33695713942355177|0,25275420533694515|0,09616843715527779|Wacht op Yahoo...|251,0|751,0|143,0|224,0|418,6
349|460|280|iShares STOXX Europe 600 Basic Resources UCITS (DE) ETF|Commodity / Energy|Unknown|DE000A0F5UK5|EXV6.DE|EUR|0,46|83,0|83,0199966430664|-0,06521005581513406|0,06410610292948205|0,48934820713444416|0,23904512109104536|0,04640183266676856|Wacht op Yahoo...|1541,0|107,0|50,0|664,0|419,25
350|261|499|Amundi MSCI AC Far East Ex Japan ESG Selection - UCITS DR - USD (C) ETF|ESG / Sustainable|Acc|LU2439119236|ACUU.DE|EUR|0,18|64,04000091552734|64,11000061035156|0,006918277546583473|0,02677572570534137|0,18285928403190543|0,16288362575651472|0,07944289874850186|Wacht op Yahoo...|388,0|324,0|609,0|399,0|419,85
351|306|458|Amundi MSCI EMU High Dividend UCITS ETF Acc|Factor / Smart Beta|Acc|FR0010717090|18M2.DE|EUR|0,3|212,64999389648438|213,5500030517578|-0,012537785607182217|0,03303370216831203|0,21444880916092002|0,11756356559122194|0,054122325057892606|Wacht op Yahoo...|767,0|233,0|390,0|573,0|420,35
352|255|505|ARK AI & Robotics UCITS ETF USD Acc|Technology|Acc|IE0003A512E4|AAKI.DE|EUR|0,75|10,043999671936035|10,131999969482422|0,040074567716014586|0,021354489116048425|0,13235623467011526|0,1592797997371891|0,11175799062461467|Wacht op Yahoo...|82,0|433,0|818,0|152,0|420,4
353|265|498|Amundi UK Equity All Cap UCITS ETF - Dist|Region: Europe|Distr|LU1781541096|LCUK.DE|EUR|0,04|17,856000900268555|17,70800018310547|-0,007669144432108532|0,034291065998417025|0,20634575576828307|0,12076328902227607|0,04999476244047485|Wacht op Yahoo...|679,0|220,0|424,0|623,0|420,45
354|333|437|Xtrackers MSCI World Swap UCITS 1C ETF|Global / Broad|Acc|LU0274208692|DBXW.DE|EUR|0,45|138,11500549316406|138,2100067138672|0,005496541056040138|0,023263561753353867|0,1995918090116775|0,15703277469446797|0,08101322145857259|Wacht op Yahoo...|420,0|395,0|499,0|376,0|420,95
355|294|472|Fidelity US Quality Income UCITS ETF Acc|Factor / Smart Beta|Acc|IE00BYXVGY31|FUSA.DE|EUR|0,25|14,61400032043457|14,576000213623047|0,0017822883436982018|0,027129648701577302|0,1929796179946588|0,15470924161341548|0,07845396997487075|Wacht op Yahoo...|515,0|316,0|547,0|405,0|421,4
356|246|515|WisdomTree Strategic Metals UCITS - USD Acc ETC ETF|Commodity / Energy|Acc|IE0007UE04X9|WENU.DE|EUR|0,5|12,744000434875488|12,928000450134277|-0,006238297057791331|0,03795410991846149|0,2990825575696996|0,09409346614361946|0,011358771816591062|Wacht op Yahoo...|664,0|206,0|196,0|953,0|421,6
357|604|131|iShares Inclusion and Diversity UCITS ETF USD A|Other|Acc|IE00BD0B9B76|OPEN.DE|EUR|0,25|10,767999649047852|10,824000358581543|-0,005724863813017178|0,008239638703888774|0,32122701264490283|0,2532588034783805|0,11853763963006081|Wacht op Yahoo...|652,0|636,0|173,0|140,0|423,45
358|525|222|Amundi PEA MSCI USA ESG Selection UCITS ETF EUR|ESG / Sustainable|Unknown|LU1681042864|ACU2.DE|EUR|0,35|844,5|844,9000244140625|0,00751609126845576|0,008599083138660646|0,23266680790308647|0,1869290231904428|0,10414528389809918|Wacht op Yahoo...|379,0|629,0|319,0|178,0|423,8
359|418|335|State Street SPDR MSCI All Country World Investable Market UCITS ETF|Global / Broad|Unknown|IE000DD75KQ5|SPSA.DE|EUR|0,17|12,449999809265137|12,456000328063965|0,00408795180231758|0,01849988679668635|0,21885729960346056|0,17269274830194625|0,08077911679193872|Wacht op Yahoo...|453,0|473,0|363,0|380,0|423,9
360|528|226|Amundi STOXX Europe 600 Technology UCITS ETF Acc|Region: Europe|Acc|LU1834988518|LTUG.DE|EUR|0,3|118,81999969482422|117,31999969482422|0,008487523362673555|0,008145249274573052|0,2356488682377591|0,20825710920880525|0,09914862477920683|Wacht op Yahoo...|365,0|637,0|315,0|195,0|427,3
361|225|544|L&G Global Equity UCITS ETF USD Acc|Global / Broad|Acc|IE00BFXR5S54|LGGL.L|EUR|0,1|28,010000228881836|27,885000228881836|-0,0022263781099091107|0,03529846286948146|0,17245713455390876|0,13103173507808696|0,06912376462278447|Wacht op Yahoo...|584,0|216,0|657,0|449,0|428,05
362|356|435|Xtrackers MSCI World UCITS 1D ETF|Global / Broad|Distr|IE00BK1PV551|XDWL.DE|EUR|0,12|116,1050033569336|116,24500274658203|0,003977748516755808|0,023011535514056325|0,20003695183770343|0,1572137259810389|0,08050044768701037|Wacht op Yahoo...|458,0|400,0|490,0|385,0|428,2
363|368|426|WisdomTree Cloud Computing UCITS ETF USD Acc|Technology|Acc|IE00BJGWQN72|WTEJ.DE|EUR|0,4|34,64500045776367|35,30500030517578|-0,060219750973179775|0,19775285640714202|0,1479456629369933|0,2115754953553608|0,2563916783193103|Wacht op Yahoo...|1531,0|9,0|765,0|22,0|428,9
364|283|492|Xtrackers FTSE 100 UCITS 1C ETF|Region: Europe|Acc|LU0838780707|XDUK.DE|EUR|0,09|20,260000228881836|20,170000076293945|-0,011224965583480628|0,03367346094728085|0,21317361097627696|0,12057523862693253|0,04838700567671039|Wacht op Yahoo...|736,0|226,0|396,0|646,0|429,0
365|350|441|Amundi MSCI World Swap II UCITS ETF Dist|Global / Broad|Distr|FR0010315770|LYYA.DE|EUR|0,3|433,760009765625|434,2699890136719|0,004515903332614757|0,022825937322816348|0,19928596934487786|0,1564158308687149|0,0805562159960782|Wacht op Yahoo...|439,0|403,0|502,0|383,0|429,15
366|411|371|VanEck Oil Services UCITS ETF|Commodity / Energy|Unknown|IE000NXF88S1|V0IH.DE|EUR|0,35|27,8700008392334|28,09000015258789|-0,0348051657408347|0,05708329532260814|0,5623949918356537|0,38933208281240184|0,02633130117552618|Wacht op Yahoo...|1359,0|123,0|25,0|851,0|429,5
367|280|503|Vanguard FTSE 100 UCITS ETF GBP Acc|Region: Europe|Acc|IE00BFMXYP42|VUKG.DE|EUR|0,09|67,37000274658203|66,9800033569336|-0,009701544091688219|0,03375793523782944|0,20973252662770414|0,11928898959447665|0,0475845084434261|Wacht op Yahoo...|710,0|225,0|412,0|653,0|430,1
368|440|324|StSt SPDR MSCI All Cntry Wld Inv Mkt UCITS ETF Acc|Other|Acc|IE00B3YLTY66|SPYI.DE|EUR|0,17|11,663999557495117|11,673999786376953|0,0039593326611042645|0,017801005119466806|0,2198284064483622|0,17131947610163833|0,0808446194215362|Wacht op Yahoo...|459,0|490,0|358,0|379,0|430,15
369|277|504|State Street SPDR S&P Developed Quality Aristocrats UCITS ETF|Factor / Smart Beta|Unknown|IE000IISJT64|QDEV.DE|EUR|0,35|11,437999725341797|11,418000221252441|-0,003658520781295249|0,030636165586328312|0,16145412485464417|0,1349473752144419|0,08995406647386517|Wacht op Yahoo...|607,0|262,0|699,0|300,0|430,6
370|207|574|First Trust Vest US Eq Mod BffrUCITS ETFNovAUSDAcc|Region: US|Acc|IE000OJ31JQ4|FTGN.DE|EUR|0,85|33,23500061035156|33,13999938964844|0,02387558680645907|0,025138879933279235|0,160439990175556|0,1124686396770398|0,06815924722213773|Wacht op Yahoo...|156,0|353,0|702,0|456,0|431,3
371|224|553|State Street SPDR S&P Euro Dividend Aristocrats UCITS ETF|Factor / Smart Beta|Unknown|IE00B5M1WJ87|SPYW.DE|EUR|0,3|29,90999984741211|29,954999923706055|-0,01522250736395181|0,05783029442191956|0,17912256301235474|0,12875105774609885|0,06106524412735159|Wacht op Yahoo...|835,0|120,0|632,0|503,0|431,85
372|180|631|Global X S&P 500 Qtr Buffer UCITS ETF USD Acc|Region: US|Acc|IE000LSRKCB4|SPQB.DE|EUR|0,5|20,81999969482422|20,84000015258789|0,02108878460261665|0,027894374597260407|0,14370463380719833|0,11755236890560883|0,0683535764361678|Wacht op Yahoo...|187,0|297,0|780,0|454,0|432,65
373|345|452|iShares MSCI World UCITS ETF USD (Dist)|Global / Broad|Distr|IE00B0M62Q58|IQQW.DE|EUR|0,5|92,33599853515625|92,2979965209961|0,005271864107193158|0,02286297008167404|0,19702692312219172|0,15564319110751668|0,07993440460681556|Wacht op Yahoo...|427,0|402,0|518,0|394,0|433,15
374|293|497|Invesco RAFI Europe Fundamental Value UCITS ETF D|Factor / Smart Beta|Distr|IE00B23D8X81|6PSC.DE|EUR|0,39|16,04800033569336|16,025999069213867|-0,014520229231515969|0,03850886659708941|0,21763255713323337|0,1071630067612579|0,0436838494913554|Wacht op Yahoo...|818,0|202,0|369,0|688,0|433,35
375|351|450|UBS MSCI World UCITS ETF USD dis|Global / Broad|Distr|LU0340285161|UIM7.DE|EUR|0,3|435,0299987792969|435,4700012207031|0,00431710015093234|0,022999187847727587|0,1979523718763876|0,15552513258082534|0,08018941035706262|Wacht op Yahoo...|445,0|401,0|514,0|390,0|433,65
376|507|262|BNPP Easy MSCI Emerging SRI PAB UCITS ETF|ESG / Sustainable|Unknown|LU1659681313|XU6C.DE|EUR|0,31|132,1999969482422|132,74000549316406|0,009468464957276934|0,009160282047650181|0,238586544462428|0,19985325655569341|0,0908872566692045|Wacht op Yahoo...|349,0|616,0|308,0|293,0|434,35
377|398|403|iShares Edge MSCI USA Qual Fctr UCITS ETF USD A|Region: US|Acc|IE00BD1F4L37|QDVB.DE|EUR|0,2|16,54199981689453|16,503999710083008|0,012858135871606446|0,01659294913947762|0,19973888082017655|0,16476554062093984|0,08737735329986918|Wacht op Yahoo...|286,0|508,0|496,0|322,0|434,5
378|668|105|iShares MSCI EM Asia UCITS ETF USD (Acc)|Region: Emerging Markets / Asia|Acc|IE00B5L8K969|CEBL.DE|EUR|0,2|266,54998779296875|268,1000061035156|0,01911680456264353|-0,0009370315271303165|0,3680455389186057|0,2799519221751201|0,11137929681758663|Wacht op Yahoo...|211,0|862,0|110,0|153,0|434,55
379|416|386|JPM All Cntr Rsch Enh Idx Eqt Actv UCITS EUR A ETF|Other|Unknown|IE000T4LTZ00|JREW.DE|EUR|0,26|29,024999618530273|29,084999084472656|0,003110425237568215|0,019494215615082355|0,21265929668519767|0,16309355669273762|0,07770522829507431|Wacht op Yahoo...|476,0|462,0|400,0|409,0|438,0
380|184|622|Xtrackers MSCI EM Latin America Swap UCITS ETF|Region: Emerging Markets / Asia|Unknown|LU0292108619|DBX3.DE|EUR|0,4|50,15999984741211|50,86000061035156|0,01210650640628197|0,029873687745756383|0,21614743960232063|0,13818924880326522|0,012625002303005672|Wacht op Yahoo...|308,0|270,0|380,0|945,0|438,2
381|505|272|Amundi MSCI World ESG Leaders UCITS Acc ETF|ESG / Sustainable|Acc|IE00016PSX47|MWOP.DE|EUR|0,18|116,18000030517578|115,87999725341797|0,004495907198702298|0,011316182824152587|0,22759933489479023|0,1671689696262877|0,09101956130483768|Wacht op Yahoo...|441,0|580,0|334,0|288,0|439,25
382|798|7|Franklin FTSE Korea UCITS ETF|Region: Emerging Markets / Asia|Unknown|IE00BHZRR030|FLXK.DE|EUR|0,09|91,37000274658203|91,27999877929688|0,0359411100682927|-0,015727664070606995|1,5430003331622575|0,9636794572029159|0,23804655871093017|Wacht op Yahoo...|93,0|1051,0|1,0|24,0|439,4
383|610|152|Xtrackers MSCI Emerging Markets UCITS 1C ETF|Region: Emerging Markets / Asia|Acc|IE00BTJRMP35|XMME.DE|EUR|0,18|82,37799835205078|82,90799713134766|0,014532381752744294|0,0032394636826993395|0,3334520139018047|0,2558770029137414|0,09573521825050024|Wacht op Yahoo...|261,0|791,0|150,0|232,0|439,45
384|481|293|Amundi STOXX Europe 600 Basic Resources UCITS Dist ETF|Commodity / Energy|Distr|LU2082996385|E6BR.DE|EUR|0,3|166,17999267578125|164,6999969482422|-0,05622449484508929|0,05004422117936569|0,48477885759342043|0,2349880773698636|0,04336116336678297|Wacht op Yahoo...|1514,0|153,0|51,0|694,0|439,85
385|614|143|State Street SPDR MSCI Emerging Markets UCITS ETF|Region: Emerging Markets / Asia|Unknown|IE00B469F816|SPYM.DE|EUR|0,18|92,5719985961914|93,197998046875|0,014732338939551948|0,00275133560682983|0,3371658833946891|0,2531066127167798|0,09606803174619438|Wacht op Yahoo...|259,0|801,0|142,0|226,0|439,95
386|297|511|State Street SPDR FTSE UK All Share UCITS ETF|Region: Europe|Unknown|IE00B7452L46|SPYF.DE|EUR|0,2|108,66000366210938|108,04000091552734|-0,011462832312818527|0,03308616986914337|0,20545822495964816|0,12078398228438014|0,049025515258405816|Wacht op Yahoo...|743,0|232,0|433,0|640,0|440,5
387|677|109|Amundi MSCI EM Asia ESG Broad Transition UCITS Acc ETF|ESG / Sustainable|Acc|LU1781541849|LCUA.DE|EUR|0,25|17,167999267578125|17,27400016784668|0,018872337027250552|-0,0013960079475821008|0,3610273372013568|0,2804295403749275|0,11183136006019745|Wacht op Yahoo...|213,0|873,0|118,0|151,0|440,85
388|676|110|Amundi MSCI Em Asia UCITS ETF - EUR (C)|Region: Emerging Markets / Asia|Acc|LU1681044480|AMEA.DE|EUR|0,2|59,2599983215332|59,72999954223633|0,019614580361305478|-0,0015164305796424582|0,3659098908417102|0,2770175601851639|0,10929532274677212|Wacht op Yahoo...|205,0|875,0|112,0|161,0|440,95
389|320|490|iShares Core FTSE 100 UCITS ETF GBP (Acc)|Region: Europe|Acc|IE00B53HP851|SXRW.DE|EUR|0,07|257,8999938964844|255,64999389648438|-0,011309228054457332|0,030981411909236645|0,21507653190334208|0,1203301360358846|0,04770104446999324|Wacht op Yahoo...|740,0|259,0|386,0|651,0|441,3
390|381|447|JPM Global Research Enhanced Index Equity Active UCITS EUR acc) ETF|Global / Broad|Acc|IE0005MWBFR7|JGIE.DE|EUR|0,24|31,80500030517578|31,825000762939453|0,0026797286778472706|0,022175816780757085|0,20041514616898648|0,1536090191232975|0,07718986766889424|Wacht op Yahoo...|490,0|414,0|487,0|412,0|443,25
391|486|298|Amundi STOXX Europe 600 Basic Resource UCITS ETF A|Region: Europe|Acc|LU1834983550|LBRE.DE|EUR|0,3|137,44000244140625|136,3800048828125|-0,05591426904290664|0,0486800320590588|0,48295211468326693|0,23463890422375266|0,04218721897616562|Wacht op Yahoo...|1513,0|156,0|53,0|708,0|444,2
392|194|628|First Trust Cboe Vest U.S. Equity Moderate Buffer UCITS ETF|Other|Unknown|IE000X8M8M80|FEBB.DE|EUR|0,85|35,38999938964844|35,369998931884766|0,023128049538348794|0,02609445251907716|0,1443815768065413|0,1186976176260115|0,06846361828793701|Wacht op Yahoo...|162,0|338,0|778,0|452,0|444,4
393|382|449|JPM Global Rsrch Enh Idx Eqty Actv UCITS ETF USD D|Global / Broad|Distr|IE000HFXP0D2|JRGD.DE|EUR|0,23|55,75|55,810001373291016|0,002697869244523865|0,02211125699406491|0,19983895449150801|0,15376601706318338|0,07715277541381638|Wacht op Yahoo...|488,0|416,0|494,0|413,0|445,7
394|59|869|Leverage Shares 1x ARK NextGen Internet|Other|Unknown|XS2399368575|NGTE.DE|EUR||5,69950008392334|5,85099983215332|0,026289709882785672|0,07476901991755014|-0,04250311436153442|0,09816956090280793|0,14063424536410385|Wacht op Yahoo...|128,0|90,0|1500,0|89,0|448,0
395|427|405|Franklin U.S. Equity UCITS ETF|Other|Unknown|IE00BF2B0P08|FLXU.DE|EUR|0,2|68,27999877929688|68,36000061035156|0,017130963398338972|0,012005299302487726|0,2012666888810366|0,17643000865339475|0,08509526082420349|Wacht op Yahoo...|231,0|566,0|478,0|345,0|449,55
396|555|242|Amundi STOXX Europe 600 Technology UCITS Dist ETF|Region: Europe|Distr|LU2082998837|CSTA.DE|EUR|0,3|150,10000610351562|148,39999389648438|0,008194527006252006|0,006706907840806631|0,22570641209932507|0,20601002095171772|0,09809721283969863|Wacht op Yahoo...|369,0|671,0|342,0|203,0|449,85
397|687|126|JPM Glob EM Resrch Enh Idx Eqt Actv UCITS ETF USDA|Region: Emerging Markets / Asia|Unknown|IE00BF4G6Z54|JREM.DE|EUR|0,37|45,595001220703125|45,845001220703125|0,012772118105127461|-0,0005479551022998796|0,3647112070919345|0,2798596833881579|0,10036106282081225|Wacht op Yahoo...|287,0|854,0|114,0|189,0|450,95
398|559|241|Amundi IBEX 35 UCITS ETF - Acc|Other|Acc|FR0010655746|AMES.DE|EUR|0,3|509,20001220703125|509,1000061035156|-0,016988393422719628|0,017992802439746658|0,3238009106639044|0,14982500889478678|0,07683785856205971|Wacht op Yahoo...|884,0|486,0|167,0|417,0|452,15
399|420|427|iShares Edge MSCI World Quality Factor UCITS USD (Acc) ETF|Factor / Smart Beta|Acc|IE00BP3QZ601|IS3Q.DE|EUR|0,25|78,7699966430664|78,48999786376953|0,005103915815567905|0,018094789282480983|0,20314640559617891|0,15753112579811535|0,0783910639263401|Wacht op Yahoo...|429,0|483,0|459,0|406,0|453,5
400|397|453|Amundi MSCI North America ESG Broad Transition UCITS Dist ETF|ESG / Sustainable|Distr|IE000MJIXFE0|WEBC.DE|EUR|0,15|143,17999267578125|143,55999755859375|0,004912948969908459|0,020091137454880448|0,18798524299181385|0,1545583734035214|0,08619764864448354|Wacht op Yahoo...|431,0|453,0|569,0|333,0|454,7
401|160|742|State Street SPDR S&P Pan Asia Dividend Aristocrats UCITS ETF|Factor / Smart Beta|Unknown|IE00B9KNR336|ZPRA.DE|EUR|0,55|49,97999954223633|49,95500183105469|0,0019044046085918698|0,05186585976788538|0,13898129776487012|0,11073087212921084|0,05069581397841261|Wacht op Yahoo...|510,0|141,0|798,0|616,0|455,6
402|637|171|iShares MSCI EM IMI ESG Screened UCITS ETF USD D|ESG / Sustainable|Distr|IE00BFNM3N12|OM3Y.DE|EUR|0,18|7,951000213623047|7,999000072479248|0,0161022884893518|0,001259316068637606|0,3255564815983705|0,23860950905785505|0,09434386452865717|Wacht op Yahoo...|241,0|826,0|162,0|248,0|456,65
403|523|292|iShares Nasdaq-100 UCITS EUR Hedged (Acc) ETF|Technology|Acc|IE00BYVQ9F29|NQSE.DE|EUR|0,33|17,549999237060547|17,68000030517578|0,019993018434193655|0,00596125740264708|0,2056883437357826|0,18405071987871824|0,09674403308376678|Wacht op Yahoo...|200,0|692,0|430,0|217,0|457,7
404|706|123|State Street SPDR MSCI EM Asia UCITS ETF|Region: Emerging Markets / Asia|Unknown|IE00B466KX20|SPYA.DE|EUR|0,55|114,27999877929688|114,73999786376953|0,021816903802773124|-0,004703021398385188|0,3546704356623003|0,28260382420196395|0,1063191162022803|Wacht op Yahoo...|181,0|913,0|125,0|171,0|457,8
405|440|416|The Royal Mint Physical Gold ETC |Commodity / Energy|Unknown|XS2115336336|RM8U.DE|EUR|0,22|36,987998962402344|36,790000915527344|-0,04778093716002463|0,06421908189339187|1,4446793577416388|1,4446793577416388|0,010837479375576553|Wacht op Yahoo...|1483,0|106,0|4,0|960,0|457,85
406|315|528|L&G UK Quality Div Gbp Dist|Factor / Smart Beta|Distr|IE00BMYDM802|BAT3.DE|EUR|0,25|15,163999557495117|14,763999938964844|-0,014440927282768468|0,03347640478051073|0,18550341154748162|0,10927095421920252|0,06223729828965574|Wacht op Yahoo...|816,0|228,0|587,0|490,0|458,35
407|645|168|iShares MSCI EM IMI ESG Screened UCITS ETF USD A|ESG / Sustainable|Acc|IE00BFNM3P36|AYEM.DE|EUR|0,18|9,333000183105469|9,375|0,01666665281518842|0,0006433493100457266|0,3260869624131997|0,24257755142632464|0,09463370146717187|Wacht op Yahoo...|235,0|836,0|161,0|243,0|458,5
408|139|771|State Street SPDR S&P Emerging Markets Dividend Aristocrats UCITS ETF|Factor / Smart Beta|Unknown|IE00B6YX5B26|SPYV.DE|EUR|0,55|15,223999977111816|15,161999702453613|0,0003942413564259617|0,07182950282444689|0,11763276820613222|0,12444176841876309|0,05099836394660584|Wacht op Yahoo...|546,0|95,0|866,0|611,0|458,6
409|492|336|Amundi STOXX Europe 600 Basic Materials UCITS Dist ETF|Region: Europe|Distr|LU2082996542|LYX4.DE|EUR|0,3|296,95001220703125|296,95001220703125|-0,043947178455415625|0,04083429692438845|0,30284681391623947|0,2068685573012019|0,05238167525222415|Wacht op Yahoo...|1454,0|185,0|188,0|599,0|458,9
410|641|175|iShares MSCI EM UCITS ETF USD (Dist)|Region: Emerging Markets / Asia|Distr|IE00B0M63177|IQQE.DE|EUR|0,18|58,63199996948242|59,08000183105469|0,014277866113577176|0,00177386008339675|0,328692197452477|0,24325529122698475|0,09302299159263527|Wacht op Yahoo...|267,0|821,0|159,0|257,0|459,6
411|613|198|iShares Core MSCI EM IMI UCITS ETF USD Acc|Region: Emerging Markets / Asia|Acc|IE00BKM4GZ66|IS3N.DE|EUR|0,18|48,41600036621094|48,696998596191406|0,011934353243588935|0,0036900660814584985|0,31590251759863897|0,23699542977038912|0,09088915305064105|Wacht op Yahoo...|311,0|778,0|179,0|292,0|461,0
412|543|279|HSBC MSCI EM Climate Paris Aligned UCITS ETF USD|ESG / Sustainable|Unknown|IE000FNVOB27|HP8E.DE|EUR|0,18|19,031999588012695|18,986000061035156|0,02070147385287502|0,005388234611334086|0,2852512215088341|0,2106869761275061|0,07271998824430148|Wacht op Yahoo...|190,0|721,0|229,0|435,0|461,15
413|95|843|Amundi US Inflation Expectations 10Y UCITS ETF A|Region: US|Acc|LU1390062831|UINF.DE|EUR|0,25|124,8499984741211|122,23999786376953|0,029903073174909922|0,043852639688784834|0,07075471790705934|0,07047930561845428|0,045481798513717475|Wacht op Yahoo...|111,0|169,0|974,0|671,0|461,95
414|444|422|Goldman Sachs ActBeta PA Sst Wld Eq UCITS ETF USDA|Other|Unknown|IE000HPBRE54|GACL.DE|EUR|0,2|46,28499984741211|46,165000915527344|0,006633325537457102|0,015021960443261095|0,1986274203173839|0,1542394416120132|0,08551938914452939|Wacht op Yahoo...|393,0|521,0|507,0|342,0|462,5
415|468|381|Amundi MSCI EM SRI Cl Paris Aligned UCITS ETF DRA|ESG / Sustainable|Unknown|LU1861138961|AMEI.DE|EUR|0,25|72,70999908447266|72,76000213623047|0,022500329916860906|0,007761573759536011|0,1990435325908766|0,19845065566015085|0,09263502683821123|Wacht op Yahoo...|174,0|643,0|505,0|266,0|462,75
416|437|438|Xtrackers MSCI World Quality UCITS 1C ETF|Factor / Smart Beta|Acc|IE00BL25JL35|XDEQ.DE|EUR|0,25|80,05000305175781|79,80000305175781|0,004769736306591499|0,017541692067272185|0,20159111004937347|0,15495607951918622|0,076999084745488|Wacht op Yahoo...|435,0|495,0|472,0|414,0|464,05
417|393|477|iShares MSCI USA ESG Enhanced CTB UCITS USD (Acc) ETF|ESG / Sustainable|Acc|IE00BHZPJ908|EDMU.DE|EUR|0,07|12,097999572753906|12,121999740600586|0,006656675490283703|0,01937980634015024|0,1816760765700438|0,1532888309552689|0,08625964614472537|Wacht op Yahoo...|391,0|464,0|615,0|332,0|464,4
418|242|625|iShares Edge S&P 500 Min Vol UCITS ETF USD A|Region: US|Acc|IE00B6SPMN59|IBCK.DE|EUR|0,2|103,22000122070312|103,18000030517578|0,0029149150514495847|0,029523229816519336|0,13941942149665154|0,1212253308502027|0,07321451651320943|Wacht op Yahoo...|482,0|272,0|794,0|431,0|465,8
419|399|475|iShares MSCI World ESG Enhanced CTB UCITS USD (Acc) ETF|ESG / Sustainable|Acc|IE00BHZPJ569|EDMW.DE|EUR|0,2|10,842000007629395|10,84000015258789|0,0024038482733785838|0,02148103262780854|0,18985946596543557|0,1496130090442831|0,07875230348215556|Wacht op Yahoo...|498,0|429,0|557,0|402,0|465,95
420|499|348|UBS MSCI World Socially Responsible UClTS USD acc ETF|ESG / Sustainable|Acc|LU0950674332|SEAC.DE|EUR|0,22|37,540000915527344|37,48500061035156|0,009411193916178284|0,009546847630112376|0,19859518778127616|0,166744422865041|0,09708182508289975|Wacht op Yahoo...|350,0|610,0|509,0|214,0|466,55
421|516|318|State Street SPDR MSCI Europe Value UCITS ETF|Factor / Smart Beta|Unknown|IE00BSPLC306|ZPRW.DE|EUR|0,2|77,55999755859375|77,56999969482422|-0,02144845485513347|0,02484140123991785|0,2963395484694158|0,14513500242804644|0,05486060834458728|Wacht op Yahoo...|1067,0|358,0|201,0|566,0|466,7
422|219|660|Global X S&P 500 Annual Tail Hdg UCITS ETF USD Acc|Region: US|Acc|IE000HGH8PV2|5PAH.DE|EUR|0,5|18,003999710083008|17,959999084472656|0,025868973946377327|0,024001760896469104|0,1369032083226691|0,1170120161306929|0,06615879757539056|Wacht op Yahoo...|132,0|379,0|803,0|473,0|466,75
423|108|836|Amundi Core MSCI Japan UCITS Acc ETF|Region: Japan|Acc|LU1781541252|LCUJ.DE|EUR|0,12|23,562000274658203|4235,22021484375|0,02872864850388379|0,039759984310939744|0,2928749445179206|0,23782508345339215|-0,44664548890391575|Wacht op Yahoo...|117,0|191,0|207,0|1609,0|467,5
424|540|294|Amundi Nasdaq-100 Swap UCITS ETF EURH Acc|Technology|Acc|LU1681038599|HNDX.DE|EUR|0,35|682,9000244140625|688,0999755859375|0,019862678185563976|0,005595713392341439|0,2054722408015226|0,18456205449100183|0,09653317139798134|Wacht op Yahoo...|201,0|713,0|432,0|221,0|467,55
425|330|532|Invesco Global Buyback Achievers UCITS ETF Dist|Global / Broad|Distr|IE00BLSNMW37|BBCK.DE|EUR|0,39|65,91999816894531|66,05000305175781|-0,017455324022796148|0,03695919637176259|0,18442921077153107|0,13267161478604828|0,0614398414522066|Wacht op Yahoo...|909,0|209,0|596,0|495,0|467,95
426|564|270|Xtrackers FTSE MIB UCITS 1D ETF|Other|Distr|LU0274212538|DBXI.DE|EUR|0,3|50,86000061035156|50,599998474121094|-0,009735202376520702|0,012659531554418901|0,2752111763245315|0,18197607243500213|0,08143279918636925|Wacht op Yahoo...|712,0|557,0|259,0|373,0|468,95
427|407|473|Xtrackers MSCI World Screened UCITS 1D ETF|Global / Broad|Distr|IE00BCHWNQ94|XDWY.DE|EUR|0,19|28,100000381469727|28,174999237060547|0,0030341243502827187|0,020392341994257324|0,19368165546405458|0,14851585876440598|0,07825802644202162|Wacht op Yahoo...|480,0|448,0|545,0|408,0|469,05
428|535|311|Avantis Global Equity UCITS ETF USD Acc ETF|Global / Broad|Acc|IE000RJECXS5|AVWC.DE|EUR|0,22|24,844999313354492|24,854999542236328|0,0|0,01160422856715937|0,23853439555350042|0,18507031397696694|0,07644046096681367|Wacht op Yahoo...|555,0|574,0|309,0|418,0|473,7
429|554|289|iShares MSCI EMU USD Hedged UCITS ETF (Acc)|Other|Acc|IE00BWZN1T31|CEBP.DE|EUR|0,38|13,145999908447266|13,053999900817871|0,00244010883260648|0,008902546266562616|0,2439439920276869|0,16604574354535728|0,08069359217019634|Wacht op Yahoo...|497,0|622,0|297,0|381,0|473,8
430|402|489|JPM Gbl RsrchEnhIdx Eqt SRI PA Atv UCITS ETF EURA|ESG / Sustainable|Unknown|IE0003JSNHV9|JEGS.DE|EUR|0,25|36,47999954223633|36,47999954223633|-0,00013707189342393455|0,022135078339177605|0,18866076596360348|0,14142680185368506|0,0759760478336109|Wacht op Yahoo...|557,0|415,0|563,0|424,0|475,1
431|740|121|Global X Internet of Things UCITS ETF USD Acc|Global / Broad|Acc|IE00BLCHJT74|SN5R.DE|EUR|0,6|16,719999313354492|16,812000274658203|0,05662278402863152|-0,012287345775793934|0,3056379534681992|0,3529697023576084|0,13869770052425445|Wacht op Yahoo...|32,0|1016,0|187,0|91,0|476,15
432|595|250|Invesco Global Active ESG Equity UCITS ETF Acc|ESG / Sustainable|Acc|IE00BJQRDN15|IQSA.DE|EUR|0,3|97,5199966430664|97,2699966430664|0,0017462575409337155|0,0066061045395606754|0,26814037331648577|0,2002461125300481|0,08968499728978596|Wacht op Yahoo...|516,0|676,0|268,0|307,0|476,2
433|755|101|JPM Global Emerging Markets Research Enhanced Index Equity SRI Paris Aligned Active UCITS - EUR (acc) ETF|ESG / Sustainable|Acc|IE000AV35A01|JESM.DE|EUR|0,4|36,630001068115234|36,92499923706055|0,022042436165288448|-0,009732376156152855|0,38148225198208885|0,30078129497864725|0,11292567893110017|Wacht op Yahoo...|179,0|985,0|104,0|147,0|476,25
434|589|260|Amundi MSCI Jpn ESG Brd Transition UCITS ETF EURA|ESG / Sustainable|Unknown|LU1602144732|J1GR.DE|EUR|0,15|364,25|366,95001220703125|0,016180743745152437|0,003996726173702836|0,2666921793452157|0,21639667774722904|0,08562342571761916|Wacht op Yahoo...|239,0|769,0|270,0|338,0|478,55
435|413|486|JPM Gbl RsrchEnhIdx Eqt SRI PA Atv UCITS ETF USDA|ESG / Sustainable|Unknown|IE000BXC49I6|JGSC.DE|EUR|0,25|36,47999954223633|36,439998626708984|0,0004113366127977969|0,021276548028019482|0,18943591299281293|0,14142680185368506|0,07636574972248678|Wacht op Yahoo...|545,0|434,0|559,0|419,0|478,9
436|522|369|Invesco MSCI USA Universal Screened UCITS ETF Acc|Region: US|Acc|IE00BJQRDM08|ESGU.DE|EUR|0,09|102,12000274658203|102,4000015258789|0,005910225801377678|0,009290397692933938|0,20353570516242514|0,16949156096521456|0,0895322230226192|Wacht op Yahoo...|408,0|613,0|457,0|308,0|482,25
437|655|214|Amundi Prime Emerging Markets UCITS DR (C) ETF|Region: Emerging Markets / Asia|Acc|LU2300295123|PRAM.DE|EUR|0,1|26,375|26,55500030517578|0,01111753596725129|0,0022800480609805884|0,3115365091746216|0,2310385502547434|0,08698675685583979|Wacht op Yahoo...|325,0|809,0|181,0|324,0|482,4
438|603|255|UBS Factor MSCI EMU Prime Value Screened UCITS EUR dis ETF|Factor / Smart Beta|Distr|LU1215452928|UIMZ.DE|EUR|0,25|26,010000228881836|25,979999542236328|-0,014025737060486487|0,01131318162273387|0,2769795938624735|0,19156187685226778|0,08349500626075734|Wacht op Yahoo...|798,0|581,0|248,0|353,0|484,7
439|206|736|iShares China CNY Bond UCITS ETF USD (Dist)|Bonds / Fixed Income|Distr|IE00BYPC1H27|ICGB.DE|EUR|0,35|5,052199840545654|5,0258002281188965|0,026452643443023893|0,024724580445122157|0,1291999300007225|0,10168605761687255|0,05449800574838659|Wacht op Yahoo...|127,0|363,0|827,0|569,0|484,8
440|439|485|VanEck S&P Global Mining UCITS ETF|Commodity / Energy|Unknown|IE00BDFBTQ78|WMIN.DE|EUR|0,5|55,90999984741211|57,040000915527344|-0,09706069927740069|0,09007601578119928|0,3514624435806075|0,1581563558820458|0,011147762809278428|Wacht op Yahoo...|1588,0|64,0|129,0|956,0|487,25
441|530|374|UBS MSCI World SR UCITS ETF USD dis|Global / Broad|Distr|IE00BK72HH44|4UB9.DE|EUR|0,19|23,315000534057617|23,329999923706055|0,007998330307111168|0,008094095572279247|0,19686383396498508|0,1625665879783038|0,09548221861350492|Wacht op Yahoo...|372,0|638,0|520,0|236,0|488,2
442|181|770|Global X S&P 500 Qtr Tail Hedge UCITS ETF USD Acc|Region: US|Acc|IE000EPX8KB7|SPQH.DE|EUR|0,5|18,847999572753906|18,804000854492188|0,025127809270112822|0,026691348535394566|0,10016341386459438|0,07789085593987588|0,055483417441080984|Wacht op Yahoo...|137,0|325,0|909,0|554,0|488,6
443|444|480|Xtrackers USA Biodiversity Focus SRI UCITS 1C ETF|ESG / Sustainable|Acc|IE000LOSV2D0|XBUZ.DE|EUR|0,3|43,349998474121094|43,41999816894531|-0,0033337271255196033|0,020720443327630234|0,18007343824313127|0,13585739379569217|0,08674462329325405|Wacht op Yahoo...|601,0|443,0|626,0|327,0|489,25
444|369|546|State Street SPDR MSCI Europe Small Cap Value Weighted UCITS ETF|Factor / Smart Beta|Unknown|IE00BSPLC298|ZPRX.DE|EUR|0,3|69,75|69,44000244140625|-0,026110062480712126|0,05633804769763984|0,18461275024961066|0,11528620049448324|0,05708324989540947|Wacht op Yahoo...|1229,0|124,0|594,0|539,0|490,25
445|601|274|iShares FTSE MIB UCITS ETF EUR (Acc)|Other|Acc|IE00B53L4X51|SXRY.DE|EUR|0,33|259,29998779296875|258,20001220703125|-0,012002378615161291|0,010719158568891496|0,2742014142160627|0,16722932665843437|0,08067890612987338|Wacht op Yahoo...|753,0|593,0|264,0|382,0|492,55
446|567|314|Invesco EQQQ NASDAQ-100 UCITS ETF EUR Hdg Acc|Technology|Acc|IE00BYVTMS52|EQEU.DE|EUR|0,35|519,2999877929688|523,2999877929688|0,01903450073248769|0,004642993355681746|0,20333681492790845|0,1808982098759948|0,09544999801245391|Wacht op Yahoo...|212,0|748,0|458,0|237,0|492,9
447|409|519|UBS FTSE 100 UCITS ETF GBP dis|Region: Europe|Distr|LU0136242590|UIM3.DE|EUR|0,2|114,9800033569336|114,45999908447266|-0,014738591570584436|0,026905939597267503|0,20639257643927866|0,11646023056599608|0,044225132642345066|Wacht op Yahoo...|826,0|320,0|423,0|680,0|493,65
448|250|711|Xtrackers II Harvest China Government Bond UCITS 1D ETF|Bonds / Fixed Income|Distr|LU1094612022|CGB.DE|EUR|0,2|20,285999298095703|20,170000076293945|0,028467064984650348|0,021972340067140994|0,14108042790196862|0,11264852505657297|0,05510156457167592|Wacht op Yahoo...|119,0|417,0|788,0|562,0|494,05
449|502|431|Franklin MSCI World Catholic Principles UCITS ETF|Global / Broad|Unknown|IE000AZOUN82|FLXA.DE|EUR|0,27|34,67499923706055|34,70500183105469|0,004344611283194411|0,011522767556287894|0,19507151357829788|0,16515453529495416|0,08753093123669409|Wacht op Yahoo...|444,0|577,0|535,0|320,0|495,15
450|498|435|State Street SPDR S&P UK Dividend Aristocrats UCITS ETF|Factor / Smart Beta|Unknown|IE00B6S2Z822|SPYG.DE|EUR|0,3|15,253999710083008|15,227999687194824|-0,02682078309670255|0,029103233897825653|0,21017724524693637|0,13868335133729803|0,06433151483232713|Wacht op Yahoo...|1242,0|275,0|410,0|485,0|495,8
451|548|383|UBS MSCI World Socially Responsible UClTS USD dis ETF|ESG / Sustainable|Distr|LU0629459743|UIMM.DE|EUR|0,22|184,0|184,22000122070312|0,007777402534256073|0,0071698463372877885|0,19611312117195157|0,16402872100443777|0,09499910203460038|Wacht op Yahoo...|376,0|657,0|530,0|240,0|499,7
452|220|753|Goldman Sachs Access China Gv Bd UCITS ETF USD Dis|Region: Emerging Markets / Asia|Distr|IE00BJSBCS90|GASF.DE|EUR|0,24|50,604000091552734|50,369998931884766|0,027742823793335925|0,02380392842382606|0,12469045765128328|0,09790755453252009|0,05302776855714453|Wacht op Yahoo...|125,0|384,0|841,0|589,0|500,4
453|577|349|JPM US Val Eq Active UCITS ETF - USD (dist)|Region: US|Distr|IE000DTA2ZH9|JPVD.DE|EUR|0,49|32,5099983215332|32,38999938964844|-0,009445502016256935|0,011669519825327601|0,2271880961487065|0,16132206437397012|0,07318330082779667|Wacht op Yahoo...|706,0|573,0|335,0|432,0|505,25
454|288|702|Franklin Future of Food UCITS ETF|Other|Unknown|IE000ZOKLHY7|FOFD.DE|EUR|0,3|25,424999237060547|25,014999389648438|0,012746452924082163|0,0231387865901036|0,1429533952733597|0,13707506900916822|0,05576228182056031|Wacht op Yahoo...|289,0|398,0|784,0|551,0|508,75
455|272|733|First Trust Vest U.S. Equity Moderate Buffer UCITS May A USD Acc ETF|Other|Acc|IE000P0FL8E3|GMAY.DE|EUR|0,85|35,93000030517578|35,88999938964844|0,018424080169196166|0,023209414431233144|0,1205364679244798|0,09877674210628906|0,0585229499507145|Wacht op Yahoo...|219,0|397,0|855,0|527,0|510,8
456|599|315|Xtrackers MSCI World Quality ESG UCITS ETF|ESG / Sustainable|Unknown|IE0003NQ0IY5|XWEQ.DE|EUR|0,25|49,650001525878906|49,375|-0,00530901301788822|0,0085314236755627|0,23170428763062456|0,1624912805003853|0,07740092596647252|Wacht op Yahoo...|644,0|630,0|322,0|411,0|511,3
457|448|522|Dimensional-Global Core Equity Ucits Etf|Global / Broad|Unknown|IE000EGGFVG6|DEGC.DE|EUR|0,26|25,40999984741211|25,40999984741211|-0,005674054237217341|0,021507531554255666|0,18103651258468934|0,1618655177108259|0,07259428041624316|Wacht op Yahoo...|651,0|428,0|622,0|436,0|511,55
458|489|483|iShares EURO STOXX Mid UCITS ETF EUR (Dist)|Region: Europe|Distr|IE00B02KXL92|IQQM.DE|EUR|0,4|89,33999633789062|89,33000183105469|-0,017053532433491725|0,023310831801640397|0,2031400489189077|0,12735166745915216|0,05716240042997667|Wacht op Yahoo...|890,0|393,0|460,0|537,0|513,1
459|490|481|Franklin Global Quality Dividend UCITS ETF|Factor / Smart Beta|Unknown|IE00BF2B0M76|FLXX.DE|EUR|0,3|38,5|38,47999954223633|-0,014235288728419393|0,02172909926456068|0,20096448004622736|0,16862153975768046|0,060728394930074314|Wacht op Yahoo...|810,0|424,0|482,0|508,0|513,2
460|508|470|Amundi MSCI World ex USA UCITS Dist ETF|Region: US|Distr|IE0009BI8Z04|WEXF.DE|EUR|0,15|11,930000305175781|11,911999702453613|-0,01143516211791884|0,018787383972000526|0,20909183608869153|0,13875367241903835|0,05505127890933892|Wacht op Yahoo...|742,0|470,0|414,0|564,0|515,6
461|515|465|Xtrackers MSCI World ex USA UCITS ETF|Region: US|Unknown|IE000Z0FC0G5|EXU1.DE|EUR|0,15|11,17199993133545|11,156000137329102|-0,011502399036841249|0,01830157420624068|0,20885736592783566|0,13802316810109283|0,05549941166203887|Wacht op Yahoo...|746,0|478,0|416,0|553,0|517,7
462|446|542|WisdomTree US Efficient Core UCITS - USD Acc ETF|Region: US|Acc|IE000KF370H3|WTEF.DE|EUR|0,2|38,279998779296875|38,34000015258789|0,007368388928865155|0,014442776205913388|0,1652968206209653|0,13996416593091565|0,0768477369027245|Wacht op Yahoo...|380,0|528,0|680,0|416,0|521,4
463|800|161|iShares Edge MSCI World Momentum Factor UCITS USD (Acc) ETF|Factor / Smart Beta|Acc|IE00BP3QZ825|IS3R.DE|EUR|0,25|104,5199966430664|104,44000244140625|0,05256790967657676|-0,01729977394439841|0,28166759940805997|0,25368829554646344|0,11958460942078997|Wacht op Yahoo...|39,0|1072,0|239,0|136,0|521,6
464|310|715|HSBC MSCI Pacific ex Japan UCITS ETF USD Acc|Region: Japan|Acc|IE000SGVQIZ9|W450.DE|EUR|0,15|18,697999954223633|18,527999877929688|-0,02063686985411961|0,052459707718105264|0,15576712425507822|0,1472573057489861|0,0488096397208615|Wacht op Yahoo...|1044,0|136,0|730,0|642,0|521,9
465|660|289|VanEck World Equal Weight Screened UCITS ETF|Global / Broad|Unknown|NL0010408704|TSWE.DE|EUR|0,2|43,0|43,029998779296875|-0,003538033886378522|0,005747617680370798|0,2514261207661146|0,17464049391582637|0,07980742949201391|Wacht op Yahoo...|605,0|706,0|285,0|396,0|523,6
466|450|545|Xtrackers World Green Tech Innovators UCITS ETF 1C|Technology|Acc|LU2859392081|GTIL.DE|EUR|0,35|34,67499923706055|34,72999954223633|0,0005771305285868777|0,018654474278922528|0,16987179322178214|0,12180522187752962|0,07029282865091102|Wacht op Yahoo...|541,0|471,0|662,0|443,0|523,65
467|148|897|Xtrackers MSCI World Communication Services UCITS 1C ETF|Global / Broad|Acc|IE00BM67HR47|XWTS.DE|EUR|0,25|29,43000030517578|29,875|0,028122281403520688|0,030101526760161645|0,06843348061937826|0,06553220169969487|0,03686636962749357|Wacht op Yahoo...|120,0|266,0|982,0|774,0|524,7
468|569|420|iShares Edge MSCI Europe Multifactor UCITS EUR (Acc) ETF|Region: Europe|Acc|IE00BZ0PKV06|IBC0.DE|EUR|0,25|13,166000366210938|13,145999908447266|-0,015699763142841605|0,016522599401700422|0,2281716453594893|0,11199325984241826|0,055333285066410776|Wacht op Yahoo...|849,0|510,0|333,0|559,0|526,4
469|275|760|UBS J.P. Morgan CNY China Gov 1-10 UCITS USD acc ETF|Region: Emerging Markets / Asia|Acc|LU2095995895|JC11.DE|EUR|0,33|12,383999824523926|12,302000045776367|0,027803140848731367|0,02102400202293131|0,12331624513647288|0,09607467872946285|0,0517652867210161|Wacht op Yahoo...|124,0|440,0|845,0|605,0|526,85
470|890|87|Xtrackers Nikkei 225 UCITS ETF 1D|Other|Distr|LU0839027447|XDJP.DE|EUR|0,09|38,09000015258789|38,119998931884766|0,030712982419051515|-0,025945292722263757|0,43737256627129706|0,34737968068861247|0,1230605074099489|Wacht op Yahoo...|107,0|1165,0|76,0|130,0|527,05
471|300|739|Fidelity Pj Research Enhance Etf Acc|Other|Acc|IE00BNGFMY78|FEPX.DE|EUR|0,2|6,61899995803833|6,578999996185303|-0,021437016888664284|0,05870123344626821|0,13865469255570506|0,133584467015879|0,05124062907078941|Wacht op Yahoo...|1066,0|115,0|799,0|608,0|527,25
472|394|620|iShares STOXX Europe Small 200 UCITS (DE) ETF|Region: Europe|Unknown|DE000A0D8QZ7|EXSE.DE|EUR|0,2|39,345001220703125|39,20000076293945|-0,0231238235449559|0,04056601479807176|0,17687620821992334|0,11018989267684454|0,05076435552792202|Wacht op Yahoo...|1136,0|186,0|643,0|615,0|528,55
473|822|167|Xtrackers MSCI World Momentum UCITS 1C ETF|Factor / Smart Beta|Acc|IE00BL25JP72|XDEM.DE|EUR|0,25|87,88999938964844|87,94000244140625|0,0511900340635445|-0,019850549968153386|0,28044872044248703|0,2536014637642394|0,11840040777013794|Wacht op Yahoo...|40,0|1099,0|242,0|141,0|534,3
474|908|88|Xtrackers Nikkei 225 UCITS ETF 1C|Other|Acc|LU2196470426|XNKY.DE|EUR|0,09|122,18000030517578|122,33999633789062|0,030011781117551317|-0,02691937973191394|0,43673564193091496|0,347375384803589|0,12197919476795893|Wacht op Yahoo...|110,0|1181,0|77,0|132,0|534,55
475|287|761|UBS MSCI United Kingdom UCITS ETF hEUR dis|Other|Distr|LU1169821029|CHSC.DE|EUR|0,24|3,1005001068115234|3,0985000133514404|-0,008949937051702994|0,03191315971688247|0,1675673617964486|0,08785231139463323|0,03179599943262179|Wacht op Yahoo...|702,0|243,0|670,0|824,0|534,8
476|358|708|First Trust Vest U.S. Equity Moderate Buffer UCITS ETF|Other|Unknown|IE000TGSG3Y5|GAUG.DE|EUR|0,85|33,22999954223633|33,185001373291016|0,018075985405042738|0,01792002071586829|0,12682264496933082|0,10490436240269996|0,0611460075752277|Wacht op Yahoo...|222,0|489,0|834,0|500,0|537,4
477|777|213|First Trust US Momentum UCITS ETF A USD|Factor / Smart Beta|Unknown|IE000CY30YV9|FTGM.DE|EUR|0,6|27,1299991607666|27,139999389648438|0,021268534362897107|-0,010756612014606759|0,30244835622350097|0,23627247837990528|0,08877332043510533|Wacht op Yahoo...|185,0|1001,0|189,0|313,0|538,0
478|549|474|Xtrackers MSCI World ex USA UCITS ETF|Region: US|Unknown|IE0006WW1TQ4|EXUS.DE|EUR|0,15|40,07500076293945|40,05500030517578|-0,01244457972716928|0,01635811445020474|0,20871670150576715|0,13655708084551255|0,05443324812751715|Wacht op Yahoo...|766,0|512,0|417,0|571,0|538,15
479|978|27|WisdomTree AI UCITS ETF USD Acc|Technology|Acc|IE00BDVPNG13|WTI2.DE|EUR|0,4|107,22000122070312|108,54000091552734|0,04279324585623767|-0,03318305008604572|0,5124841605847115|0,4417103302531591|0,19101838805458038|Wacht op Yahoo...|71,0|1276,0|43,0|41,0|540,0
480|683|303|iShares MSCI USA Quality Dividend Advanced UCITS ETF|Factor / Smart Beta|Unknown|IE00BKM4H312|QDVD.DE|EUR|0,35|58,150001525878906|58,029998779296875|-0,007170875382169872|0,005741240020226135|0,2326286132825608|0,18876667888420107|0,08045807437700025|Wacht op Yahoo...|672,0|707,0|320,0|386,0|540,8
481|344|727|UBS MSCI Pacific ex Japan UCITS ETF USD dis|Region: Japan|Distr|LU0446734526|UIMD.DE|EUR|0,09|47,939998626708984|47,57500076293945|-0,022530320797034875|0,05067284470358491|0,15407085287597022|0,1459096399532671|0,046943589668869246|Wacht op Yahoo...|1107,0|145,0|744,0|658,0|541,65
482|282|783|Invesco MSCI Pac ex Japan Univ Scrnd UCITS ETF Acc|Region: Japan|Acc|IE00BMDBMT65|ESGP.DE|EUR|0,19|52,130001068115234|51,709999084472656|-0,01845226004469902|0,05164416762258561|0,13572983300934727|0,12652618798860482|0,04274496483765122|Wacht op Yahoo...|955,0|142,0|806,0|703,0|542,15
483|336|738|iShares Core MSCI Pacific ex-Japan UCITS ETF USD A|Region: Japan|Acc|IE00B52MJY50|SXR1.DE|EUR|0,2|214,4499969482422|213,1999969482422|-0,021669708330888215|0,04993878554830933|0,15270912001385795|0,14287997039970568|0,04584705433532399|Wacht op Yahoo...|1071,0|154,0|748,0|668,0|542,85
484|961|44|iShares MSCI Europe Information Technology Sector UCITS EUR (Acc) ETF|Region: Europe|Acc|IE00BMW42413|ESIT.DE|EUR|0,18|12,038000106811523|11,857999801635742|0,02034241094163014|-0,02888026817358902|0,5088994559167404|0,39684382271794294|0,14265429141856645|Wacht op Yahoo...|195,0|1217,0|46,0|81,0|543,75
485|273|804|iShares Edge MSCI Wld Min Vol Adv UCITS ETF USD A|Other|Acc|IE00BKVL7778|MVEW.DE|EUR|0,3|7,434999942779541|7,439000129699707|-0,013664123450848553|0,04102488606516541|0,09968936115741434|0,0868293898136403|0,05000405110486783|Wacht op Yahoo...|794,0|183,0|911,0|622,0|544,45
486|500|533|Invesco S&P World Financials ESG UCITS ETF Acc|Financials|Acc|IE00018LB0D8|WF1E.DE|EUR|0,18|8,409000396728516|8,392999649047852|-0,025382458980841793|0,02837230642697408|0,17707171526681198|0,11053887573612364|0,07085965416445661|Wacht op Yahoo...|1209,0|289,0|641,0|441,0|545,4
487|331|746|iShares MSCI Pacific ex-Japan UCITS ETF USD (Dist)|Region: Japan|Distr|IE00B4WXJD03|EUNJ.DE|EUR|0,6|49,345001220703125|48,9900016784668|-0,021902864727963656|0,05065813674893915|0,14646288328037294|0,13852857403509766|0,04666837784788025|Wacht op Yahoo...|1081,0|146,0|770,0|662,0|545,45
488|425|629|iShares STOXX Europe 600 Chemicals UCITS (DE) ETF|Region: Europe|Unknown|DE000A0H08E0|EXV7.DE|EUR|0,46|126,44000244140625|125,76000213623047|-0,012804492240808152|0,024807489292318463|0,14369205065502966|0,17124481366509658|0,06856323251113272|Wacht op Yahoo...|774,0|361,0|781,0|451,0|545,95
489|745|257|UBS MSCI EM Cl Paris Aligned UCITS ETF USD acc|Region: Emerging Markets / Asia|Acc|IE00BN4Q1675|AW12.DE|EUR|0,16|16,134000778198242|16,200000762939453|0,0203643117851513|-0,007504905063179801|0,2839408561029464|0,21509270421185334|0,08090658006563722|Wacht op Yahoo...|194,0|958,0|234,0|377,0|546,2
490|649|370|iShares Edge MSCI Europe Val Fctr UCITS ETF EUR A|Region: Europe|Acc|IE00BQN1K901|CEMS.DE|EUR|0,25|13,746000289916992|13,720000267028809|-0,016738144490804796|0,010586682171878525|0,289735438145702|0,14378438103932245|0,05088290427362763|Wacht op Yahoo...|877,0|597,0|216,0|612,0|546,75
491|661|358|iShares STOXX Europe 600 Top 20 UCITS ETF (DE)|Region: Europe|Unknown|DE0005933949|EXW3.DE|EUR|0,2|55,650001525878906|55,15999984741211|-0,006843969477788758|0,0063885116891151394|0,24148626229024095|0,14104321862372715|0,06207454041241478|Wacht op Yahoo...|669,0|683,0|301,0|492,0|547,2
492|557|484|Fidelity US Fundamental Large Cap Core UCITS - Acc ETF|Region: US|Acc|IE000IY9QFN9|FFLC.DE|EUR|0,38|5,230999946594238|5,235000133514404|-0,00038216226205067816|0,010430732149969035|0,19225075190838115|0,15283747802476855|0,07452721476003243|Wacht op Yahoo...|563,0|600,0|551,0|425,0|547,2
493|536|507|Amundi S&P World Financials Screened UCITS Dist ETF|Financials|Distr|IE000ENYES77|WELY.DE|EUR|0,18|18,606000900268555|18,634000778198242|-0,028204272994927893|0,027274812382265035|0,18415405250861983|0,12020601890209992|0,07379619420053096|Wacht op Yahoo...|1266,0|308,0|598,0|428,0|548,2
494|573|468|Fidelity Europe Quality Income UCITS - Inc EUR ETF|Factor / Smart Beta|Distr|IE00BYSX4176|FEUI.DE|EUR|0,3|7,366000175476074|7,326000213623047|-0,018390192964631402|0,018307840516222473|0,21338104238957079|0,12482531577141542|0,05338279938977686|Wacht op Yahoo...|949,0|477,0|395,0|585,0|548,9
495|404|679|iShares Gold Producers UCITS ETF USD (Acc)|Commodity / Energy|Acc|IE00B6R52036|IS0E.DE|EUR|0,55|36,20000076293945|37,665000915527344|-0,11285380487185592|0,16567381765268197|0,2176253387260041|0,11333235252848195|0,004585872489409226|Wacht op Yahoo...|1602,0|24,0|370,0|1037,0|549,8
496|257|824|Xtrackers MSCI World Minimum Volatility ESG UCITS ETF|ESG / Sustainable|Unknown|IE0008YN0OY8|XWEB.DE|EUR|0,25|40,650001525878906|40,625|-0,010587746581164015|0,0391104968243523|0,10282150984183591|0,08241249355752434|0,04291877635906771|Wacht op Yahoo...|723,0|194,0|899,0|701,0|551,0
497|465|587|JPM Carbon Transition Global Equity (CTB) UCITS - USD (acc) ETF|ESG / Sustainable|Acc|IE00BMDWYZ92|JPCT.DE|EUR|0,19|47,334999084472656|47,44499969482422|-0,0007388610555477682|0,017738137878140714|0,15960312195873216|0,11969242758030996|0,06743246477368126|Wacht op Yahoo...|566,0|492,0|706,0|464,0|551,0
498|431|643|JPM US Equity Active UCITS ETF - USD (dist)|Region: US|Distr|IE0007ILCZU4|JAUD.DE|EUR|0,39|32,9900016784668|33,040000915527344|-0,002569889116008639|0,021362305192086595|0,13832439160688015|0,11495253369060787|0,06917255917593645|Wacht op Yahoo...|592,0|432,0|800,0|448,0|551,2
499|942|90|iShares Nikkei 225 UCITS ETF JPY (Acc)|Region: Japan|Acc|IE00B52MJD48|SXRZ.DE|EUR|0,48|376,25|376,8999938964844|0,02913017975571086|-0,028906986331559636|0,43060836501901134|0,3408766636348479|0,11965004426523418|Wacht op Yahoo...|115,0|1218,0|80,0|135,0|551,45
500|514|536|BNPP Easy MSCI World SRI PAB UCITS ETF|ESG / Sustainable|Unknown|LU1615092217|EMWE.DE|EUR|0,25|24,135000228881836|24,065000534057617|-0,004537042959122495|0,014928491673075861|0,16594199706950175|0,14682823194990657|0,0785519750657957|Wacht op Yahoo...|622,0|523,0|676,0|404,0|552,3
501|337|757|iShares Core FTSE 100 UCITS EUR Hedged (Acc) ETF|Region: Europe|Acc|IE000HARJEE2|CEB4.DE|EUR|0,1|6,677000045776367|6,666999816894531|-0,01140067204808759|0,028813602658414927|0,16914727471823743|0,09101309977661898|0,032259466597978514|Wacht op Yahoo...|741,0|280,0|665,0|822,0|553,8
502|343|756|BNPP Easy MSCI Pac ex Japan Min TE UCITS ETF C|Region: Japan|Acc|LU1291106356|PAC.DE|EUR|0,15|17,356000900268555|17,215999603271484|-0,02263760181459129|0,051369124660049836|0,14349719235349|0,13720356472484818|0,044927853092338044|Wacht op Yahoo...|1110,0|143,0|782,0|675,0|554,2
503|823|206|Franklin FTSE Emerging ex China UCITS ETF|Region: Emerging Markets / Asia|Unknown|IE0006D3PGW3|EXCN.DE|EUR|0,11|31,09000015258789|31,780000686645508|-0,004323466044277469|-0,0024065702145410484|0,3198896094158161|0,232996230991378|0,08782175290446714|Wacht op Yahoo...|619,0|884,0|176,0|319,0|554,25
504|363|744|L&G China CNY Bond UCITS ETF USD Dist|Bonds / Fixed Income|Distr|IE00BLRPQL76|DRGN.DE|EUR|0,3|9,281599998474121|9,23900032043457|0,02945876336913167|0,013874586596469785|0,12792993445291168|0,09852791620341894|0,05366475353801037|Wacht op Yahoo...|114,0|536,0|831,0|582,0|555,65
505|291|805|iShares US Large CapMax Bffr Sep UCITS ETF USD Acc|Region: US|Acc|IE000ON9GR24|MAXS.DE|EUR|0,5|4,7154998779296875|4,698500156402588|0,026112476500555815|0,019677821188687217|0,08802486330540127|0,08527045008710932|0,052441254466911946|Wacht op Yahoo...|130,0|459,0|933,0|597,0|555,75
506|803|231|WisdomTree Japan Equity UCITS ETF EUR Hedged Acc|Region: Japan|Acc|IE00BYQCZJ13|WTIF.DE|EUR|0,45|55,470001220703125|56,04999923706055|-0,017360487670351255|0,004527345064712973|0,3628992673438207|0,22504422959625536|0,06753914801589245|Wacht op Yahoo...|903,0|750,0|117,0|463,0|557,3
507|395|719|UBS Solactive Global Pure Gold Miners UCITS USD dis ETF|Commodity / Energy|Distr|IE00B7KMNP07|UBUD.DE|EUR|0,43|46,17499923706055|47,89500045776367|-0,10738450327339077|0,18481384585447747|0,2130881240521887|0,0814756065560236|-0,00024433577838556264|Wacht op Yahoo...|1597,0|14,0|397,0|1065,0|557,4
508|372|740|First Trust Vest NASDAQ100ModBffr UCITS ETFJunAUSD|Other|Unknown|IE000HFBJ0U0|QJUN.DE|EUR|0,9|20,1299991607666|20,145000457763672|0,03389829844315484|0,012881081029204378|0,11746415171373381|0,09342744853940199|0,05839046681536586|Wacht op Yahoo...|102,0|550,0|867,0|528,0|557,65
509|408|704|VanEck Junior Gold Miners UCITS ETF USD A|Commodity / Energy|Acc|IE00BQQP9G91|G2XJ.DE|EUR|0,55|93,97000122070312|97,37999725341797|-0,105899119077138|0,15755113165122636|0,23954629002689853|0,084477779179704|-0,008289219893294897|Wacht op Yahoo...|1595,0|30,0|305,0|1152,0|557,9
510|471|593|iShares MSCI Wrld Par-Align Clim UCITS ETF USD Acc|Other|Acc|IE00BMXC7W70|WPAB.DE|EUR|0,2|7,4070000648498535|7,421999931335449|0,0005403467494429215|0,016467666063754827|0,15409782011575146|0,12091408704587536|0,07290682991560171|Wacht op Yahoo...|542,0|511,0|743,0|434,0|558,25
511|447|646|JPM US Equity Active UCITS ETF - USD (acc)|Region: US|Acc|IE000RSCXLM4|JAUS.DE|EUR|0,39|33,33000183105469|33,415000915527344|-0,0025437403005773573|0,020358208997056426|0,13812538858524293|0,11490220172915078|0,06905394435960832|Wacht op Yahoo...|591,0|449,0|801,0|450,0|558,5
512|405|709|VanEck Gold Miners UCITS ETF USD A|Commodity / Energy|Acc|IE00BQQP9F84|G2X.DE|EUR|0,53|88,62000274658203|91,97000122070312|-0,10880932652027808|0,16253442009748365|0,2146382107814766|0,10265023911985449|0,0006668046004936201|Wacht op Yahoo...|1600,0|26,0|389,0|1057,0|559,05
513|793|243|UBS MSCI USA Socially Responsible UCITS USD dis ETF|ESG / Sustainable|Distr|IE00BJXT3B87|4UBK.DE|EUR|0,19|21,260000228881836|21,295000076293945|0,0028301633859970643|-0,0038488112306713784|0,21937607085759847|0,1951598353593882|0,10285717057538246|Wacht op Yahoo...|484,0|902,0|360,0|181,0|559,6
514|804|239|Xtrackers MSCI Japan ESG Screened UCITS 3C EUR Hedged ETF|ESG / Sustainable|Acc|IE00BRB36B93|XDNE.DE|EUR|0,25|44,46500015258789|44,845001220703125|-0,014626035399714299|0,003611327080691007|0,3336832618201553|0,2066486294107892|0,07204509819630811|Wacht op Yahoo...|821,0|782,0|149,0|438,0|560,8
515|811|236|Amundi Core MSCI Japan UCITS EUR Hedged Dist ETF|Region: Japan|Distr|LU2133056387|JNHD.DE|EUR|0,2|42,869998931884766|43,29999923706055|-0,015727272838742534|0,003628673270354321|0,34091607104803034|0,21238682669407716|0,06953536935651417|Wacht op Yahoo...|851,0|780,0|136,0|446,0|562,85
516|794|253|UBS MSCI USA Socially Responsible UClTS USD dis ETF|ESG / Sustainable|Distr|LU0629460089|UIMP.DE|EUR|0,22|260,29998779296875|260,70001220703125|0,0030828045971820206|-0,0041212832792049126|0,2167362918508935|0,19341215436280867|0,10201572762133937|Wacht op Yahoo...|477,0|905,0|375,0|184,0|564,1
517|513|562|iShares Essential Metals Producers UCITS ETF USD (Acc)|Commodity / Energy|Acc|IE000ROSD5J6|CEBT.DE|EUR|0,55|8,760000228881836|8,663999557495117|-0,06848150085860094|0,042857217464320696|0,4088131746933361|0,1169195845102522|-0,013260133308893085|Wacht op Yahoo...|1552,0|172,0|91,0|1200,0|564,35
518|493|593|iShares S&P 500 Scored and Screened UCITS EUR Hedged (Acc) ETF|Region: US|Acc|IE000CR7DJI8|CBUM.DE|EUR|0,1|8,968999862670898|8,958000183105469|-0,016125527641019266|0,022574387902220883|0,16208861596685353|0,11429992554491775|0,06168521074051281|Wacht op Yahoo...|865,0|406,0|695,0|494,0|564,7
519|377|751|L&G China CNY Bond UCITS EUR Dist ETF|Bonds / Fixed Income|Distr|IE000F472DU7|DRGE.DE|EUR|0,3|10,6274995803833|10,668999671936035|0,030145871084194642|0,012712453953637182|0,12622719069114807|0,09700726823583183|0,052772239898722484|Wacht op Yahoo...|108,0|554,0|837,0|592,0|565,45
520|506|581|Amundi MSCI Emerging Markets ESG Selection - UCITS DR (C) ETF|ESG / Sustainable|Acc|LU2109787551|SADM.DE|EUR|0,18|72,77999877929688|73,08999633789062|0,013790191546792396|0,007614500855626538|0,16934442186039678|0,124015425162886|0,06081231221688155|Wacht op Yahoo...|274,0|644,0|664,0|506,0|565,9
521|612|453|iShares MSCI Canada UCITS ETF USD (Acc)|Other|Acc|IE00B52SF786|SXR2.DE|EUR|0,48|269,8500061035156|270,45001220703125|-0,024227018568769076|0,020226866175862446|0,22575522863925412|0,136689187200151|0,050354571187933406|Wacht op Yahoo...|1182,0|451,0|341,0|618,0|566,55
522|494|603|Ishrs Europe Quality Adv Div Eur Dist|Factor / Smart Beta|Distr|IE00BYYHSM20|QDVX.DE|EUR|0,28|7,139999866485596|7,119999885559082|-0,016122378874030896|0,022526962803673944|0,1621305385696037|0,12217224852557029|0,06056172300581775|Wacht op Yahoo...|863,0|407,0|694,0|509,0|567,55
523|630|446|Robeco 3D European Equity UCITS ETF EUR Acc|Other|Acc|IE0007WLHX89|3D3D.DE|EUR|0,25|6,697999954223633|6,6570000648498535|-0,014275220159116975|0,009951746840306752|0,21981419416780668|0,1259035278816687|0,0544693655213222|Wacht op Yahoo...|813,0|606,0|359,0|570,0|568,1
524|454|686|Xtrackers S&P 500 UCITS 1C EUR Hedged ETF|Region: US|Acc|IE00BM67HW99|XDPE.DE|EUR|0,05|107,0999984741211|107,49500274658203|-0,009571402798933315|0,02233673434683281|0,13938591483174467|0,11263474074778013|0,06053226380178556|Wacht op Yahoo...|708,0|412,0|795,0|510,0|571,75
525|443|701|iShares Digitalisation UCITS ETF USD (Acc)|Other|Acc|IE00BYZK4883|2B79.DE|EUR|0,4|10,263999938964844|10,315999984741211|-0,031515346976209835|0,04383196865997174|0,031972635894992996|0,11238752312481859|0,10537875435253419|Wacht op Yahoo...|1325,0|170,0|1085,0|173,0|572,6
526|827|238|StSt SPDR MSCI Japan EUR Hdg UCITS ETF|Region: Japan|Unknown|IE00BZ0G8C04|ZPDW.DE|EUR|0,17|110,11000061035156|111,21499633789062|-0,014851893017550855|0,002275623508201985|0,3394073613893873|0,21127784721890586|0,06932402994610354|Wacht op Yahoo...|830,0|810,0|139,0|447,0|572,65
527|623|455|StSt SPDR MSCI Europe Materials UCITS ETF|Region: Europe|Unknown|IE00BKWQ0L68|SPYP.DE|EUR|0,18|378,45001220703125|379,0|-0,04959819034292656|0,02547087041047602|0,25107442051911155|0,16088960799702834|0,043363224084195906|Wacht op Yahoo...|1493,0|347,0|286,0|693,0|572,85
528|473|641|Invesco STOXX Europe 600 Optimised Chemicals UCITS Acc ETF|Region: Europe|Acc|IE00B5MTY077|SC00.DE|EUR|0,2|633,0999755859375|634,4000244140625|-0,021786211920810872|0,0272594322987596|0,14712800793600755|0,16765024222131042|0,064960716104|Wacht op Yahoo...|1077,0|311,0|769,0|481,0|574,4
529|533|564|StSt SPDR MSCI All Cntry World EURH UCITS ETF Acc|Global / Broad|Acc|IE00BF1B7389|SPP1.DE|EUR|0,17|27,020000457763672|27,125|-0,009712273818230255|0,016171504426784722|0,1742720638415527|0,12841932771475983|0,061049641561556456|Wacht op Yahoo...|711,0|515,0|649,0|505,0|575,9
530|859|212|iShares STOXX Europe 600 Technology UCITS (DE) EUR (Dist) EUR (Dist) ETF|Region: Europe|Distr|DE000A0H08Q4|EXV3.DE|EUR|0,46|98,9000015258789|97,20999908447266|-0,000909145770610853|-0,007256443556152847|0,24156687919074837|0,21500536221122934|0,10614252192300877|Wacht op Yahoo...|571,0|954,0|300,0|172,0|576,65
531|401|752|UBS Fc MSCI Wld Slcn Min Vlty UCITS ETF USD acc|Other|Acc|IE000EJ2EHO7|CSY9.DE|EUR|0,25|136,05999755859375|136,05999755859375|-0,01348608349075786|0,026558053800876502|0,11342062975846035|0,10223586250476524|0,056428777958635434|Wacht op Yahoo...|788,0|327,0|876,0|545,0|577,0
532|838|233|UBS Core MSCI Japan UCITS hEUR acc ETF|Region: Japan|Acc|LU1169822266|UFMA.DE|EUR|0,15|43,494998931884766|43,875|-0,014277644603178152|0,0008053347480307949|0,3424381754162553|0,21274214126132307|0,07018709953008018|Wacht op Yahoo...|814,0|832,0|134,0|444,0|577,2
533|532|570|Fidelity Global Quality Income UCITS - EUR hedged Inc ETF|Factor / Smart Beta|Distr|IE00BYV1YH46|FGEU.DE|EUR|0,45|9,895000457763672|9,90999984741211|-0,01952036758985276|0,022751747759231833|0,17833790537214078|0,1350975547451445|0,057866168800073225|Wacht op Yahoo...|1000,0|404,0|638,0|531,0|577,3
534|643|456|Xtrackers S&P Select Frontier Swap UCITS 1C ETF|Other|Acc|LU0328476410|DX2Z.DE|EUR|0,95|26,43000030517578|26,43000030517578|-0,01929500716299626|0,012837746719152054|0,21853387065046048|0,08564391253350978|0,05192984624552932|Wacht op Yahoo...|986,0|553,0|364,0|601,0|580,3
535|1095|5|VanEck Semiconductor UCITS ETF USD A|Technology|Acc|IE00BMC38736|VVSM.DE|EUR|0,35|99,98999786376953|100,08000183105469|0,1043737226936734|-0,049344004814105835|1,1470903697446748|0,8296430937228862|0,2758818335117923|Wacht op Yahoo...|6,0|1439,0|6,0|17,0|581,4
536|644|459|UBS MSCI Canada UCITS ETF CAD dis|Other|Distr|LU0446734872|UIM9.DE|EUR|0,33|57,04999923706055|57,2599983215332|-0,025452710200959072|0,019140007057165898|0,2260623641460513|0,1358929210107358|0,04905536474394867|Wacht op Yahoo...|1213,0|468,0|339,0|638,0|581,5
537|467|678|StSt SPDR S&P 500 EUR Hdg UCITS ETF Acc|Region: US|Acc|IE00BYYW2V44|SPPE.DE|EUR|0,05|18,61199951171875|18,691499710083008|-0,010289570523773106|0,021122523949642202|0,14149028907473538|0,11345754824198262|0,0602734003271197|Wacht op Yahoo...|717,0|438,0|787,0|515,0|582,5
538|607|496|UBS Factor MSCI USA Quality Screened UCITS hEUR acc ETF|Factor / Smart Beta|Acc|IE00BWT3KN65|UBUX.DE|EUR|0,28|54,290000915527344|54,150001525878906|-0,01985915302838348|0,01666665476062068|0,18692608052713866|0,1299823703733345|0,07366598349235254|Wacht op Yahoo...|1013,0|507,0|574,0|429,0|584,05
539|842|247|Xtrackers MSCI Japan UCITS 4C EUR Hedged ETF|Region: Japan|Acc|LU0659580079|XMK9.DE|EUR|0,4|60,79999923706055|61,2239990234375|-0,017262571813057126|0,0023740604603372795|0,33670437333628556|0,20778702925639392|0,06825910931901324|Wacht op Yahoo...|900,0|808,0|144,0|455,0|585,2
540|370|802|L&G Asia Pacific Ex Japan Equity UCITS ETF USD Acc|Region: Japan|Acc|IE00BFXR5W90|ETLK.DE|EUR|0,1|15,751999855041504|15,838000297546387|-0,02246496575614465|0,04221248650791276|0,13340049813667076|0,13193442372195574|0,03940527576746078|Wacht op Yahoo...|1101,0|174,0|815,0|741,0|586,7
541|552|574|UBS MSCI World Selection UCITS hEUR acc ETF|Global / Broad|Acc|IE0009W21NT4|CSY7.DE|EUR|0,18|264,6000061035156|264,6499938964844|-0,016174031998805405|0,018279776364937828|0,16640951723304798|0,1157495800696211|0,06209398554551293|Wacht op Yahoo...|866,0|479,0|674,0|491,0|588,2
542|517|633|iShares MSCI Europe Quality Dividend Advanced UCITS EUR (Acc) ETF|Factor / Smart Beta|Acc|IE000PYEKKW0|CEML.DE|EUR|0,28|5,741000175476074|5,738999843597412|-0,018296831943849345|0,022622076134095614|0,15687658743530997|0,11801361627713058|0,05749255284930532|Wacht op Yahoo...|945,0|405,0|721,0|533,0|590,6
543|511|644|UBS Core MSCI World UCITS hEUR acc ETF|Global / Broad|Acc|IE000TB15RC6|BCFI.DE|EUR|0,09|5,421000003814697|5,440000057220459|-0,012316396922859907|0,019176582247331098|0,1556910357116028|0,11515678528251261|0,05728398550716074|Wacht op Yahoo...|761,0|467,0|732,0|535,0|590,95
544|479|696|iShares S&P 500 EUR Hedged UCITS ETF (Acc)|Region: US|Acc|IE00B3ZW0K18|IBCF.DE|EUR|0,2|157,6199951171875|158,38499450683594|-0,010825605386430515|0,02042533165504601|0,13907855549909676|0,110860496125188|0,05910262516352449|Wacht op Yahoo...|729,0|446,0|797,0|521,0|591,2
545|487|689|UBS Core S&P 500 UCITS hEUR acc ETF|Region: US|Acc|IE00BD34DK07|UEQD.DE|EUR|0,06|35,83399963378906|36,00699996948242|-0,010875593466662448|0,020330316731760112|0,1402659885198565|0,11168326439801413|0,059275085635942526|Wacht op Yahoo...|730,0|450,0|791,0|520,0|591,25
546|829|276|Franklin MSCI Emerging Markets Paris Aligned Climate UCITS ETF|ESG / Sustainable|Unknown|IE000QLV3SY5|FVEM.DE|EUR|0,18|38,38999938964844|38,80500030517578|0,014266867563985652|-0,01298370130278359|0,2845909016439321|0,21295418174893332|0,0739340051095001|Wacht op Yahoo...|268,0|1023,0|231,0|427,0|592,55
547|461|729|iShares MSCI UK Small Cap UCITS ETF GBP (Acc)|Region: Europe|Acc|IE00B3VWLG82|SXRD.DE|EUR|0,58|332,0|329,3999938964844|-0,030939888834423668|0,03896107865007159|0,14482758620689662|0,09897382751537931|0,050118653148107484|Wacht op Yahoo...|1311,0|196,0|775,0|620,0|592,8
548|551|600|Invesco FTSE All-World UCITS EUR PfHdg Acc ETF|Global / Broad|Acc|IE0006VDD4K1|FWEA.DE|EUR|0,2|9,015000343322754|9,059000015258789|-0,011729818057502728|0,014974147072428057|0,1669903501120551|0,12294475341317535|0,0576517362838469|Wacht op Yahoo...|749,0|522,0|673,0|532,0|595,8
549|435|764|Global X Silver Miners UCITS ETF USD Acc|Global / Broad|Acc|IE000UL6CLP7|SLVR.DE|EUR|0,65|36,540000915527344|38,040000915527344|-0,11951805022825679|0,10027106060992419|0,27806928018570987|0,09911271137032251|-0,026350335016891435|Wacht op Yahoo...|1603,0|56,0|245,0|1362,0|596,5
550|518|652|StSt SPDR MSCI World EUR Hdg UCITS ETF Acc|Global / Broad|Acc|IE000BZ1HVL2|SPFH.DE|EUR|0,17|16,293500900268555|16,344999313354492|-0,012604810844037195|0,018534798054377966|0,15454389229808907|0,11469530799662175|0,05713539126913969|Wacht op Yahoo...|768,0|472,0|742,0|538,0|597,1
551|504|676|Amundi MSCI USA ESG Leaders Extra UCITS Acc EUR Hedged ETF|ESG / Sustainable|Acc|IE0004TFW0R5|MWOU.DE|EUR|0,17|13,010000228881836|13,03600025177002|-0,018261366496137077|0,023442443218791853|0,1342632891020803|0,10572840869070799|0,06491654275418868|Wacht op Yahoo...|943,0|391,0|812,0|482,0|597,25
552|597|534|Xtrackers MSCI North America High Dividend Yield UCITS 1C ETF|Factor / Smart Beta|Acc|IE00BH361H73|XDND.DE|EUR|0,39|61,20000076293945|60,959999084472656|-0,014651422290606786|0,012072094054901283|0,1967149294750934|0,16838487046524953|0,05258632707609001|Wacht op Yahoo...|822,0|563,0|522,0|593,0|597,6
553|480|714|Invesco MSCI USA UCITS EUR Hdg Acc ETF|Region: US|Acc|IE000CH3OQ51|MXUE.DE|EUR|0,05|7,193999767303467|7,232800006866455|-0,011161222242613289|0,020657148234497047|0,13102533933021943|0,1079282881896586|0,058875442106397724|Wacht op Yahoo...|735,0|444,0|824,0|523,0|598,45
554|497|697|UBS Core MSCI USA hEUR UCITS ETF EUR acc|Region: US|Acc|IE00BD4TYG73|UBUJ.DE|EUR|0,06|58,0880012512207|58,374000549316406|-0,011032395960587915|0,019624363815377466|0,1363512112473495|0,11062680812842274|0,05965872665198502|Wacht op Yahoo...|732,0|461,0|804,0|519,0|599,0
555|864|254|iShares MSCI Japan EUR Hedged UCITS ETF (Acc)|Region: Japan|Acc|IE00B42Z5J44|IBCG.DE|EUR|0,64|143,17999267578125|144,55999755859375|-0,014319165012475654|-0,0012905019376686644|0,3319069086119186|0,20567551671313167|0,06693229366839959|Wacht op Yahoo...|815,0|869,0|153,0|468,0|601,7
556|735|417|iShares MSCI All Country World SRI UCITS USD A ETF|ESG / Sustainable|Unknown|IE000JTPK610|CBUY.DE|EUR|0,2|7,63100004196167|7,5929999351501465|-0,0019617926582792267|0,0024960658741890462|0,20381760072911925|0,1661063368698512|0,07855456560187823|Wacht op Yahoo...|580,0|804,0|451,0|403,0|601,95
557|1025|113|Xtrackers MSCI Gl Circular Economy UCITS ETF 1C|Other|Acc|IE000Y6ZXZ48|XG12.DE|EUR|0,35|40,63999938964844|41,029998779296875|-0,002454646163434382|-0,023429106079379647|0,36467422607793853|0,33684210196096154|0,10945416186337797|Wacht op Yahoo...|588,0|1136,0|115,0|160,0|603,35
558|754|393|Xtrackers MSCI Europe Value UCITS 1C ETF|Factor / Smart Beta|Acc|LU0486851024|D5BL.DE|EUR|0,15|51,029998779296875|50,869998931884766|-0,02016134821123816|0,006906047198372844|0,2881483432331857|0,1439138776307387|0,04835248868218445|Wacht op Yahoo...|1029,0|663,0|220,0|647,0|603,95
559|484|725|iShares Edge MSCI Europe Minimum Volatility Advanced UCITS ETF|Region: Europe|Unknown|IE00BKVL7D31|MVEE.DE|EUR|0,25|8,970000267028809|8,986000061035156|-0,020100503559609573|0,02619838541992281|0,15607687458340513|0,10495198735012945|0,045428985489104345|Wacht op Yahoo...|1027,0|337,0|729,0|672,0|605,5
560|472|735|VanEck Morningstar US ESG Wide Moat UCITS ETF|ESG / Sustainable|Unknown|IE00BQQP9H09|GMVM.DE|EUR|0,49|58,369998931884766|58,209999084472656|-0,0495033532499749|0,04887686130144986|0,11691543831975215|0,07002749309350964|0,06017590831785524|Wacht op Yahoo...|1492,0|155,0|869,0|516,0|606,25
561|510|703|Invesco S&P 500 UCITS EUR Hedged Acc ETF|Region: US|Acc|IE00BRKWGL70|E500.DE|EUR|0,05|58,16600036621094|58,49800109863281|-0,01172350547973855|0,01899021792999922|0,1377880069479691|0,11025006764370682|0,05819750229249432|Wacht op Yahoo...|748,0|469,0|802,0|530,0|606,3
562|580|589|UBS MSCI World Selection UCITS hEUR dis ETF|Global / Broad|Distr|IE000V6KDJC9|BCFJ.DE|EUR|0,18|26,575000762939453|26,59000015258789|-0,017014946812240805|0,016539598189381888|0,16512471591994782|0,11485590201846163|0,061278995360630306|Wacht op Yahoo...|887,0|509,0|681,0|498,0|606,5
563|312|880|JPM Global Eq Prem Inc Active UCITS ETF USD (dist)|Global / Broad|Distr|IE0003UVYC20|JGPI.DE|EUR|0,35|22,670000076293945|22,610000610351562|-0,007575605128679941|0,028867049920564547|0,0793794063508575|0,06539171016233003|0,03520136401280993|Wacht op Yahoo...|677,0|279,0|943,0|797,0|608,3
564|392|826|JPMorgan US Eqt Premium Inc Active UCITS ETF USD D|Region: US|Distr|IE000U5MJOZ6|JEIP.DE|EUR|0,35|21,4950008392334|21,405000686645508|0,004354537279726456|0,020760634203612405|0,11296622418896529|0,07756919438453203|0,03993539025800863|Wacht op Yahoo...|443,0|442,0|878,0|733,0|609,35
565|496|726|Amundi Core MSCI USA UCITS EURH Acc ETF|Region: US|Acc|IE000N85G7P8|WEBU.DE|EUR|0,07|5,613999843597412|5,642000198364258|-0,01179376630078377|0,02017082780684265|0,12279996871948251|0,10664299117987541|0,058725379212965834|Wacht op Yahoo...|750,0|452,0|849,0|525,0|610,55
566|541|655|HSBC MSCI World UCITS ETF EUR Hedged Acc|Global / Broad|Acc|IE000QMIHY81|H41H.DE|EUR|0,16|42,87300109863281|43,047000885009766|-0,013642813004444032|0,017635889192509246|0,15467276771638128|0,11404739129788322|0,05642069504952585|Wacht op Yahoo...|793,0|494,0|740,0|546,0|610,75
567|680|495|Invesco MSCI Europe Universal Scrnd UCITS ETF Acc|Region: Europe|Acc|IE00BJQRDL90|ESGE.DE|EUR|0,16|82,61000061035156|82,04000091552734|-0,015610076110303295|0,008053736262201738|0,20563345968451574|0,11394277954384124|0,05163796708726065|Wacht op Yahoo...|843,0|640,0|431,0|607,0|611,6
568|575|613|Vanguard LifeStrategy 80% Equity UCITS ETF EUR Acc|Other|Acc|IE00BMVB5R75|V80A.DE|EUR|0,25|44,275001525878906|44,25|-0,0003386631144363106|0,008771978618921317|0,16009433941519235|0,12644704699439124|0,05978672509240468|Wacht op Yahoo...|561,0|624,0|703,0|518,0|613,1
569|570|616|UBS S&P 500 Scored & Screened UCITS hEUR acc ETF|Region: US|Acc|IE00BHXMHQ65|S5SG.DE|EUR|0,13|42,720001220703125|42,79499816894531|-0,018833249370277083|0,01920554187266088|0,15992395049739172|0,11090883335244572|0,058770200567134445|Wacht op Yahoo...|972,0|466,0|705,0|524,0|613,25
570|1169|4|iShares MSCI Global Semiconductors UCITS ETF USD A|Global / Broad|Acc|IE000I8KRLL9|SEC0.DE|EUR|0,35|18,65399932861328|18,67799949645996|0,10470210130273738|-0,07194034952305373|1,272660686217919|0,8999795918743994|0,2720810058543821|Wacht op Yahoo...|4,0|1521,0|5,0|18,0|613,85
571|801|382|Invesco Gl Active ESG Eq UCITS ETF EUR PfHdg Dist|ESG / Sustainable|Distr|IE0008YN55P8|IQSD.DE|EUR|0,3|80,0999984741211|80,13999938964844|-0,017333027332134376|0,004636370900102937|0,22503840326432112|0,15876686836168763|0,06680948011388055|Wacht op Yahoo...|902,0|749,0|343,0|470,0|614,65
572|546|667|Xtrackers MSCI World UCITS 2C - EUR Hedged ETF|Global / Broad|Acc|IE000ONQ3X90|XWEU.DE|EUR|0,14|14,121999740600586|14,182499885559082|-0,013379023882866492|0,017105419599884764|0,15267514925510817|0,11183716950452638|0,05577348546523808|Wacht op Yahoo...|786,0|500,0|749,0|550,0|615,15
573|376|845|iShares $ Floating Rate Bd UCITS ETF USD Dist|Other|Distr|IE00BZ048462|QDVY.DE|EUR|0,1|4,486700057983398|4,462500095367432|0,026164697321890307|0,013096413874887913|0,07952250996740418|0,0674400611697119|0,041432347509688716|Wacht op Yahoo...|129,0|545,0|941,0|718,0|616,2
574|455|787|L&G Global Quality Dividends UCITS ETF USD Acc|Factor / Smart Beta|Acc|IE000MRIQ479|LDGA.DE|EUR|0,29|10,470000267028809|10,392000198364258|-0,01077091559945964|0,022460986430816066|0,06948054079797972|0,17561195885729552|0,06137206521443228|Wacht op Yahoo...|728,0|408,0|981,0|496,0|616,85
575|318|905|Xtrackers MSCI Malaysia UCITS 1C ETF|Other|Acc|LU0514694370|XCS3.DE|EUR|0,5|12,616000175476074|12,708000183105469|-0,014066845745185907|0,032913086256150414|0,14607555841449926|0,059277946020912076|0,00227133055474682|Wacht op Yahoo...|803,0|235,0|772,0|1050,0|617,45
576|545|685|iShares Core MSCI World UCITS EUR Hedged (Dist) ETF|Global / Broad|Distr|IE00BKBF6H24|IWLE.DE|EUR|0,3|10,829999923706055|10,867500305175781|-0,013436578333822613|0,017267814426399575|0,15118296009519994|0,11213671078719178|0,05538094422859818|Wacht op Yahoo...|787,0|498,0|757,0|557,0|617,9
577|547|683|iShares MSCI World EUR Hedged UCITS ETF (Acc)|Global / Broad|Acc|IE00B441G979|IBCH.DE|EUR|0,55|119,47000122070312|119,80000305175781|-0,012970916085170092|0,017068956245016587|0,15079707567442036|0,11181424023926723|0,05547704955021904|Wacht op Yahoo...|779,0|503,0|758,0|555,0|618,55
578|578|621|Invesco S&P 500 Scored & Screened UCITS - EUR Hedged ETF|Region: US|Unknown|IE000QF66PE6|5ESE.DE|EUR|0,09|88,75|88,91999816894531|-0,01879488121171491|0,01847602274074389|0,1580114914769588|0,11020762183552879|0,05831020971550682|Wacht op Yahoo...|969,0|476,0|712,0|529,0|619,55
579|785|399|JPM US Val Eq Active UCITS ETF - USD (acc)|Region: US|Acc|IE000TD3TI26|JPVA.DE|EUR|0,49|33,029998779296875|33,20500183105469|-0,01754908302594682|0,004867655996693809|0,21814490348914317|0,1540879738206744|0,06534207092099331|Wacht op Yahoo...|913,0|739,0|367,0|479,0|620,1
580|459|800|iShares Edge MSCI USA Min Vol Adv UCITS ETF USD A|Region: US|Acc|IE00BKVL7331|MVEA.DE|EUR|0,2|7,827000141143799|7,818999767303467|-0,017202420900507276|0,025550337059893957|0,08557560329159175|0,09499166202037279|0,05341787442684387|Wacht op Yahoo...|895,0|346,0|937,0|584,0|623,7
581|1185|16|First Trust Bloomberg Global Semiconductor Supply Chain UCITS - A USD ACC ETF|Technology|Acc|IE000KXTLDE2|FCHP.DE|EUR|0,6|44,5|43,83000183105469|0,06408417801847732|-0,07705071328074009|0,9977553653011535|0,7098943574360397|0,21208076770620798|Wacht op Yahoo...|22,0|1532,0|8,0|29,0|623,9
582|1137|47|iShares AI Innovation Active UCITS ETF USD (Acc)|Technology|Acc|IE000G0E83X3|IART.DE|EUR|0,73|7,486999988555908|7,579999923706055|0,07018298864989858|-0,06119121277897288|0,4445301682067657|0,431822500950209|0,16392546124704954|Wacht op Yahoo...|17,0|1483,0|67,0|59,0|624,3
583|708|500|L&G S&P 100 Equal Weight UCITS USD Acc ETF|Other|Acc|IE000YELA4E3|SNPE.DE|EUR|0,19|10,503999710083008|10,527999877929688|-0,016295254983725083|0,007094861240848127|0,1889077153061436|0,14609926391742767|0,06792407118476906|Wacht op Yahoo...|868,0|658,0|562,0|459,0|625,7
584|638|555|UBS Core EURO STOXX 50 UCITS EUR dis ETF|Region: Europe|Distr|LU0136234068|UIM1.DE|EUR|0,06|63,95000076293945|63,5|-0,02022362414610568|0,014268395913258125|0,18288417801797197|0,10975530398882416|0,05741890838222674|Wacht op Yahoo...|1033,0|531,0|608,0|534,0|626,15
585|558|687|Xtrackers MSCI World Swap UCITS 4C EUR Hedged ETF|Global / Broad|Acc|LU0659579733|XWEH.DE|EUR|0,39|53,060001373291016|53,2599983215332|-0,014047875951742728|0,01620256368050854|0,1516757030305449|0,11211257366984917|0,0550103879608268|Wacht op Yahoo...|799,0|514,0|754,0|565,0|626,95
586|784|425|L&G Gerd Kommer Multifactor Equity UCITS ETF|Other|Unknown|IE0001UQQ933|GERD.DE|EUR|0,45|15,086000442504883|15,12399959564209|-0,005012482617080649|0,000397912389203281|0,21075444593244508|0,15654713446230617|0,06687527331827559|Wacht op Yahoo...|638,0|841,0|406,0|469,0|627,4
587|635|561|Xtrackers MSCI World Financials UCITS 1C ETF|Financials|Acc|IE00BM67HL84|XDWF.DE|EUR|0,25|41,345001220703125|41,345001220703125|-0,028319577860482892|0,021116312837572204|0,16333708935386082|0,10740597923030881|0,06803994598630858|Wacht op Yahoo...|1271,0|439,0|685,0|457,0|628,9
588|520|745|JPM US Research Enhanced Index Equity Active UCITS EUR Hedged (acc) ETF|Region: US|Acc|IE000CN8T855|JUHE.DE|EUR|0,2|59,81999969482422|60,08000183105469|-0,013522422544156476|0,01925372456221175|0,1318827137547811|0,10064399952665459|0,052425081928653805|Wacht op Yahoo...|790,0|465,0|821,0|598,0|629,35
589|652|553|Amundi MSCI World Financials UCITS EUR Acc ETF|Financials|Acc|LU0533032859|LYPD.DE|EUR|0,3|400,95001220703125|401,25|-0,027999970407196928|0,019969488632997967|0,1680990887313365|0,1054590535226303|0,06795550892048396|Wacht op Yahoo...|1262,0|455,0|668,0|458,0|629,9
590|387|860|iShares $ Ultrashort Bond UCITS ETF USD Dist|Bonds / Fixed Income|Distr|IE00BCRY6227|IS3L.DE|EUR|0,09|87,68199920654297|87,2959976196289|0,024883304887278523|0,012858658835467551|0,07412929641250798|0,06358835294609766|0,03853255280842749|Wacht op Yahoo...|141,0|551,0|957,0|750,0|630,8
591|436|829|Amundi MSCI USA Minimum Vol Factor - UCITS ETF (C)|Factor / Smart Beta|Acc|LU1589349734|MIVU.PA|EUR|0,18|99,84400177001953|99,81400299072266|-0,012374493650309182|0,024335210573073418|0,08115954505018363|0,09015475958122665|0,04596111412752757|Wacht op Yahoo...|762,0|372,0|940,0|667,0|631,5
592|696|525|Amundi Stoxx Europe 50 UCITS ETF Acc|Region: Europe|Acc|FR0010790980|AE50.DE|EUR|0,15|152,0|150,8000030517578|-0,013499492512567324|0,0066225165562914245|0,20196110311899607|0,11273787121806023|0,04930634814523294|Wacht op Yahoo...|789,0|674,0|469,0|634,0|632,0
593|579|670|Amundi MSCI World ESG Broad Transition UCITS EUR Hedged Acc ETF|ESG / Sustainable|Acc|IE0000CRTTJ9|LWCH.DE|EUR|0,25|11,61400032043457|11,670000076293945|-0,016096203149759125|0,015920237724509123|0,1515199710128703|0,11181315433300543|0,05652415856211057|Wacht op Yahoo...|861,0|517,0|755,0|544,0|633,5
594|114|1222|VanEck Video Gaming and eSports UCITS ETF USD A|Other|Acc|IE00BYWQWR46|ESP0.DE|EUR|0,55|56,27000045776367|55,88999938964844|0,010233387558649332|0,057508014018815556|-0,1666172503647183|-0,0465943744268178|0,04484846234157791|Wacht op Yahoo...|339,0|121,0|1596,0|677,0|633,65
595|365|904|Xtrackers MSCI Pacific ex Japan UCITS ETF|Region: Japan|Unknown|LU2755521270|DXPJ.DE|EUR|0,1|10,300000190734863|10,232000350952148|-0,023696682036039474|0,050711718498882785|0,09246080639531118|0,09088972545879326|0,024747189972474715|Wacht op Yahoo...|1162,0|144,0|922,0|858,0|634,0
596|691|537|Xtrackers MSCI EMU UCITS 1D ETF|Other|Distr|LU0846194776|XD5E.DE|EUR|0,09|68,41999816894531|67,93000030517578|-0,0155395946914344|0,007481335419608159|0,19048126968618595|0,11742816527794098|0,05534414815587918|Wacht op Yahoo...|840,0|649,0|554,0|558,0|635,7
597|673|549|Amundi Core EURO STOXX 50 UCITS ETF EUR Acc|Region: Europe|Acc|LU1681047236|V50A.DE|EUR|0,09|170,67999267578125|169,5399932861328|-0,02065645013042816|0,012697279428600217|0,18429085802422596|0,10975285623591868|0,05704889128999935|Wacht op Yahoo...|1045,0|555,0|597,0|540,0|636,0
598|616|607|UBS S&P Dividend Aristocrats ESG Elite UCITS USD dis ETF|ESG / Sustainable|Distr|IE00BMP3HG27|UBUM.DE|EUR|0,3|11,13599967956543|11,137999534606934|-0,02178497441859084|0,017518537324433092|0,18717201249175086|0,11960084981549546|0,045328275398232476|Wacht op Yahoo...|1076,0|496,0|572,0|673,0|637,4
599|566|707|UBS S&P 500 Climate Transition ESG UCITS hEUR acc ETF|ESG / Sustainable|Acc|IE0009WWNY77|BCFG.DE|EUR|0,1|7,922999858856201|7,9670000076293945|-0,016265215243964293|0,01707315759364092|0,13558830303523206|0,10579203084980038|0,05867189163643971|Wacht op Yahoo...|867,0|502,0|808,0|526,0|638,05
600|374|901|Invesco US Treasury Bond 0-1 Year UCITS ETF Dist|Bonds / Fixed Income|Distr|IE00BKWD3C98|TRD1.DE|EUR|0,06|35,630001068115234|35,37799835205078|0,02384692420311474|0,014033326272881563|0,06976071637226133|0,059671923658892956|0,03651057244299505|Wacht op Yahoo...|157,0|533,0|979,0|784,0|638,3
601|338|922|JPM Global Equity Premium Income Active UCITS EUR Dist ETF|Global / Broad|Distr|IE000AP27VA7|JGPD.DE|EUR|0,35|21,53499984741211|21,459999084472656|-0,011286208481268378|0,028807692815868258|0,06364613202785274|0,05915375894761388|0,02985522358153081|Wacht op Yahoo...|739,0|281,0|995,0|835,0|639,0
602|790|448|L&G Gerd Kommer Multifactor Equity UCITS ETF|Other|Unknown|IE000FPWSL69|K0MR.DE|EUR|0,45|14,3100004196167|14,369999885559082|-0,006339311185885377|0,0007246107143148439|0,20462022862308338|0,16318882132380108|0,06554863029620206|Wacht op Yahoo...|665,0|834,0|442,0|477,0|639,25
603|586|675|WisdomTree Global Quality Div Growth UCITS ETF USD|Factor / Smart Beta|Unknown|IE00BZ56RN96|WTEQ.DE|EUR|0,38|36,130001068115234|36,060001373291016|-0,01284145971585715|0,01220717235365032|0,15641165817635483|0,10155288941127805|0,05284002640383001|Wacht op Yahoo...|777,0|560,0|725,0|590,0|639,8
604|937|273|Vanguard FTSE Japan UCITS EUR Hedged Accumulating ETF|Region: Japan|Acc|IE00BFMXYY33|VJPE.DE|EUR|0,13|72,73999786376953|73,48999786376953|-0,018221062772960206|-0,0039709834365977414|0,32326716842738157|0,19894511388006597|0,061171226992667416|Wacht op Yahoo...|940,0|903,0|169,0|499,0|644,25
605|684|560|Xtrackers EURO STOXX 50 UCITS 1C ETF|Region: Europe|Acc|LU0380865021|XESC.DE|EUR|0,09|113,26000213623047|112,62000274658203|-0,021765388405903252|0,012696761845822468|0,18262510291557277|0,1084361107649503|0,05632047991528499|Wacht op Yahoo...|1075,0|556,0|610,0|547,0|645,55
606|675|580|iShares MSCI EMU Screened UCITS ETF EUR Acc|Other|Acc|IE00BFNM3B99|SLMA.DE|EUR|0,12|11,28600025177002|11,222000122070312|-0,014667383823506186|0,008038598766577865|0,1828948557363992|0,11017114353857993|0,05387304883492061|Wacht op Yahoo...|823,0|641,0|606,0|578,0|646,95
607|936|282|WisdomTree Emerging Markets ex-State-Owned Enterprises UCITS Acc ETF|Region: Emerging Markets / Asia|Acc|IE00BM9TSP27|XSOE.DE|EUR|0,32|28,704999923706055|28,950000762939453|0,0026196564840361702|-0,01695208309246521|0,2823319021757238|0,20029265418378883|0,073078091516805|Wacht op Yahoo...|492,0|1069,0|236,0|433,0|647,0
608|410|875|iShares $ Treasury Bond 0-1yr UCITS ETF USD D|Bonds / Fixed Income|Distr|IE00BGR7L912|IBCC.DE|EUR|0,07|4,345399856567383|4,327400207519531|0,024685309723686988|0,011504199152011285|0,07111274043860916|0,061091912486876065|0,03753174451377417|Wacht op Yahoo...|144,0|578,0|970,0|761,0|647,5
609|596|682|iShares STOXX Europe Mid 200 UCITS (DE) ETF|Region: Europe|Unknown|DE0005933998|EXSD.DE|EUR|0,2|66,13999938964844|66,13999938964844|-0,022612571293536554|0,020063443457862595|0,17765550959083787|0,10896058778185158|0,04284785693235982|Wacht op Yahoo...|1109,0|454,0|640,0|702,0|648,35
610|438|854|First Trust Vest U.S. Equity Max Buffer UCITS - June - A USD Acc ETF|Other|Acc|IE000CO3P697|MJUN.DE|EUR|0,85|22,524999618530273|22,475000381469727|0,018769742049867366|0,011450343759544346|0,07800905121114576|0,0657676543456549|0,039402687563100836|Wacht op Yahoo...|214,0|579,0|946,0|742,0|648,6
611|412|877|Global X 1-3 Month T-Bill UCITS ETF|Global / Broad|Unknown|IE000GSIFIB0|C71P.DE|EUR|0,07|14,939000129699707|14,887499809265137|0,024693027299327097|0,011270948798292935|0,07112645098232151|0,06202683237474371|0,0374563207933436|Wacht op Yahoo...|143,0|583,0|969,0|763,0|649,5
612|421|866|Invesco BlltShs 2026 USD Crp Bd UCITS ETF Dist|Other|Distr|IE000O36LOH8|BS26.DE|EUR|0,1|4,687900066375732|4,671299934387207|0,024741202069028523|0,01085613145272668|0,07307646632754583|0,06290766237138867|0,03748841703236172|Wacht op Yahoo...|142,0|591,0|958,0|762,0|649,6
613|434|857|UBS MSCI Pacific ex Japan IMI SR UCITS ETF USD acc|Region: Japan|Acc|IE000BKMMHF9|BCFB.DE|EUR|0,19|18,121999740600586|18,00200080871582|-0,02559414147157313|0,0385099683828285|0,10177527912426165|0,09498492906391465|0,03382550845096177|Wacht op Yahoo...|1216,0|201,0|903,0|808,0|650,15
614|457|842|JPMorgan US Eqt Premium Inc Active UCITS ETF USD A|Region: US|Acc|IE0000EAPBT6|JEIA.DE|EUR|0,35|24,53499984741211|24,514999389648438|0,0016329457770274391|0,01804977008535036|0,10892654677568858|0,07468243229977545|0,0367456217904798|Wacht op Yahoo...|524,0|485,0|889,0|777,0|650,25
615|1116|118|iShares Edge MSCI USA Mmntm Fctr UCITS ETF USDA|Region: US|Unknown|IE00BD1F4N50|QDVA.DE|EUR|0,2|19,420000076293945|19,45599937438965|0,06703292649518833|-0,053606255211049225|0,30633659673504154|0,3123394807237665|0,13999483569784643|Wacht op Yahoo...|20,0|1460,0|186,0|90,0|651,5
616|597|694|Invesco STOXX Europe 600 Optimised Insurance UCITS Acc ETF|Financials|Acc|IE00B5MTXJ97|SC0Y.DE|EUR|0,2|255,6999969482422|255,5500030517578|-0,02497617941566377|0,02177820958338539|0,1354351705742245|0,0885483337259001|0,06105637608015635|Wacht op Yahoo...|1198,0|422,0|809,0|504,0|651,55
617|414|881|Vanguard US Treasury 0-1Y Bd UCITS ETF USD Acc|Bonds / Fixed Income|Acc|IE00BLRPPV00|VUCF.DE|EUR|0,05|52,54999923706055|52,33000183105469|0,02460616678174188|0,01119921392335188|0,07096271271088384|0,061058801455201595|0,03742619707299255|Wacht op Yahoo...|147,0|584,0|973,0|764,0|651,7
618|700|566|iShares Core EURO STOXX 50 UCITS (DE) ETF|Region: Europe|Unknown|DE0005933956|EXW1.DE|EUR|0,09|63,849998474121094|63,5|-0,021861287387832995|0,011967935806316055|0,1818853909906124|0,1085614962456165|0,05546460744154613|Wacht op Yahoo...|1080,0|567,0|612,0|556,0|653,0
619|872|385|Invesco Gl Active ESG Eq UCITS ETF EUR PfHdg Acc|ESG / Sustainable|Acc|IE00BJQRDP39|IQSE.DE|EUR|0,3|102,41999816894531|102,45999908447266|-0,017271186247119763|0,000195279714535479|0,22409466248750554|0,15912174582926153|0,0658197095431503|Wacht op Yahoo...|901,0|844,0|344,0|475,0|653,75
620|537|784|iShares Edge MSCI Eu Mmntm Fctr UCITS ETF EUR A|Other|Acc|IE00BQN1K786|CEMR.DE|EUR|0,25|15,968000411987305|15,857999801635742|0,004908751855208671|0,008972589185359814|0,15576146711224848|0,07979444797489954|0,034967781567192935|Wacht op Yahoo...|432,0|621,0|731,0|798,0|655,55
621|456|849|Amundi MSCI World Minimum Volatility Advanced UCITS ACC ETF|Global / Broad|Acc|IE0001DKJVC2|WMMV.DE|EUR|0,25|10,041999816894531|10,062000274658203|-0,018377295577151065|0,026684354963796286|0,08879977036538866|0,08152934646449239|0,038481288662277624|Wacht op Yahoo...|947,0|326,0|931,0|752,0|655,6
622|698|583|iShares Core EURO STOXX 50 UCITS ETF EUR (Acc)|Region: Europe|Acc|IE00B53L3W79|SXRT.DE|EUR|0,1|247,35000610351562|245,6999969482422|-0,02194538523888001|0,012070426680455437|0,1803865545276151|0,10695909367503553|0,055318375662167796|Wacht op Yahoo...|1085,0|564,0|623,0|560,0|656,1
623|396|914|JPM Global Eq Prem Inc Active UCITS ETF USD (acc)|Global / Broad|Acc|IE000WX7BVB0|JEGA.DE|EUR|0,35|27,790000915527344|27,760000228881836|-0,013664537070396388|0,027166904530063984|0,07131844037708435|0,05565052650066127|0,02737386898964167|Wacht op Yahoo...|795,0|315,0|968,0|845,0|656,25
624|430|878|L&G Ecommerce Logistics UCITS ETF USD Acc|Other|Acc|IE00BF0M6N54|ETLH.DE|EUR|0,49|16,937999725341797|17,030000686645508|-0,033880896453878484|0,05022318036424345|0,0455554893608805|0,055327135856230836|0,04690682178269445|Wacht op Yahoo...|1343,0|150,0|1053,0|659,0|656,5
625|609|695|iShares EURO STOXX Small UCITS EUR (Dist) ETF|Region: Europe|Distr|IE00B02KXM00|IQQS.DE|EUR|0,4|52,560001373291016|52,2400016784668|-0,02731920521404707|0,021904400319425532|0,17673973066736526|0,09846629322678746|0,04201538276786687|Wacht op Yahoo...|1250,0|420,0|644,0|711,0|658,7
626|429|886|Global X EURO STOXX 50 Covered Call UCITS - EUR Distributing ETF|Region: Europe|Distr|IE000SAXJ1M1|SY7D.DE|EUR|0,45|14,772000312805176|14,645999908447266|-0,0026369371581810297|0,021368432116523506|0,0909751633832252|0,03659864831503157|0,03039855496520527|Wacht op Yahoo...|593,0|431,0|926,0|832,0|659,25
627|424|894|Xtrackers US Treasuries Ultrashort Bond UCITS 1C ETF|Bonds / Fixed Income|Acc|IE00BM97MR69|XT01.DE|EUR|0,06|56,25199890136719|56,0359992980957|0,024365323976254682|0,010708651184800244|0,07036568076165617|0,059838696867910546|0,036862877716258735|Wacht op Yahoo...|148,0|595,0|976,0|776,0|659,4
628|428|888|iShares iBond Dec 2026 Term $ Corp UCITS ETF USD D|Other|Distr|IE0007UPSEA3|CBU8.DE|EUR|0,12|4,429500102996826|4,4156999588012695|0,024099141657492495|0,010679809708769472|0,07102091857052639|0,06041341732469707|0,03665449303143897|Wacht op Yahoo...|152,0|596,0|971,0|778,0|659,55
629|574|748|iShares MSCI USA ESG Enhanced CTB UCITS EUR Hedged (Acc) ETF|ESG / Sustainable|Acc|IE000U7L59A3|CBUC.DE|EUR|0,1|7,681000232696533|7,714000225067139|-0,014245326848870032|0,014395167143325338|0,11967931242029395|0,09822709161852683|0,055210725874612177|Wacht op Yahoo...|811,0|529,0|858,0|561,0|659,95
630|666|623|State Street SPDR MSCI Emerging Markets UCITS ETF|Region: Emerging Markets / Asia|Unknown|IE00B48X4842|SPYX.DE|EUR|0,55|137,05999755859375|136,63999938964844|-0,011681534487637868|0,007053573931127932|0,17648066573900212|0,14292861617210262|0,050787534116656596|Wacht op Yahoo...|747,0|660,0|646,0|613,0|660,15
631|796|491|iShares MSCI World SRI UCITS ETF USD (Dist)|ESG / Sustainable|Distr|IE00BDZZTM54|2B7J.DE|EUR|0,2|10,319999694824219|10,26200008392334|-0,004309385443082792|-0,0004606379045233311|0,1868892835935292|0,1343352296741558|0,07630269608832196|Wacht op Yahoo...|618,0|853,0|575,0|421,0|661,85
632|962|281|Amundi MSCI Japan ESG Broad Transition UCITS - Hedged EUR (C) ETF|ESG / Sustainable|Acc|LU2490201840|AHYZ.DE|EUR|0,2|113,44000244140625|113,44000244140625|-0,012190821500596472|-0,011329923710707734|0,3216823956813877|0,19675072629758672|0,06031675143151283|Wacht op Yahoo...|757,0|1007,0|171,0|514,0|661,9
633|433|895|JPM BetaBuilders US Treasury Bond 0-1yr UCITS - USD (acc) ETF|Bonds / Fixed Income|Acc|IE00BJK3WF00|BBLL.DE|EUR|0,07|106,76499938964844|106,38500213623047|0,024026445444963906|0,010505897715925805|0,07036870689314934|0,06022842726125943|0,0366479464853573|Wacht op Yahoo...|153,0|598,0|975,0|780,0|661,9
634|662|642|Amundi Core Stoxx Europe 600 UCITS EUR Hedged Dist ETF|Region: Europe|Distr|LU1574142243|STXH.DE|EUR|0,15|167,1199951171875|166,5|-0,017980947762898936|0,011132601352131122|0,18254348467577963|0,10121244838118182|0,044546321165654046|Wacht op Yahoo...|926,0|587,0|611,0|679,0|662,25
635|715|567|iShares Europe Equity Enh Active UCITS ETF EUR Acc|Region: Europe|Acc|IE00000EF730|EUEE.DE|EUR|0,25|6,699999809265137|6,671000003814697|-0,018602655522632627|0,00842862062149874|0,19429583775569337|0,11019055156035984|0,04770495047437495|Wacht op Yahoo...|961,0|633,0|540,0|650,0|662,35
636|713|573|Amundi EURO STOXX 50 II UCITS ETF Acc|Region: Europe|Acc|FR0007054358|LYSX.DE|EUR|0,2|72,23999786376953|71,80999755859375|-0,021403438601822034|0,010773704070447865|0,18174376904189438|0,10644810615386802|0,05508137848045003|Wacht op Yahoo...|1065,0|592,0|614,0|563,0|662,65
637|772|510|UBS EURO STOXX 50 ESG UCITS ETF EUR dis|ESG / Sustainable|Distr|LU1971906802|UET5.DE|EUR|0,1|23,065000534057617|22,850000381469727|-0,021217907433414562|0,006730767789884906|0,19910821758840358|0,11515099817825614|0,05620623672443448|Wacht op Yahoo...|1061,0|670,0|504,0|548,0|662,75
638|926|329|iShares MSCI USA SRI UCITS ETF USD (Acc)|ESG / Sustainable|Acc|IE00BYVJRR92|QDVR.DE|EUR|0,2|18,20400047302246|18,09600067138672|-0,005245834319144271|-0,011082163327805095|0,20684174721434023|0,19401811142964198|0,08985890552262199|Wacht op Yahoo...|642,0|1003,0|422,0|303,0|663,6
639|748|539|Saturna Al Kawthar Gl Focused Equity UCITS ETF Acc|Other|Acc|IE00BMYMHS24|ASWE.DE|EUR|0,75|10,642000198364258|10,59000015258789|0,013330827009633506|-0,005792252608215365|0,17396587876226643|0,15023782588640322|0,07118683807173798|Wacht op Yahoo...|279,0|930,0|652,0|439,0|664,65
640|806|493|iShares MSCI World SRI UCITS ETF EUR (Acc)|ESG / Sustainable|Acc|IE00BYX2JD69|2B7K.DE|EUR|0,2|14,038000106811523|13,96399974822998|-0,0048206323578735555|-0,0005695159074049494|0,18684477725036852|0,15501067802915358|0,07604606668806002|Wacht op Yahoo...|630,0|855,0|576,0|422,0|664,9
641|776|512|Amundi Prime Eurozone UCITS ETF DR C|Other|Acc|LU2089238112|PRAZ.DE|EUR|0,05|38,95000076293945|38,630001068115234|-0,014048861920515798|0,003995427279545938|0,19698831183355625|0,12150881878276554|0,056827205320931995|Wacht op Yahoo...|801,0|770,0|519,0|542,0|666,3
642|982|277|Invesco JPX-Nikkei 400 UCITS EUR Hdg Acc ETF|Other|Acc|IE00BVGC6645|NS4E.DE|EUR|0,19|46,25|46,69499969482422|-0,021991983408608196|-0,0037695043605051604|0,3242663138249111|0,19201033271731216|0,060516511093692715|Wacht op Yahoo...|1087,0|900,0|166,0|511,0|666,75
643|653|661|Vanguard FTSE Emerging Mkts UCITS ETF USD Acc|Region: Emerging Markets / Asia|Acc|IE00BK5BR733|VFEA.DE|EUR|0,17|76,98999786376953|77,76000213623047|-0,0032366650299620048|0,00574780920275364|0,16141192940813331|0,12066959656159715|0,051826225148521754|Wacht op Yahoo...|598,0|705,0|700,0|604,0|667,5
644|448|893|iShares Edge MSCI Wld Min Vol UCITS ETF USD A|Other|Acc|IE00B8FHGS14|IQQ0.DE|EUR|0,3|66,79000091552734|66,79000091552734|-0,014606047235160458|0,024700837723434566|0,07224273452977692|0,07500402007563456|0,03538589841293893|Wacht op Yahoo...|819,0|365,0|963,0|792,0|668,0
645|451|891|Xtrackers MSCI World Minimum Volatility UCITS 1C ETF|Global / Broad|Acc|IE00BL25JN58|XDEB.DE|EUR|0,25|44,790000915527344|44,79999923706055|-0,014846568454748521|0,02470834714426573|0,07242910499428046|0,07629458390009902|0,03576202231535608|Wacht op Yahoo...|829,0|364,0|961,0|791,0|668,4
646|720|584|Amundi Prime Europe - UCITS ETF DR (D)|Region: Europe|Distr|LU1931974262|PR1E.DE|EUR|0,05|36,994998931884766|36,744998931884766|-0,01857012252570911|0,007763548202665449|0,19499836516673352|0,10680627603024506|0,04563171445458769|Wacht op Yahoo...|959,0|642,0|536,0|669,0|668,45
647|659|662|Amundi STOXX Europe 600 Insurance UCITS ETF Acc|Financials|Acc|LU1834987973|LIRU.DE|EUR|0,3|95,41000366210938|95,33000183105469|-0,027718268291440862|0,019664464820843053|0,14085862484241507|0,08235963710220795|0,061870908876715314|Wacht op Yahoo...|1260,0|460,0|789,0|493,0|668,85
648|717|588|iShares Core EURO STOXX 50 UCITS ETF EUR Dist|Region: Europe|Distr|IE0008471009|EUN2.DE|EUR|0,1|64,55999755859375|64,20999908447266|-0,021818218809185552|0,010712261826065772|0,1802953078772711|0,10611360515833801|0,05465322837401598|Wacht op Yahoo...|1078,0|594,0|624,0|568,0|668,9
649|529|813|Xtrackers MSCI Europe Materials UCITS ETF|Region: Europe|Unknown|LU0292100806|DXSC.DE|EUR|0,17|179,6999969482422|178,9199981689453|-0,04292712928418996|0,032996033644768996|0,12962028463569064|0,08645709540175361|0,03722942007143737|Wacht op Yahoo...|1445,0|234,0|826,0|767,0|670,25
650|632|699|WisdomTree Gl Ex-USA Qual Div Gr UCITS ETF EUR Acc|Region: US|Acc|IE000X7DRW38|DGXU.DE|EUR|0,3|29,3700008392334|29,104999542236328|-0,01476010179777687|0,009972521192853634|0,15995265376077628|0,10851103638172921|0,0483202002138301|Wacht op Yahoo...|827,0|605,0|704,0|648,0|671,65
651|966|297|Avantis Global Small Cap Val UCITS ETF USD A ETF|Global / Broad|Unknown|IE0003R87OG3|AVWS.DE|EUR|0,39|24,975000381469727|25,075000762939453|-0,021163982798204195|-0,003590670284072006|0,28551580341663607|0,22787611573798916|0,06285755877150945|Wacht op Yahoo...|1059,0|896,0|228,0|488,0|671,85
652|561|786|Amundi MSCI Europe Momentum Factor UCITS ETF EUR C|Factor / Smart Beta|Acc|LU1681041460|MJMT.DE|EUR|0,22|151,5800018310547|150,9199981689453|0,003442369130578271|0,007577767689098902|0,156216588665665|0,07978342042081987|0,03365271548260251|Wacht op Yahoo...|470,0|645,0|727,0|809,0|672,05
653|457|899|iShares Edge MSCI World Minimum Volatility UCITS USD (Dist) ETF|Global / Broad|Distr|IE00BMCZLJ20|UEEH.DE|EUR|0,3|5,864999771118164|5,867000102996826|-0,014616997305533674|0,024275225818959134|0,07184897101227872|0,07477124032231086|0,03535425051400476|Wacht op Yahoo...|820,0|374,0|967,0|793,0|672,95
654|526|825|Invesco Gl Act Def ESG Eq UCITS ETF EUR PfHdg Acc|ESG / Sustainable|Acc|IE000XIBT2R7|LVLE.DE|EUR|0,3|8,10200023651123|8,142000198364258|-0,02631893523140616|0,027260067237242946|0,10516988145285544|0,07696404243324761|0,042217424732369224|Wacht op Yahoo...|1233,0|310,0|897,0|707,0|674,6
655|550|806|Xtrackers DAX ESG Screened UCITS ETF|ESG / Sustainable|Unknown|LU0838782315|XDDX.DE|EUR|0,09|158,52000427246094|158,33999633789062|-0,042406604436294515|0,030881492409321032|0,12314807226969648|0,07008718382973322|0,041519186759369386|Wacht op Yahoo...|1442,0|260,0|846,0|717,0|675,2
656|326|1004|VanEck Crypto and Blckchn Innvtrs UCITS ETF USD A|Other|Acc|IE00BMDKNW35|DAVV.DE|EUR|0,65|12,253999710083008|12,513999938964844|0,02888328019127928|0,017098221169479455|-0,05301390205145373|0,16107635259058473|0,0802619204939845|Wacht op Yahoo...|116,0|501,0|1519,0|389,0|675,35
657|380|962|Amundi US Curve steepening 2-10Y UCITS ETF Acc|Region: US|Acc|LU2018762653|UCT2.DE|EUR|0,3|87,27799987792969|87,0459976196289|0,022781074981640392|0,01391726325966225|0,0370731582610333|0,02609985252121283|0,025114949395690145|Wacht op Yahoo...|166,0|535,0|1071,0|856,0|677,85
658|670|692|UBS MSCI EMU Select Factor Mix UCITS EUR acc ETF|Factor / Smart Beta|Acc|LU1804202403|UIQN.DE|EUR|0,34|18,75200080871582|18,739999771118164|-0,018938971730148024|0,011543893660118432|0,16733078751038044|0,10631268228119328|0,04557383874265053|Wacht op Yahoo...|976,0|576,0|672,0|670,0|678,8
659|819|513|Amundi S&P World Materials Screened UCITS Dist ETF|Global / Broad|Distr|IE000WP7CVZ7|WELV.DE|EUR|0,18|14,423999786376953|14,489999771118164|-0,05639149883523342|0,013633186955825938|0,24120529857628714|0,17487213219888487|0,03288827166757202|Wacht op Yahoo...|1515,0|539,0|302,0|814,0|681,15
660|812|520|JPM Eurozone Research Enhanced Index Equity Active UCITS EUR (acc) ETF|Other|Acc|IE00004PGEY9|JREZ.DE|EUR|0,25|45,60499954223633|45,345001220703125|-0,01723950561587906|0,004183609443549008|0,19997364190307065|0,11722194716279777|0,05247730973566167|Wacht op Yahoo...|898,0|763,0|491,0|596,0|681,85
661|730|606|iShares MSCI EMU Screened UCITS ETF EUR Dist|Other|Distr|IE00BFNM3C07|SLMB.DE|EUR|0,12|9,192999839782715|9,159000396728516|-0,016581059055988834|0,006128899567146462|0,18025403436692122|0,10821196190197657|0,051843606314762924|Wacht op Yahoo...|875,0|688,0|625,0|603,0|683,3
662|463|909|Invesco BlltShs 2027 USD Crp Bd UCITS ETF Dist|Other|Distr|IE000BMDG046|BS27.DE|EUR|0,1|4,659999847412109|4,645699977874756|0,02181023850360919|0,008685068671555829|0,06840087761522518|0,055573899628362344|0,03422690297958941|Wacht op Yahoo...|182,0|626,0|983,0|805,0|684,45
663|738|597|Goldman Sachs Alp Enh Eur Eq Actv UCITS EURAcc ETF|Other|Acc|IE000RITWOD4|GQEU.DE|EUR|0,25|11,295999526977539|11,244000434875488|-0,019784852269031483|0,0074919402951558745|0,19648337519695236|0,10247893883956283|0,04199091756266493|Wacht op Yahoo...|1010,0|648,0|527,0|712,0|684,85
664|739|598|Invesco EURO STOXX 50 UCITS Dist ETF|Region: Europe|Distr|IE00B5B5TG76|S6X0.DE|EUR|0,05|61,34000015258789|61,04999923706055|-0,022781588254694896|0,009878143851513865|0,1785886661521796|0,10648648179985032|0,05402689945410177|Wacht op Yahoo...|1117,0|608,0|637,0|575,0|685,0
665|695|671|iShares STOXX Europe 600 Insurance UCITS (DE) ETF|Financials|Unknown|DE000A0H08K7|EXH5.DE|EUR|0,46|53,33000183105469|53,34000015258789|-0,02895113603244248|0,017934693808601576|0,14031659047775036|0,08913846893594735|0,061086879844757025|Wacht op Yahoo...|1282,0|488,0|790,0|502,0|685,4
666|820|517|Amundi S&P World Materials Screened UCITS Acc ETF|Global / Broad|Acc|IE000FCGBU62|WELI.DE|EUR|0,18|15,368000030517578|15,470000267028809|-0,057524821500425816|0,013452946384559183|0,2391549347761226|0,17152004838890256|0,031334644361277864|Wacht op Yahoo...|1523,0|540,0|306,0|826,0|686,15
667|734|611|UBS Core MSCI Europe UCITS ETF EUR dis|Region: Europe|Distr|LU0446734104|UIMA.DE|EUR|0,06|105,18000030517578|104,66000366210938|-0,01884325280383814|0,007199504310796634|0,18844107760565132|0,10623333015306158|0,043873532810046134|Wacht op Yahoo...|973,0|656,0|567,0|685,0|687,1
668|1166|141|Invesco Hydrogen Economy UCITS Acc ETF|Other|Acc|IE00053WDH64|HYDE.DE|EUR|0,6|5,127999782562256|5,073999881744385|0,015445463144832638|-0,047194386540398425|0,6130858579904201|0,42187714128018317|0,08103602455740111|Wacht op Yahoo...|248,0|1425,0|22,0|375,0|687,7
669|488|887|Regan Total Return Income UCITS ETF USD Acc|Other|Acc|IE000TD32PU3|MBSR.DE|EUR|0,75|9,377599716186523|9,367199897766113|0,020324673465008436|0,00739085321725752|0,07738961472392414|0,06100649846014128|0,033959912442036|Wacht op Yahoo...|196,0|653,0|948,0|806,0|688,8
670|807|543|Amundi Prime Eurozone UCITS ETF DR D|Other|Distr|LU1931974429|PR1Z.DE|EUR|0,05|40,09000015258789|39,904998779296875|-0,01643763975798196|0,0041327719143493535|0,19237276933995107|0,11624666937584682|0,05381238802121646|Wacht op Yahoo...|871,0|765,0|550,0|579,0|689,95
671|768|568|JPM Global Equity Multi-Factor UCITS - USD (acc) ETF|Factor / Smart Beta|Acc|IE00BJRCLL96|JPGL.DE|EUR|0,19|45,20000076293945|45,19499969482422|-0,01696387096699259|0,005002830382480727|0,1930844071662139|0,15306122151080492|0,04859010546078402|Wacht op Yahoo...|883,0|733,0|546,0|644,0|690,95
672|500|873|Xtrackers MSCI USA Consumer Staples UCITS ETF 1D|Region: US|Distr|IE00BGQYRQ28|XUCS.DE|EUR|0,12|43,17499923706055|42,70500183105469|0,007702135767426732|0,01033124082278225|0,1244027328845021|0,11769038224133022|0,015565354121973796|Wacht op Yahoo...|377,0|601,0|842,0|919,0|691,25
673|975|352|VanEck Quantum Computing UCITS ETF|Other|Unknown|IE0007Y8Y157|QUTM.DE|EUR|0,55|26,014999389648438|26,415000915527344|0,025019710397132133|-0,031098732959331965|0,19801976545453037|0,20523513982275476|0,09681781088530772|Wacht op Yahoo...|140,0|1247,0|513,0|216,0|691,25
674|466|911|iShares iBond Dec 2027 Term $ Corp UCITS ETF USD A|Other|Acc|IE000I1D7D10|CEBK.DE|EUR|0,12|103,6449966430664|103,44999694824219|0,020680471830106573|0,0082688699767679|0,06689923075418824|0,05454601204134679|0,03328975348062779|Wacht op Yahoo...|191,0|635,0|987,0|810,0|691,4
675|709|672|Xtrackers STOXX Europe 600 UCITS 2C EUR Hedged ETF|Region: Europe|Acc|LU1772333404|XSXE.DE|EUR|0,25|159,63999938964844|159,16000366210938|-0,019410341540993303|0,009357585314052619|0,17885099356217005|0,09778573373507182|0,04297876824207747|Wacht op Yahoo...|992,0|612,0|634,0|699,0|691,9
676|818|535|Amundi MSCI World ESG Selection UCITS Hedged EUR Acc ETF|ESG / Sustainable|Acc|IE0004CIQ1O4|MWOS.DE|EUR|0,2|14,508000373840332|14,539999961853027|-0,014937487644419822|0,0031807828095422597|0,1816257141294797|0,12447681703704894|0,06554797311956118|Wacht op Yahoo...|832,0|794,0|616,0|478,0|692,0
677|750|605|Invesco EURO STOXX 50 UCITS Acc ETF|Region: Europe|Acc|IE00B60SWX25|SC0D.DE|EUR|0,05|165,3800048828125|164,67999267578125|-0,02350021087149079|0,009645920644796524|0,17825594302979586|0,10592491846894148|0,05367716640671061|Wacht op Yahoo...|1152,0|609,0|639,0|580,0|692,15
678|747|614|iShares Core MSCI Europe UCITS ETF EUR Dist|Region: Europe|Distr|IE00B1YZSC51|IQQY.DE|EUR|0,12|39,97999954223633|39,790000915527344|-0,017569729891872332|0,00598927637615998|0,18679705842852723|0,1030704260988744|0,044118403129747685|Wacht op Yahoo...|914,0|690,0|577,0|681,0|693,55
679|464|918|Xtrackers MSCI Pacific ex Japan Screened UCITS ETF|Region: Japan|Unknown|LU0322252338|DXS6.DE|EUR|0,25|82,41000366210938|81,36000061035156|-0,03478559014816196|0,03921816507777076|0,08662984759317949|0,09137864297011067|0,020839866324467327|Wacht op Yahoo...|1358,0|192,0|936,0|897,0|693,9
680|732|634|Invesco STOXX Europe 600 UCITS Acc ETF|Region: Europe|Acc|IE00B60SWW18|SC0C.DE|EUR|0,19|164,60000610351562|163,66000366210938|-0,01907030327797521|0,007467261502276168|0,18587898043588025|0,10233055203459362|0,042249117158999594|Wacht op Yahoo...|978,0|651,0|584,0|705,0|694,1
681|605|781|Fidelity US Quality Income UCITS - Acc-EUR Hedged ETF|Factor / Smart Beta|Acc|IE00BYV1Y969|FUSU.DE|EUR|0,3|12,14799976348877|12,157999992370605|-0,022687090487808592|0,01946956949881362|0,12899623653178782|0,09797538151497509|0,04513756646650524|Wacht op Yahoo...|1114,0|463,0|829,0|674,0|694,35
682|726|648|Amundi S&P Eurozone Cl Paris Aligned UCITS ETF A|Other|Acc|LU2195226068|ZPAB.DE|EUR|0,2|42,64500045776367|42,310001373291016|-0,024030192113376314|0,011863803406553242|0,1566314535714497|0,09867324401807975|0,055897978997216935|Wacht op Yahoo...|1175,0|570,0|724,0|549,0|695,05
683|1065|258|iShares MSCI Japan ESG Enhanced CTB UCITS EUR Hedged (Acc) ETF|ESG / Sustainable|Acc|IE0002SCQ8X0|CEB3.DE|EUR|0,18|8,512999534606934|8,602999687194824|-0,020819036628815124|-0,011839842045404003|0,3339077993285129|0,2003665433515036|0,06291587870108928|Wacht op Yahoo...|1048,0|1011,0|147,0|487,0|695,75
684|749|618|iShares Core MSCI Europe UCITS EUR (Acc) ETF|Region: Europe|Acc|IE000MAO75G5|CEBZ.DE|EUR|0,12|6,8460001945495605|6,809999942779541|-0,01736756321907995|0,005877161399563846|0,18648184006584145|0,10615609162731299|0,04389357434269692|Wacht op Yahoo...|904,0|699,0|580,0|684,0|697,0
685|629|762|Amundi MSCI Europe Hgh Dvdnd Factor UCITS ETF EURA|Factor / Smart Beta|Unknown|LU1681041973|EHF1.DE|EUR|0,23|239,64999389648438|239,64999389648438|-0,019234753794277193|0,013319213092957138|0,17331698358131886|0,09179951661268504|0,026699956297908667|Wacht op Yahoo...|983,0|542,0|655,0|847,0|697,4
686|764|596|Amundi Core EURO STOXX 50 UCITS ETF EUR Dist|Region: Europe|Distr|LU1681047319|V50D.DE|EUR|0,09|102,45999908447266|102,16000366210938|-0,024004612229749034|0,00906045066624217|0,17991056159198582|0,10552437146194849|0,05324347558497444|Wacht op Yahoo...|1173,0|619,0|627,0|586,0|697,5
687|718|674|Xtrackers MSCI Europe High Dividend Yield ESG UCITS ETF|ESG / Sustainable|Unknown|IE000WQ16XQ4|XZDE.DE|EUR|0,25|40,48500061035156|40,345001220703125|-0,027036769610624067|0,014107240868457716|0,19409242157654094|0,10054637929480781|0,03267372554736303|Wacht op Yahoo...|1246,0|532,0|542,0|816,0|698,4
688|741|637|Amundi Core Stoxx Europe 600 UCITS ETF A|Region: Europe|Acc|LU0908500753|LYP6.DE|EUR|0,07|316,54998779296875|315,04998779296875|-0,019817384028955165|0,007479234546907243|0,18669161309454085|0,10161816972063709|0,04186204584934372|Wacht op Yahoo...|1011,0|650,0|579,0|714,0|699,2
689|606|790|iShares DAX ESG UCITS (DE) ETF|ESG / Sustainable|Unknown|DE000A0Q4R69|EXIA.DE|EUR|0,12|8,109999656677246|8,08899974822998|-0,03613024920438346|0,024507297879562406|0,1193926549042883|0,08321085469127953|0,047458480794208|Wacht op Yahoo...|1376,0|368,0|859,0|655,0|699,35
690|746|636|Amundi MSCI Europe ESG Broad Transition UCITS EUR Hedged Acc (C) ETF|ESG / Sustainable|Acc|LU2873560481|CEUH.DE|EUR|0,14|25,940000534057617|25,864999771118164|-0,017610306400145936|0,006011273514165527|0,18366413189051967|0,10125239643311645|0,04401970026753266|Wacht op Yahoo...|915,0|689,0|603,0|682,0|700,0
691|795|578|iShares Growth Portfolio UCITS ETF EUR Acc|Factor / Smart Beta|Acc|IE00BLLZQ805|MAGR.DE|EUR|0,29|8,532999992370605|8,53499984741211|-0,008482448835306133|0,001408295276642768|0,17227644187889446|0,13500929096700576|0,0604096739371498|Wacht op Yahoo...|692,0|825,0|658,0|512,0|700,7
692|790|582|BNP Paribas Easy MSCI EMU Min TE UCITS ETF C|Other|Acc|LU1291098827|EMUX.DE|EUR|0,15|20,6200008392334|20,524999618530273|-0,016455965220296243|0,004383835829408156|0,18410482159214214|0,11194996460235074|0,0531130482748543|Wacht op Yahoo...|873,0|756,0|599,0|588,0|700,7
693|719|690|Amundi S&P Eurozone Climate Paris Aligned UCITS Dist ETF|ESG / Sustainable|Distr|LU2932780914|EPAZ.DE|EUR|0,14|27,420000076293945|27,274999618530273|-0,02385190717886909|0,012181613947851222|0,15239188633370526|0,10098371091380942|0,05437409875774768|Wacht op Yahoo...|1169,0|561,0|750,0|572,0|701,65
694|714|700|Amundi STOXX Europe 600 Insurance UCITS Dist ETF|Financials|Distr|LU2082997946|EGV1.DE|EUR|0,3|109,94000244140625|109,95999908447266|-0,029998182515801997|0,01702131353614811|0,1363502197263795|0,08357976969695602|0,0589155653594442|Wacht op Yahoo...|1301,0|504,0|805,0|522,0|702,4
695|767|609|iShares MSCI EMU ESG Enhanced CTB UCITS EUR (Acc) ETF|ESG / Sustainable|Acc|IE00BHZPJ015|EDM4.DE|EUR|0,12|10,47599983215332|10,392000198364258|-0,014116371776446757|0,004217759898416107|0,1791985636058595|0,10845408902359321|0,05189539646574759|Wacht op Yahoo...|804,0|761,0|631,0|602,0|703,15
696|814|565|Xtrackers MSCI World Materials UCITS 1C ETF|Global / Broad|Acc|IE00BM67HS53|XDWM.DE|EUR|0,25|68,44000244140625|68,61000061035156|-0,057430080345582835|0,014376777873919444|0,21931233100018122|0,15530048113222072|0,023614667278845314|Wacht op Yahoo...|1522,0|530,0|361,0|867,0|703,95
697|779|599|Amundi Prime Europe UCITS DR (C) ETF|Region: Europe|Acc|LU2089238039|PRAE.DE|EUR|0,05|36,630001068115234|36,474998474121094|-0,02045726381291202|0,006318668477879319|0,19277115467697303|0,1056444276232893|0,04383065445540546|Wacht op Yahoo...|1040,0|684,0|548,0|687,0|704,0
698|556|848|iShares MSCI Australia UCITS ETF USD (Acc)|Other|Acc|IE00B5377D42|IBC6.DE|EUR|0,5|54,47999954223633|54,06999969482422|-0,034042587441448835|0,02753676106879155|0,12527106293545187|0,13264035905422777|0,02634192114660383|Wacht op Yahoo...|1347,0|305,0|840,0|850,0|704,05
699|757|632|Xtrackers MSCI Europe UCITS 1D ETF|Region: Europe|Distr|LU1242369327|XIEE.DE|EUR|0,12|90,94999694824219|90,5|-0,01972409846014178|0,006609884098406793|0,18559597615361412|0,10096835544336624|0,04295207184646688|Wacht op Yahoo...|1009,0|675,0|586,0|700,0|707,85
700|226|1216|UBS BBG Japan Gov 1-3 UCITS ETF JPY acc|Region: Japan|Acc|LU2098179695|CHSD.DE|EUR|0,15|6,462200164794922|6,4618000984191895|0,034614210404287915|0,02301799084944922|-0,030602140838703162|0,024412714428190707|0,024527358766832208|Wacht op Yahoo...|100,0|399,0|1446,0|860,0|708,1
701|825|558|iShares Core MSCI EMU UCITS ETF EUR (Acc)|Other|Acc|IE00B53QG562|SXR7.DE|EUR|0,12|245,60000610351562|244,39999389648438|-0,017992802439746658|0,0038831482964729602|0,18848300681074392|0,11257080907594852|0,05229560068314654|Wacht op Yahoo...|928,0|772,0|565,0|600,0|709,25
702|770|627|Vanguard FTSE Developed Europe UCITS - (EUR) Accumulating ETF|Region: Europe|Acc|IE00BK5BQX27|VWCG.DE|EUR|0,1|59,79999923706055|59,52000045776367|-0,01999346462718521|0,0063951713198442395|0,18721462190078553|0,10189789446566655|0,04202513806807606|Wacht op Yahoo...|1020,0|682,0|571,0|710,0|710,55
703|658|769|OSSIAM Stoxx Europe 600 EqualWeightNR UCITS ETF 1C|Region: Europe|Acc|LU0599613147|OSX6.DE|EUR|0,3|156,52000427246094|156,1199951171875|-0,0280674938034855|0,01980719722144486|0,1518987242269314|0,08528638848736958|0,03867769930714826|Wacht op Yahoo...|1264,0|458,0|753,0|748,0|710,65
704|476|935|VanEck Morningstar Gl Wide Moat UCITS ETF USD A|Other|Acc|IE00BL0BMZ89|VVGM.DE|EUR|0,52|32,185001373291016|31,989999771118164|-0,019497315301543527|0,025653353538991785|0,06343968354082574|0,035220367170438305|0,022775342353851702|Wacht op Yahoo...|996,0|344,0|997,0|874,0|711,05
705|771|624|iShares Core MSCI Europe UCITS ETF EUR (Acc)|Region: Europe|Acc|IE00B4K48X80|EUNK.DE|EUR|0,12|104,33999633789062|103,86000061035156|-0,01954521581322166|0,005977584939169445|0,18635588355157995|0,10295980994581111|0,04330554435449896|Wacht op Yahoo...|1003,0|691,0|581,0|696,0|711,3
706|524|905|StSt SPDR S&P US Con St Sel Sector UCITS ETF Acc|Region: US|Acc|IE00BWBXM385|ZPDS.DE|EUR|0,15|39,72999954223633|39,30500030517578|0,005822773221172861|0,009144034039076487|0,11789528752877398|0,11460230136097316|0,013755086276000528|Wacht op Yahoo...|411,0|617,0|864,0|935,0|711,45
707|672|763|Invesco MSCI Japan ESG Climate PA UCITS ETF Acc|ESG / Sustainable|Acc|IE000I8IKC59|PAUJ.DE|EUR|0,15|4,889500141143799|4,871500015258789|0,023443220299059542|-0,002448247143184701|0,13406008557299698|0,11428899917770585|0,04769203596204452|Wacht op Yahoo...|160,0|885,0|813,0|652,0|711,65
708|565|850|iShares Edge S&P 500 Minimum Volatility UCITS EUR Hedged (Acc) ETF|Region: US|Acc|IE00BYX8XD24|IS31.DE|EUR|0,25|11,045999526977539|11,10200023651123|-0,02126534816928083|0,021642549609233397|0,07871091541746811|0,06621620589129562|0,03981530032917613|Wacht op Yahoo...|1063,0|426,0|945,0|735,0|713,1
709|781|626|iShares MSCI Europe ESG Enhanced UCITS ETF EUR Dis|ESG / Sustainable|Distr|IE00BHZPJ676|EMNU.DE|EUR|0,12|8,26099967956543|8,229000091552734|-0,01911662943275405|0,005721929970301964|0,18847089580677223|0,10313978211989427|0,041572658529113626|Wacht op Yahoo...|980,0|708,0|566,0|716,0|714,9
710|1267|108|iShares Elctrc Vhcls and Drvng Tech UCITS ETF USDA|Technology|Unknown|IE00BGL86Z12|IEVD.DE|EUR|0,4|11,055999755859375|11,116000175476074|0,017672996112091832|-0,0904903232183919|0,4139915698798198|0,3592328490745291|0,10064104148606279|Wacht op Yahoo...|227,0|1554,0|89,0|186,0|715,1
711|539|902|iShares $ Corp Bd Int Rate Hgd UCITS ETF USD Dist|Other|Distr|IE00BCLWRB83|IS3F.DE|EUR|0,25|91,9000015258789|91,71199798583984|0,02277892858465025|0,0052468378019345785|0,07004367847193849|0,06279184714382868|0,036313668025691914|Wacht op Yahoo...|167,0|725,0|978,0|786,0|716,75
712|940|463|Invesco MSCI Em Markets ESG Cl PA UCITS ETF Acc|ESG / Sustainable|Acc|IE000PJL7R74|PAUM.DE|EUR|0,19|5,453999996185303|5,501999855041504|0,0042349037936515455|-0,01906473879228987|0,18849416620054948|0,2051707462736263|0,08213426864123963|Wacht op Yahoo...|446,0|1092,0|564,0|365,0|717,7
713|833|574|Amundi Core MSCI EMU UCITS ETF Dist|Other|Distr|LU1646360971|LMVF.DE|EUR|0,12|83,48999786376953|83,16999816894531|-0,016839382195120267|0,0030033638444963984|0,18604309886354176|0,11216195821465869|0,051750402540870155|Wacht op Yahoo...|879,0|800,0|582,0|606,0|718,55
714|538|907|iShares S&P 500 Consumer Staples Sector UCITS ETF|Region: US|Unknown|IE00B40B8R38|2B7D.DE|EUR|0,15|8,776000022888184|8,682000160217285|0,005614734163974511|0,0085038337665162|0,11781941287867292|0,11356426546899723|0,013479768268729986|Wacht op Yahoo...|416,0|631,0|865,0|938,0|718,65
715|788|640|BNP Paribas Easy MSCI Europe Min TE UCITS ETF C|Region: Europe|Acc|LU1291099718|EEUX.DE|EUR|0,15|20,53499984741211|20,459999084472656|-0,02004295289062763|0,0058779782759399435|0,18289165469080304|0,10166311801576788|0,04398408097398665|Wacht op Yahoo...|1024,0|698,0|607,0|683,0|721,15
716|753|688|BNPPE MSCI Wld Equal Wght Select UCITS ETF EUR C|Other|Acc|IE0008D0AIU9|ESAE.DE|EUR|0,2|13,083999633789062|13,145999908447266|-0,025037290655341993|0,01050352796155729|0,16509351443691433|0,1219344853041171|0,047325744354733246|Wacht op Yahoo...|1199,0|599,0|682,0|656,0|721,15
717|786|645|Xtrackers STOXX Europe 600 UCITS ETF|Region: Europe|Unknown|LU2581375156|XSX7.DE|EUR|0,07|99,4000015258789|99,0|-0,02107543204996354|0,0063147645507179995|0,18584796291443628|0,10097116750093704|0,04123105740984001|Wacht op Yahoo...|1058,0|685,0|585,0|719,0|722,75
718|805|634|UBS Core MSCI Europe UCITS EUR acc ETF|Region: Europe|Acc|LU0950668524|CHSU.DE|EUR|0,06|11,77400016784668|11,727999687194824|-0,02030283643921582|0,005808972994788997|0,18522248336638003|0,10824553990724106|0,043308756294923256|Wacht op Yahoo...|1034,0|703,0|592,0|695,0|723,3
719|953|467|UBS MSCI USA Select Factor Mix UCITS ETF USD acc|Factor / Smart Beta|Acc|IE00BDGV0415|USUE.DE|EUR|0,26|42,834999084472656|42,845001220703125|-0,004878594340936959|-0,014947717989089226|0,200196153900007|0,17003546490957877|0,06724367981948065|Wacht op Yahoo...|631,0|1042,0|488,0|465,0|726,45
720|704|773|JPM US Gro Eq Active UCITS ETF - USD (acc)|Region: US|Acc|IE0005CH3U28|JPGR.DE|EUR|0,49|34,224998474121094|34,290000915527344|0,03901031879127603|-0,006675470750556967|0,06953120231628418|0,07965292272590796|0,0665207813138522|Wacht op Yahoo...|85,0|943,0|980,0|472,0|729,35
721|690|788|Amundi MSCI Eu SmCp ESG Brd Transition UCITS ETF A|ESG / Sustainable|Acc|LU1681041544|CEM.PA|EUR|0,23|171,8699951171875|171,49000549316406|-0,030626101754691826|0,01848885995370364|0,14765692454445434|0,10000664085846767|0,03713476629060608|Wacht op Yahoo...|1306,0|474,0|767,0|768,0|730,85
722|868|558|JPM Europe Research Enhanced Index Equity Active UCITS EUR (acc) ETF|Region: Europe|Acc|IE00BF4G7183|JREE.DE|EUR|0,24|55,810001373291016|55,5099983215332|-0,020533488563439728|0,0034160813566166404|0,19995707132614737|0,1055864080702913|0,04339017546727031|Wacht op Yahoo...|1043,0|787,0|493,0|690,0|732,5
723|576|892|Xtrackers S&P ASX 200 UCITS 1D ETF|Other|Distr|LU0328474803|DX2S.DE|EUR|0,5|44,13999938964844|43,85499954223633|-0,036349763223103904|0,026945087941051993|0,10973819812299368|0,10987402091402454|0,021604122092619304|Wacht op Yahoo...|1379,0|319,0|886,0|885,0|732,95
724|817|653|iShares STOXX Europe 600 UCITS (DE) EUR (Dist) ETF|Region: Europe|Distr|DE0002635307|EXSA.DE|EUR|0,2|63,5099983215332|63,22999954223633|-0,021366879799184835|0,005808871384838099|0,18443193809706648|0,1008368633806398|0,04096780983041759|Wacht op Yahoo...|1064,0|704,0|595,0|723,0|734,55
725|828|630|Xtrackers MSCI EMU Screened UCITS - 1D ETF|Other|Distr|IE00BDGN9Z19|XMVE.DE|EUR|0,12|39,665000915527344|39,5|-0,018557465866884337|0,004146206357348969|0,1786163479238645|0,10706842323638632|0,04929353305173234|Wacht op Yahoo...|958,0|764,0|635,0|635,0|735,05
726|469|992|iShares S&P 500 Communication Sctr UCITS ETF USD A|Region: US|Acc|IE00BDDRF478|IU5C.DE|EUR|0,15|12,34000015258789|12,486000061035156|0,0027629121894241493|0,014468974144637103|0,04152604638553559|0,03697483598003348|0,014802644525234054|Wacht op Yahoo...|486,0|527,0|1064,0|929,0|735,5
727|831|638|iShares MSCI Europe ESG Enhanced CTB UCITS EUR (Acc) ETF|ESG / Sustainable|Acc|IE00BHZPJ783|EDM6.DE|EUR|0,12|9,729999542236328|9,699999809265137|-0,019844918165771164|0,004750054409857318|0,1873093233159706|0,10217483762528179|0,040572663548049226|Wacht op Yahoo...|1012,0|745,0|570,0|728,0|737,9
728|777|712|JPM All Cntr Rsch Enh Idx Eqt Actv UCITS ETF EURHA|Other|Unknown|IE0001JABD69|JRWE.DE|EUR|0,28|30,0|30,28499984741211|-0,019287353698753673|0,005867535040535499|0,15919632816214357|0,11234708060022713|0,04677514896921631|Wacht op Yahoo...|985,0|701,0|711,0|660,0|737,9
729|938|508|iShares Ageing Population UCITS ETF USD (Acc)|Other|Acc|IE00BYZK4669|2B77.DE|EUR|0,4|9,180000305175781|9,159000396728516|-0,03723120586443207|0,004926116602785635|0,1939134023053144|0,12610400196911753|0,061307296838387204|Wacht op Yahoo...|1390,0|737,0|543,0|497,0|738,45
730|865|585|State Street SPDR MSCI EMU UCITS ETF|Other|Unknown|IE00B910VR50|ZPRE.DE|EUR|0,08|105,0|104,66000366210938|-0,0205223601760397|0,0034403728254146504|0,18603864732634223|0,11275963671921807|0,05077967913119319|Wacht op Yahoo...|1042,0|786,0|583,0|614,0|739,25
731|866|592|UBS Core MSCI EMU UCITS EUR dis ETF|Other|Distr|LU0147308422|UIM4.DE|EUR|0,09|213,39999389648438|212,85000610351562|-0,019526763699434402|0,002584928129850672|0,1852292853893993|0,11183790013146111|0,050479695980536476|Wacht op Yahoo...|1001,0|802,0|591,0|617,0|742,1
732|626|846|WisdomTree Strategic Metals UCITS ETF EUR Hedged Acc|Commodity / Energy|Acc|IE000611IJM3|WENH.DE|EUR|0,5|13,75|14,022000312805176|-0,031417307415193996|0,02230484721109116|0,21060047896987721|0,03851965541527824|-0,028387340963231922|Wacht op Yahoo...|1323,0|413,0|407,0|1387,0|742,8
733|922|530|UBS EURO STOXX 50 ESG UCITS ETF EUR acc|ESG / Sustainable|Acc|LU1971906984|CHSE.DE|EUR|0,1|20,524999618530273|20,375|-0,023084274396382276|0,0019525998040974546|0,19623490423349566|0,11319014666867777|0,05399238137258955|Wacht op Yahoo...|1134,0|816,0|529,0|576,0|743,95
734|826|663|iShares STOXX Europe 600 UCITS (DE) EUR (Acc) ETF|Region: Europe|Acc|DE000A2QP4B6|EXIE.DE|EUR|0,2|7,743000030517578|7,711999893188477|-0,021607278629374504|0,005453813235874794|0,18376397515256282|0,10032682012777228|0,040631402271886996|Wacht op Yahoo...|1070,0|719,0|602,0|727,0|744,0
735|901|550|Harbor Health Care UCITS ETF Acc|Healthcare / Biotech|Acc|IE00BJQTJ848|W311.DE|EUR|0,89|7,275000095367432|7,190999984741211|-0,0023312838664248936|-0,010473359448684993|0,17168625636144452|0,07507017616549927|0,06712316254060102|Wacht op Yahoo...|586,0|996,0|659,0|466,0|744,25
736|928|529|Xtrackers Euro Stoxx Quality Dividend UCITS ETF 1D|Factor / Smart Beta|Distr|LU0292095535|DXSA.DE|EUR|0,3|29,979999542236328|30,114999771118164|-0,022019283291134784|0,0005457179284411584|0,20908514197534322|0,12140139127178995|0,04180344186592366|Wacht op Yahoo...|1088,0|838,0|415,0|715,0|745,15
737|836|651|Amundi MSCI Europe UCITS ETF Acc|Region: Europe|Acc|FR0010261198|LYY5.DE|EUR|0,25|245,6999969482422|245,14999389648438|-0,01994415660496507|0,004497100643002572|0,18409637083490216|0,0988371656595366|0,04195710396021002|Wacht op Yahoo...|1018,0|752,0|600,0|713,0|746,1
738|1056|398|Amundi MSCI World Momentum Advanced UCITS ACC ETF|Factor / Smart Beta|Acc|IE0001FQFU60|WMSE.DE|EUR|0,25|13,069999694824219|13,081999778747559|0,010827485409447224|-0,032997936222217694|0,21898895224975345|0,18495013701178986|0,06458102883819583|Wacht op Yahoo...|330,0|1274,0|362,0|483,0|746,2
739|850|619|Amundi MSCI Eu ESG Brd Transition UCITS ETF EUR A|ESG / Sustainable|Acc|LU1681042609|CEUG.DE|EUR|0,12|441,1499938964844|439,20001220703125|-0,019448766656381067|0,00341180489212789|0,18828281184238205|0,10356471268664014|0,04256580986335701|Wacht op Yahoo...|993,0|788,0|568,0|704,0|746,95
740|594|897|Amundi Australia S&P/ASX 200 UCITS ETF Dist|Other|Distr|LU0496786905|LYPU.DE|EUR|0,4|55,630001068115234|55,29999923706055|-0,036876684821922745|0,025437807707193283|0,11174071920575912|0,10794666565366873|0,020419415332134205|Wacht op Yahoo...|1385,0|350,0|882,0|899,0|748,05
741|730|781|Franklin European Quality Dividend UCITS ETF|Factor / Smart Beta|Unknown|IE00BF2B0L69|FLXD.DE|EUR|0,25|36,29999923706055|36,3650016784668|-0,02467786161960739|0,01181062635257435|0,16587237410530298|0,11302067207973843|0,024031239486718148|Wacht op Yahoo...|1187,0|571,0|677,0|864,0|748,5
742|264|1277|Vaneck Medical Robotics Bionic Ucits Etf|Technology|Unknown|IE0005TF96I9|CIB0.DE|EUR|0,55|16,507999420166016|16,3700008392334|-0,01315167457404487|0,041908581371521425|-0,022501246869273905|-0,06406627944397725|-0,0006496040373953349|Wacht op Yahoo...|782,0|181,0|1384,0|1067,0|749,1
743|841|650|iShares MSCI EMU Climate Transition Aware UCITS EUR (Dist) ETF|ESG / Sustainable|Distr|IE000E9XXE77|MCTD.DE|EUR|0,12|6,4039998054504395|6,382999897003174|-0,01749007643952627|0,002504664054114647|0,17589424678528554|0,10219000805746226|0,0482550386610654|Wacht op Yahoo...|911,0|803,0|647,0|649,0|749,4
744|894|572|Invesco MSCI Eu Ex UK Univ Scrnd UCITS ETF Acc|Region: Europe|Acc|IE00BMDBMW94|ESGX.DE|EUR|0,16|75,02999877929688|74,8499984741211|-0,020368163378824855|0,0017356108246946444|0,1901966638584911|0,113700396622048|0,049268623296492065|Wacht op Yahoo...|1035,0|822,0|555,0|636,0|750,0
745|512|983|HSBC China Government Local Bond UCITS C H EUR ETF|Bonds / Fixed Income|Unknown|IE000YUU9UG5|H41U.DE|EUR|0,2|11,567000389099121|11,566499710083008|0,004690424448456465|0,010880513298057837|0,03786450551838971|0,03369086888767403|0,01814859668404112|Wacht op Yahoo...|436,0|590,0|1070,0|909,0|750,7
746|919|551|JPM Eurozone Research Enhanced Index Equity Active UCITS EUR (dist) ETF|Other|Distr|IE000783LRG9|JRZD.DE|EUR|0,25|39,939998626708984|39,834999084472656|-0,020117755853562458|-0,000377411307865283|0,19648472229523262|0,11536255567474973|0,04934065373856433|Wacht op Yahoo...|1028,0|852,0|526,0|633,0|753,1
747|521|995|iShares China CNY Bond UCITS EUR Hedged (Dist) ETF|Bonds / Fixed Income|Distr|IE000W336086|CEB0.DE|EUR|0,4|5,317399978637695|5,317399978637695|0,0033587164806545555|0,0111816340898383|0,03479865988542352|0,02998183487274031|0,016171155407343596|Wacht op Yahoo...|473,0|586,0|1078,0|916,0|758,05
748|843|681|iShares MSCI Europe ESG Screened UCITS ETF EUR Acc|ESG / Sustainable|Acc|IE00BFNM3D14|SLMC.DE|EUR|0,12|10,968000411987305|10,911999702453613|-0,021936805935946713|0,004763653722230199|0,17897451158663502|0,09866779824939664|0,04210614079959263|Wacht op Yahoo...|1083,0|744,0|633,0|709,0|760,1
749|993|501|StSt SPDR FTSE Gl Conv Bond UCITS ETF Dist|Bonds / Fixed Income|Distr|IE00BNH72088|ZPRC.DE|EUR|0,5|60,034000396728516|60,49599838256836|-0,0003330412208860656|-0,021365592580026682|0,21290212145982124|0,15735614929656516|0,0463203480799117|Wacht op Yahoo...|560,0|1109,0|398,0|665,0|760,1
750|879|639|iShares EURO STOXX UCITS (DE) ETF|Region: Europe|Unknown|DE000A0D8Q07|EXSI.DE|EUR|0,2|66,70999908447266|66,36000061035156|-0,01880337909618235|0,001238864929942629|0,1794753677407397|0,1043491434575039|0,047458683367045174|Wacht op Yahoo...|971,0|827,0|630,0|654,0|764,75
751|571|946|Xtrackers II GBP Overnight Rate Swap UCITS 1D ETF|Other|Distr|LU0321464652|DXS1.DE|EUR|0,1|210,38999938964844|209,656005859375|0,0003518758866274396|0,008607027548530377|0,05609405743116769|0,04192392751451912|0,021158516615966905|Wacht op Yahoo...|548,0|627,0|1013,0|893,0|764,85
752|1037|471|First Trust US Equity Income UCITS ETF B USD|Region: US|Distr|IE00BD6GCF16|FTGI.DE|EUR|0,55|42,0099983215332|42,18000030517578|-0,04294343584855964|0,000952992605831815|0,2141618547455828|0,1917730020293107|0,05252076987286003|Wacht op Yahoo...|1446,0|830,0|391,0|595,0|765,65
753|1243|229|Invesco NASDAQ Next Generation 100 UCITS ETF Acc|Technology|Acc|IE00BMD8KP97|EQQJ.DE|EUR|0,25|47,36000061035156|47,73500061035156|-0,018547309873650608|-0,031888749325098|0,27896306161452245|0,22393076583190563|0,08992077882734306|Wacht op Yahoo...|957,0|1252,0|244,0|302,0|765,75
754|782|766|Invesco MSCI Europe Equal Weight UCITS Acc ETF|Region: Europe|Acc|IE000LUZJNI7|MEEQ.DE|EUR|0,2|18,711999893188477|18,714000701904297|-0,027341769039503583|0,00993091626031184|0,159211972694973|0,09478123852683762|0,035768093282871005|Wacht op Yahoo...|1252,0|607,0|710,0|790,0|766,1
755|874|649|Xtrackers Europe Biodiversity Focus SRI UCITS 1C ETF|ESG / Sustainable|Acc|IE000VMAR5O6|XBEE.DE|EUR|0,3|44,060001373291016|44,03499984741211|-0,025652362142817187|0,005018276002221711|0,18712109337862537|0,09208080406951447|0,03960641892595085|Wacht op Yahoo...|1218,0|731,0|573,0|739,0|766,15
756|902|615|Amundi MSCI EMU ESG Broad Transition UCITS ETF A|ESG / Sustainable|Acc|LU0908501058|LGQG.DE|EUR|0,12|368,79998779296875|366,8999938964844|-0,01771214328898607|-0,001353912852768091|0,1814832452480224|0,11017451607776563|0,04936612387116668|Wacht op Yahoo...|918,0|872,0|618,0|632,0|767,4
757|534|997|Invesco EUR AAA CLO UCITS ETF Acc|Other|Acc|IE000Y2JPPS4|CLOA.DE|EUR|0,25|21,1200008392334|21,10099983215332|0,004231881571163276|0,009270775046528401|0,035395631762225266|0,027237421587420707|0,015061106348809528|Wacht op Yahoo...|448,0|614,0|1076,0|928,0|767,4
758|871|659|BNP Paribas Easy MSCI Europe SRI PAB UCITS ETF|ESG / Sustainable|Unknown|LU1753045415|ZSRI.DE|EUR|0,25|33,28499984741211|33,189998626708984|-0,02016489104137975|0,0031645431365456833|0,1674581322892017|0,11210940026708327|0,04906778531154843|Wacht op Yahoo...|1030,0|795,0|671,0|637,0|767,65
759|1226|265|JPM Japan Rsrch Enh Idx Equity Actv UCITS ETF JPYA|Region: Japan|Unknown|IE0001A541Y3|JJEJ.DE|JPY|0,25|6604,0|6683,0|-0,034220532319391594|-0,018138566755872776|0,3184268317029346|0,19356587746249776|0,0678446806652846|Wacht op Yahoo...|1350,0|1082,0|178,0|461,0|772,0
760|925|602|JPM Europe Rsrch Enh Idx Eqty Actv UCITS ETF EUR D|Region: Europe|Distr|IE000WGK3YY5|JRED.DE|EUR|0,26|50,369998931884766|50,18000030517578|-0,02251115612054233|0,0010876547696117012|0,19677725032572368|0,10503393176188824|0,04078323797000061|Wacht op Yahoo...|1105,0|829,0|521,0|725,0|772,6
761|759|798|JPM US Gro Eq Active UCITS ETF - USD (dist)|Region: US|Distr|IE0003KQ8JX1|JPGD.DE|EUR|0,49|33,88999938964844|34,14500045776367|0,034019765426681614|-0,012385232524233625|0,06347835996560125|0,07354598277915292|0,06075333614058942|Wacht op Yahoo...|101,0|1018,0|996,0|507,0|772,75
762|541|1001|Invesco EUR AAA CLO UCITS ETF Dist|Other|Distr|IE000U7LIXH5|CLOD.DE|EUR|0,25|20,084999084472656|20,073999404907227|0,004183779621913963|0,00883629093062055|0,03388038617435174|0,02665846795096094|0,0143680387902132|Wacht op Yahoo...|449,0|623,0|1081,0|931,0|773,0
763|862|706|Invesco MSCI World Equal Weight UCITS Acc ETF|Global / Broad|Acc|IE000OEF25S1|MWEQ.DE|EUR|0,2|5,920000076293945|5,934000015258789|-0,021163985705922816|0,0037301311779236457|0,16169541803112475|0,12462008832357685|0,04654658555432856|Wacht op Yahoo...|1060,0|775,0|698,0|663,0|776,1
764|681|870|JPM US Equity Active UCITS ETF - EUR Hedged (acc)|Region: US|Acc|IE000BZFW5H7|JAUH.DE|EUR|0,39|33,07500076293945|33,279998779296875|-0,023760338836983474|0,015661051980274898|0,07683544192177783|0,05975654383772988|0,0366356510738135|Wacht op Yahoo...|1165,0|520,0|949,0|781,0|776,2
765|692|864|iShares Edge MSCI Europe Min Vol UCITS ETF EUR Acc|Region: Europe|Acc|IE00B86MWN23|EUN0.DE|EUR|0,25|73,94999694824219|73,88999938964844|-0,019620884938960304|0,01107461806608101|0,12215470767784509|0,07877452452346612|0,02126632677636331|Wacht op Yahoo...|1006,0|588,0|852,0|890,0|777,1
766|891|664|State Street SPDR MSCI Europe UCITS ETF|Region: Europe|Unknown|IE00BKWQ0Q14|SPYE.DE|EUR|0,08|407,8999938964844|407,04998779296875|-0,022057089600588498|0,0030738965173038313|0,1838630339513494|0,10198568316215373|0,04037410276589837|Wacht op Yahoo...|1090,0|799,0|601,0|729,0|779,15
767|810|777|Global X Agtech and Food Innvtn UCITS ETF USD Acc|Global / Broad|Acc|IE000EBFYWX3|KROP.DE|EUR|0,5|8,878999710083008|8,859000205993652|-0,0014620431838993087|-0,0023595403761077494|0,15506698889205728|0,18465641703217828|0,036617227951009745|Wacht op Yahoo...|576,0|883,0|737,0|783,0|780,45
768|553|1006|iShares   AAA CLO Active UCITS ETF EUR (Acc)|Other|Acc|IE000Q9IHH10|EUCL.DE|EUR|0,25|1042,800048828125|1042,5|0,002885170089558242|0,008754581695888719|0,033293733863135166|0,024814565709860403|0,013672676442082699|Wacht op Yahoo...|483,0|625,0|1083,0|937,0|780,6
769|886|691|Invesco MSCI Europe UCITS Acc ETF|Region: Europe|Acc|IE00B60SWY32|SC0E.DE|EUR|0,19|444,0|443,1000061035156|-0,021703219061473322|0,003163113143195284|0,18147954875560868|0,1003717472118959|0,039749943781542285|Wacht op Yahoo...|1073,0|796,0|619,0|736,0|781,3
770|728|841|Xtrackers MSCI EMU High Dividend Yield ESG UCITS ETF|ESG / Sustainable|Unknown|IE000VCBWFL8|XZDZ.DE|EUR|0,25|40,35499954223633|40,209999084472656|-0,01585176219844886|0,005958830778201474|0,12108280691499052|0,06041904652691099|0,03263419143776125|Wacht op Yahoo...|852,0|693,0|854,0|817,0|781,9
771|933|617|UBS MSCI Canada Universal UCITS ETF CAD acc|Other|Acc|IE0004YRJHW4|BCFD.DE|EUR|0,33|8,70199966430664|8,751999855041504|-0,03095767172616759|0,004270017612983512|0,19434531061138105|0,11037383985037152|0,03985861962545134|Wacht op Yahoo...|1313,0|760,0|538,0|734,0|782,25
772|948|601|BNP Paribas Easy ESG Enhanced Europe UCITS ETF C|ESG / Sustainable|Acc|LU2881684745|BJL6.DE|EUR|0,2|12,829999923706055|12,789999961853027|-0,022252691866092578|-0,0007788340158095819|0,1919360829111909|0,10584379091204776|0,04386001605363776|Wacht op Yahoo...|1094,0|858,0|552,0|686,0|782,5
773|693|884|WisdomTree US Quality Dividend Growth UCITS - EUR Hedged Acc ETF|Factor / Smart Beta|Acc|IE000CXVOXQ1|WDGE.DE|EUR|0,35|21,139999389648438|21,219999313354492|-0,025357359652691924|0,0163461617816838|0,09092781023131402|0,07005460794216245|0,03132990853864137|Wacht op Yahoo...|1208,0|513,0|927,0|827,0|783,55
774|1107|439|Xtrackers MSCI Thailand UCITS 1C ETF|Other|Acc|LU0514694701|XCS4.DE|EUR|0,5|24,7450008392334|25,059999465942383|0,01310139660873788|-0,03902909362200391|0,29176240665258035|0,23948106437769545|0,03891123599440882|Wacht op Yahoo...|282,0|1352,0|210,0|747,0|785,0
775|634|930|State Street SPDR Bloomberg 0-3 Year U.S. Corporate Bond UCITS ETF|Bonds / Fixed Income|Unknown|IE00BC7GZX26|SYBF.DE|EUR|0,12|43,01499938964844|42,972999572753906|0,013883013249478271|0,002109953252564578|0,05948965219035984|0,04788452506429319|0,026479866171582822|Wacht op Yahoo...|273,0|813,0|1004,0|849,0|786,95
776|625|936|iShares iBond Dec 2028 Term $ Corp UCITS ETF USD D|Other|Distr|IE0000VITHT2|CBU4.DE|EUR|0,12|4,448299884796143|4,426799774169922|0,016315058113597347|0,001830489675587188|0,05554965289528879|0,04397509436191993|0,02598408999068047|Wacht op Yahoo...|237,0|819,0|1014,0|853,0|787,25
777|855|741|Xtrackers Europe Equity Enhanced Active UCITS 1C ETF|Region: Europe|Acc|IE00002ZKAP0|XEEE.DE|EUR|0,25|35,97999954223633|35,935001373291016|-0,020019082317769166|0,0036262503109749655|0,17103333101782137|0,09444865527715063|0,036197785065370525|Wacht op Yahoo...|1021,0|781,0|660,0|787,0|787,95
778|756|827|BNPPE MSCI Europe Small Caps SRI PAB UCITS ETF|ESG / Sustainable|Unknown|LU1291101555|EESM.DE|EUR|0,25|333,29998779296875|332,1000061035156|-0,03934291377374932|0,014766251806014319|0,13328793225409097|0,0812651672115774|0,03267820014425027|Wacht op Yahoo...|1408,0|525,0|816,0|815,0|788,2
779|869|730|iShares MSCI EM Small Cap UCITS ETF USD (Dist)|Region: Emerging Markets / Asia|Distr|IE00B3F81G20|EUNI.DE|EUR|0,74|99,3499984741211|99,2699966430664|-0,008878685241573758|-0,004808207433932732|0,16307656993418296|0,1171707875091379|0,0402781748254446|Wacht op Yahoo...|700,0|916,0|686,0|732,0|789,3
780|988|563|iShares EURO STOXX 50 ESG UCITS EUR (Acc) ETF|ESG / Sustainable|Acc|IE000LXEN6X4|ES50.DE|EUR|0,1|8,484000205993652|8,444999694824219|-0,027510290204931787|0,00011793049408259648|0,1900687310346203|0,10858491327831699|0,05005851091264568|Wacht op Yahoo...|1256,0|845,0|556,0|621,0|789,6
781|611|956|L&G Crp Bd exBks Hgh Rtngs 0-2Y UCITS ETF USD Acc|Other|Acc|IE000CWS09Q9|XBHR.DE|EUR|0,12|9,505200386047363|9,4891996383667|0,012764567300779683|0,0034838781908197447|0,04923172962946598|0,03997902705353584|0,02309755470725694|Wacht op Yahoo...|288,0|785,0|1044,0|872,0|792,6
782|927|658|Amundi MSCI Europe ESG Broad Transition UCITS DR - EUR (D) ETF|ESG / Sustainable|Distr|LU2678230652|CEUE.DE|EUR|0,12|14,890000343322754|14,857999801635742|-0,02168199197873444|0,0002687534491094823|0,18527401908730856|0,10002955573051797|0,03966872556112899|Wacht op Yahoo...|1072,0|843,0|590,0|737,0|792,9
783|1257|284|WisdomTree Quantum Computing UCITS - USD Acc ETF|Other|Acc|IE000W8WMSL2|WQTM.DE|EUR|0,5|33,08000183105469|33,540000915527344|0,024624500151772644|-0,0999863727455742|0,26646251026788104|0,2720631762588961|0,07993499496010359|Wacht op Yahoo...|146,0|1569,0|271,0|393,0|795,85
784|899|716|Amundi MSCI EMU Screened UCITS ETF Acc|Other|Acc|LU2240851688|DECD.DE|EUR|0,12|91,70999908447266|91,41999816894531|-0,019354123434177306|0,00032721181497619156|0,15300475268877634|0,09452199644835702|0,04994658391831308|Wacht op Yahoo...|990,0|842,0|746,0|624,0|796,6
785|650|938|iShares iBond Dec 2028 Term $ Corp UCITS ETF USD A|Other|Acc|IE0000UJ3480|CBU5.DE|EUR|0,12|102,91999816894531|102,63999938964844|0,01544072576763078|0,0007292230769802011|0,05448659798423949|0,04296714481816988|0,024785923436213775|Wacht op Yahoo...|249,0|833,0|1020,0|857,0|796,95
786|830|794|VanEck Morningstar US Wide Moat UCITS ETF USD A|Region: US|Acc|IE0007I99HX7|WMOT.DE|EUR|0,46|22,809999465942383|22,850000381469727|-0,05450779415782869|0,012652601653216244|0,13397960355405014|0,06489259499054745|0,041192349178283516|Wacht op Yahoo...|1509,0|558,0|814,0|720,0|797,05
787|663|932|iShares MSCI Wld Cons Stpls Sec Adv UCITS ETF USDD|Other|Unknown|IE00BJ5JP329|3SUE.DE|EUR|0,18|5,23199987411499|5,205999851226807|-0,013574665921803342|0,008092450179475463|0,08778250891011563|0,0689775710806384|0,012017159065491168|Wacht op Yahoo...|792,0|639,0|934,0|948,0|797,5
788|816|817|Xtrackers MSCI Emerging Markets ESG UCITS ETF|ESG / Sustainable|Unknown|IE00BG370F43|XZEM.DE|EUR|0,25|59,91999816894531|60,22999954223633|0,014389681369772811|-0,01122112743065784|0,13184736915944728|0,09824040800479517|0,0368638361218625|Wacht op Yahoo...|263,0|1004,0|822,0|775,0|801,55
789|1061|516|Xtrackers S&P 500 Equal Weight Score & Screened UCITS ETF|Region: US|Unknown|IE0004MFRED4|XZEW.DE|EUR|0,17|51,959999084472656|52,0|-0,028058361872207227|-0,005740513714041495|0,19571963859267294|0,14981191997121113|0,0569224570788216|Wacht op Yahoo...|1263,0|928,0|533,0|541,0|802,1
790|921|705|iShares MSCI Europe ESG Screened UCITS ETF EUR Dis|ESG / Sustainable|Distr|IE00BFNM3F38|SLMD.DE|EUR|0,12|8,918000221252441|8,892999649047852|-0,023647865931806344|0,0024730567706374718|0,17698268578755671|0,09733482802043114|0,04028305757222039|Wacht op Yahoo...|1157,0|805,0|642,0|731,0|802,25
791|727|890|Amundi MSCI Europe Minimum Volatility Factor UCITS - EUR (C) ETF|Factor / Smart Beta|Acc|LU1681041627|MIVA.DE|EUR|0,23|166,4199981689453|166,75999450683594|-0,02002125196462967|0,008606049508759428|0,11721261189667165|0,07492565751165658|0,01863559490009381|Wacht op Yahoo...|1022,0|628,0|868,0|907,0|802,9
792|560|1042|Invesco EUR Overnight Return Swap UCITS ETF Acc|Other|Acc|IE000YPOHA39|RONS.DE|EUR|0,1|5,137700080871582|5,136899948120117|0,002223869670893608|0,00834118750157331|0,021533425817280794|0,01764843333979993|0,009544481142920835|Wacht op Yahoo...|499,0|634,0|1121,0|974,0|803,5
793|699|923|Fidelity USD HY Crp Bd Rs Enh PAB UCITS ETFInc USD|Other|Unknown|IE000ARLR807|FYUI.DE|EUR|0,3|4,244999885559082|4,234499931335449|-0,00023549871991790372|0,0041858702823514005|0,058909128798908306|0,056380997314433356|0,03135422631666174|Wacht op Yahoo...|559,0|762,0|1006,0|825,0|805,15
794|585|1021|iShares Floating Rate Bond ESG UCITS EUR (Acc) ETF|ESG / Sustainable|Acc|IE000NVM56L3|EFRB.DE|EUR|0,1|5,217199802398682|5,213399887084961|0,0038868146222843514|0,006520748404517329|0,026522894967568433|0,0203394373187451|0,011859424908770233|Wacht op Yahoo...|461,0|677,0|1102,0|950,0|805,45
795|954|656|iShares MSCI EMU Large Cap UCITS ETF EUR (Acc)|Other|Acc|IE00BCLWRF22|IS3G.DE|EUR|0,49|77,58000183105469|77,19999694824219|-0,020701834945438535|-0,002571315908729721|0,17545457319779834|0,10198863848797535|0,04667402188382663|Wacht op Yahoo...|1046,0|887,0|648,0|661,0|805,9
796|581|1028|UBS EUR Overnight Rate SF UCITS ETF EUR acc|Other|Acc|IE0006BDZN36|BCFQ.DE|EUR|0,05|5,166999816894531|5,163400173187256|0,002736245091457201|0,007094655884653411|0,025422199477086904|0,018971364003701918|0,010589640905186659|Wacht op Yahoo...|487,0|659,0|1105,0|965,0|805,9
797|655|954|Xtrackers II US Treasuries 1-3 UCITS ETF|Region: US|Unknown|LU0429458895|D5BE.DE|EUR|0,06|145,63999938964844|145,1300048828125|0,015726923800976955|0,0004928741322947072|0,04962383210792254|0,038860410978764026|0,02280863525593002|Wacht op Yahoo...|245,0|839,0|1039,0|873,0|806,7
798|584|1026|iShares Floating Rate Bond Advanced UCITS ETF|Bonds / Fixed Income|Unknown|IE00BF5GB717|EFRN.DE|EUR|0,1|5,0802001953125|5,081999778747559|0,0026051476769504145|0,006937351372343414|0,02529479282821634|0,019343015445307365|0,010953480274015215|Wacht op Yahoo...|493,0|662,0|1106,0|958,0|806,85
799|591|1017|Amundi Pan Africa UCITS Acc ETF|Other|Acc|LU1287022708|LGQM.DE|EUR|0,85|14,741999626159668|15,20199966430664|-0,0843478710021055|0,03004467183129189|0,1146226987180845|0,009725975409573762|-0,014947537778860709|Wacht op Yahoo...|1577,0|268,0|873,0|1225,0|807,0
800|590|1018|Xtrackers II Rolling Target Maturity Sept 2027 EUR High Yield UCITS ETF|Bonds / Fixed Income|Unknown|LU1109939865|XHY1.DE|EUR|0,3|8,507200241088867|8,500200271606445|0,0017191200988821986|0,006880646701101334|0,028500609863450377|0,016738879632569814|0,011534792531234572|Wacht op Yahoo...|520,0|664,0|1093,0|952,0|807,25
801|790|838|Vanguard LifeStrategy 60% Equity UCITS ETF EUR Acc|Other|Acc|IE00BMVB5P51|V60A.DE|EUR|0,25|37,0099983215332|37,04999923706055|-0,005642205595982386|0,00040544371081230324|0,11224632980856475|0,08279689851052696|0,036950964437201916|Wacht op Yahoo...|649,0|840,0|880,0|772,0|807,75
802|1009|595|State Street SPDR S&P Global Dividend Aristocrats Screened UCITS ETF|Factor / Smart Beta|Unknown|IE00BYTH5S21|ZPD3.DE|EUR|0,45|20,815000534057617|20,895000457763672|-0,030958986142952005|-1,392807815336905e-05|0,18960091504953658|0,14843702644180579|0,04597580592422634|Wacht op Yahoo...|1314,0|847,0|558,0|666,0|808,6
803|667|952|iShares $ Treasury Bd 1-3yr UCITS ETF USD Dist|Bonds / Fixed Income|Distr|IE00B14X4S71|IUSU.DE|EUR|0,07|110,0|109,59500122070312|0,015398893478092868|7,143938641984704e-06|0,04977717412949678|0,03852563979743384|0,02273952293165693|Wacht op Yahoo...|252,0|846,0|1037,0|875,0|810,45
804|587|1032|BNP Paribas Easy Overnight UCITS ETF Cap|Other|Unknown|LU3025345516|EDEG.DE|EUR|0,1|10,319999694824219|10,314800262451172|0,0026425992257974595|0,006829238519435954|0,024643008913509235|0,018514877419751885|0,010156696012965094|Wacht op Yahoo...|491,0|668,0|1108,0|969,0|811,65
805|1099|502|HSBC MSCI World Small Cap Scrnd UCITS ETF USD Acc|Global / Broad|Acc|IE000C692SN6|H41G.DE|EUR|0,25|23,56999969482422|23,59000015258789|-0,022600044846223688|-0,01401384573096609|0,20120273195471938|0,15766203282138447|0,05484451924763767|Wacht op Yahoo...|1108,0|1032,0|479,0|567,0|812,15
806|592|1027|iShares Blockchain Technology UCITS ETF (Acc)|Other|Acc|IE000RDRMSD1|CBUT.DE|EUR|0,5|15,77400016784668|16,054000854492188|0,05667200510466164|-0,00012676565914060411|-0,04295596214233599|0,1243050939464383|0,06782236731221669|Wacht op Yahoo...|31,0|849,0|1503,0|462,0|812,4
807|685|942|Invesco BlltShs 2028 USD Crp Bd UCITS ETF Dist|Other|Distr|IE000A0RC215|BS28.DE|EUR|0,1|4,586299896240234|4,576099872589111|0,013780982863416336|-0,0007422097070723943|0,0535204911523568|0,04130074357837876|0,023444202950969384|Wacht op Yahoo...|275,0|857,0|1023,0|869,0|813,6
808|943|710|Xtrackers MSCI Europe Screened UCITS 1C ETF|Region: Europe|Acc|LU0322253732|DX2I.DE|EUR|0,12|207,1999969482422|206,89999389648438|-0,02448209556341352|0,001934206434147212|0,17861202133904297|0,09560068896919915|0,03850771997446323|Wacht op Yahoo...|1185,0|817,0|636,0|751,0|813,75
809|588|1031|Amundi Smart Overnight Rtn UCITS ETF Acc|Other|Acc|LU1190417599|LYOR.DE|EUR|0,1|110,12000274658203|110,0790023803711|0,002503541561498679|0,0066734012341778115|0,02470577861784462|0,018121292697027558|0,010050493483403589|Wacht op Yahoo...|496,0|672,0|1107,0|970,0|813,95
810|619|993|HSBC Bloomberg Gl ESG Aggrt 1-3Y Bd UCITS ETF USD|ESG / Sustainable|Unknown|IE000XGNMWE1|HGGA.DE|EUR|0,18|9,803000450134277|9,78279972076416|0,009952251437379322|0,003706487656953694|0,034071827372868624|0,030181378306761708|0,01786675833324436|Wacht op Yahoo...|343,0|776,0|1080,0|911,0|814,05
811|813|840|Vanguard LifeStrategy 60% Equity UCITS ETF EUR Dis|Other|Distr|IE00BMVB5Q68|V60D.DE|EUR|0,25|32,630001068115234|32,6349983215332|-0,00442411749848981|-0,0010714785376133573|0,10896870977501005|0,0841402879542017|0,03735080373473698|Wacht op Yahoo...|621,0|867,0|888,0|766,0|815,15
812|923|736|UBS MSCI World ex USA Climate Paris Aligned UCITS USD acc ETF|ESG / Sustainable|Acc|IE00BN4Q0370|AW10.DE|EUR|0,12|23,084999084472656|23,06999969482422|-0,01765961342669553|-0,0036685796953560557|0,16532053037965477|0,1003336314664165|0,03819646101076524|Wacht op Yahoo...|917,0|898,0|679,0|754,0|817,3
813|703|940|Vanguard USD Corpo 1-3 Year Bd UCITS ETF USD D|Other|Distr|IE00BDD48R20|VUSC.DE|EUR|0,09|42,64799880981445|42,5369987487793|0,01339706361035442|-0,0013034962051484689|0,05463721672568944|0,04281875442303473|0,023802260594151914|Wacht op Yahoo...|278,0|870,0|1019,0|865,0|817,45
814|968|677|Vanguard FTSE Developed Europe ex UK UCITS - (EUR) Accumulating ETF|Region: Europe|Acc|IE00BK5BQY34|VERE.DE|EUR|0,1|60,33000183105469|60,08000183105469|-0,02283770341884972|-0,0014895124233367252|0,18131980010896576|0,09670975589612074|0,04107979859941224|Wacht op Yahoo...|1123,0|874,0|621,0|722,0|817,7
815|935|724|Xtrackers MSCI Europe ESG UCITS ETF|ESG / Sustainable|Unknown|IE00BFMNHK08|XZEU.DE|EUR|0,2|36,970001220703125|36,775001525878906|-0,020921534320608504|-0,0008107778188344295|0,1356166755994599|0,10440636014618354|0,054036883965455695|Wacht op Yahoo...|1052,0|859,0|807,0|574,0|817,95
816|847|810|Xtrackers Physical Silver (EUR) ETC|Other|Unknown|DE000A1E0HS6|XAD6.DE|EUR|0,4|500,1000061035156|526,1500244140625|-0,10328134273400946|0,012635202156560776|0,3338845305464324|-0,1264628714349072|-0,14591446186837675|Wacht op Yahoo...|1594,0|559,0|148,0|1597,0|819,1
817|932|731|Xtrackers MSCI Europe ESG UCITS ETF|ESG / Sustainable|Unknown|IE0004ZJGWT9|XZEP.DE|EUR|0,18|584,7000122070312|582,2999877929688|-0,020931010958631147|-0,0006461560962490731|0,13481530883736137|0,10477041565931322|0,05367149057637466|Wacht op Yahoo...|1053,0|856,0|811,0|581,0|819,3
818|780|861|State Street SPDR EURO STOXX Low Volatility UCITS ETF|Factor / Smart Beta|Unknown|IE00BFTWP510|ZPRL.DE|EUR|0,3|62,369998931884766|62,459999084472656|-0,025468766689300537|0,009059982950198275|0,1229743950985056|0,08243665546775159|0,021196731648128075|Wacht op Yahoo...|1214,0|620,0|848,0|891,0|820,3
819|707|941|Vanguard USD Corpo 1-3 Year Bd UCITS ETF USD A|Other|Acc|IE00BGYWSV06|VAGY.DE|EUR|0,09|54,28200149536133|54,150001525878906|0,013328865952217939|-0,001618492518892345|0,05442894285238142|0,04244129203313429|0,023541365964427685|Wacht op Yahoo...|280,0|877,0|1021,0|868,0|821,65
820|1045|586|UBS MSCI USA SR UCITS ETF hEUR acc|Region: US|Acc|IE00BJXT3G33|4UBD.DE|EUR|0,22|23,184999465942383|23,309999465942383|-0,020903751387418956|-0,009822824710309486|0,1566475119828976|0,13763495685395655|0,07087692522913303|Wacht op Yahoo...|1051,0|989,0|723,0|440,0|822,0
821|853|811|UBS Factor MSCI EMU Quality Screened UCITS EUR dis ETF|Factor / Smart Beta|Distr|LU1215451524|UIM2.DE|EUR|0,25|27,739999771118164|27,59000015258789|-0,031086252732695052|0,00679396904498164|0,09012565519039262|0,07927238094757505|0,04969253688807207|Wacht op Yahoo...|1315,0|669,0|930,0|627,0|822,75
822|602|1034|Amundi EURFloatRateCpBdESG UCITS ETF Acc|Other|Acc|LU1681041114|FRNE.DE|EUR|0,18|113,25499725341797|113,30500030517578|0,0014147047260082424|0,0064874091769835385|0,024190589420048703|0,0184802190788933|0,009775194865320413|Wacht op Yahoo...|528,0|680,0|1109,0|972,0|822,85
823|848|814|iShares STOXX Europe 600 Industrial Goods & Services UCITS (DE) ETF|Region: Europe|Unknown|DE000A0H08J9|EXH4.DE|EUR|0,46|118,13999938964844|117,37999725341797|-0,030844972019399286|0,006850160349878953|0,12633772574258284|0,10375067261032389|0,03815875462261675|Wacht op Yahoo...|1310,0|667,0|836,0|755,0|823,3
824|593|1045|iShares Govt Bond 0-3 month UCITS EUR (Acc) ETF|Bonds / Fixed Income|Acc|IE000JLXYKJ8|E0UA.DE|EUR|0,07|5,206600189208984|5,201200008392334|0,002812071878610878|0,006223008923279982|0,02138265190531885|0,016397944273928156|0,009211958366170059|Wacht op Yahoo...|485,0|687,0|1123,0|977,0|823,7
825|688|963|Invesco US Treasury Bond 1-3 Year UCITS Acc ETF|Bonds / Fixed Income|Acc|IE00BF2FNH52|TRX3.DE|EUR|0,06|38,694000244140625|38,58700180053711|0,014791480729776652|-0,0010069311213415366|0,0481633942001225|0,037317092251926365|0,021342780087143298|Wacht op Yahoo...|258,0|865,0|1046,0|888,0|823,8
826|686|965|UBS Core BBG US Treasury 1-3 UCITS USD dis ETF|Bonds / Fixed Income|Distr|LU0721552544|UEFF.DE|EUR|0,05|21,014999389648438|20,96299934387207|0,014139526389929102|-0,000840468732713151|0,04751116186344384|0,03693125376982298|0,021122394986766935|Wacht op Yahoo...|270,0|860,0|1047,0|894,0|825,05
827|462|1247|Xtrackers IE Physical Platinum ETC |Other|Unknown|DE000A2T0VT7|XPPT.DE|EUR|0,38|36,380001068115234|37,987998962402344|-0,08473382151117592|0,06911958383163852|0,0922957225361496|-0,18265552819589326|-0,10959678230120662|Wacht op Yahoo...|1578,0|99,0|924,0|1589,0|825,1
828|1150|488|Alerian Midstream Energy Dividend UCITS ETF Dist|Commodity / Energy|Distr|IE00BKPTXQ89|JMLP.DE|EUR|0,49|17,496000289916992|17,486000061035156|-0,03271098009036244|-0,010549423002080505|0,24717739893303325|0,25998303758070773|0,03737816752889578|Wacht op Yahoo...|1335,0|1000,0|290,0|765,0|825,75
829|851|820|Amundi Global Gender Equality|Global / Broad|Unknown|LU1691909508|VOOM.DE|EUR|0,2|18,034000396728516|18,01799964904785|-0,03406532817174346|0,007261007204545145|0,13937328269484217|0,08677838652373238|0,032354850661618695|Wacht op Yahoo...|1348,0|655,0|796,0|820,0|827,2
830|622|1029|iShares $ Floating Rate Bd UCITS ETF EUR Hgd Dist|Other|Distr|IE00BF11F458|SXRR.DE|EUR|0,12|4,272600173950195|4,272900104522705|0,0018524721916732823|0,005577970210498995|0,02595607173306047|0,019187165575891285|0,010265149490813474|Wacht op Yahoo...|514,0|714,0|1103,0|968,0|832,05
831|963|722|Xtrackers MSCI Europe Climate Transition UCITS ETF|ESG / Sustainable|Unknown|IE000N9MLVT1|XECT.DE|EUR|0,12|47,1150016784668|47,064998626708984|-0,022915792498194754|-0,0011659209797197922|0,17303624062044176|0,09646265627208295|0,037777079070848485|Wacht op Yahoo...|1128,0|868,0|656,0|760,0|832,4
832|642|1022|Janus Henderson HMT Global IG Credit Curve Steepener Core UCITS ETF|Global / Broad|Unknown|IE00BMQ5Y557|TCRS.DE|EUR|0,4|114,58000183105469|114,76000213623047|0,0021866526370690753|0,004999558671555215|0,027162695619927346|0,021212165307904485|0,011279827149700106|Wacht op Yahoo...|500,0|734,0|1100,0|954,0|834,4
833|608|1066|Invesco BulletShares 2026 EUR Corporate Bond UCITS - Acc ETF|Bonds / Fixed Income|Acc|IE0004QWOTD5|BSE6.DE|EUR|0,1|5,781799793243408|5,782599925994873|0,0017325187936692021|0,005950259968170446|0,021194653204931413|0,014635647259328532|0,008056497560035236|Wacht op Yahoo...|517,0|694,0|1125,0|998,0|836,0
834|821|862|Invesco STOXX Europe 600 Optimised Financial Services UCITS Acc ETF|Financials|Acc|IE00B5MTYK77|SC02.DE|EUR|0,2|506,5|504,20001220703125|-0,06618735766622463|0,01401401401401392|0,10674097400854543|0,061066289983796596|0,029124317801302313|Wacht op Yahoo...|1546,0|534,0|891,0|839,0|836,05
835|689|989|StSt SPDR BBG 1-3 Y U.S. Treas Bd UCITS ETF Dist|Other|Distr|IE00BC7GZJ81|SYBW.DE|EUR|0,05|41,61800003051758|41,51300048828125|0,014355716969522314|-0,000940918211634556|0,0274457438670348|0,03767495336130544|0,021609804579883596|Wacht op Yahoo...|264,0|863,0|1098,0|884,0|836,1
836|615|1055|iShares EUR Cash UCITS ETF EUR (Acc)|Other|Acc|IE000JJPY166|YCSH.DE|EUR|0,1|15,62600040435791|15,617600440979004|0,002071348979095111|0,005637691764898367|0,020913555703861553|0,015559049484198617|0,008575890534054054|Wacht op Yahoo...|504,0|710,0|1127,0|984,0|838,15
837|1263|395|L&G ROBO Global Robotics and Auto UCITS ETF USDAcc|Technology|Acc|IE00BMW3QX54|IROB.DE|EUR|0,8|28,68000030517578|28,65999984741211|0,007022498811590561|-0,0645792417511526|0,2817877231363477|0,18316834059329712|0,04973908766105506|Wacht op Yahoo...|384,0|1491,0|238,0|626,0|838,7
838|909|797|Future of Defence UCITS - Acc ETF|Other|Acc|IE000OJ5TQP4|ASWC.DE|EUR|0,49|18,40999984741211|18,468000411987305|-0,022304836855850718|0,002177409164472399|0,10544016990452487|0,1603428490986829|0,049570981749223586|Wacht op Yahoo...|1097,0|812,0|896,0|629,0|839,15
839|624|1049|Ishs Eur Ultrashort Bd Ucits Etf (Dist)|Other|Distr|IE00BCRY6557|IS3M.DE|EUR|0,09|100,76000213623047|100,80500030517578|0,0013761817439446045|0,005697611497538002|0,02171153894951705|0,015376008067151226|0,00856062164536775|Wacht op Yahoo...|529,0|709,0|1120,0|985,0|839,95
840|1033|654|Invesco MSCI Europe Cath Principles UCITS ETF Dis|Region: Europe|Distr|IE00BG0NY640|ICFP.DE|EUR|0,3|69,05999755859375|68,81999969482422|-0,022950089222762426|-0,00668927957299581|0,17400262235965291|0,11526905225567408|0,04719007343627846|Wacht op Yahoo...|1131,0|944,0|650,0|657,0|841,15
841|758|929|Xtrackers DAX UCITS 1C ETF|Region: Europe|Acc|LU0274211480|DBXD.DE|EUR|0,09|237,5500030517578|237,25|-0,041557404874365766|0,015822094725985725|0,06716081104368876|0,03282610022503407|0,023781215206456485|Wacht op Yahoo...|1432,0|518,0|986,0|866,0|841,7
842|618|1063|iShares Govt Bond 0-3 month UCITS EUR (Dist) ETF|Bonds / Fixed Income|Distr|IE000LJ2O0V5|EU03.DE|EUR|0,07|5,0553998947143555|5,054599761962891|0,0019025100620781998|0,005609419051081588|0,02061741241361359|0,015467915654976627|0,00841510889914776|Wacht op Yahoo...|511,0|712,0|1131,0|988,0|841,8
843|1027|666|Xtrackers MSCI Canada Screened UCITS 1C ETF|Other|Acc|LU0476289540|D5BH.DE|EUR|0,35|110,0999984741211|110,30000305175781|-0,02927173116224968|-0,001813278078903302|0,19117167705944338|0,1076458428972602|0,035311537934777926|Wacht op Yahoo...|1290,0|879,0|553,0|794,0|842,15
844|1000|718|iShares MSCI Europe ex-UK UCITS ETF EUR (Dist)|Region: Europe|Distr|IE00B14X4N27|IQQU.DE|EUR|0,4|54,93000030517578|54,790000915527344|-0,023468515549151192|-0,003485206953583342|0,1738726939438262|0,09332763976086689|0,03912329736114928|Wacht op Yahoo...|1149,0|895,0|653,0|743,0|842,2
845|716|976|PIMCO Advantage EM Local Bond UCITS ETF USD Acc|Bonds / Fixed Income|Acc|IE00B4P11460|EMLB.SW|EUR|0,42|129,9550018310547|129,9600067138672|-0,015492410370797849|0,006466904781938343|0,05848096286655191|0,02869468809830167|0,010634012283347927|Wacht op Yahoo...|839,0|681,0|1009,0|964,0|843,3
846|632|1052|iShares EUR Ultrashort Bond UCITS EUR (Acc) ETF|Bonds / Fixed Income|Acc|IE000RHYOR04|ERNX.DE|EUR|0,09|5,616199970245361|5,612800121307373|0,001283609197235469|0,00555040790956185|0,021312947121543413|0,015330614928880104|0,008775178585952448|Wacht op Yahoo...|531,0|716,0|1124,0|982,0|843,45
847|957|755|iShares MSCI Europe SRI UCITS EUR Hedged (Dist) ETF|ESG / Sustainable|Distr|IE000CR424L6|CBUD.DE|EUR|0,23|5,6529998779296875|5,635000228881836|-0,022048455093602093|-0,0017139410927692333|0,12787123057856098|0,0806678752076182|0,05108176148266663|Wacht op Yahoo...|1089,0|878,0|832,0|609,0|844,35
848|646|1038|iShares UltraShort Bond ESG SRI UCITS EUR (Dist) ETF|ESG / Sustainable|Distr|IE00BJP26D89|EUED.DE|EUR|0,09|5,014599800109863|5,012199878692627|0,001991715667153393|0,004985085834930958|0,022116221594918217|0,01634334624914069|0,008906882755778112|Wacht op Yahoo...|506,0|735,0|1115,0|979,0|844,45
849|628|1065|iShs V-iBds Dec 2026 Term EO CReg.Shs () EUR Dis. oN|Other|Distr|IE000WA6L436|CEBE.DE|EUR|0,12|5,592800140380859|5,5868000984191895|0,002150244373914534|0,0053207045313588|0,020211650640316048|0,015137810130457341|0,00849163578428902|Wacht op Yahoo...|502,0|722,0|1132,0|987,0|844,5
850|763|931|iShares Core DAX UCITS (DE) EUR (Acc) ETF|Region: Europe|Acc|DE0005933931|EXS1.DE|EUR|0,16|209,75|209,5|-0,04201871238398325|0,0157384987893463|0,06645316153618186|0,032234267471107136|0,023379650797078044|Wacht op Yahoo...|1438,0|519,0|989,0|871,0|844,75
851|631|1062|Amundi EUR Overnight Return UCITS ETF Acc|Other|Acc|FR0010510800|L8I3.DE|EUR|0,1|114,57099914550781|114,5719985961914|0,002072869946628808|0,0053085631626499374|0,020749830255109014|0,014863644666854192|0,008319903713954746|Wacht op Yahoo...|503,0|723,0|1130,0|989,0|844,95
852|639|1051|Invesco BulletShares 2026 EUR Corporate Bond UCITS - Dist ETF|Bonds / Fixed Income|Distr|IE000AYJ75E5|BE26.DE|EUR|0,1|5,406799793243408|5,4070000648498535|0,0017020013489859043|0,0052543464696575|0,022362924704556253|0,015830057615074056|0,008163256645361994|Wacht op Yahoo...|521,0|724,0|1114,0|994,0|845,05
853|1004|721|iShares STOXX Europe Large 200 UCITS (DE) ETF|Region: Europe|Unknown|DE0005933980|EXSC.DE|EUR|0,2|65,86000061035156|65,73999786376953|-0,02520185297878319|-0,001912257234729653|0,18155332397341772|0,08893382171607822|0,035232199276160836|Wacht op Yahoo...|1203,0|881,0|617,0|795,0|846,1
854|600|1107|Amundi EUR Corporate Bond 0-1Y ESG - UCITS DR (D) ETF|ESG / Sustainable|Distr|LU1686830065|LCVB.DE|EUR|0,08|128,56500244140625|128,38499450683594|0,002925345135018631|0,005946575911863539|0,007128617530149928|0,016685782134348015|0,009341324740998136|Wacht op Yahoo...|481,0|695,0|1207,0|975,0|846,9
855|1010|713|Xtrackers S&P Europe ex UK UCITS ETF 1D|Region: Europe|Distr|IE00BGV5VM45|XUEK.DE|EUR|0,09|88,75|88,62000274658203|-0,026223386061596687|-0,0018219694002157283|0,17666420496540747|0,09391524315987954|0,038933606045783664|Wacht op Yahoo...|1232,0|880,0|645,0|745,0|847,05
856|775|927|UBS J.P. Morgan USD EM Diversified Bond 1-5 UCITS USD dis ETF|Bonds / Fixed Income|Distr|LU1645385839|SEAA.DE|EUR|0,35|9,469200134277344|9,447999954223633|0,007254559219563417|-0,00570779102108665|0,07096734389490411|0,04933853952714973|0,021738460818198524|Wacht op Yahoo...|382,0|927,0|972,0|882,0|847,5
857|657|1044|iShares   UltraShort Bond ESG SRI UCITS ETF|ESG / Sustainable|Unknown|IE000NBRE3P7|CEBY.DE|EUR|0,09|5,565000057220459|5,562399864196777|0,0019444536496473486|0,004802810053700979|0,021888470641389768|0,015881688678965222|0,00860605695521044|Wacht op Yahoo...|508,0|741,0|1117,0|983,0|848,45
858|617|1089|Vanguard EUR Cash UCITS ETF EUR Dist|Other|Distr|IE000AFVKJZ0|VCAS.DE|EUR|0,07|15,016400337219238|15,014399528503418|0,0019173814930595334|0,005617684033262238|0,016639131598086054|0,015190687743686038|0,008266359820276348|Wacht op Yahoo...|509,0|711,0|1159,0|990,0|848,5
859|897|822|Xtrackers MSCI Nordic UCITS 1D ETF|Other|Distr|IE00B9MRHC27|XDN0.DE|EUR|0,3|53,040000915527344|53,2599983215332|-0,036162055386383174|0,0059385611453017795|0,15203568628935882|0,079390919405955|0,022543002114171706|Wacht op Yahoo...|1377,0|696,0|752,0|878,0|848,55
860|931|796|iShares Edge MSCI World Size Factor UCITS USD (Acc) ETF|Factor / Smart Beta|Acc|IE00BP3QZD73|IS3T.DE|EUR|0,3|51,9900016784668|52,04999923706055|-0,026039703294024608|0,0032806249448811275|0,1395068861033819|0,10534712123162282|0,03801620376852499|Wacht op Yahoo...|1227,0|790,0|792,0|757,0|849,45
861|636|1073|UBS EUR Ultra-Short Bond Screened UCITS EUR acc ETF|Bonds / Fixed Income|Acc|IE000RW7V8Q4|BCFH.DE|EUR|0,08|5,3755998611450195|5,375999927520752|0,0019757857370135135|0,005235970906120713|0,019496262523780672|0,015106866955804099|0,00807643554416404|Wacht op Yahoo...|507,0|726,0|1136,0|997,0|849,85
862|640|1069|Janus Henderson EUR Ultrashort IG Bond Paris-aligned Climate Core UCITS ETF|ESG / Sustainable|Unknown|IE000WXLHR76|TUCP.DE|EUR|0,15|10,921500205993652|10,916999816894531|0,0012376433473129111|0,005431531804170886|0,0201288876635648|0,014726440419985387|0,008121575985424734|Wacht op Yahoo...|534,0|720,0|1133,0|995,0|850,35
863|1252|443|Invesco S&P 500 Quality UCITS ETF Acc|Factor / Smart Beta|Acc|IE000E6TPCH9|QSPA.DE|EUR|0,2|5,440999984741211|5,422999858856201|0,0031342549841089085|-0,0506019829969403|0,21032140552774692|0,17187159965973353|0,06113365872361043|Wacht op Yahoo...|475,0|1442,0|409,0|501,0|850,5
864|709|1005|iShares Edge MSCI World Minimum Volatility UCITS EUR Hedged (Acc) ETF|Global / Broad|Acc|IE00BYXPXL17|SXR0.DE|EUR|0,35|8,630000114440918|8,651000022888184|-0,03391912119756646|0,01816898128093447|0,036885757768326366|0,03788340949538527|0,011915523397175054|Wacht op Yahoo...|1344,0|480,0|1072,0|949,0|851,4
865|752|949|StSt SPDR ICE BofA 0-5Y EMUSDGvtBd UCITS ETF Dist|Other|Distr|IE00BP46NG52|ZPR5.DE|EUR|0,42|23,60099983215332|23,54199981689453|0,008891556714657467|-0,004492836233609188|0,055086584451506715|0,03909500459810333|0,020347580623371053|Wacht op Yahoo...|358,0|911,0|1015,0|900,0|851,85
866|627|1091|Vanguard EUR Cash UCITS ETF (Acc)|Other|Acc|IE000SOORXS0|VCAA.DE|EUR|0,07|15,249199867248535|15,246399879455566|0,0018921980337280875|0,005459430830032641|0,016613324483235603|0,015009625485551181|0,008177434108685322|Wacht op Yahoo...|512,0|718,0|1160,0|993,0|852,6
867|984|754|Invesco MSCI Europe ESG Climate PA UCITS ETF Acc|ESG / Sustainable|Acc|IE000TI21P14|PAUE.DE|EUR|0,16|6,382999897003174|6,35699987411499|-0,013751579633572208|-0,011919526422462079|0,15487605469055676|0,09579400961532958|0,041130598094321735|Wacht op Yahoo...|796,0|1012,0|739,0|721,0|853,15
868|678|1036|iShares MSCI South Africa UCITS ETF USD (Acc)|Other|Acc|IE00B52XQP83|IBC4.DE|EUR|0,65|51,27000045776367|52,13999938964844|-0,0698475788956161|0,024375649136868516|0,14199799387456236|-0,008892307916938513|-0,027827876864632506|Wacht op Yahoo...|1553,0|371,0|786,0|1377,0|853,25
869|665|1056|iShares iBonds Dec 2026 Term EUR Corp UCITS EUR (Dist) ETF|Other|Distr|IE000SIZJ2B2|IB26.DE|EUR|0,12|5,049799919128418|5,044400215148926|0,0020593401065853723|0,004673875580819109|0,021033179487045972|0,015012608827875917|0,008512754615420004|Wacht op Yahoo...|505,0|747,0|1126,0|986,0|853,25
870|651|1075|Xtrackers II Eurozone Government Bond 0-1 UCITS ETF|Bonds / Fixed Income|Unknown|LU2641054122|XE01.DE|EUR|0,07|35,619998931884766|35,59400177001953|0,0012648817422427072|0,005096000893842545|0,019289787048331064|0,014439096188431533|0,0080803746567506|Wacht op Yahoo...|532,0|727,0|1138,0|996,0|854,3
871|654|1077|Amundi Euro Government Bond 0-6 M UCITS ETF Acc|Bonds / Fixed Income|Acc|FR0010754200|18M1.DE|EUR|0,14|127,30000305175781|127,27999877929688|0,001731202530163678|0,004933885809693894|0,019501103028447764|0,014059818681322778|0,007781035215427057|Wacht op Yahoo...|518,0|736,0|1135,0|1002,0|856,25
872|648|1082|iShares iBonds Dec 2026 Term Italy Govt Bond UCITS EUR (Dist) ETF|Bonds / Fixed Income|Distr|IE000LZ7BZW8|26TP.DE|EUR|0,12|5,054599761962891|5,053800106048584|0,0016976462298032846|0,0050256668629578005|0,01869773117640028|0,013910796628046285|0,0078033079567665364|Wacht op Yahoo...|522,0|730,0|1145,0|1001,0|856,75
873|1030|717|iShares MSCI World SRI UCITS ETF EUR Hedged (Dist)|ESG / Sustainable|Distr|IE00BMZ17W23|UEEA.DE|EUR|0,23|8,47700023651123|8,46399974822998|-0,02249590964466086|-0,0071884293529262955|0,14505350736586964|0,11419923603567095|0,052792874870304596|Wacht op Yahoo...|1104,0|950,0|774,0|591,0|857,3
874|809|925|Xtrackers MSCI World Consumer Staples UCITS ETF 1C|Global / Broad|Acc|IE00BM67HN09|XDWS.DE|EUR|0,25|47,45500183105469|47,1349983215332|-0,001682928718085952|-0,0022077279058972943|0,10630612716232513|0,08505776080457261|0,008921516320285594|Wacht op Yahoo...|578,0|882,0|893,0|978,0|858,35
875|789|937|iShares Core DAX UCITS (DE) EUR (Dist) ETF|Region: Europe|Distr|DE000A2QP331|EXIC.DE|EUR|0,16|7,140999794006348|7,145999908447266|-0,04368187817325009|0,013638102839470534|0,0641176607684506|0,03004411872327517|0,021298898939021704|Wacht op Yahoo...|1451,0|538,0|993,0|889,0|858,9
876|389|1399|Xtrackers II Japan Government Bond UCITS 1C ETF|Bonds / Fixed Income|Acc|LU0952581584|XJSE.DE|EUR|0,15|5,945799827575684|5,915999889373779|0,032328574869086246|0,01191321917742627|-0,1134405421777549|-0,03674302117902983|-0,005736219112152718|Wacht op Yahoo...|103,0|568,0|1567,0|1124,0|859,2
877|970|778|State Street SPDR S&P Global Dividend Aristocrats UCITS ETF|Factor / Smart Beta|Unknown|IE00B9CQXS71|ZPRG.DE|EUR|0,45|34,04499816894531|34,029998779296875|-0,03527919281051195|0,0035019773325535297|0,15955508966755927|0,11407025038922036|0,03188215709746678|Wacht op Yahoo...|1365,0|784,0|707,0|823,0|859,7
878|1023|732|iShares Dow Jones Eurozone Sustainability Screened UCITS (DE) ETF|Region: US|Unknown|DE000A0F5UG3|EXXV.DE|EUR|0,41|22,94499969482422|22,860000610351562|-0,0228669410485155|-0,006023455285305235|0,16232924063199738|0,08339213443449212|0,040296789157700186|Wacht op Yahoo...|1126,0|933,0|692,0|730,0|861,1
879|664|1086|Amundi US Treasury Bond 0-1Y UCITS EUR Hedged Acc ETF|Bonds / Fixed Income|Acc|LU2182388749|PR1H.DE|EUR|0,07|21,479999542236328|21,472000122070312|0,0016787585192057364|0,004865273869073317|0,018347277423324204|0,013637844259507093|0,007688767591164547|Wacht op Yahoo...|523,0|740,0|1147,0|1003,0|861,8
880|799|939|iShares $ Sht Duration HY Crp Bd UCITS ETF USD D|Other|Distr|IE00BCRY6003|IS3K.DE|EUR|0,45|74,37799835205078|74,31600189208984|0,006059967486574669|-0,006160275844323659|0,05869117611924746|0,045201226639866476|0,022236764105652007|Wacht op Yahoo...|403,0|935,0|1007,0|879,0|862,0
881|674|1079|Xtrackers II Germany Government Bond 0-1 UCITS ETF|Bonds / Fixed Income|Unknown|LU2641054551|XG01.DE|EUR|0,07|35,13800048828125|35,112998962402344|0,0018532381963061173|0,004430688383640469|0,01914263690307405|0,014376475387053|0,007955398803934699|Wacht op Yahoo...|513,0|755,0|1140,0|1000,0|863,95
882|761|967|StSt SPDR BBG 0-5 Y Strlg Corp Bd UCITS ETF Dist|Other|Distr|IE00BCBJF711|SYBQ.DE|EUR|0,2|33,56999969482422|33,28099822998047|-0,003828054613141396|0,001112008681289689|0,051441599488244893|0,03127852805713549|0,015863447449434576|Wacht op Yahoo...|612,0|828,0|1033,0|918,0|864,85
883|1088|657|Dimensional Global Targeted Value UCITS ETF USD (Acc)|Factor / Smart Beta|Acc|IE000S67ID55|DEGT.DE|EUR|0,44|25,625|25,700000762939453|-0,03320125216488212|-0,006012439197714992|0,18141998013156568|0,1346026583466795|0,04312215923504237|Wacht op Yahoo...|1340,0|932,0|620,0|697,0|868,2
884|1086|667|iShares Dow Jones Indust Average UCITS ETF USD A|Region: US|Acc|IE00B53L4350|SXRU.DE|EUR|0,33|552,2999877929688|551,0|-0,02022356602304909|-0,014981316624193108|0,1628591927527323|0,11115582206394237|0,04983132524339173|Wacht op Yahoo...|1032,0|1043,0|689,0|625,0|869,25
885|995|779|iShares MSCI Europe Climate Transition Aware UCITS EUR (Acc) ETF|ESG / Sustainable|Acc|IE000U3XZQN5|ECTA.DE|EUR|0,12|6,070000171661377|6,064000129699707|-0,023487758456514296|-0,003120389670465573|0,15773414768837202|0,05601948827111691|0,03298228395766478|Wacht op Yahoo...|1150,0|891,0|716,0|812,0|870,3
886|697|1072|PIMCO Euro Short Maturity UCITS ETF EUR Inc|Region: Europe|Distr|IE00B5ZR2157|PJS1.DE|EUR|0,19|97,25800323486328|97,23999786376953|0,00044403833797823644|0,00403415691200637|0,02087811623745295|0,01466794337892563|0,0074358962693195085|Wacht op Yahoo...|543,0|767,0|1128,0|1005,0|871,25
887|985|792|iShares MSCI Europe Climate Transition Aware UCITS EUR (Dist) ETF|ESG / Sustainable|Distr|IE000ZQF1PE1|ECTD.DE|EUR|0,12|5,775000095367432|5,769000053405762|-0,022842598228457134|-0,0031072199546918755|0,15787854938749635|0,08037052684313384|0,02849244367696202|Wacht op Yahoo...|1124,0|890,0|714,0|841,0|871,3
888|773|972|iShares $ Short Dur Corp Bd UCITS ETF USD Dist|Other|Distr|IE00BCRY5Y77|IS3J.DE|EUR|0,2|86,10199737548828|86,03399658203125|0,009874533912603622|-0,006377270493363563|0,04663018064300606|0,03678202165108502|0,01830021635850443|Wacht op Yahoo...|344,0|939,0|1050,0|908,0|871,3
889|682|1093|Xtrackers II Italy Government Bond 0-1 Swap UCITS 1C ETF|Bonds / Fixed Income|Acc|LU0613540268|XBO2.DE|EUR|0,15|34,244998931884766|34,46099853515625|0,000964489933679813|0,004311084549614375|0,017833213433131156|0,010057798785516603|0,006805792614995143|Wacht op Yahoo...|536,0|758,0|1149,0|1011,0|873,05
890|1232|506|First Trust Nasdaq Clean Edge Smart Grid lnfrastructure UCITS - A USD ETF|Technology|Unknown|IE000J80JTL1|GRID.DE|EUR|0,63|54,689998626708984|54,75|0,010905733257462469|-0,05706898919467274|0,24083942552520998|0,18917148577351872|0,03520675299558129|Wacht op Yahoo...|328,0|1473,0|303,0|796,0|873,35
891|694|1082|Xtrackers II Target Maturity Sept 2027 EUR Corporate Bond UCITS ETF|Bonds / Fixed Income|Unknown|LU2673523218|XB27.DE|EUR|0,12|25,944000244140625|25,934999465942383|0,0011190170784793896|0,00400883773378391|0,019058278242246596|0,01349465644031711|0,007355379146732011|Wacht op Yahoo...|535,0|768,0|1141,0|1006,0|873,9
892|702|1081|Amundi Prime Euro Government Bond 0-1Y UCITS Acc ETF|Bonds / Fixed Income|Acc|LU2233156582|PRAB.DE|EUR|0,05|21,760000228881836|21,757999420166016|0,0012423700130002047|0,003875236735695564|0,01920373958250421|0,013979550662061468|0,007338861517787176|Wacht op Yahoo...|533,0|773,0|1139,0|1007,0|875,3
893|766|988|iShares $ TIPS 0-5 UCITS ETF USD Dist|Other|Distr|IE00BDQYWQ65|SXRH.DE|EUR|0,1|4,266600131988525|4,257199764251709|0,011282358584267183|-0,006496621945346837|0,03880506597636746|0,035765037139658284|0,015523222748770493|Wacht op Yahoo...|322,0|941,0|1069,0|920,0|875,95
894|701|1088|iShares   Govt Bond 0-1yr UCITS ETF EUR D|Bonds / Fixed Income|Distr|IE00B3FH7618|EUN6.DE|EUR|0,07|98,80799865722656|98,81199645996094|0,0008913840704549703|0,003951009589616916|0,01884575160293056|0,013413705547014487|0,0072550266331326|Wacht op Yahoo...|538,0|771,0|1144,0|1008,0|876,7
895|711|1078|Amundi EUR Corporate Bond 0-1Y ESG - UCITS DR (C) ETF|ESG / Sustainable|Acc|LU2300294316|ECR1.DE|EUR|0,08|55,301998138427734|55,34600067138672|0,00036172067807793695|0,003666055715074279|0,019654806331457886|0,01486452231473967|0,007463122072646877|Wacht op Yahoo...|547,0|779,0|1134,0|1004,0|877,95
896|802|971|Future of Defence Screened UCITS ETF USD Acc|Other|Acc|IE00041H4WT9|ASWG.DE|EUR|0,49|7,484000205993652|7,552000045776367|-0,016815525847962975|0,00429415784269449|-0,030180470098208567|0,17709978601575616|0,07694070659418295|Wacht op Yahoo...|878,0|759,0|1442,0|415,0|878,8
897|1104|673|Amundi Dow Jones Industrial Average UCITS ETF Dist|Region: US|Distr|FR0007056841|DJAM.DE|EUR|0,5|459,95001220703125|459,6499938964844|-0,020966317245368238|-0,01614970650902403|0,16246228193866163|0,11085623902255293|0,049675021213304804|Wacht op Yahoo...|1055,0|1058,0|691,0|628,0|879,8
898|1231|521|StSt SPDR MSCI World Small Cap UCITS ETF Dist|Global / Broad|Distr|IE000SU1VJ03|WDSD.DE|EUR|0,45|11,996000289916992|11,96399974822998|-0,01988137174179605|-0,028744000164929617|0,20371221341217516|0,16212533921489047|0,04846762134121785|Wacht op Yahoo...|1017,0|1214,0|452,0|645,0|880,15
899|712|1076|PIMCO Euro Short Maturity UCITS ETF EUR Acc|Region: Europe|Acc|IE00BVZ6SP04|PJSR.DE|EUR|0,19|107,7750015258789|107,77999877929688|4,6440409839476615e-05|0,003538385350254858|0,020789919082749853|0,014591697566702422|0,007195467876109918|Wacht op Yahoo...|554,0|783,0|1129,0|1009,0|880,35
900|983|815|L&G MSCI Europe Select UCITS ETF EUR Acc|Region: Europe|Acc|IE00BKLTRN76|DELF.DE|EUR|0,1|19,606000900268555|19,54199981689453|-0,02433433340607105|-0,0010189825218986925|0,14641572461908514|0,07772655610852208|0,029650959528464416|Wacht op Yahoo...|1183,0|866,0|771,0|837,0|884,0
901|751|1024|Amundi MSCI Pacific Ex Japan SRI Climate Paris Aligned UCITS DR - EUR (D) ETF|ESG / Sustainable|Distr|LU2402389261|APXJ.DE|EUR|0,45|9,54699993133545|9,47700023651123|-0,036921231870519655|0,014882571431294123|0,0507493608073597|0,059130241400003225|0,004475255991706728|Wacht op Yahoo...|1387,0|524,0|1035,0|1039,0|884,2
902|474|1369|Xtrackers Physical Platinum Euro Hedged ETC|Region: Europe|Unknown|DE000A1EK0H1|XAD3.DE|EUR|0,75|86,91000366210938|91,19999694824219|-0,10655356156444817|0,05832928343060373|0,022109901326615722|-0,22691687353080536|-0,14434676688446402|Wacht op Yahoo...|1596,0|117,0|1116,0|1596,0|884,4
903|1066|743|Amundi Stoxx Europe 600 ESG UCITS ETF Acc|ESG / Sustainable|Acc|LU1681040223|AME6.DE|EUR|0,18|161,66000366210938|160,74000549316406|-0,025674991284042048|-0,00688042219920415|0,1740015050463155|0,08452976190719919|0,034728654815093574|Wacht op Yahoo...|1220,0|947,0|651,0|802,0|884,95
904|1020|789|iShares MSCI Europe SRI UCITS ETF EUR (Acc)|ESG / Sustainable|Acc|IE00B52VJ196|IUSK.DE|EUR|0,2|77,0999984741211|76,63999938964844|-0,022069989150079183|-0,006571345602623846|0,12851286326867517|0,09175864451311844|0,04337797734428417|Wacht op Yahoo...|1091,0|942,0|830,0|691,0|886,15
905|1038|768|JPM US Val Eq Active UCITS ETF - EUR Hedged (acc)|Region: US|Acc|IE000CQQ22C8|JPVE.DE|EUR|0,49|32,85499954223633|33,03499984741211|-0,037357207324263175|-0,00015219318388137726|0,15706987189898847|0,10103885302383153|0,035975336805192715|Wacht op Yahoo...|1393,0|850,0|719,0|788,0|886,3
906|705|1105|iShares eb.rexx Government Germany 0-1yr UCITS (DE) EUR (Dist) ETF|Region: Europe|Distr|DE000A0Q4RZ9|EXVM.DE|EUR|0,13|76,73049926757812|76,72750091552734|0,0008543448936100262|0,003696740716581992|0,014771939107347087|0,01020234843554646|0,005360456294149385|Wacht op Yahoo...|539,0|777,0|1162,0|1027,0|887,55
907|863|928|VanEck Emerging Markets HY Bond UCITS ETF USD A|Bonds / Fixed Income|Acc|IE00BF541080|HY3M.DE|EUR|0,4|121,18499755859375|121,40499877929688|-8,252928137009174e-05|-0,007900155179946577|0,07006620360789184|0,05806079961461008|0,022653459738705584|Wacht op Yahoo...|556,0|965,0|977,0|876,0|888,85
908|787|1003|State Street SPDR Bloomberg Emerging Markets Local Bond UCITS ETF|Bonds / Fixed Income|Unknown|IE00BFWFPY67|SPFA.DE|EUR|0,55|30,604999542236328|30,716999053955078|-0,00198920052325513|-0,000946700895253394|0,041872324842087805|0,022176933229802298|0,010925778751192494|Wacht op Yahoo...|581,0|864,0|1062,0|959,0|890,05
909|298|1541|iShares China Large Cap UCITS ETF USD (Dist)|Region: Emerging Markets / Asia|Distr|IE00B02KXK85|IQQC.DE|EUR|0,74|85,18000030517578|84,91999816894531|-0,020761529437024695|0,057880984808760694|-0,12687200443511937|-0,10711289829966408|-0,036781636679943386|Wacht op Yahoo...|1047,0|119,0|1574,0|1461,0|890,35
910|385|1480|UBS MSCI China Universal UCITS USD dis ETF|Region: Emerging Markets / Asia|Distr|LU1953188833|UETC.DE|EUR|0,3|9,0649995803833|9,052000045776367|-0,01840823850719142|0,03176181908333775|-0,08797558376104031|-0,06336112503783864|-0,01954225713385216|Wacht op Yahoo...|952,0|246,0|1556,0|1305,0|891,2
911|996|820|BNP Paribas Easy Low Vol Europe UCITS ETF C|Region: Europe|Acc|LU1377381717|VLEU.DE|EUR|0,31|220,1999969482422|219,89999389648438|-0,02285337925798747|-0,003845311430810572|0,14759220004567775|0,08526369429357361|0,025611633317509153|Wacht op Yahoo...|1125,0|901,0|768,0|855,0|892,15
912|1044|775|Amundi MSCI EMU SmCp ESG Brd Trnstn UCITS ETF D|ESG / Sustainable|Distr|LU1598689153|LGWU.DE|EUR|0,4|436,29998779296875|434,79998779296875|-0,029473919163138795|-0,0036538162270307595|0,16183545042393277|0,10190674161373581|0,03082550569401854|Wacht op Yahoo...|1294,0|897,0|697,0|830,0|893,15
913|808|1000|StSt SPDR BBG Em Mkts Local Bond UCITS ETF Dist|Bonds / Fixed Income|Distr|IE00B4613386|SYBM.DE|EUR|0,55|49,32500076293945|49,49800109863281|-0,0029915067024955944|-0,0013186506619204952|0,04191040890033548|0,02269467735405195|0,011227278418398656|Wacht op Yahoo...|595,0|871,0|1061,0|955,0|893,9
914|722|1097|Invesco BulletShares 2027 EUR Corporate Bond UCITS - Acc ETF|Bonds / Fixed Income|Acc|IE000LGHLQ71|BSE7.DE|EUR|0,1|5,704599857330322|5,695000171661377|-0,0009457409423070384|0,0032358543428641084|0,017624550078405354|0,012171699613919174|0,005944014508802331|Wacht op Yahoo...|572,0|792,0|1152,0|1022,0|895,0
915|1335|430|UBS MSCI USA Small Cap Selection UCITS ETF USD acc|Region: US|Acc|IE000XFXBGR0|CSY8.DE|EUR|0,2|190,86000061035156|191,24000549316406|-0,027514491224019055|-0,03293473844699146|0,22267772676309394|0,17149522928691008|0,05554935372141112|Wacht op Yahoo...|1257,0|1273,0|348,0|552,0|895,15
916|881|924|Ossiam Eur ESG Machine Learning UCITS ETF 1C/A EUR|ESG / Sustainable|Acc|LU0599612842|OSX4.DE|EUR|0,65|303,6000061035156|303,25|-0,02410800338430219|0,004466521434294934|0,09622672945239819|0,06321141335027347|0,012824630562061623|Wacht op Yahoo...|1179,0|753,0|916,0|942,0|895,45
917|723|1098|Invesco BulletShares 2027 EUR Corporate Bond UCITS - Dist ETF|Bonds / Fixed Income|Distr|IE000XOS4OJ6|BE27.DE|EUR|0,1|5,332200050354004|5,32859992980957|-0,00037035457763356927|0,0031400059798532|0,0176329785467233|0,012082430380626619|0,005850067062711295|Wacht op Yahoo...|562,0|797,0|1151,0|1024,0|895,65
918|485|1383|Xtrackers IE Physical Platinum EUR Hedged Securities ETC|Other|Unknown|DE000A2UDH63|XPPE.DE|EUR|0,73|30,826000213623047|32,36399841308594|-0,10912666454775799|0,05713307184254979|0,01783005111412317|-0,23196135651754723|-0,14593116835772568|Wacht op Yahoo...|1601,0|122,0|1150,0|1598,0|896,05
919|1070|765|Amundi S&P 500 Buyback UCITS ETF - EUR (C)|Region: US|Acc|LU1681048127|B500.DE|EUR|0,15|345,95001220703125|346,45001220703125|-0,034603024097346946|-0,003743665350521952|0,13949277092265921|0,11327437556566777|0,04469514122096108|Wacht op Yahoo...|1354,0|899,0|793,0|678,0|896,55
920|724|1102|iShares iBond Dec 2027 Term   Corp UCITS ETF EUR A|Other|Acc|IE000ZOI8OK5|IB27.DE|EUR|0,12|5,644000053405762|5,6407999992370605|0,000602745951626904|0,0024510931082537546|0,016973609076007534|0,011469557450674683|0,005876116113141983|Wacht op Yahoo...|540,0|806,0|1157,0|1023,0|897,25
921|729|1099|iShares iBond Dec 2027 Term   Corp UCITS ETF EUR D|Other|Distr|IE000H5X52W8|CEBD.DE|EUR|0,12|5,110000133514404|5,110799789428711|9,901649833232717e-05|0,0024368601499888953|0,016915719650421712|0,011483578565710806|0,0062284610358345205|Wacht op Yahoo...|551,0|807,0|1158,0|1017,0|898,35
922|832|985|Invesco BlltShs 2029 USD Crp Bd UCITS ETF Dist|Other|Distr|IE000C5Q64P6|BS29.DE|EUR|0,1|4,512899875640869|4,507400035858154|0,007596066300375348|-0,009777055798983914|0,04270212176415411|0,03094332001622635|0,014772701011301681|Wacht op Yahoo...|378,0|987,0|1058,0|930,0|902,0
923|742|1096|JPM EUR Ultra-Short Income Active UCITS EUR (acc) ETF|Other|Acc|IE00BD9MMF62|JEST.DE|EUR|0,18|110,29499816894531|110,26000213623047|-0,0006342562966441534|0,0019076085408469279|0,01842100702651006|0,01280988635004654|0,0061677150263705904|Wacht op Yahoo...|565,0|818,0|1146,0|1019,0|902,25
924|854|958|Amundi Euro Inflt Expectations 2-10Y UCITS ETF A|Region: Europe|Acc|LU1390062245|EUIN.DE|EUR|0,25|122,08000183105469|124,31500244140625|0,0021754249011807225|-0,00836649154569391|0,05295842039292231|0,05404940556661231|0,019246349097900683|Wacht op Yahoo...|501,0|976,0|1025,0|904,0|902,6
925|1054|791|BNPP Easy Low Crbn 100 Europe PAB UCITS ETF C|Region: Europe|Acc|LU1377382368|LCEU.DE|EUR|0,3|296,3999938964844|294,6499938964844|-0,029151635284439203|-0,004534025536576447|0,15308308878508337|0,07919170028526401|0,0349179888921991|Wacht op Yahoo...|1288,0|912,0|745,0|799,0|904,05
926|977|853|iShares STOXX Europe 600 Financial Services UCITS (DE) ETF|Financials|Unknown|DE000A0H08G5|EXH2.DE|EUR|0,46|93,25|93,30999755859375|-0,07306161615908824|0,0054855372130284685|0,1181336238796904|0,0594625256447463|0,02782951097605224|Wacht op Yahoo...|1561,0|717,0|863,0|843,0|905,3
927|867|952|Amundi S&P World Consumer Staples Screened UCITS Dist ETF|Global / Broad|Distr|IE0005NYD352|WELM.DE|EUR|0,18|9,795999526977539|9,777000427246094|-0,010205191738446029|-0,004370385440875424|0,09562099322394602|0,07456043538744894|0,005839496162116209|Wacht op Yahoo...|714,0|910,0|917,0|1025,0|905,35
928|956|865|iShares MSCI EMU Small Cap UCITS ETF EUR (Acc)|Other|Acc|IE00B3VWMM18|SXRJ.DE|EUR|0,58|362,95001220703125|362,95001220703125|-0,03522062618304289|0,0037334238958202093|0,12612480904024825|0,07397543748181534|0,0180654707024952|Wacht op Yahoo...|1363,0|774,0|838,0|910,0|905,55
929|1173|665|Invesco S&P 500 Equal Weight UCITS ETF Acc|Region: US|Acc|IE00BNGJJT35|SP2Q.DE|EUR|0,2|63,369998931884766|63,34000015258789|-0,028216533942967303|-0,01568807649303805|0,16339264754411098|0,13892882147792518|0,049445820387910455|Wacht op Yahoo...|1268,0|1049,0|684,0|630,0|906,8
930|893|933|Rize Global Sustainable Infrastructure UCITS USD acc ETF|Global / Broad|Acc|IE000QUCVEN9|RIZD.DE|EUR|0,45|5,370999813079834|5,367000102996826|-0,001858433154404926|-0,010087372039207287|0,12262500708878732|0,0800396852488392|0,0017036775035799145|Wacht op Yahoo...|579,0|992,0|850,0|1054,0|906,95
931|760|1080|iShares   Cp Bd IntRt Hedg ESG SRI UCITS ETF EURD|ESG / Sustainable|Unknown|IE00B6X2VY59|IS0Y.DE|EUR|0,25|98,88999938964844|98,84600067138672|-0,002239891467874844|0,000586840869321037|0,02178922433647057|0,014255134145715553|0,005134362831880512|Wacht op Yahoo...|585,0|837,0|1118,0|1031,0|908,25
932|1188|647|BNPP Easy Low Carbon 300 World PAB UCITS ETF Cap|Global / Broad|Unknown|LU2194449075|LOWD.DE|EUR|0,3|19,874000549316406|19,926000595092773|-0,00460778602539913|-0,03547677792574144|0,1523831737922383|0,12206417508840284|0,060403940688680935|Wacht op Yahoo...|623,0|1312,0|751,0|513,0|908,6
933|620|1240|Invesco KBW NASDAQ Fintech UCITS ETF Acc|Technology|Acc|IE00BYMS5W68|KFTK.DE|EUR|0,49|48,20500183105469|48,974998474121094|-0,08581448417341919|0,027168155073254763|-0,08005724375317858|-0,012394991297160374|0,03470521763012857|Wacht op Yahoo...|1579,0|314,0|1545,0|803,0|909,3
934|1180|669|Xtrackers S&P 500 Equal Weight Swap UCITS 1D ETF|Region: US|Distr|IE000FL46JJ1|XEQL.DE|EUR|0,08|33,45000076293945|33,505001068115234|-0,02945014899621934|-0,0155720666266701|0,1654173921133424|0,14014600685071854|0,049028256391098424|Wacht op Yahoo...|1293,0|1048,0|678,0|639,0|910,45
935|1136|723|UBS MSCI World Small Cap Socially Responsible UCITS USD acc ETF|ESG / Sustainable|Acc|IE00BKSCBX74|UIMS.DE|EUR|0,23|11,26200008392334|11,315999984741211|-0,035952753854964326|-0,008277550467855499|0,16801491933529644|0,1170403026255935|0,03908278894368844|Wacht op Yahoo...|1373,0|973,0|669,0|744,0|911,2
936|1395|387|Global X DataCntrREITS&Dig Infra UCITS ETF USD Acc|Global / Broad|Acc|IE00BMH5Y327|V9N.DE|EUR|0,5|21,864999771118164|22,139999389648438|-0,012643968428880492|-0,07742619969408382|0,3926751615764248|0,2945530231646314|0,03587371702316178|Wacht op Yahoo...|772,0|1533,0|99,0|789,0|911,55
937|1048|812|BNP PARIBAS EASY II MSCI Europe PAB UCITS EUR Acc ETF|Region: Europe|Acc|IE000YASIPS3|AIME.DE|EUR|0,14|13,779999732971191|13,73799991607666|-0,02518392435370953|-0,006202253095091259|0,14413816907353838|0,08010654720048604|0,032315653320250215|Wacht op Yahoo...|1202,0|936,0|779,0|821,0|913,65
938|765|1094|Amundi S&P World Communication Services Screened UCITS Dist ETF|Global / Broad|Distr|IE000ANYHV73|WELR.DE|EUR|0,18|19,836000442504883|19,996000289916992|0,007926836123476777|-0,0051158232642198875|0,0032996725506952984|0,018571104104802227|0,01541875161097428|Wacht op Yahoo...|374,0|919,0|1223,0|922,0|913,85
939|885|955|Amundi S&P World Consumer Staples Screened UCITS Acc ETF|Global / Broad|Acc|IE000ZIJ5B20|WELW.DE|EUR|0,18|10,67199993133545|10,663999557495117|-0,010752704331438823|-0,005590795532482096|0,09681402193392219|0,07277844596334426|0,005031273003968995|Wacht op Yahoo...|727,0|925,0|915,0|1032,0|914,2
940|969|883|Invesco EURO STOXX 50 Equal Weight UCITS Dist ETF|Region: Europe|Distr|IE000DB78H45|EWSD.DE|EUR|0,2|5,38700008392334|5,382999897003174|-0,03946429363964754|0,0040990152284561265|0,1003939065219821|0,05207146371963134|0,027001772280077052|Wacht op Yahoo...|1411,0|766,0|908,0|846,0|914,25
941|743|1118|Amundi MDAX ESG UCITS ETF|ESG / Sustainable|Unknown|LU2611731667|AK8G.DE|EUR|0,3|10,329000473022461|10,32699966430664|9,686331828606676e-05|0,0014543671838396222|0,010994063920504615|0,0069014975680765644|0,004209282275665194|Wacht op Yahoo...|552,0|823,0|1180,0|1042,0|915,4
942|743|1118|Amundi Fixed Maturity 2027 German Bund Government Bond UCITS Dist ETF|Bonds / Fixed Income|Distr|LU2780871823|AK8G.DE|EUR|0,09|10,329000473022461|10,32699966430664|9,686331828606676e-05|0,0014543671838396222|0,010994063920504615|0,0069014975680765644|0,004209282275665194|Wacht op Yahoo...|552,0|823,0|1180,0|1042,0|915,4
943|870|975|Fidelity Gl HY Crp Bd Rs Enh PAB UCITS ETF Inc USD|Other|Distr|IE0006OIQXE9|FFGH.DE|EUR|0,35|4,505499839782715|4,512800216674805|-0,008429076636164434|-0,005122262319889548|0,043272304848208654|0,03546334943213303|0,019359534162804337|Wacht op Yahoo...|690,0|920,0|1057,0|903,0|916,35
944|1186|680|Xtrackers S&P 500 Equal Weight UCITS 1C ETF|Region: US|Acc|IE00BLNMYC90|XDEW.DE|EUR|0,15|103,13999938964844|103,13999938964844|-0,028996439424389453|-0,01640283435715839|0,16305817585375793|0,13828494310665973|0,04896597603437658|Wacht op Yahoo...|1284,0|1062,0|687,0|641,0|917,35
945|1233|612|Invesco S&P 500 QVM UCITS ETF Dist|Region: US|Distr|IE00BDZCKK11|QVMP.DE|EUR|0,35|67,11000061035156|67,16000366210938|0,009062383599952373|-0,054509631730024544|0,1795244163955283|0,1767937466825824|0,051052625307356214|Wacht op Yahoo...|354,0|1465,0|629,0|610,0|918,35
946|987|868|WisdomTree Global Qual Div Gro UCITS ETF EURH Acc|Global / Broad|Acc|IE0007M3MLF3|WGRU.DE|EUR|0,43|22,145000457763672|22,155000686645508|-0,028941014627494543|0,0006778715574315974|0,10669666189209925|0,06160114141005546|0,026489425329454752|Wacht op Yahoo...|1281,0|835,0|892,0|848,0|918,75
947|1190|684|Invesco S&P 500 Equal Weight UCITS ETF Dist|Region: US|Distr|IE00BM8QRY62|SP2D.DE|EUR|0,2|58,619998931884766|58,650001525878906|-0,028973796117545914|-0,016632962818173724|0,16287786918139413|0,13806610654845963|0,048771171843821515|Wacht op Yahoo...|1283,0|1067,0|688,0|643,0|919,85
948|989|876|UBS MSCI EMU Small Cap UCITS EUR dis ETF|Other|Distr|LU0671493277|UEFD.DE|EUR|0,28|150,22000122070312|151,6199951171875|-0,03668078191067359|0,003106375768251457|0,1231449369755162|0,08142993934543341|0,016405028292301616|Wacht op Yahoo...|1383,0|798,0|847,0|915,0|921,4
949|1008|855|UBS Factor MSCI EMU Low Volatility UCITS EUR dis ETF|Factor / Smart Beta|Distr|LU1215454460|UIMY.DE|EUR|0,26|18,642000198364258|18,67799949645996|-0,023672340397902003|-0,004106447900658616|0,12435081466102238|0,09557403324931202|0,02262858593492867|Wacht op Yahoo...|1159,0|904,0|843,0|877,0|921,6
950|1079|809|Franklin STOXX Europe 600 Paris Aligned Climate UCITS ETF|ESG / Sustainable|Unknown|IE00BMDPBY65|FLXP.DE|EUR|0,15|42,619998931884766|42,56999969482422|-0,025828595842633972|-0,00733672834123178|0,1492517185939366|0,07844125602767038|0,031209048718816135|Wacht op Yahoo...|1222,0|956,0|762,0|828,0|921,8
951|1189|693|iShares MSCI USA SRI UCITS EUR Hedged (Acc) ETF|ESG / Sustainable|Acc|IE000ATRYEA4|CEMI.DE|EUR|0,23|5,894000053405762|5,888999938964844|-0,028194559307731515|-0,017339127882507577|0,14313419247869863|0,13586431028801194|0,05720741658584472|Wacht op Yahoo...|1265,0|1073,0|783,0|536,0|921,9
952|1106|776|Amundi MSCI Europe Action UCITS Dist ETF|Region: Europe|Distr|LU2608817958|AE5B.DE|EUR|0,09|134,16000366210938|133,74000549316406|-0,025849531854771568|-0,010473507521520431|0,16268876579027958|0,07586212466222952|0,028721567717773233|Wacht op Yahoo...|1223,0|997,0|690,0|840,0|922,75
953|1111|774|BNPP Easy ECPI Circular Economy Leaders UCITS ETFC|Other|Unknown|LU1953136527|EMEC.DE|EUR|0,3|22,575000762939453|22,475000381469727|-0,01612547120531138|-0,02378375079180739|0,15532240047135137|0,105263236533091|0,03664896184377309|Wacht op Yahoo...|864,0|1138,0|735,0|779,0|924,35
954|1084|807|iShares MSCI Europe SRI UCITS ETF EUR (Dist)|ESG / Sustainable|Distr|IE00BGDPWW94|36B3.DE|EUR|0,2|7,992000102996826|7,964000225067139|-0,024818249152411265|-0,008645672745236643|0,12585273049753054|0,08904199043591476|0,040715400373159794|Wacht op Yahoo...|1193,0|977,0|839,0|726,0|924,7
955|895|966|BNP PARIBAS EASY II US High Yield Opportunities UCITS USD Acc ETF|Bonds / Fixed Income|Acc|IE000IAPH329|AHYT.DE|EUR|0,35|10,726499557495117|10,728500366210938|-0,0044088184157747845|-0,008824616183964906|0,051411479165552665|0,038433549688466684|0,017456018412305374|Wacht op Yahoo...|620,0|978,0|1034,0|912,0|925,1
956|1172|728|Amundi MSCI Turkey UCITS ETF Acc|Other|Acc|LU1900067601|LTUR.DE|EUR|0,45|50,060001373291016|50,849998474121094|-0,03656654627904765|-0,011258141078396733|0,19275672902761842|0,19789423968858788|0,019458529178965955|Wacht op Yahoo...|1381,0|1006,0|549,0|902,0|927,2
957|1082|818|HSBC MSCI Europe Cl Paris Aligned UCITS ETF EUR|Region: Europe|Unknown|IE00BP2C0316|HPAE.DE|EUR|0,15|28,385000228881836|28,295000076293945|-0,024905543327673918|-0,008211062315183981|0,1447872612035288|0,0782525890309742|0,030377731069569425|Wacht op Yahoo...|1195,0|971,0|776,0|833,0|928,25
958|679|1237|Market Access STOXX China A Minimum Variance Index UCITS - EUR Share Class ETF|Region: Emerging Markets / Asia|Unknown|LU1750178011|M9SV.DE|EUR|0,45|138,5|138,1199951171875|-0,0008656407546837608|0,004788186880761991|0,0008671420216317394|-0,03309135235540239|-0,010418823409295674|Wacht op Yahoo...|569,0|742,0|1243,0|1177,0|928,3
959|960|919|iShares Moderate Portfolio UCITS ETF EUR Acc|Other|Acc|IE00BLLZQS08|MODR.DE|EUR|0,28|6,7729997634887695|6,78000020980835|-0,012826161895283517|-0,010518630958331276|0,08212173723841576|0,0554776307858027|0,021115019030784055|Wacht op Yahoo...|776,0|999,0|939,0|895,0|929,75
960|1081|819|BNPPE ECPI Global ESG Blue Economy UCITS ETF C|ESG / Sustainable|Acc|LU2194447293|BJLE.DE|EUR|0,3|18,31999969482422|18,350000381469727|-0,02303760106979147|-0,010264750497471775|0,15003134613072855|0,09792633286352626|0,024046633538153284|Wacht op Yahoo...|1133,0|994,0|759,0|863,0|929,9
961|1199|698|iShares MSCI USA SRI UCITS EUR Hedged (Dist) ETF|ESG / Sustainable|Distr|IE00BZ173V67|3SUR.DE|EUR|0,23|2209,0|2208,0|-0,028797537920422056|-0,018440346589646772|0,1425081298007842|0,1355965909500947|0,05656782553914774|Wacht op Yahoo...|1276,0|1087,0|785,0|543,0|931,05
962|360|1577|iShares BIC 50 UCITS ETF|Other|Unknown|IE00B1W57M07|IQQ9.DE|EUR|0,74|19,600000381469727|19,576000213623047|-0,023661288339606235|0,051953650363503856|-0,16596697532625226|-0,125856541573225|-0,05303156664348707|Wacht op Yahoo...|1158,0|140,0|1595,0|1515,0|931,45
963|1133|772|VanEck European Equal Weight Screened UCITS ETF|Other|Unknown|NL0010731816|V3ET.DE|EUR|0,4|94,5199966430664|94,48999786376953|-0,03571960900835902|-0,008137103838882553|0,16215777862453495|0,07965250125077139|0,03119981000271954|Wacht op Yahoo...|1371,0|970,0|693,0|829,0|932,7
964|1039|856|BNP Paribas Easy Growth Europe UCITS ETF Cap|Factor / Smart Beta|Unknown|LU2244387887|EGRE.DE|EUR|0,31|11,718000411987305|11,685999870300293|-0,028841337078898577|-0,0034019357527850236|0,10110883232161894|0,07761641049568002|0,034871991796238344|Wacht op Yahoo...|1278,0|894,0|906,0|800,0|935,8
965|824|1092|Amundi Global Agg SRI 1-5 UCITS DR - USD (C) ETF|ESG / Sustainable|Acc|LU2470620761|AHYF.DE|EUR|0,14|48,59299850463867|48,566001892089844|0,003054986288507866|-0,00621716789325677|0,017846240240824374|0,016122285372419887|0,006706096785605409|Wacht op Yahoo...|479,0|937,0|1148,0|1012,0|936,05
966|914|979|Goldman Sachs USD HY Bond Active UCITS ETF USD Dis|Bonds / Fixed Income|Distr|IE0006B9CPY7|GUHY.DE|EUR|0,35|42,992000579833984|42,9739990234375|-0,0009062687771745903|-0,012051208101287125|0,04932522532370065|0,03407016863918244|0,01509865686128653|Wacht op Yahoo...|570,0|1015,0|1043,0|927,0|937,65
967|1041|858|Invesco STOXX Europe 600 Optimised Industrial Goods & Services UCITS Acc ETF|Region: Europe|Acc|IE00B5MJYX09|SC0S.DE|EUR|0,2|569,9000244140625|568,5999755859375|-0,037656175841436434|-0,00017539576480263275|0,11200004763719518|0,09280925103367688|0,02914391925723092|Wacht op Yahoo...|1396,0|851,0|881,0|838,0|937,65
968|930|961|VanEck J.P. Morgan EM LC Bond UCITS ETF USD A|Bonds / Fixed Income|Acc|IE00BDS67326|EM1C.DE|EUR|0,3|60,400001525878906|60,63999938964844|-0,006742309458196982|-0,010484917759652879|0,06732640683897895|0,031878927059539874|0,010725767213510151|Wacht op Yahoo...|668,0|998,0|984,0|962,0|937,8
969|1078|835|UBS MSCI EMU Socially Responsible UCITS EUR dis ETF|ESG / Sustainable|Distr|LU0629460675|UIMR.DE|EUR|0,2|142,9199981689453|142,67999267578125|-0,020021929801616878|-0,013881393359242655|0,10564444503203929|0,07016229521720074|0,0386097568026178|Wacht op Yahoo...|1023,0|1030,0|894,0|749,0|938,75
970|945|951|Vanguard LifeStrategy 40% Equity UCITS ETF EUR Acc|Other|Acc|IE00BMVB5M21|V40A.DE|EUR|0,25|30,875|30,844999313354492|-0,010733710166602406|-0,010258044492858609|0,06099654966535861|0,04466248286903429|0,01547050735935307|Wacht op Yahoo...|726,0|993,0|1000,0|921,0|940,3
971|912|986|StSt SPDR BBG U.S. HY Crp Scored UCITS ETF Dist|Other|Distr|IE00B99FL386|SYBK.DE|EUR|0,3|34,29100036621094|34,25|0,0009341048021271892|-0,013202122983576148|0,041761648687782094|0,035606930236351975|0,015229807463286171|Wacht op Yahoo...|537,0|1025,0|1063,0|925,0|941,3
972|1320|541|iShares MSCI World Small Cap UCITS ETF USD (Acc)|Global / Broad|Acc|IE00BF4RFH31|IUSN.DE|EUR|0,35|8,979000091552734|8,991999626159668|-0,02391567110045556|-0,033684861333370564|0,2031355094819547|0,15828176721562404|0,04358499311194364|Wacht op Yahoo...|1171,0|1282,0|461,0|689,0|941,5
973|884|1019|UBS BBG US Liquid Corp 1-5 UCITS ETF USD dis|Region: US|Distr|LU1048314949|UEF7.DE|EUR|0,16|11,75100040435791|11,741000175476074|0,0048313681664824415|-0,014481624592223907|0,03429031370469282|0,023395337626640922|0,00956481622719374|Wacht op Yahoo...|434,0|1034,0|1079,0|973,0|943,05
974|815|1115|Franklin Euro Short Maturity UCITS ETF (Dis)|Region: Europe|Distr|IE00BFWXDY69|FVSH.DE|EUR|0,15|25,576000213623047|25,6299991607666|-0,0033900905126592606|-0,0016005139275834246|0,012815113292592661|0,0076860807375895845|0,0018049622639915164|Wacht op Yahoo...|603,0|876,0|1170,0|1052,0|943,75
975|762|1182|Deutsche Boerse Commodities Xetra-Gold ETC|Commodity / Energy|Unknown|DE000A0S9GB0|4GLD.DE|EUR||117,36000061035156|120,86000061035156|-0,07100452062605844|0,018484745217095533|0,11856655221605128|-0,007274577918046532|-0,06382404741852932|Wacht op Yahoo...|1555,0|475,0|861,0|1539,0|946,3
976|1135|808|Invesco STOXX Europe 600 Optimised Technology UCITS Acc ETF|Region: Europe|Acc|IE00B5MTWZ80|SC0X.DE|EUR|0,2|152,9199981689453|152,22000122070312|-0,019492231431480045|-0,0216251107921811|0,07523552845170811|0,08238957736566865|0,05312088668452053|Wacht op Yahoo...|995,0|1114,0|953,0|587,0|950,5
977|769|1196|iShares Physical Gold ETC|Commodity / Energy|Unknown|IE00B4ND3602|PPFB.DE|EUR|0,12|70,76000213623047|72,875|-0,0713910108908109|0,018129527140006818|0,11661674812854383|-0,008408050294131497|-0,06462956378072471|Wacht op Yahoo...|1556,0|481,0|871,0|1541,0|951,75
978|774|1195|Xtrackers Ie Physical Gold ETC|Commodity / Energy|Unknown|DE000A2T0VU5|XGDU.DE|EUR|0,11|56,08000183105469|57,77000045776367|-0,07175368730911513|0,01806304371642442|0,11679780266145312|-0,008223474276209286|-0,06474876960752651|Wacht op Yahoo...|1558,0|484,0|870,0|1542,0|953,2
979|1333|552|StSt SPDR MSCI World Small Cap UCITS ETF Acc|Global / Broad|Acc|IE00BCBJG560|ZPRS.DE|EUR|0,45|126,94000244140625|127,23999786376953|-0,02383874965223598|-0,03497028340818309|0,20117337315326678|0,15652332334917896|0,04336964214679684|Wacht op Yahoo...|1168,0|1303,0|480,0|692,0|954,8
980|980|948|Xtrackers II Australia Government Bond UCITS 1C ETF|Bonds / Fixed Income|Acc|LU0494592974|XCS2.DE|EUR|0,25|146,77499389648438|146,42999267578125|-0,01789898364925513|-0,00750583664051363|0,07232872253139266|0,07275972839758404|0,010342068346814282|Wacht op Yahoo...|923,0|959,0|962,0|966,0|955,75
981|442|1552|Amundi MSCI China ESG Selection Extra UCITS Dist ETF|ESG / Sustainable|Distr|LU1900067940|LHKG.DE|EUR|0,65|23,030000686645508|23,030000686645508|-0,025597611016606736|0,03715382867705763|-0,14842586461269847|-0,10719129216787715|-0,04048560225396203|Wacht op Yahoo...|1217,0|208,0|1582,0|1474,0|956,05
982|1100|844|iShares Edge MSCI Europe Qual Fctr UCITS ETF EUR A|Region: Europe|Acc|IE00BQN1K562|CEMQ.DE|EUR|0,25|11,968000411987305|11,928000450134277|-0,026200126189192652|-0,00976336473583006|0,12905660200815006|0,06876232013853922|0,025756216757971906|Wacht op Yahoo...|1231,0|986,0|828,0|854,0|956,85
983|1366|517|Amundi MSCI World Small Cap ESG Broad Transition UCITS ACC ETF|ESG / Sustainable|Acc|IE000UZZ5D45|WMFS.DE|EUR|0,25|11,604000091552734|11,722000122070312|-0,03138559808437236|-0,0342875923366045|0,20623703010349348|0,15623752495484156|0,04490272989614197|Wacht op Yahoo...|1322,0|1293,0|426,0|676,0|957,2
984|783|1200|Xtrackers Physical Gold (EUR) ETC|Commodity / Energy|Unknown|DE000A1E0HR8|XAD5.DE|EUR|0,25|349,260009765625|359,760009765625|-0,07161084946105889|0,01765733491564725|0,11477824249523727|-0,009360074358465198|-0,06525219818684824|Wacht op Yahoo...|1557,0|493,0|872,0|1544,0|957,55
985|1134|823|iShares Dow Jones U.S. Select Dividend UCITS (DE) ETF|Factor / Smart Beta|Unknown|DE000A0D8Q49|EXX5.DE|EUR|0,31|96,86000061035156|96,83999633789062|-0,031109338525320607|-0,010011446487805942|0,15710178478252446|0,13757765853496817|0,01526367062474221|Wacht op Yahoo...|1317,0|991,0|718,0|924,0|958,25
986|669|1326|iShares Emerging Asia Local Gvt Bd UCITS ETF USD D|Region: Emerging Markets / Asia|Distr|IE00B6QGFW01|IS0S.DE|EUR|0,5|72,7020034790039|72,78800201416016|0,01005872189775614|0,0020951126237396256|-0,03568011026353557|-0,03406578535903493|0,00010239161749781012|Wacht op Yahoo...|341,0|814,0|1477,0|1063,0|958,6
987|963|968|JPM Global High Yield Corporate Bond Multi-Factor Active UCITS USD (acc) ETF|Bonds / Fixed Income|Acc|IE00BKKCKJ46|JGHY.DE|EUR|0,35|112,32499694824219|112,41500091552734|-0,007905001438008097|-0,014520147042886844|0,054645320359720806|0,03644749202530284|0,012956253194008616|Wacht op Yahoo...|680,0|1036,0|1018,0|940,0|958,9
988|837|1131|Amundi EUR Corporate Bond 0-3Y ESG UCITS ETF DR C|ESG / Sustainable|Acc|LU2037748774|ECR3.DE|EUR|0,12|54,263999938964844|54,2760009765625|-0,0036721643720979413|-0,004147581804741729|0,010540393641678802|0,006118623551593982|0,0012218205115379632|Wacht op Yahoo...|608,0|906,0|1188,0|1055,0|961,6
989|911|1035|State Street SPDR Bloomberg 1-5 Year Gilt UCITS ETF|Bonds / Fixed Income|Unknown|IE00B6YX5K17|SYB5.DE|EUR|0,15|55,650001525878906|55,507999420166016|-0,008940000312501861|-0,007792686185687736|0,035913204442032054|0,018521286657651403|0,006508826495351894|Wacht op Yahoo...|701,0|963,0|1075,0|1015,0|962,1
990|900|1047|UBS Core BBG US Treasury 7-10 UCITS USD dis ETF|Bonds / Fixed Income|Distr|LU0721552973|UEFI.DE|EUR|0,05|32,715999603271484|32,665000915527344|0,00414346754925754|-0,015346097178094986|0,02816159309544819|0,018345603077726924|0,006555736365845277|Wacht op Yahoo...|450,0|1046,0|1094,0|1014,0|962,2
991|950|990|iShares $ High Yield Corp Bond UCITS ETF USD D|Bonds / Fixed Income|Distr|IE00B4PY7Y77|IS0R.DE|EUR|0,5|80,62000274658203|80,5780029296875|-0,002128887398533452|-0,016211203416542252|0,046040522763627134|0,0317058156456298|0,012678283802638024|Wacht op Yahoo...|583,0|1059,0|1051,0|944,0|962,6
992|981|964|Vanguard LifeStrategy 40% Equity UCITS ETF EUR Dis|Other|Distr|IE00BMVB5N38|V40D.DE|EUR|0,25|26,809999465942383|26,864999771118164|-0,011977179296041807|-0,013068339319732725|0,05808110728093885|0,04184320824736654|0,013224264786987572|Wacht op Yahoo...|752,0|1024,0|1010,0|939,0|962,7
993|1077|888|Xtrackers IE Physical Silver EUR Hedged ETC |Other|Unknown|DE000A2UDH55|XSLE.DE|EUR|0,73|64,13500213623047|67,7699966430664|-0,12377891381061656|0,0022659861534659598|0,23753017254355768|-0,18325372951321794|-0,18185679928306553|Wacht op Yahoo...|1605,0|811,0|311,0|1603,0|963,5
994|904|1050|UBS Core BBG US Treasury 1-10 UCITS ETF USD acc|Bonds / Fixed Income|Acc|LU0950676469|CHSV.DE|EUR|0,05|10,687999725341797|10,67199993133545|0,004086612569722536|-0,015520651378068906|0,027593471956739668|0,018389694319890237|0,0064160195393767605|Wacht op Yahoo...|454,0|1047,0|1096,0|1016,0|964,1
995|840|1135|iShares   Corp Bond 0-3Yr ESG SRI UCITS ETF EUR D|ESG / Sustainable|Distr|IE00BYZTVV78|QDVL.DE|EUR|0,12|4,923500061035156|4,923600196838379|-0,004307522943352793|-0,004307522943352793|0,010394055842436467|0,004611922229064369|0,0005041654074160462|Wacht op Yahoo...|617,0|909,0|1189,0|1058,0|965,0
996|1341|571|Amundi S&P World Industrials Screened UCITS Acc ETF|Global / Broad|Acc|IE000LTA2082|WELH.DE|EUR|0,18|18,308000564575195|18,312000274658203|-0,020962576597383986|-0,03935355114817718|0,20479076369317473|0,15668438748748925|0,036630902679219535|Wacht op Yahoo...|1054,0|1355,0|438,0|782,0|966,0
997|996|959|UBS JPM EM Mlt-Fc Enhcd LC Bond UCITS ETF USD dis|Bonds / Fixed Income|Distr|LU1720938841|UEFE.DE|EUR|0,4|11,233499526977539|11,282999992370605|-0,012656564158793016|-0,014389247692229712|0,07488227255824786|0,03307174096400378|0,008187166626936193|Wacht op Yahoo...|773,0|1033,0|955,0|992,0|966,3
998|905|1061|iShares Broad $ High Yield Corp Bd UCITS ETF USD D|Bonds / Fixed Income|Distr|IE00BG0J4957|UDHY.DE|EUR|0,2|4,02869987487793|4,01230001449585|-0,0011405172323085688|-0,011241272668183422|0,013479701457105753|0,0013667937852839263|0,012915960831134665|Wacht op Yahoo...|573,0|1005,0|1167,0|941,0|967,9
999|1425|478|StSt SPDR MSCI USA Sm Cp Value Weighted UCITS ETF|Factor / Smart Beta|Unknown|IE00BSPLC413|ZPRV.DE|EUR|0,3|78,70999908447266|78,94999694824219|-0,03977067326683281|-0,038245324944727876|0,23138299967462883|0,17741212985880317|0,04305326947870047|Wacht op Yahoo...|1417,0|1338,0|323,0|698,0|968,1
1000|972|984|Invesco US High Yield Fallen Angels UCITS ETF Dist|Bonds / Fixed Income|Distr|IE00BD0Q9673|FAHY.DE|EUR|0,45|18,252500534057617|18,17300033569336|-0,0013397471720304477|-0,018118735029352573|0,042311483121686644|0,0344387483481472|0,015300216753222351|Wacht op Yahoo...|575,0|1081,0|1060,0|923,0|968,25
1001|839|1150|iShares USD Corp Bond 0-3yr ESG UCITS EUR Hedged (Acc) ETF|ESG / Sustainable|Acc|IE00BG5QQ390|IU0E.DE|EUR|0,14|5,410600185394287|5,415800094604492|-0,006098641997758336|-0,0032422503636759803|0,008537169931278621|0,001814538005751043|-0,0014433715304270622|Wacht op Yahoo...|660,0|892,0|1201,0|1077,0|971,45
1002|1196|793|ARK Space & Defence Innovation UCITS ETF USD Acc|Other|Acc|IE000AON7ET1|ARXX.DE|EUR|0,75|4,771500110626221|4,8404998779296875|0,012090393640229236|-0,05139166767390213|0,15532687128560596|0,1467196271846014|0,03240340602339287|Wacht op Yahoo...|309,0|1447,0|734,0|818,0|972,25
1003|843|1140|Xtrackers II Target Maturity Sept 2028 EUR Corporate Bond UCITS ETF|Bonds / Fixed Income|Unknown|LU2810185665|XB28.DE|EUR|0,12|35,720001220703125|35,72600173950195|-0,003820655070051693|-0,005148507109304368|0,007898689421620197|0,0035019424812083866|0,0004599011056232172|Wacht op Yahoo...|611,0|921,0|1202,0|1059,0|972,35
1004|846|1138|State Street SPDR Bloomberg 0-3 Year Euro Corporate Bond UCITS ETF|Bonds / Fixed Income|Unknown|IE000IUNJSL2|SEUA.DE|EUR|0,2|10,758000373840332|10,762499809265137|-0,005224419248092471|-0,0047182571326174205|0,009809055658739352|0,005044833560496231|0,0002129461612909722|Wacht op Yahoo...|641,0|914,0|1194,0|1061,0|972,45
1005|852|1136|StSt SPDR BBG 0-3 Year Euro Corp Bd UCITS ETF Dis|Region: Europe|Distr|IE00BC7GZW19|SYBD.DE|EUR|0,2|29,545000076293945|29,53499984741211|-0,007491251524555764|-0,004268635336471038|0,010595929794454229|0,005181293690093458|0,00013324229233213636|Wacht op Yahoo...|675,0|908,0|1187,0|1062,0|973,6
1006|920|1058|UBS Sustainable Dev Bank Bonds UCITS ETF USD acc|Financials|Acc|LU1852211215|MDBA.DE|EUR|0,15|10,795499801635742|10,772000312805176|0,0039056880972825336|-0,01662414745483709|0,027457869324380768|0,01738759207796914|0,005434619679358432|Wacht op Yahoo...|460,0|1066,0|1097,0|1026,0|974,85
1007|934|1039|iShares JPM EM Local Govt Bond UCITS ETF USD D|Bonds / Fixed Income|Distr|IE00B5M4WH52|IUSP.DE|EUR|0,52|39,617000579833984|39,76900100708008|-0,005597378812746356|-0,011783115539827471|0,03221543842742114|-0,0019881707253320835|0,006213904535100623|Wacht op Yahoo...|647,0|1010,0|1084,0|1018,0|975,65
1008|959|1013|iShares J.P. Morgan $ EM Corp Bd UCITS ETF USD D|Region: Emerging Markets / Asia|Distr|IE00B6TLBW47|IS0Q.DE|EUR|0,5|76,23600006103516|76,31999969482422|-0,0005181251272182719|-0,01757198707085894|0,039715263581380444|0,030850818761756216|0,010003020475977564|Wacht op Yahoo...|564,0|1077,0|1067,0|971,0|976,35
1009|924|1063|UBS Sustainable Dev Bank Bonds UCITS ETF USD dis|Financials|Distr|LU1852212965|MDBU.DE|EUR|0,15|9,197199821472168|9,178000450134277|0,0037104332165733833|-0,01686464863531334|0,027163268568757948|0,01720007117474509|0,0052770765336365155|Wacht op Yahoo...|464,0|1068,0|1099,0|1028,0|977,15
1010|845|1166|iShares   Govt Bond 1-3yr UCITS ETF EUR Dist|Bonds / Fixed Income|Distr|IE00B14X4Q57|IBCA.DE|EUR|0,15|139,03500366210938|138,99000549316406|-0,0037419546989937436|-0,0052926329762845725|0,004743305109771168|0,0003214449212689541|-0,0014388175213811971|Wacht op Yahoo...|609,0|922,0|1218,0|1076,0|979,85
1011|941|1048|Invesco BlltShs 2030 USD Crp Bd UCITS ETF Dist|Other|Distr|IE000GB2EQ90|BS30.DE|EUR|0,1|4,296800136566162|4,2947998046875|0,003616387592995096|-0,018409179044971524|0,02971650991875885|0,0197020755042161|0,006099645103812001|Wacht op Yahoo...|466,0|1086,0|1089,0|1021,0|980,75
1012|849|1153|iShares iBonds Dec 2028 Term EUR Corp UCITS EUR (Dist) ETF|Other|Distr|IE000264WWY0|IB28.DE|EUR|0,12|5,093800067901611|5,088600158691406|-0,004809996251200821|-0,005581325640474311|0,006330406544381217|3,435652108296772e-05|-0,0008283731293244889|Wacht op Yahoo...|629,0|924,0|1213,0|1069,0|981,0
1013|1248|767|UBS Factor MSCI USA Prime Value Screened UCITS USD dis ETF|Factor / Smart Beta|Distr|IE00BX7RR706|UBUS.DE|EUR|0,25|36,23500061035156|36,16999816894531|-0,023183733172964183|-0,027242029817095115|0,15634578541874955|0,1008440378965818|0,036954665969287204|Wacht op Yahoo...|1139,0|1189,0|726,0|771,0|982,15
1014|857|1149|BNP PARIBAS EASY II Short Duration Income Opportunities UCITS EUR (H) Dist ETF|Other|Distr|IE0002FPYN09|ASHE.DE|EUR|0,22|9,746199607849121|9,739399909973145|-0,006168396744899218|-0,0049902223615588825|0,008671333502767276|0,002222719973764775|-0,0016070793779983106|Wacht op Yahoo...|663,0|918,0|1200,0|1078,0|982,25
1015|856|1154|Invesco BulletShares 2028 EUR Corporate Bond UCITS - Acc ETF|Bonds / Fixed Income|Acc|IE00079EUF59|BSE8.DE|EUR|0,1|5,558599948883057|5,562399864196777|-0,004263380786137305|-0,006079447965013918|0,006008576061108162|0,002380316275431893|-0,0009488048864810805|Wacht op Yahoo...|615,0|934,0|1214,0|1072,0|983,75
1016|1363|591|Xtrackers Future Mobility UCITS 1C ETF|Other|Acc|IE00BGV5VR99|XMOV.DE|EUR|0,35|117,33999633789062|119,08000183105469|-0,00017045221844669278|-0,10345360666089021|0,2167149872189449|0,13284412303138726|0,021735576922960353|Wacht op Yahoo...|558,0|1574,0|376,0|883,0|983,9
1017|1096|910|iShares S&P 500 Financials Sector UCITS ETF USD A|Financials|Acc|IE00B4JNQZ49|QDVH.DE|EUR|0,15|14,166000366210938|14,210000038146973|-0,04708729994635019|-0,003096387883034346|0,05245173299131434|0,03371277563058794|0,03801134532990136|Wacht op Yahoo...|1479,0|889,0|1028,0|758,0|986,05
1018|1094|912|VanEck Circular Economy UCITS ETF USD A|Other|Acc|IE0001J5A2T9|REUS.DE|EUR|0,4|24,405000686645508|24,364999771118164|-0,028849920347509328|-0,00752336172405077|0,11923872254441448|0,08877982109470484|0,009238456881917934|Wacht op Yahoo...|1280,0|960,0|860,0|976,0|986,2
1019|861|1165|iShs V-iBds Dec 2028 Term EO CReg.Shs () EUR Dis. oN|Other|Distr|IE0008UEVOE0|IVOA.DE|EUR|0,12|5,651000022888184|5,651800155639648|-0,005665797488180968|-0,00559579683823086|0,0056591315389766805|0,0021635593354349947|-0,0016675353275108495|Wacht op Yahoo...|650,0|926,0|1215,0|1079,0|987,45
1020|946|1070|Infrastructure Capital Prfrd Inc UCITS ETF USD Dis|Other|Distr|IE0008LRGGP4|ASWN.DE|EUR|0,8|16,229999542236328|16,309999465942383|-0,009492198517496608|-0,010931233100839433|0,02874253690540285|0,034101731950268555|0,0027571238543580012|Wacht op Yahoo...|707,0|1002,0|1092,0|1048,0|989,45
1021|1362|610|Xtrackers MSCI World Small Cap UCITS 1C ETF Acc|Global / Broad|Acc|IE000F354Q61|XSWC.DE|EUR|0,25|28,03499984741211|28,1200008392334|-0,025039100482286303|-0,03759009079647624|0,1975651443889812|0,14522060341717724|0,03892205227723422|Wacht op Yahoo...|1200,0|1333,0|516,0|746,0|991,4
1022|858|1199|Xtrackers II Germany Government Bond 1-3 UCITS 1D ETF|Bonds / Fixed Income|Distr|LU0468897110|D5BC.DE|EUR|0,15|137,02499389648438|136,98500061035156|-0,0036357027608839854|-0,006439835034893315|0,0011931721387727912|-0,0015762297833270544|-0,0024424921869152794|Wacht op Yahoo...|606,0|940,0|1238,0|1084,0|993,2
1023|1101|920|Xtrackers MSCI USA Financials UCITS 1D ETF|Financials|Distr|IE00BCHWNT26|XUFN.DE|EUR|0,12|35,165000915527344|35,220001220703125|-0,04856596897751042|-0,003339646323356371|0,04941293150152215|0,029833151794442125|0,036999880122227324|Wacht op Yahoo...|1485,0|893,0|1042,0|770,0|994,45
1024|889|1151|Invesco BulletShares 2028 EUR Corporate Bond UCITS - Dist ETF|Bonds / Fixed Income|Distr|IE000LKGEZQ6|BE28.DE|EUR|0,1|5,200799942016602|5,205599784851074|-0,005803816931875483|-0,0074240700255459036|0,006602383739340079|0,002062029189601633|-0,0009394594049499938|Wacht op Yahoo...|655,0|957,0|1210,0|1071,0|997,75
1025|873|1188|Xtrackers II Eurozone Government Bond 1-3 UCITS 1C ETF|Bonds / Fixed Income|Acc|LU0290356871|DBXP.DE|EUR|0,1|173,3350067138672|173,27999877929688|-0,0047084038424234365|-0,006932260836870041|0,0027188916539948593|-0,0018426884781841402|-0,002956834642582673|Wacht op Yahoo...|625,0|948,0|1228,0|1091,0|998,15
1026|1394|590|iShares MSCI World SC ESG Enh CTB UCITS ETF USD A|ESG / Sustainable|Acc|IE000T9EOCL3|CBUG.DE|EUR|0,35|6,013000011444092|6,0370001792907715|-0,028751409099633474|-0,03838154157424589|0,19924213893897558|0,15213645711169876|0,040875976551548954|Wacht op Yahoo...|1275,0|1344,0|503,0|724,0|999,4
1027|876|1192|Amundi SDAX UCITS Dist ETF|Other|Distr|LU2611732475|AK8E.DE|EUR|0,7|10,251500129699707|10,2524995803833|-0,0049019526162169536|-0,007214805576417849|0,002093872144872444|-0,00160345642195725|-0,0029520265730721418|Wacht op Yahoo...|632,0|951,0|1232,0|1088,0|1000,8
1028|876|1192|Amundi EURO STOXX Select Dividend 30 UCITS Dist ETF|Factor / Smart Beta|Distr|LU2611732558|AK8E.DE|EUR|0,25|10,251500129699707|10,2524995803833|-0,0049019526162169536|-0,007214805576417849|0,002093872144872444|-0,00160345642195725|-0,0029520265730721418|Wacht op Yahoo...|632,0|951,0|1232,0|1088,0|1000,8
1029|876|1192|Amundi Fixed Maturity 2028 Euro Government Bond Broad UCITS Dist ETF|Bonds / Fixed Income|Distr|LU2780871401|AK8E.DE|EUR|0,09|10,251500129699707|10,2524995803833|-0,0049019526162169536|-0,007214805576417849|0,002093872144872444|-0,00160345642195725|-0,0029520265730721418|Wacht op Yahoo...|632,0|951,0|1232,0|1088,0|1000,8
1030|1121|916|StSt SPDR S&P US Financials Sel Sctr UCITS ETF Acc|Financials|Acc|IE00BWBXM500|ZPDF.DE|EUR|0,15|56,810001373291016|57,060001373291016|-0,047930230994087|-0,004730211091492631|0,051452945711695675|0,033096920154066956|0,03689456032150362|Wacht op Yahoo...|1484,0|915,0|1032,0|773,0|1001,2
1031|835|1247|Global X Blockchain UCITS - USD Accumulating ETF|Global / Broad|Acc|IE000XAGSCY5|BLCH.DE|EUR|0,5|14,642000198364258|15,083999633789062|0,06891518815121267|-0,02243286792947552|-0,05875543660579241|0,08059040533269335|0,030363436556746226|Wacht op Yahoo...|19,0|1124,0|1528,0|834,0|1001,25
1032|1001|1030|Invesco Gl HY Corp Bd ESG Cl Trnstn UCITS ETF Dist|ESG / Sustainable|Distr|IE000ZWSN3F7|GB1D.DE|EUR|0,25|4,902200222015381|4,896599769592285|-0,00507928661402568|-0,0189106216157926|0,03613835027314294|0,024265363369218473|0,006838451568932591|Wacht op Yahoo...|639,0|1090,0|1073,0|1010,0|1002,1
1033|1098|934|Amundi DAX II UCITS Acc ETF|Region: Europe|Acc|LU0252633754|LYY7.DE|EUR|0,15|231,1999969482422|230,9499969482422|-0,03162304943144634|-0,007086146068383203|0,06519232295569322|0,03076234419351387|0,022007177473090334|Wacht op Yahoo...|1326,0|949,0|991,0|880,0|1002,25
1034|882|1186|Amundi Fixed Maturity 2028 Euro Government Bond Yield + UCITS Dist ETF|Bonds / Fixed Income|Distr|LU2780871666|AK8F.DE|EUR|0,09|10,258000373840332|10,258500099182129|-0,004802281083514659|-0,007594426810975552|0,002983692634340951|-0,002089376437890089|-0,003067972886267367|Wacht op Yahoo...|627,0|961,0|1224,0|1094,0|1003,25
1035|882|1186|Amundi DJ Switzerland Titans 30 UCITS Dist ETF|Other|Distr|LU2611732632|AK8F.DE|EUR|0,25|10,258000373840332|10,258500099182129|-0,004802281083514659|-0,007594426810975552|0,002983692634340951|-0,002089376437890089|-0,003067972886267367|Wacht op Yahoo...|627,0|961,0|1224,0|1094,0|1003,25
1036|880|1197|Xtrackers II Eurozone Government Bond 1-3 UCITS 1D ETF|Bonds / Fixed Income|Distr|LU0614173549|X03B.DE|EUR|0,1|156,44500732421875|156,44000244140625|-0,004992612253711504|-0,0072847478852910985|0,00220591692470129|-0,0018141611271826896|-0,0030546669565755247|Wacht op Yahoo...|637,0|955,0|1231,0|1092,0|1003,7
1037|929|1123|iShares $ Intermediate Credit Bond UCITS ETF USD D|Bonds / Fixed Income|Distr|IE00BDQZ5152|SXRF.DE|EUR|0,15|4,158599853515625|4,137599945068359|0,004031915474142167|-0,017473908106061975|0,009125760730764432|-0,001096235654357347|0,005267026707988398|Wacht op Yahoo...|456,0|1076,0|1198,0|1029,0|1004,1
1038|860|1226|iShares STOXX Europe 600 Media UCITS (DE) ETF|Region: Europe|Unknown|DE000A0H08L5|EXH6.DE|EUR|0,46|32,84000015258789|33,16999816894531|-0,04144770106578821|0,008489115303825123|-0,04424004462162434|-0,01753761091891548|0,03317343795561212|Wacht op Yahoo...|1431,0|632,0|1508,0|811,0|1006,65
1039|906|1167|iShares GBP Corp Bond 0-5yr UCITS EUR Hedged (Acc) ETF|Bonds / Fixed Income|Acc|IE000WJWZK35|CEBV.DE|EUR|0,25|5,584000110626221|5,592400074005127|-0,007641682161544372|-0,007923819238006002|0,00754213515530977|-0,0025008822509507977|-0,003065766164799477|Wacht op Yahoo...|678,0|966,0|1205,0|1093,0|1007,95
1040|888|1202|iShares iBonds Dec 2028 Term Italy Govt Bond UCITS EUR (Dist) ETF|Bonds / Fixed Income|Distr|IE000Q2EQ5K8|28IY.DE|EUR|0,12|5,046000003814697|5,04580020904541|-0,0049839053846864045|-0,007899971630790814|0,0024109631187625435|-0,001880182374106143|-0,003310305277973158|Wacht op Yahoo...|636,0|964,0|1230,0|1098,0|1008,1
1041|671|1432|iShares Global Timber & Forestry UCITS ETF USD D|Global / Broad|Distr|IE00B27YCF74|IUSB.DE|EUR|0,65|20,145000457763672|20,46500015258789|-0,040714263916015625|0,022381241075638547|-0,03155222495886856|-0,03590889050557866|-0,024010102097599573|Wacht op Yahoo...|1426,0|410,0|1453,0|1345,0|1010,15
1042|1003|1057|iShares Global HY Corp Bond UCITS ETF USD Dist|Bonds / Fixed Income|Distr|IE00B74DQ490|IBC9.DE|EUR|0,5|75,35399627685547|75,43000030517578|-0,007963173461525641|-0,017342853737406627|0,029997877808709772|0,018180305598445967|0,004714635705458825|Wacht op Yahoo...|684,0|1074,0|1088,0|1034,0|1011,0
1043|1240|830|Xtrackers MSCI Europe Industrials Screened UCITS ETF|Region: Europe|Unknown|LU0292106084|DXSL.DE|EUR|0,17|212,5500030517578|211,6999969482422|-0,0362729534767795|-0,018924490931144677|0,14966463348204773|0,0884371383675564|0,020551240669136606|Wacht op Yahoo...|1378,0|1091,0|760,0|898,0|1012,7
1044|896|1204|Vanguard EUR Eurozon Gov 1-3Y Bond UCITS ETF EUR A|Bonds / Fixed Income|Acc|IE00004S2680|VEGF.DE|EUR|0,07|5,086999893188477|5,0858001708984375|-0,005357425556659634|-0,008034039340320431|0,00149620634993064|-0,0025490218994481673|-0,0036575180321645195|Wacht op Yahoo...|645,0|969,0|1236,0|1100,0|1013,35
1045|892|1208|Amundi Euro Government Bond 1-3Y UCITS ETF Acc|Bonds / Fixed Income|Acc|LU1650487413|LYQ2.DE|EUR|0,15|127,23999786376953|127,20500183105469|-0,005160310040933314|-0,008029986546999268|0,0010227145999035514|-0,003133825820993752|-0,0037896323714208258|Wacht op Yahoo...|640,0|968,0|1241,0|1103,0|1014,05
1046|1319|750|VanEck Space Innovators UCITS ETF|Other|Unknown|IE000YU9K6K2|JEDI.DE|EUR|0,55|70,91999816894531|72,44999694824219|0,011841944277659833|-0,20874706747532745|0,44971383531174625|0,2026453569759601|-0,07060068965008282|Wacht op Yahoo...|313,0|1602,0|65,0|1555,0|1015,0
1047|991|1090|Jupiter Global Government Bd Active UCITS ETF Acc|Global / Broad|Acc|IE000GDU4WA8|ZINS.DE|EUR|0,3|8,960200309753418|8,980400085449219|0,0015873251077413997|-0,022132466953410757|0,021454627250014013|0,017649495228920564|0,004564872223140393|Wacht op Yahoo...|525,0|1121,0|1122,0|1038,0|1015,25
1048|1183|896|Amundi MSCI Eu SRI Cl Paris Aligned UCITS ETF DR A|ESG / Sustainable|Acc|LU1861137484|MIVB.DE|EUR|0,18|90,80999755859375|90,62000274658203|-0,026061779931893514|-0,01795180750725156|0,09186004037332207|0,0635980379462755|0,027647203764206152|Wacht op Yahoo...|1228,0|1079,0|925,0|844,0|1015,85
1049|1005|1071|StSt SPDR BBG 1-10 Y U.S. Corpo Bd UCITS ETF Dist|Other|Distr|IE00BYV12Y75|SYBR.DE|EUR|0,12|25,280000686645508|25,238000869750977|0,00011869523079099942|-0,0226753460325555|0,028049921926696086|0,017389186414178637|0,003178921552442482|Wacht op Yahoo...|550,0|1126,0|1095,0|1046,0|1015,85
1050|1025|1043|iShares Fallen Angels HY Corp Bd UCITS ETF USD D|Other|Distr|IE00BYM31M36|QDVQ.DE|EUR|0,5|4,5817999839782715|4,572199821472168|-0,010242714151350252|-0,018640931305086816|0,035305676928824026|0,02270535437269605|0,005210958529151766|Wacht op Yahoo...|716,0|1088,0|1077,0|1030,0|1017,85
1051|903|1209|State Street SPDR Bloomberg 1-3 Year Euro Government Bond UCITS ETF|Bonds / Fixed Income|Unknown|IE00B6YX5F63|SYB3.DE|EUR|0,15|51,374000549316406|51,39400100708008|-0,005767153014966997|-0,008217558737141473|0,0010898907908911681|-0,003431908386146154|-0,004189121788191086|Wacht op Yahoo...|653,0|972,0|1240,0|1107,0|1018,15
1052|917|1189|BNPP Easy EUR Corp Bond SRI PAB 1-3Y UCITS ETF D|ESG / Sustainable|Distr|LU2008760592|ASR3.DE|EUR|0,15|9,558799743652344|9,566200256347656|-0,007929239326121107|-0,0088756068247976|0,0040545333990873456|-0,0004750749210302718|-0,003661819117868781|Wacht op Yahoo...|681,0|979,0|1221,0|1101,0|1019,2
1053|875|1234|iShares $ Treasury Bd 1-3yr UCITS ETF EUR Hgd Acc|Bonds / Fixed Income|Acc|IE00BDFK1573|2B7S.DE|EUR|0,1|5,044600009918213|5,04580020904541|-0,00802298614974395|-0,005990108470826816|-0,0019783469543777077|-0,008529837327110212|-0,0072239270698724045|Wacht op Yahoo...|685,0|931,0|1265,0|1140,0|1019,4
1054|907|1211|Vanguard EUR Eurozone Government 1-3 Year Bond UCITS EUR Distributing ETF|Bonds / Fixed Income|Distr|IE000HARFTG3|VEGE.DE|EUR|0,07|4,921500205993652|4,922999858856201|-0,005980891311811787|-0,008281667794718395|0,0009868141266007324|-0,002890237909174642|-0,0041295195445347765|Wacht op Yahoo...|657,0|974,0|1242,0|1106,0|1019,85
1055|1067|1011|AMUNDI LIFECYCLE 2033 UCITS ETF Acc|Other|Acc|LU2872292086|LC33.DE|EUR|0,18|10,661999702453613|10,67199993133545|-0,014784684352911026|-0,01931567725877925|0,04961603765126488|0,03595024214358422|0,007979096897227311|Wacht op Yahoo...|828,0|1095,0|1040,0|999,0|1022,0
1056|1259|833|UBS S&P USA Div Arist ESG Elite UCITS ETF USD dis|ESG / Sustainable|Distr|IE000JQ2IJD3|CHSB.DE|EUR|0,2|3,86299991607666|3,8519999980926514|-0,03881565943172971|-0,02043380212172685|0,12667531332548765|0,12203561712251187|0,032932435085479606|Wacht op Yahoo...|1403,0|1103,0|835,0|813,0|1023,0
1057|1059|1016|VanEck US Fallen Angel High Yield Bond UCITS ETF|Bonds / Fixed Income|Unknown|IE000J6CHW80|EM1A.DE|EUR|0,35|21,60099983215332|21,5|-0,00643941836436146|-0,02500567986107649|0,03960920007020596|0,03146788341583906|0,008782769441651794|Wacht op Yahoo...|666,0|1151,0|1068,0|981,0|1023,5
1058|994|1106|StSt SPDR BBG 3-7 Y U.S. Treas Bd UCITS ETF Dist|Other|Distr|IE00BYSZ5R67|SPP3.DE|EUR|0,05|23,597999572753906|23,530000686645508|0,0004239540936070707|-0,021670467414037553|0,019401183947968637|0,010260818427224372|0,00022998142525132437|Wacht op Yahoo...|544,0|1117,0|1137,0|1060,0|1024,65
1059|916|1215|Xtrackers II iBoxx Eurozone Government Bond Yield Plus 1-3 UCITS 1C ETF|Bonds / Fixed Income|Acc|LU0925589839|XYP1.DE|EUR|0,15|149,72000122070312|149,75|-0,00610726349358004|-0,009165775758554373|0,0005680938081853437|-0,003759539725444405|-0,004629636509952628|Wacht op Yahoo...|661,0|982,0|1245,0|1110,0|1025,2
1060|915|1218|BNP Paribas Easy JPMTilted EMU GovernmentBond IG - UCITS Capitalisation ETF|Other|Unknown|LU2533810862|BJLG.DE|EUR|0,15|10,743499755859375|10,745499610900879|-0,006059789000550375|-0,009176487351040596|-4,6600800060248027e-05|-0,0037556230878317276|-0,004719811431541876|Wacht op Yahoo...|658,0|983,0|1248,0|1111,0|1026,1
1061|913|1223|BNP Paribas Easy JPMTilted EMU GovernmentBond IG 1-3Y - UCITS Capitalisation ETF|Other|Unknown|LU2533810789|BJLH.DE|EUR|0,15|10,069000244140625|10,071499824523926|-0,006119763463154904|-0,008907906574368463|-0,00014877340541374906|-0,0038005765402903124|-0,004747978130273056|Wacht op Yahoo...|662,0|980,0|1250,0|1113,0|1026,4
1062|1272|831|StSt SPDR S&P US Materials Sel Sctr UCITS ETF Acc|Region: US|Acc|IE00BWBXM831|ZPDM.DE|EUR|0,15|44,064998626708984|44,029998779296875|-0,04237750274485774|-0,021430161642188694|0,15671340634480413|0,13103181884495751|0,012518292274611209|Wacht op Yahoo...|1440,0|1110,0|722,0|946,0|1029,7
1063|1235|872|WisdomTree US High Dividend UCITS ETF - EUR Hedged Acc|Factor / Smart Beta|Acc|IE00BD6RZW23|WTDY.DE|EUR|0,35|27,6200008392334|27,709999084472656|-0,05183653844957625|-0,014627179356704323|0,13499083124506028|0,08611877734078854|0,0110948013863712|Wacht op Yahoo...|1499,0|1038,0|810,0|957,0|1033,95
1064|1280|834|iShares S&P 500 Materials Sector UCITS ETF|Region: US|Unknown|IE00B4MKCJ84|2B7B.DE|EUR|0,15|9,795999526977539|9,779999732971191|-0,04242424581418058|-0,021769563942082404|0,1561430450767307|0,13052505136799164|0,012230731348654489|Wacht op Yahoo...|1443,0|1119,0|728,0|947,0|1035,45
1065|1103|1002|Global X Superdividend UCITS ETF USD Dist|Global / Broad|Distr|IE00077FRP95|UDIV.DE|EUR|0,45|8,357999801635742|8,345000267028809|-0,026917333588558523|-0,009702074383097559|0,11344500394800439|0,06234644065980399|-0,01113486513931583|Wacht op Yahoo...|1243,0|984,0|875,0|1190,0|1036,8
1066|1131|976|First Trust Gl Cap Strength ESG Lds UCITS ETF AUSD|ESG / Sustainable|Unknown|IE00BKPSPT20|FTGS.DE|EUR|0,75|38,474998474121094|38,35499954223633|-0,026688599487848186|-0,012321995491499038|0,04693873398968962|0,04099024424177822|0,01670322784895828|Wacht op Yahoo...|1241,0|1017,0|1049,0|914,0|1038,0
1067|1197|917|Amundi STOXX Europe 600 Industrials UCITS Dist ETF|Region: Europe|Distr|LU2082997789|INDU.DE|EUR|0,3|203,0|202,85000610351562|-0,04064274978947058|-0,01384506203066349|0,10092164624917443|0,06617650476588732|0,014267950296123155|Wacht op Yahoo...|1425,0|1029,0|907,0|932,0|1038,5
1068|918|1241|Amundi JP Morgan INR India Government Bond UCITS Acc ETF|Bonds / Fixed Income|Acc|IE0004W4ZVJ5|INGE.DE|EUR||8,473199844360352|8,487600326538086|0,005840462871682828|-0,01816920834313618|-0,016687917841236244|-0,01389568072964309|0,004692863511759127|Wacht op Yahoo...|410,0|1083,0|1360,0|1035,0|1041,7
1069|1323|801|State Street SPDR FTSE Global Convertible Bond UCITS ETF|Bonds / Fixed Income|Unknown|IE00BDT6FP91|SPF1.DE|EUR|0,55|52,849998474121094|52,91400146484375|-0,027097679763452565|-0,03226399057627549|0,16489230704811342|0,1072932257693513|0,018935890089828877|Wacht op Yahoo...|1247,0|1258,0|683,0|905,0|1042,0
1070|949|1217|Xtrackers II EURCorpBdShortDurSRI PAB UCITS ETF 1C|Other|Acc|LU2178481649|XZE5.DE|EUR|0,16|47,38600158691406|47,361000061035156|-0,008495108627719516|-0,01194766469797881|0,0016064301715694729|-0,002105851703503414|-0,005759976534635669|Wacht op Yahoo...|693,0|1013,0|1235,0|1125,0|1042,9
1071|1019|1120|Invesco US Treasury Bond 3-7 Year UCITS ETF Dist|Bonds / Fixed Income|Distr|IE00BF2FNQ44|TRD7.DE|EUR|0,06|31,83799934387207|31,79800033569336|-0,001994900406543265|-0,023084650174562404|0,017240820336186014|0,007346712014610013|-0,0018881098477288027|Wacht op Yahoo...|582,0|1131,0|1154,0|1082,0|1044,6
1072|1251|885|iShares MSCI Europe Industr Sector UCITS ETF EUR A|Region: Europe|Acc|IE00BMW42520|ESIN.DE|EUR|0,18|9,550999641418457|9,519000053405762|-0,03671208490519673|-0,019907670232824692|0,12035191422859781|0,0815308896622291|0,015946528559859452|Wacht op Yahoo...|1384,0|1100,0|856,0|917,0|1045,0
1073|1285|847|WisdomTree Megatrends UCITS - USD Acc ETF|Other|Acc|IE0000902GT6|WMGT.DE|EUR|0,5|36,064998626708984|36,19499969482422|0,01093200835287722|-0,083015587397397|0,1489327597311847|0,12212194497815387|0,012785095490059462|Wacht op Yahoo...|327,0|1545,0|763,0|943,0|1046,4
1074|1457|608|BNP Paribas Easy ECPI Global ESG Hydrogen Economy UCITS ETF|ESG / Sustainable|Unknown|LU2365458145|HYDRO.PA|EUR|0,3|13,753899574279785|13,887399673461914|-0,02043334556375853|-0,07793437993874941|0,27667726668719816|0,1473247787073455|-0,0011943009812657168|Wacht op Yahoo...|1038,0|1535,0|252,0|1074,0|1047,5
1075|1024|1122|Vanguard USD Treasury Bond UCITS ETF Acc|Bonds / Fixed Income|Acc|IE00BGYWFS63|VAGT.DE|EUR|0,05|23,33300018310547|23,26799964904785|-0,0008564405949901266|-0,02445852924101588|0,01518451714842084|0,009343755584792834|-0,001349044832527846|Wacht op Yahoo...|568,0|1143,0|1161,0|1075,0|1047,65
1076|1506|523|Invesco Wind Energy UCITS Acc ETF|Commodity / Energy|Acc|IE0008RX29L5|WDEY.DE|EUR|0,6|6,235000133514404|6,306000232696533|-0,028210685626592347|-0,07916109617195044|0,3253267872498544|0,19765661000645451|0,006612831475518499|Wacht op Yahoo...|1267,0|1538,0|163,0|1013,0|1048,6
1077|1378|749|Amundi MSCI Smart Mobility UCITS ETF A|Other|Acc|LU2023679090|ELCR.DE|EUR|0,45|24,670000076293945|24,850000381469727|-0,012212224244932401|-0,07220759929582321|0,1683637387502337|0,10330945451195417|0,03482737607099429|Wacht op Yahoo...|758,0|1522,0|667,0|801,0|1049,45
1078|955|1225|State Street SPDR ICE BofA 0-5 Year EM USD Government Bond UCITS ETF|Bonds / Fixed Income|Unknown|IE00BJL36X53|ZPR6.DE|EUR|0,47|30,413999557495117|30,40999984741211|-0,013365362138220371|-0,009799791424302207|0,002967951271405367|-0,007861723169211299|-0,008796804157298888|Wacht op Yahoo...|785,0|988,0|1226,0|1157,0|1050,85
1079|1006|1152|Amundi Core EUR High Yield Bond UCITS ETF Acc|Bonds / Fixed Income|Acc|LU2970735911|AEHY.DE|EUR|0,15|10,261500358581543|10,277999877929688|-0,01473832009925169|-0,013601799577864115|0,010387969655954121|0,002099666791401722|-0,00324138586085132|Wacht op Yahoo...|825,0|1027,0|1190,0|1097,0|1051,45
1080|1410|720|VanEck Hydrogen Economy UCITS ETF USD A|Other|Acc|IE00BMDH1538|HDR0.DE|EUR|0,55|7,507999897003174|7,682000160217285|-0,0075347203947316865|-0,15029430500178198|0,2210114965133272|0,29092158127597556|-0,005383765940172092|Wacht op Yahoo...|676,0|1595,0|355,0|1118,0|1051,75
1081|887|1304|iShares Physical Gold EUR Hedged ETC|Commodity / Energy|Unknown|IE0009JOT9U1|IGLD.DE|EUR|0,25|71,69499969482422|74,13999938964844|-0,0928702932521539|0,010073208003318346|0,05248086911478533|-0,05955271042407362|-0,09648727301928328|Wacht op Yahoo...|1586,0|604,0|1027,0|1578,0|1051,85
1082|1493|548|iShares MSCI USA Small Cap CTB Enhanced ESG UCITS ETF|ESG / Sustainable|Unknown|IE00B3VWM098|SXRG.DE|EUR|0,43|587,2999877929688|590,0999755859375|-0,03261404807974|-0,06599872901661663|0,2063263436995728|0,16297027285736387|0,03846729811046656|Wacht op Yahoo...|1334,0|1495,0|425,0|753,0|1054,95
1083|1035|1127|iShares $ Treasury Bond UCITS ETF USD Dist|Bonds / Fixed Income|Distr|IE00BK95B138|SNA2.DE|EUR|0,07|3,5741000175476074|3,5655999183654785|-0,0013147378482014638|-0,025235836772609432|0,014753560046975256|0,0094449388876503|-0,0016843576611890176|Wacht op Yahoo...|574,0|1156,0|1163,0|1080,0|1055,25
1084|1264|902|Amundi S&P 500 Equal Weight UCITS EUR Hedged Acc ETF|Region: US|Acc|IE000M86QRT4|MWOQ.DE|EUR|0,2|13,812000274658203|13,869999885559082|-0,050852100659039334|-0,01735909828110649|0,10708564126954578|0,0751985503793724|0,021056915428123046|Wacht op Yahoo...|1498,0|1075,0|890,0|896,0|1056,4
1085|939|1263|iShares India INR Govt Bond UCITS USD (Acc) ETF|Bonds / Fixed Income|Acc|IE000ANOU8J3|CEB6.DE|EUR|0,35|4,195799827575684|4,2133002281188965|0,003803836828359497|-0,01829675648103568|-0,019283356618103986|-0,014954853557426873|0,0028903332616854183|Wacht op Yahoo...|463,0|1085,0|1376,0|1047,0|1056,85
1086|958|1231|Xtrackers II Target Maturity Sept 2029 EUR Corporate Bond UCITS ETF|Bonds / Fixed Income|Unknown|LU2673523309|XB29.DE|EUR|0,12|25,700000762939453|25,70599937438965|-0,009748328157752395|-0,012773380889091412|-0,0011148144743513555|-0,00455890999874331|-0,007189932287297585|Wacht op Yahoo...|713,0|1021,0|1261,0|1139,0|1058,4
1087|1090|1074|Amundi MSCI Millennials UCITS ETF Acc|Other|Acc|LU2023678449|GENY.DE|EUR|0,45|15,86400032043457|15,902000427246094|-0,025672477469282584|-0,008995446336038881|-0,0006299152993719526|0,01341510376645294|0,02631386599726593|Wacht op Yahoo...|1219,0|981,0|1253,0|852,0|1058,9
1088|1015|1171|UBS J.P. Morgan USD EM Diversified Bond 1-5 UCITS hEUR dis ETF|Bonds / Fixed Income|Distr|LU1645386308|SEAD.DE|EUR|0,39|9,142000198364258|9,145600318908691|-0,016312288315519452|-0,012660924026525078|0,01700848864877158|0,0006553369985440316|-0,008848250098504762|Wacht op Yahoo...|869,0|1020,0|1156,0|1158,0|1058,95
1089|1157|999|Ossiam Shiller Barclays CAPE US Sector Val TR 1CE|Region: US|Unknown|LU1079841273|USCP.DE|EUR|0,65|1448,5999755859375|1447,0|-0,040789284583235164|-0,008351638030115516|0,04546766823762294|0,04879816594033115|0,010823453140320405|Wacht op Yahoo...|1427,0|975,0|1054,0|961,0|1059,75
1090|1287|867|Rize Environmental Impact 100 UCITS ETF USD Acc|Other|Acc|IE00BLRPRR04|WRLD.DE|EUR|0,55|5,429999828338623|5,446000099182129|-0,02320564608132325|-0,03087637526836451|0,1446036838887237|0,11031586792746806|0,00823341014683332|Wacht op Yahoo...|1140,0|1241,0|777,0|991,0|1059,85
1091|1162|997|VanEck Global Fallen Angel High Yield Bond UCITS ETF|Bonds / Fixed Income|Unknown|IE00BF540Z61|GFEA.DE|EUR|0,4|65,1760025024414|65,20800018310547|-0,01528979548364029|-0,027949298493988306|0,04730691818463506|0,04723957899805531|0,010645497518148916|Wacht op Yahoo...|837,0|1200,0|1048,0|963,0|1060,15
1092|1017|1175|StSt SPDR BBG Global Aggregate Bond UCITS ETF Dis|Bonds / Fixed Income|Distr|IE00B43QJJ40|SYBZ.DE|EUR|0,1|21,71299934387207|21,718000411987305|-0,004675736313932366|-0,02158166843103204|0,007624811444289392|0,006765769062669014|-0,0037533734837708055|Wacht op Yahoo...|624,0|1113,0|1204,0|1102,0|1060,2
1093|965|1232|Invesco BulletShares 2029 EUR Corporate Bond UCITS - Acc ETF|Bonds / Fixed Income|Acc|IE000P5IB8I8|BSE9.DE|EUR|0,1|5,410200119018555|5,414400100708008|-0,008721424979354908|-0,013888890096008022|-0,0011077954623789354|-0,0034996045093834693|-0,007485208676005439|Wacht op Yahoo...|695,0|1031,0|1260,0|1143,0|1060,25
1094|898|1313|Xtrackers Physical Gold Euro Hedged ETC|Commodity / Energy|Unknown|DE000A1EK0G3|XAD1.DE|EUR|0,59|232,0399932861328|239,9199981689453|-0,0935937762260437|0,009132777343784149|0,04900540907524076|-0,06435486578172256|-0,09830583051735786|Wacht op Yahoo...|1587,0|618,0|1045,0|1581,0|1062,7
1095|1520|538|Invesco Russell 2000 UCITS Acc ETF|Region: US|Acc|IE00B60SX402|SC0K.DE|EUR|0,25|127,44000244140625|127,62000274658203|-0,038188660819575504|-0,06937344698869019|0,21002661233077347|0,17564576243093333|0,039634026343879025|Wacht op Yahoo...|1399,0|1510,0|411,0|738,0|1064,2
1096|1052|1131|StSt SPDR Bloomberg U.S. Treas Bond UCITS ETF Dist|Bonds / Fixed Income|Distr|IE00B44CND37|SYBT.DE|EUR|0,05|81,52799987792969|81,47799682617188|-0,0027643654240615545|-0,026159543588865408|0,014455705058922463|0,008080558613883682|-0,0025630547413550975|Wacht op Yahoo...|594,0|1169,0|1164,0|1085,0|1064,7
1097|1535|524|Invesco S&P SmallCap 600 UCITS ETF Acc|Other|Acc|IE00BH3YZ803|SMLK.DE|EUR|0,14|71,0199966430664|71,01000213623047|-0,03897164848912693|-0,07501956535304877|0,2154714405636482|0,18228728156936658|0,039475735844179294|Wacht op Yahoo...|1405,0|1526,0|383,0|740,0|1064,9
1098|951|1266|Xtrackers USD Corporate Bond Short Duration SRI PAB UCITS 2C EUR Hedged ETF|ESG / Sustainable|Acc|IE00BFMKQ930|XYLE.DE|EUR|0,21|19,437000274658203|19,4325008392334|-0,010386460223853478|-0,01151878146965224|-0,004098986672796179|-0,010235268796484176|-0,00984171283254287|Wacht op Yahoo...|719,0|1008,0|1280,0|1172,0|1065,45
1099|976|1236|iShares iBonds Dec 2029 Term Corp UCITS EUR (Dist) ETF|Other|Distr|IE000IHURBR0|29GI.DE|EUR|0,12|5,022600173950195|5,026800155639648|-0,010985475983302795|-0,013838266628043439|-0,0013168617371026592|-0,005198241513474033|-0,00774876401232949|Wacht op Yahoo...|731,0|1028,0|1263,0|1147,0|1066,0
1100|1028|1173|iShares   High Yield Corp Bond UCITS ETF EUR D|Bonds / Fixed Income|Distr|IE00B66F4759|EUNW.DE|EUR|0,5|88,60800170898438|88,9280014038086|-0,016379019907986736|-0,014544136123251117|0,009093900331408333|0,00046043121342886906|-0,004522006596833439|Wacht op Yahoo...|870,0|1037,0|1199,0|1108,0|1066,65
1101|1416|747|Amundi STOXX Europe 600 Utilities UCITS Dist ETF|Region: Europe|Distr|LU2082999215|LUTL.DE|EUR|0,3|148,8000030517578|149,27999877929688|-0,02745096044602735|-0,04210115514556356|0,22872315259006282|0,08423198117089514|-0,014761344296513546|Wacht op Yahoo...|1254,0|1386,0|329,0|1222,0|1069,15
1102|971|1258|Xtrackers II Target Maturity Sept 2029 Italy and Spain Government Bond UCITS ETF|Bonds / Fixed Income|Unknown|LU0484969463|XBAT.DE|EUR|0,12|203,99000549316406|204,07000732421875|-0,0087949345566265|-0,01449345340540642|-0,003809145690396254|-0,008023701134904027|-0,008950944603734912|Wacht op Yahoo...|697,0|1035,0|1278,0|1160,0|1070,05
1103|1177|1009|UBS BBG USD EM Sovereign UCITS USD dis ETF|Bonds / Fixed Income|Distr|LU1324516050|UEFS.DE|EUR|0,25|7,9710001945495605|7,969399929046631|-0,010551087870626086|-0,03233613927543644|0,059577970203598785|0,029186492933100494|0,004335049646050804|Wacht op Yahoo...|721,0|1259,0|1003,0|1041,0|1070,7
1104|992|1233|Invesco BulletShares 2029 EUR Corporate Bond UCITS - Dist ETF|Bonds / Fixed Income|Distr|IE000ZC4C5Q1|BE29.DE|EUR|0,1|5,041200160980225|5,044600009918213|-0,01148666205454818|-0,014630259499998743|-0,0007167468859838877|-0,006551378788075213|-0,008280534747903356|Wacht op Yahoo...|744,0|1039,0|1254,0|1151,0|1070,9
1105|1431|734|StSt SPDR MSCI Europe Utilities UCITS ETF|Region: Europe|Unknown|IE00BKWQ0P07|SPYU.DE|EUR|0,18|249,14999389648438|250,35000610351562|-0,02846565787898503|-0,04338651480486211|0,23616963594142404|0,09132715972850725|-0,013906847555225088|Wacht op Yahoo...|1273,0|1402,0|313,0|1210,0|1072,0
1106|1064|1139|Amundi Core US Treasury Bond UCITS ETF Acc|Bonds / Fixed Income|Acc|LU2089239193|PRAS.DE|EUR|0,05|17,47949981689453|17,46500015258789|-0,0031366907977350422|-0,02672677743615881|0,013098781832856732|0,007521982771747204|-0,0031133733228414506|Wacht op Yahoo...|597,0|1179,0|1168,0|1096,0|1072,35
1107|1058|1141|Amundi Core US Treasury Bond UCITS ETF Dist|Bonds / Fixed Income|Distr|LU1931975319|PR1S.DE|EUR|0,05|16,125499725341797|16,113000869750977|-0,0029986436055233767|-0,026561258468965177|0,012701401590969219|0,007528932889329987|-0,0033568221972780643|Wacht op Yahoo...|596,0|1177,0|1171,0|1099,0|1072,75
1108|1529|547|StSt SPDR Russell 2000 US Small Cap UCITS ETF Acc|Region: US|Acc|IE00BJ38QD84|ZPRR.DE|EUR|0,3|72,55999755859375|72,68000030517578|-0,039449342345997396|-0,07093471221210146|0,20752200656249808|0,17429999164088028|0,03813898578042907|Wacht op Yahoo...|1409,0|1514,0|421,0|756,0|1073,4
1109|1046|1170|Fidelity USD HY Crp Bd Rs Enh PAB UCITS ETFIncEURH|Other|Unknown|IE000FK14CA5|FYUE.DE|EUR|0,35|4,624800205230713|4,644000053405762|-0,02840336494750184|-0,004261214742903641|0,0033023740080284636|0,005205998168868353|-0,001189629943675885|Wacht op Yahoo...|1272,0|907,0|1222,0|1073,0|1073,7
1110|1310|871|StSt SPDR S&P U.S. Div Aristocrats UCITS ETF Dist|Other|Distr|IE00B6YX5D40|SPYD.DE|EUR|0,35|72,04000091552734|71,83000183105469|-0,034405001232760135|-0,02766258266347854|0,12414355194964366|0,11336022554842184|0,017044981144160642|Wacht op Yahoo...|1352,0|1194,0|844,0|913,0|1074,0
1111|990|1243|BNPPE ESG Enh EUR Crp Bd December 2029 UCITS ETF D|ESG / Sustainable|Distr|LU2823896738|BJLZ.DE|EUR|0,12|10,265000343322754|10,251999855041504|-0,011269468936966343|-0,014922456818105667|-0,0021284757966185675|-0,0057247598217817774|-0,00841046116754729|Wacht op Yahoo...|738,0|1040,0|1267,0|1153,0|1074,05
1112|725|1523|Xtrackers MSCI Europe Communication Services UCITS ETF|Region: Europe|Unknown|LU0292104030|DXSG.DE|EUR|0,17|85,9000015258789|87,33000183105469|-0,053443509356706276|0,02055368176985284|-0,06406621629574849|0,014766686089401349|-0,032340535453446395|Wacht op Yahoo...|1504,0|445,0|1531,0|1440,0|1074,35
1113|910|1332|Performance Trust Total Rtn Bond UCITS ETF Acc|Bonds / Fixed Income|Acc|IE000X5OD4M3|PTAM.DE|EUR|0,75|7,26200008392334|7,2789998054504395|0,0030663979180345358|-0,015215180676552365|-0,11379582513049669|0,028553633576943183|0,010300427069695584|Wacht op Yahoo...|478,0|1045,0|1568,0|967,0|1075,1
1114|1083|1130|Xtrackers MSCI GCC Select Swap UCITS 1C ETF|Other|Acc|IE00BQXKVQ19|XGLF.DE|EUR|0,65|24,190000534057617|24,459999084472656|-0,025382722341369623|-0,007996706704692103|0,011922185284492626|0,0444732596473052|-0,0008178291611817823|Wacht op Yahoo...|1210,0|967,0|1177,0|1068,0|1076,15
1115|1270|926|Amundi Global Equity Quality Income UCITS ETF D|Factor / Smart Beta|Distr|LU0832436512|LGQI.DE|EUR|0,45|155,02000427246094|154,9600067138672|-0,0372624508806213|-0,022325891401610676|0,1314742779653224|0,08648732989999863|-0,00039525078226243515|Wacht op Yahoo...|1391,0|1122,0|823,0|1066,0|1076,4
1116|973|1272|iShares USD TIPS 0-5 UCITS EUR Hedged (Dist) UCITS ETF|Other|Distr|IE000WIQIPT2|CBUL.DE|EUR|0,12|4,267300128936768|4,274400234222412|-0,012267660126136781|-0,011993187314945586|-0,0058067337181159084|-0,004531965193457221|-0,010597123307169998|Wacht op Yahoo...|759,0|1014,0|1287,0|1179,0|1077,0
1117|1049|1175|Xtrackers II EUR High Yield Corporate Bond UCITS 1D ETF|Bonds / Fixed Income|Distr|LU1109942653|XHYG.DE|EUR|0,2|15,428500175476074|15,478500366210938|-0,01723040811051424|-0,015786816081569843|0,009301533695904363|0,0013640822740053071|-0,004738866203335523|Wacht op Yahoo...|897,0|1053,0|1196,0|1112,0|1077,15
1118|1525|557|Xtrackers Russell 2000 UCITS 1C ETF|Region: US|Acc|IE00BJZ2DD79|XRS2.DE|EUR|0,3|368,0|369,1000061035156|-0,03853690398432397|-0,07105892800755687|0,2057666621270271|0,17178797740503882|0,03709590698869114|Wacht op Yahoo...|1401,0|1515,0|429,0|769,0|1077,2
1119|1071|1145|Xtrackers II US Treasuries UCITS ETF 1D|Region: US|Distr|LU0429459356|XUTD.DE|EUR|0,06|163,2949981689453|163,18499755859375|-0,00329605104399322|-0,027126581440743758|0,012602436369471892|0,007082902215089115|-0,0038415565896269266|Wacht op Yahoo...|599,0|1184,0|1173,0|1104,0|1077,5
1120|1076|1143|iShares MSCI Saudi Arabia Capped UCITS ETF USD A|Other|Acc|IE00BYYR0489|IUSS.DE|EUR|0,6|5,539999961853027|5,559000015258789|-0,04515685657639146|-0,0009017338813563924|0,002714907914331599|0,07614611817670358|0,005016000168795776|Wacht op Yahoo...|1463,0|861,0|1229,0|1033,0|1077,7
1121|999|1245|BNPPE ESG Enh EUR Crp Bd December 2029 UCITS ETF C|ESG / Sustainable|Acc|LU2823896811|BJLW.DE|EUR|0,12|10,621500015258789|10,625499725341797|-0,010572859343116914|-0,015844293187906477|-0,00244188990796268|-0,005989436978287133|-0,008709198329708068|Wacht op Yahoo...|722,0|1055,0|1269,0|1155,0|1078,55
1122|1055|1178|Xtrackers II EUR High Yield Corporate Bond UCITS 1C ETF|Bonds / Fixed Income|Acc|LU1109943388|XHYA.DE|EUR|0,2|24,003999710083008|24,040000915527344|-0,017035231978347776|-0,016431098761735652|0,009377215906233527|-0,00033314261434980175|-0,005206680090464766|Wacht op Yahoo...|888,0|1063,0|1195,0|1116,0|1080,35
1123|1532|556|iShares S&P SmallCap 600 UCITS ETF USD (Dist)|Other|Distr|IE00B2QWCY14|IUS3.DE|EUR|0,3|97,9800033569336|98,04000091552734|-0,037335384829423335|-0,07554822948863826|0,20507874409562388|0,17335103259068085|0,037904686793398534|Wacht op Yahoo...|1392,0|1528,0|435,0|759,0|1080,55
1124|952|1294|Inqq India Internet Ucits Etf Acc|Region: Emerging Markets / Asia|Acc|IE000WYTQSF9|INQQ.DE|EUR|0,86|7,311999797821045|7,38700008392334|-0,04543081677849303|0,005085869686403788|-0,11401919689832263|-0,07349219284908626|0,02138023222861607|Wacht op Yahoo...|1466,0|728,0|1569,0|887,0|1080,75
1125|1114|1104|State Street SPDR Bloomberg Sterling Corporate Bond UCITS ETF|Bonds / Fixed Income|Unknown|IE00B4694Z11|SYBS.DE|EUR|0,2|57,507999420166016|57,59199905395508|-0,016990863557961977|-0,023326272520593494|0,0300819453255059|0,0011065353920660659|-0,005082521853228328|Wacht op Yahoo...|885,0|1134,0|1087,0|1115,0|1081,1
1126|1002|1253|iShares EUR Corp Bond 1-5yr UCITS EUR (Acc) ETF|Bonds / Fixed Income|Acc|IE000F6G1DE0|IE1A.DE|EUR|0,2|5,435400009155273|5,438799858093262|-0,012391908913326644|-0,01514767955091767|-0,002642299772885992|-0,006797495554974331|-0,009264652631329251|Wacht op Yahoo...|763,0|1044,0|1271,0|1163,0|1082,4
1127|737|1525|StSt SPDR MSCI Europe Com Services UCITS ETF|Region: Europe|Unknown|IE00BKWQ0N82|SPYT.DE|EUR|0,18|72,38999938964844|73,87999725341797|-0,05496082465190888|0,0198646938014988|-0,06689871511872958|-0,0069959139308031215|-0,03453483177230876|Wacht op Yahoo...|1511,0|457,0|1534,0|1448,0|1082,55
1128|1074|1164|PIMCO Advantage Euro Short-Term High Yield Corporate Bond UCITS - EUR Accumulation ETF|Bonds / Fixed Income|Unknown|IE00BD8D5G25|EUHA.DE|EUR|0,45|12,259499549865723|12,302000045776367|-0,017825732641439385|-0,016486209402853724|0,011051076455337538|-8,159572298405138e-05|-0,00570973273384956|Wacht op Yahoo...|920,0|1064,0|1179,0|1123,0|1082,95
1129|986|1275|iShares USD Short Duration Corp Bond UCITS EUR Hedged (Acc) ETF|Bonds / Fixed Income|Acc|IE000AWT6D61|CEBU.DE|EUR|0,25|5,466400146484375|5,47760009765625|-0,012821834310146052|-0,012928847769266616|-0,004588806535194001|-0,010892725873416276|-0,011131614463498973|Wacht op Yahoo...|775,0|1022,0|1283,0|1189,0|1083,6
1130|1290|921|iShares UK Property UCITS EUR Hedged (Acc) ETF|Real Estate|Acc|IE000FI414K7|UKPH.DE|EUR|0,42|4,0320000648498535|4,01200008392334|-0,052742796834648|-0,02100283184639884|0,0989370845910309|0,049043884713712016|0,01371037407489295|Wacht op Yahoo...|1503,0|1108,0|912,0|936,0|1083,85
1131|1072|1172|iShares Gl Infl Lnk Govt Bd UCITS ETF USD Acc|Other|Acc|IE00B3B8PX14|IUS5.DE|EUR|0,2|141,3699951171875|141,4600067138672|-0,00886878703239835|-0,024832765904685083|0,014095594527435695|0,005440769623369812|-0,00820216812526997|Wacht op Yahoo...|698,0|1147,0|1165,0|1150,0|1084,75
1132|1355|839|iShares Euro Total Market Growth Large UCITS EUR (Dist) ETF|Factor / Smart Beta|Distr|IE00B0M62V02|IQQG.DE|EUR|0,4|70,44000244140625|69,5999984741211|-0,026668512255472177|-0,03533270775499464|0,12153810879550542|0,08492528435376845|0,033874919731380126|Wacht op Yahoo...|1239,0|1311,0|853,0|807,0|1084,9
1133|1016|1242|iShares Core Gl Aggregate Bd UCITS ETF USD Dis|Other|Distr|IE00B3F81409|EUNU.DE|EUR|0,1|3,7021000385284424|3,6993000507354736|-0,0037942183785034667|-0,021681826406778737|-0,008614248350614861|-0,010699322985083914|-0,0053783129277941155|Wacht op Yahoo...|610,0|1118,0|1295,0|1117,0|1085,85
1134|1073|1183|UBS Core Euro Infl Linked 1-10 ETF|Region: Europe|Unknown|LU1645380442|CHSN.DE|EUR|0,08|8,668000221252441|8,677000045776367|-0,015916948198838266|-0,018768829798753384|0,012238441743921413|0,012167538345808637|-0,007864714822237606|Wacht op Yahoo...|853,0|1089,0|1175,0|1148,0|1086,9
1135|1438|759|Global X Hydrogen UCITS ETF|Global / Broad|Unknown|IE0002RPS3K2|HYCN.DE|EUR|0,5|8,829999923706055|9,121000289916992|-0,012304212733814213|-0,21047926397899464|0,37239662772224813|0,324433803242407|-0,056781647272123315|Wacht op Yahoo...|760,0|1604,0|106,0|1524,0|1086,9
1136|1237|978|Xtrackers MSCI Europe Health Care UCITS ETF|Healthcare / Biotech|Unknown|LU0292103222|DXSE.DE|EUR|0,17|224,8000030517578|223,14999389648438|-0,017911712337487895|-0,03207748955109657|0,12231652334857501|-0,003325205009320653|-0,009271538582573458|Wacht op Yahoo...|924,0|1257,0|851,0|1164,0|1086,95
1137|1534|579|Amundi Russell 2000 UCITS ETF - EUR (C)|Region: US|Acc|LU1681038672|RS2K.DE|EUR|0,35|372,6000061035156|373,8999938964844|-0,04018548586545634|-0,07186450423779644|0,20465574137984444|0,17206672934018008|0,03641356832289788|Wacht op Yahoo...|1419,0|1519,0|440,0|785,0|1087,45
1138|1440|758|Amundi STOXX Europe 600 Utilities UCITS ETF Acc|Region: Europe|Acc|LU1834988864|LUTI.DE|EUR|0,3|99,05000305175781|99,30999755859375|-0,02240423065439834|-0,05828101574093947|0,23119958743419233|0,08393528155914831|-0,016859757398542508|Wacht op Yahoo...|1099,0|1479,0|325,0|1250,0|1087,7
1139|1050|1210|iShares MSCI Saudi Arabia Capped UCITS ETF USD D|Other|Distr|IE00BJ5JPJ87|IUSW.DE|EUR|0,6|4,498000144958496|4,505000114440918|-0,04308049483939547|-7,769997062667677e-05|-0,007777797529445074|0,060548227450228254|0,004446246772916718|Wacht op Yahoo...|1447,0|848,0|1294,0|1040,0|1087,75
1140|1423|785|Invesco STOXX Europe 600 Optimised Utilities UCITS Acc ETF|Region: Europe|Acc|IE00B5MTXK03|SC0Z.DE|EUR|0,2|395,1499938964844|397,04998779296875|-0,03042570057144367|-0,04136345901412386|0,2285092535200055|0,08275100884863407|-0,019406531862533605|Wacht op Yahoo...|1304,0|1376,0|330,0|1303,0|1089,1
1141|1014|1261|iShares   CpBd exFin 1-5Yr ESG SRI UCITS ETF EURD|ESG / Sustainable|Unknown|IE00B4L5ZY03|EUNS.DE|EUR|0,2|103,76000213623047|103,78500366210938|-0,012044745263219414|-0,016397982405425116|-0,004257084127271771|-0,007317078333525684|-0,009486922540194453|Wacht op Yahoo...|754,0|1061,0|1281,0|1165,0|1090,75
1142|1013|1264|Amundi EUR Corporate Bond 1-5Y ESG UCITS ETF Acc|ESG / Sustainable|Acc|LU1525418643|A4H7.DE|EUR|0,2|54,49800109863281|54,55400085449219|-0,012180480199666999|-0,016281595711233776|-0,0040205674918319945|-0,007286198401646127|-0,009821096071166546|Wacht op Yahoo...|756,0|1060,0|1279,0|1171,0|1091,35
1143|1022|1252|JPM EUR 1-5 yr IG Corp Bond Active UCITS ETF EUR A|Bonds / Fixed Income|Acc|IE00BF59RW70|JER5.DE|EUR|0,04|108,23999786376953|108,38999938964844|-0,012633998962193527|-0,016581152384094744|-0,002074387882890605|-0,0077462641774308505|-0,009743626947236406|Wacht op Yahoo...|770,0|1065,0|1266,0|1169,0|1091,8
1144|1018|1259|iShares   Corp Bond 1-5 yr UCITS ETF EUR (Dist)|Bonds / Fixed Income|Distr|IE00B4L60045|EUNT.DE|EUR|0,2|104,44000244140625|104,48999786376953|-0,012901071403359388|-0,01604151998927572|-0,00360427691805576|-0,007232994376996871|-0,009521858531837069|Wacht op Yahoo...|778,0|1057,0|1277,0|1168,0|1092,35
1145|1068|1206|JPM EUR High Yield Bond Active UCITS ETF EUR D|Bonds / Fixed Income|Distr|IE000YSJPNV8|JEYE.DE|EUR|0,45|9,797800064086914|9,835200309753418|-0,017133820633349672|-0,017210730067278912|0,006758112110871961|-0,0017605180483949434|-0,007410127901128272|Wacht op Yahoo...|893,0|1071,0|1208,0|1141,0|1092,55
1146|647|1609|Xtrackers MSCI Indonesia Swap UCITS 1C ETF|Other|Acc|LU0476289623|XAIN.DE|EUR|0,65|7,260000228881836|7,348999977111816|-0,05640753204412119|0,024844736802249523|-0,3542073945645652|-0,38075739994411684|-0,200952228870504|Wacht op Yahoo...|1516,0|357,0|1609,0|1604,0|1093,25
1147|1080|1203|UBS CoreBBG Euro Inflation Linked Bond 1-10 UCITS EUR dis ETF|Bonds / Fixed Income|Distr|LU1645380368|FRC3.DE|EUR|0,08|14,1225004196167|14,15250015258789|-0,017052366824785947|-0,018293329691616456|0,010788053484991789|0,011383266437155592|-0,008855477301172865|Wacht op Yahoo...|889,0|1084,0|1182,0|1159,0|1094,25
1148|1375|837|Xtrackers SLI UCITS 1D ETF|Other|Distr|LU0322248146|DXS0.DE|EUR|0,25|249,39999389648438|249,39999389648438|-0,03538965124148885|-0,03398135774836686|0,15139399964326872|0,05004640981770647|0,015132398240696787|Wacht op Yahoo...|1369,0|1288,0|756,0|926,0|1094,75
1149|1281|944|First Trust Value Line Div Index UCITS ETF A USD|Factor / Smart Beta|Unknown|IE00BKVKW020|FVD.DE|EUR|0,7|25,65999984741211|25,584999084472656|-0,038591257625910536|-0,023406271362395703|0,08544841412509507|0,06849887568486634|0,008899618133785925|Wacht op Yahoo...|1402,0|1135,0|938,0|980,0|1094,8
1150|1092|1163|JPM BetaBuilders US Trs Bond UCITS ETF USD Acc|Bonds / Fixed Income|Acc|IE00BJK9HH50|BBTR.DE|EUR|0,07|91,58200073242188|91,46600341796875|-0,0040021340732339095|-0,02857567372644887|0,010615735562600426|0,005445427455836427|-0,00501944047327707|Wacht op Yahoo...|614,0|1209,0|1186,0|1114,0|1095,0
1151|1105|1148|Jupiter Origin Global Smaller Companies Active UCITS Accumulating ETF|Global / Broad|Acc|IE000AN3AFZ1|JOGS.DE|EUR|0,45|9,770999908447266|9,770999908447266|-0,003975587105118361|-0,029306584218272258|-0,02290000915527346|0,10857723674439779|0,028438076417028002|Wacht op Yahoo...|613,0|1224,0|1386,0|842,0|1096,45
1152|1012|1280|Amundi Global Aggregate Bond ESG UCITS DR (C) ETF|ESG / Sustainable|Acc|LU2439734141|8OUU.DE|EUR|0,14|41,130001068115234|41,07600021362305|-0,003537162152170925|-0,021669305919463477|-0,00998909902805789|-0,005897410885136289|-0,010479912084406462|Wacht op Yahoo...|604,0|1116,0|1302,0|1178,0|1098,1
1153|1031|1267|UBS BBG Euro Area Liq Crp 1-5 UCITS ETF EUR dis|Region: Europe|Distr|LU1048314196|UEF6.DE|EUR|0,16|12,797499656677246|12,809499740600586|-0,012424297017980312|-0,01773186672837823|-0,003502072690880209|-0,008582583092426543|-0,010633623191441233|Wacht op Yahoo...|765,0|1078,0|1276,0|1182,0|1101,35
1154|721|1583|Xtrackers MSCI China UCITS 1C ETF|Region: Emerging Markets / Asia|Acc|LU0514695690|XCS6.DE|EUR|0,65|15,428000450134277|15,454000473022461|-0,03187747391443996|0,01673920306664045|-0,1597864687727486|-0,12579330104343245|-0,05580814905343279|Wacht op Yahoo...|1328,0|506,0|1591,0|1522,0|1103,75
1155|1361|863|Global X Disruptive Materials UCITS ETF USD Acc|Global / Broad|Acc|IE000FP52WM7|D6AT.DE|EUR|0,5|20,399999618530273|20,649999618530273|-0,09913891781193218|-0,02718167446296582|0,22655120586589983|0,030303050736824266|-0,061522940397059744|Wacht op Yahoo...|1591,0|1186,0|337,0|1533,0|1103,9
1156|1029|1276|Franklin Sust Euro Green Corp 1-5 Year UCITS ETF|ESG / Sustainable|Unknown|IE0006K7DEL9|GCOR.DE|EUR|0,18|27,746000289916992|27,756000518798828|-0,013229950216830488|-0,017144855124606062|-0,0053057580336652865|-0,007582798905501953|-0,010943385315926757|Wacht op Yahoo...|783,0|1070,0|1285,0|1187,0|1104,1
1157|1011|1288|Amundi Global Aggregate Bond 1-5Y ESG DR - Hedged EUR (C) ETF|ESG / Sustainable|Acc|LU2470620845|AHYH.DE|EUR|0,16|53,24800109863281|53,439998626708984|-0,01260941046348063|-0,01582136240336085|-0,010885286977422415|-0,014290991347444715|-0,013697412248376617|Wacht op Yahoo...|769,0|1054,0|1305,0|1205,0|1104,2
1158|1090|1205|JPM Glbl Aggrgte Bd Active UCITS ETF - USD (dist)|Other|Distr|IE000LHP8TA1|JAGG.DE|EUR|0,31|8,642800331115723|8,650799751281738|-0,0066431443215348995|-0,027226941376967018|0,006563978100154966|0,0024773686796042416|-0,006655538207926748|Wacht op Yahoo...|667,0|1188,0|1211,0|1132,0|1104,4
1159|1035|1274|Invesco BulletShares 2030 EUR Corporate Bond UCITS - Acc ETF|Bonds / Fixed Income|Acc|IE000I25S1V5|BSE0.DE|EUR|0,1|5,3480000495910645|5,326000213623047|-0,01036264949582233|-0,020261604397251665|-0,0058370316712818004|-0,00845445297178482|-0,01060582349912742|Wacht op Yahoo...|718,0|1102,0|1288,0|1180,0|1106,5
1160|1374|859|iShares MSCI Turkey UCITS USD (Dist) ETF|Other|Distr|IE00B1FZS574|IQQ5.DE|EUR|0,74|19,118000030517578|19,493999481201172|-0,05003726556434396|-0,030822255237207496|0,15694998423286055|0,17662585885919624|0,0034026121708021773|Wacht op Yahoo...|1495,0|1240,0|720,0|1045,0|1109,25
1161|1109|1189|PIMCO Advantage Euro Short-Term High Yield Corporate Bond UCITS - EUR Income ETF|Bonds / Fixed Income|Distr|IE00BD8D5H32|EUHI.DE|EUR|0,45|9,074199676513672|9,128999710083008|-0,018743214211462522|-0,019518863955314325|0,009848878020927154|-0,00032128443169954224|-0,0069935378251426705|Wacht op Yahoo...|966,0|1098,0|1193,0|1136,0|1109,55
1162|1386|851|Ishs MSCI USA MID CAP EW UCTS ETF|Region: US|Unknown|IE00BD1F4K20|QDVC.DE|EUR|0,2|11,513999938964844|11,54800033569336|-0,03600136439939594|-0,03487010524471301|0,1128938964934263|0,09657142275855657|0,032399440672842506|Wacht op Yahoo...|1374,0|1300,0|879,0|819,0|1109,65
1163|1053|1260|Xtrackers II ESG Global Aggregate Bond UCITS 1D ETF|ESG / Sustainable|Distr|LU0942970103|XBAG.DE|EUR|0,1|32,97700119018555|32,90299987792969|-0,005908393679329715|-0,02468918516572971|-0,004394394992720763|-0,003751063698360535|-0,009033856582820965|Wacht op Yahoo...|656,0|1146,0|1282,0|1162,0|1109,7
1164|736|1570|Amundi MSCI China UCITS ETF Acc|Region: Emerging Markets / Asia|Acc|LU1841731745|L4K3.DE|EUR|0,29|17,700000762939453|17,74799919128418|-0,031728659842435114|0,014675562670025677|-0,15331259595477875|-0,12027832879484868|-0,05381338792362622|Wacht op Yahoo...|1327,0|526,0|1587,0|1518,0|1109,8
1165|1097|1214|StSt SPDR Bloomberg Euro HY Bond UCITS ETF Dist|Bonds / Fixed Income|Distr|IE00B6YX5M31|SYBJ.DE|EUR|0,4|49,5629997253418|49,53499984741211|-0,020416652153084303|-0,01601121655345905|0,00560314278772811|-0,0018138093823014678|-0,007617889212703233|Wacht op Yahoo...|1037,0|1056,0|1216,0|1144,0|1110,75
1166|1284|974|First Trust Alerian Dsrptv Tech RE UCITS ETF A USD|Technology|Unknown|IE000RN036E0|FTGT.DE|EUR|0,6|18,5|18,507999420166016|-0,03110924201021803|-0,02631578947368418|0,09247667316228458|0,07122174346459764|-0,0009207745197884476|Wacht op Yahoo...|1316,0|1173,0|921,0|1070,0|1110,85
1167|1139|1147|State Street SPDR Bloomberg UK Gilt UCITS ETF|Bonds / Fixed Income|Unknown|IE00B3W74078|SYBG.DE|EUR|0,15|47,1870002746582|46,983001708984375|-0,014123617458136173|-0,027307261420625895|0,022650482443800968|-0,00814919165987582|-0,0106080182624112|Wacht op Yahoo...|805,0|1190,0|1113,0|1181,0|1111,2
1168|1051|1271|iShares Core GBP Corp Bond UCITS EUR Hedged (Acc) ETF|Bonds / Fixed Income|Acc|IE000H22E3N8|CBU0.DE|EUR|0,25|5,371799945831299|5,363399982452393|-0,01060891106021744|-0,021850739146241138|-0,001932261691489967|-0,020852304505842745|-0,013565094279799239|Wacht op Yahoo...|724,0|1120,0|1264,0|1203,0|1113,2
1169|1452|795|iShares STOXX Europe 600 Utilities UCITS (DE) ETF|Region: Europe|Unknown|DE000A0Q4R02|EXH9.DE|EUR|0,46|54,5|54,970001220703125|-0,03283049732416077|-0,04525660162932932|0,2261208135342796|0,0809409999071653|-0,020945300985442228|Wacht op Yahoo...|1336,0|1412,0|338,0|1319,0|1113,5
1170|1130|1179|Vanguard LifeStrategy 20% Equity UCITS ETF EUR Acc|Other|Acc|IE00BMVB5K07|V20A.DE|EUR|0,25|25,604999542236328|25,610000610351562|-0,017082522374554654|-0,024942904833835877|0,013056377000461694|0,004708610124028123|-0,008136746052961219|Wacht op Yahoo...|891,0|1148,0|1169,0|1149,0|1114,9
1171|1042|1284|Amundi Core Global Government Bond UCITS Dist ETF|Bonds / Fixed Income|Distr|LU1737653631|10AK.DE|EUR||42,33000183105469|42,34199905395508|-0,0042811253787373715|-0,024609360063815644|-0,013318729474994684|-0,006081355903662433|-0,009778887655083057|Wacht op Yahoo...|616,0|1144,0|1324,0|1170,0|1115,0
1172|1421|832|Xtrackers MSCI World Industrials UCITS 1C ETF|Global / Broad|Acc|IE00BM67HV82|XDWI.DE|EUR|0,25|73,76000213623047|73,8499984741211|-0,023692929758070913|-0,04752066359967122|0,1550266431452889|0,11403116079378428|0,013949393544717026|Wacht op Yahoo...|1161,0|1427,0|738,0|934,0|1116,25
1173|1021|1310|Xtrackers IE Physical Gold EUR Hedged Securities ETC|Commodity / Energy|Unknown|DE000A2T5DZ1|XGDE.DE|EUR|0,24|49,7859992980957|51,505001068115234|-0,09718018161542141|0,004316967400235905|0,049938843204982986|-0,06258710740078555|-0,09921842712152906|Wacht op Yahoo...|1589,0|757,0|1036,0|1583,0|1116,75
1174|1126|1198|Xtrackers II Global Inflation-Linked Bond UCITS 5C ETF|Bonds / Fixed Income|Unknown|LU0908508814|XGIU.DE|EUR|0,2|22,138999938964844|22,132999420166016|-0,016088152551274937|-0,025228951960125756|0,012670406798683365|0,00819710861959333|-0,009496998362230946|Wacht op Yahoo...|860,0|1155,0|1172,0|1166,0|1117,2
1175|1149|1173|StSt SPDR Bloomberg U.S. TIPS UCITS ETF Dist|Other|Distr|IE00BZ0G8977|SYBY.DE|EUR|0,05|23,72800064086914|23,716999053955078|-0,009434742744029223|-0,030184303326565298|0,010723479845093475|0,012227142740207197|-0,006027397083838704|Wacht op Yahoo...|705,0|1236,0|1183,0|1128,0|1121,5
1176|1040|1306|UBS JPM Gl Gov ESG Liquid Bond UCITS ETF USD acc|ESG / Sustainable|Acc|LU1974693662|UIQG.DE|EUR|0,15|8,234000205993652|8,237799644470215|-0,0057956271923168545|-0,022995321249777545|-0,014930340404504916|-0,007329845219349207|-0,011009077004217716|Wacht op Yahoo...|654,0|1129,0|1341,0|1188,0|1122,55
1177|1148|1181|iShares $ TIPS UCITS ETF USD (Acc)|Other|Acc|IE00B1FZSC47|IUST.DE|EUR|0,1|219,6999969482422|219,4600067138672|-0,008171177840636368|-0,030877812502124402|0,010300699738882813|0,013049300939604214|-0,005902608071676085|Wacht op Yahoo...|687,0|1242,0|1191,0|1126,0|1122,8
1178|1062|1281|Amundi Global Government Tilted Green Bond UCITS DIST ETF|ESG / Sustainable|Distr|LU2611732806|AK8C.DE|EUR|0,2|17,48150062561035|17,48200035095215|-0,005602918004731006|-0,02553026352232457|-0,0072507533890321385|-0,00763502509837477|-0,012164328729941554|Wacht op Yahoo...|648,0|1159,0|1292,0|1195,0|1122,8
1179|1464|799|StSt SPDR S&P 400 U.S. Mid Cap UCITS ETF Dist|Other|Distr|IE000UYVEVN3|US4D.DE|EUR|0,3|31,19499969482422|31,229999542236328|-0,026547402112897744|-0,05579663466317941|0,15783738675005554|0,1290783533860378|0,02441581031053519|Wacht op Yahoo...|1237,0|1470,0|715,0|861,0|1124,5
1180|1167|1158|Vanguard U.K. Gilt UCITS ETF GBP Acc|Bonds / Fixed Income|Acc|IE00BH04GW44|VX6F.DE|EUR|0,05|23,469999313354492|23,44099998474121|-0,015644050337107807|-0,02795614543847058|0,02172298234222514|-0,009579321659365148|-0,01173956789721331|Wacht op Yahoo...|846,0|1201,0|1119,0|1193,0|1125,65
1181|1245|1068|iShares JP Morgan $ EM Bond UCITS ETF USD Dis|Bonds / Fixed Income|Distr|IE00B2NPKV68|IUS7.DE|EUR|0,45|77,5|77,46600341796875|-0,011261774024577731|-0,03817828349031538|0,04239726085031781|0,01759734316822703|-0,002094528440892196|Wacht op Yahoo...|737,0|1336,0|1059,0|1083,0|1126,3
1182|1156|1180|iShares US Aggregate Bond UCITS ETF USD (Dist)|Bonds / Fixed Income|Distr|IE00B44CGS96|EUNX.DE|EUR|0,25|79,30999755859375|79,35800170898438|-0,007930584954601971|-0,0319313144049681|0,011871087211550169|0,003986170818038648|-0,007442422589557962|Wacht op Yahoo...|682,0|1253,0|1178,0|1142,0|1126,4
1183|1115|1229|L&G Emerging Markets Government Bond (USD) 0-5 Year Screened UCITS EUR Acc Hedged ETF|Bonds / Fixed Income|Acc|IE000MINO564|ENDH.DE|EUR|0,28|11,69950008392334|11,767499923706055|-0,016848700927243998|-0,023577053810247994|0,006625051540258831|-0,009398421715657745|-0,011339861430511133|Wacht op Yahoo...|880,0|1137,0|1209,0|1192,0|1127,45
1184|1057|1291|L&G India INR Government Bond UCITS ETF USD Acc|Bonds / Fixed Income|Acc|IE000YSUEJ32|TIGA.DE|EUR|0,39|8,9753999710083|9,036999702453613|-0,0024672836889738647|-0,026698145559647668|-0,026106732055172333|-0,021477529692110364|-0,0017599387207972716|Wacht op Yahoo...|589,0|1178,0|1408,0|1081,0|1127,75
1185|1118|1230|Xtrackers MSCI Africa Top 50 Swap UCITS 1C ETF|Other|Acc|LU0592217524|XMKA.DE|EUR|0,65|9,069999694824219|9,1850004196167|-0,06773567586875617|-0,002748825890112605|0,03609778332266078|-0,02525530388439068|-0,026677340061809218|Wacht op Yahoo...|1550,0|888,0|1074,0|1365,0|1129,2
1186|1160|1189|Amundi US TIPS UCITS ETF Dist|Region: US|Distr|LU1452600270|TIUP.DE|EUR|0,09|100,19999694824219|100,19999694824219|-0,008755029373754164|-0,03188408745659721|0,009288108896702285|0,011671562587742379|-0,006386967256554077|Wacht op Yahoo...|696,0|1251,0|1197,0|1131,0|1130,25
1187|1585|604|Amundi MSCI New Energy UCITS ETF Dist|Commodity / Energy|Distr|FR0010524777|LYM9.DE|EUR|0,6|40,375|40,185001373291016|-0,04607207862467211|-0,13608645613118608|0,34586507898612373|0,1878493088036004|-0,013962658035809095|Wacht op Yahoo...|1472,0|1589,0|131,0|1213,0|1131,75
1188|1264|1060|StSt SPDR Mstar Mlt-Asst Gl Infra UCITS ETF Dist|Other|Distr|IE00BQWJFQ70|ZPRI.DE|EUR|0,4|32,45000076293945|32,349998474121094|-0,017411074530575665|-0,034657172612120535|0,06410287603029552|0,04064703186317287|-0,008713725744562195|Wacht op Yahoo...|906,0|1297,0|994,0|1156,0|1134,4
1189|1120|1239|Goldman Sachs EUR HY Bond Active UCITS ETF EUR Dis|Bonds / Fixed Income|Distr|IE000M02BVY5|GXHY.DE|EUR|0,35|48,755001068115234|48,84199905395508|-0,018382020877150018|-0,02164024744002946|0,0006179471003460169|-0,007059364433454229|-0,01019665006736914|Wacht op Yahoo...|948,0|1115,0|1244,0|1176,0|1134,4
1190|797|1574|iShares MSCI China UCITS ETF USD Acc|Region: Emerging Markets / Asia|Acc|IE00BJ5JPG56|ICGA.DE|EUR|0,28|4,743000030517578|4,754499912261963|-0,03253444510065273|0,011192889966758157|-0,15604979944839614|-0,12166667652718799|-0,0541858897119214|Wacht op Yahoo...|1333,0|585,0|1590,0|1520,0|1135,45
1191|1176|1201|Vanguard LifeStrategy 20% Equity UCITS ETF EUR Dis|Other|Distr|IE00BMVB5L14|V20D.DE|EUR|0,25|21,989999771118164|22,03499984741211|-0,018741636731534728|-0,026129324826457023|0,01240357809639625|0,0029377164956565505|-0,009500536645943525|Wacht op Yahoo...|965,0|1167,0|1174,0|1167,0|1138,45
1192|1122|1250|iShares Global High Yield Corp Bond UCITS EUR Hedged (Acc) ETF|Bonds / Fixed Income|Acc|IE00091SR7N7|CEBR.DE|EUR|0,55|5,861199855804443|5,854800224304199|-0,01953835815032179|-0,01947273821436224|0,00044374357774357165|-0,0092965592236941|-0,011307272495777121|Wacht op Yahoo...|1002,0|1097,0|1246,0|1191,0|1138,8
1193|1192|1159|StSt SPDR BBG U.S. Aggregate Bond UCITS ETF Dist|Bonds / Fixed Income|Distr|IE00B459R192|SYBU.DE|EUR|0,17|79,30400085449219|79,28399658203125|-0,0071610821789411805|-0,03490002527291869|0,01366248138731807|0,005262317529939997|-0,006861569965961767|Wacht op Yahoo...|671,0|1301,0|1166,0|1135,0|1139,55
1194|1043|1341|iShares $ Short Duration High Yield Corp Bond UCITS EUR Hedged (Dist) ETF|Bonds / Fixed Income|Distr|IE0000BQ75C2|CEMH.DE|EUR|0,47|4,754499912261963|4,7708001136779785|-0,01824664004129095|-0,013415924429602044|-0,012163155558725824|-0,021048003645257385|-0,019234675865362205|Wacht op Yahoo...|942,0|1026,0|1314,0|1297,0|1139,6
1195|1093|1289|Xtrackers II Target Maturity Sept 2030 EUR Corporate Bond UCITS ETF|Bonds / Fixed Income|Unknown|LU2809864296|XB30.DE|EUR||35,06100082397461|35,08700180053711|-0,01563813819040183|-0,02239527347631498|-0,009531462868924256|-0,013058170312017947|-0,014388448512868024|Wacht op Yahoo...|845,0|1123,0|1299,0|1214,0|1143,5
1196|1312|1014|Amundi STOXX Europe 600 Healthcare UCITS Dist ETF|Healthcare / Biotech|Distr|LU2082997516|EHLT.DE|EUR|0,3|190,66000366210938|189,3000030517578|-0,02225639147636216|-0,034535103367326125|0,11124308968967167|-0,005528883537683216|-0,01365827202339398|Wacht op Yahoo...|1095,0|1295,0|884,0|1204,0|1144,05
1197|1198|1155|Goldman Sachs USD InvGr Crp Bd Act UCITS ETF USD D|Other|Distr|IE000RRCJI06|GIGU.DE|EUR|0,18|42,77199935913086|42,66699981689453|-0,006088233377847252|-0,03616132634052294|0,01204552300028583|0,008122035347855938|-0,005476767730962395|Wacht op Yahoo...|659,0|1318,0|1176,0|1120,0|1144,05
1198|1297|1033|Rize Sustainable Future of Food UCITS ETF USD Acc|Other|Acc|IE00BLRPQH31|RIZF.DE|EUR|0,45|3,309000015258789|3,2939999103546143|-0,018246571985856552|-0,03724178633436326|0,04947665498065312|0,050642999676002054|0,0006804322415250308|Wacht op Yahoo...|941,0|1329,0|1041,0|1056,0|1144,2
1199|1129|1265|iShares Global High Yield Corp Bond UCITS EUR Hedged (Dist) ETF|Bonds / Fixed Income|Distr|IE00BJSFR200|HYLE.DE|EUR|0,55|4,1417999267578125|4,156700134277344|-0,020411808987845337|-0,019200268472684412|-0,0008622553913967268|-0,008292634361410478|-0,012688329273745413|Wacht op Yahoo...|1036,0|1093,0|1258,0|1198,0|1146,7
1200|1168|1227|iShares Broad EUR High Yield Corp Bond UCITS EUR (Dist) ETF|Bonds / Fixed Income|Distr|IE00BG0J4B71|EH1Y.DE|EUR|0,2|4,72629976272583|4,743899822235107|-0,020882111735443964|-0,022835733300891836|0,004941482998481961|-0,003011755220001855|-0,010086378268372775|Wacht op Yahoo...|1050,0|1127,0|1217,0|1175,0|1147,55
1201|1069|1337|StSt SPDR BBG EM Loc Bd USD BCCYHEUR UCITS ETF Acc|Region: Emerging Markets / Asia|Acc|IE00BK8JH525|SPFD.DE|EUR|0,6|27,509000778198242|27,69099998474121|-0,026161088722841397|-0,00671597467685614|-0,011995820452068262|-0,02636791036770969|-0,019054923234715804|Wacht op Yahoo...|1230,0|945,0|1312,0|1293,0|1149,1
1202|1175|1228|iShares Global Corp Bond UCITS ETF USD Dist|Bonds / Fixed Income|Distr|IE00B7J7TB45|IS0X.DE|EUR|0,2|74,47799682617188|74,5199966430664|-0,010637643419576515|-0,03206458706543336|0,004613906181917926|0,0018717654880435752|-0,009883948566154932|Wacht op Yahoo...|725,0|1256,0|1219,0|1173,0|1150,5
1203|1102|1299|iShares iBonds Dec 2030 Term Corp UCITS EUR (Dist) ETF|Other|Distr|IE000LX17BP9|30IG.DE|EUR|0,12|4,967400074005127|4,960599899291992|-0,01568262579549351|-0,023249571181764406|-0,0108962516119685|-0,0124016325806241|-0,014838868302978647|Wacht op Yahoo...|848,0|1132,0|1306,0|1224,0|1151,3
1204|1327|1008|iShares MSCI Europe Health Care Sector UCITS EUR (Acc) ETF|Healthcare / Biotech|Acc|IE00BMW42181|ESIH.DE|EUR|0,18|7,072000026702881|7,026000022888184|-0,0222590597744039|-0,03651227797189083|0,11845644123070587|-0,006322899486118638|-0,014417899323562411|Wacht op Yahoo...|1096,0|1322,0|862,0|1215,0|1151,7
1205|1353|973|iShares STOXX Europe 600 Travel & Leisure UCITS (DE) ETF|Region: Europe|Unknown|DE000A0H08S0|EXV9.DE|EUR|0,46|24,610000610351562|24,454999923706055|-0,018152799282322496|-0,046723854097725726|0,045782711063427683|-0,008960178146677267|0,018853178714912433|Wacht op Yahoo...|937,0|1419,0|1052,0|906,0|1152,35
1206|1108|1295|Invesco BulletShares 2030 EUR Corporate Bond UCITS - Dist ETF|Bonds / Fixed Income|Distr|IE000W6YTDH7|BD30.DE|EUR|0,1|4,9618000984191895|4,963900089263916|-0,0168978159014348|-0,02292815941662918|-0,009400351890837322|-0,01458643100541801|-0,015113374058847717|Wacht op Yahoo...|881,0|1128,0|1298,0|1226,0|1153,05
1207|1211|1185|Vanguard USD Corporate Bond UCITS ETF USD Acc|Bonds / Fixed Income|Acc|IE00BGYWFK87|VUCE.DE|EUR|0,07|52,29600143432617|52,37200164794922|-0,008456242474775277|-0,035734035547851595|0,010628900184542323|0,006001851871692221|-0,0071556439210731515|Wacht op Yahoo...|691,0|1316,0|1185,0|1138,0|1153,9
1208|1007|1407|L&G Market Neutral Commodities UCITS USD Acc ETF|Commodity / Energy|Acc|IE000IIHLZL0|MANU.DE|EUR|0,39|8,373000144958496|8,331999778747559|0,01626408779127919|-0,031239096963182167|-0,16278374098355375|-0,05121809337968464|-0,004606040520149124|Wacht op Yahoo...|238,0|1248,0|1592,0|1109,0|1154,7
1209|1087|1325|WisdomTree Blockchain UCITS - USD Acc ETF|Other|Acc|IE000940RNE6|WBKN.DE|EUR|0,45|48,22999954223633|49,36000061035156|0,018477457680462717|-0,03905158673245368|-0,10369822874274004|0,021064865439351932|0,011567048036101868|Wacht op Yahoo...|217,0|1353,0|1564,0|951,0|1154,95
1210|1289|1087|iShares JP Morgan $ EM Bond UCITS ETF USD Acc|Bonds / Fixed Income|Acc|IE00BYXYYK40|IS02.DE|EUR|0,45|5,596399784088135|5,603400230407715|-0,014683659457776721|-0,03996985555500476|0,040416357987234974|0,015017395787217724|-0,0039104250606363244|Wacht op Yahoo...|824,0|1362,0|1066,0|1105,0|1155,9
1211|834|1589|HSBC S&P India Tech UCITS ETF EUR Acc|Technology|Acc|IE0008119MO8|H41X.DE|EUR|0,65|15,017999649047852|15,251999855041504|-0,07422022339800116|0,013223593653658217|-0,14631648154440602|-0,2146219091740159|-0,06854721128350583|Wacht op Yahoo...|1565,0|543,0|1581,0|1549,0|1157,0
1212|1085|1333|iShares Core UK Gilts UCITS EUR Hedged (Acc) ETF|Region: Europe|Acc|IE000PYIUPH0|CEMM.DE|EUR|0,09|4,962200164794922|4,961900234222412|-0,010212612644145413|-0,025567494171329752|-0,009224462687044577|-0,030289950767578122|-0,019764101044293048|Wacht op Yahoo...|715,0|1160,0|1297,0|1308,0|1157,1
1213|1357|980|Xtrackers MSCI Mexico UCITS 1C ETF|Other|Acc|LU0476289466|D5BI.DE|EUR|0,65|7,630000114440918|7,6519999504089355|-0,03491019707740928|-0,032707897645646744|0,1546610689292378|0,08334514762859002|-0,019571295031356573|Wacht op Yahoo...|1360,0|1267,0|741,0|1306,0|1157,25
1214|1242|1142|Global X Wind Energy UCITS ETF|Commodity / Energy|Unknown|IE000JNHCBM6|WNDY.DE|EUR|0,5|10,039999961853027|10,027999877929688|0,006718178278295017|-0,05443586993815219|0,12720337108414803|0,02480351456779628|-0,05847446218595276|Wacht op Yahoo...|390,0|1464,0|833,0|1527,0|1157,75
1215|1427|912|VanEck Morningstar US SMID Moat UCITS ETF USD A|Region: US|Acc|IE000SBU19F7|SMTV.DE|EUR|0,49|21,885000228881836|22,0|-0,053621611724028684|-0,035052912945178316|0,09468785484917053|0,07437404650128876|0,01976747087797448|Wacht op Yahoo...|1508,0|1305,0|920,0|901,0|1158,4
1216|1075|1359|iShares Global Govt Bond UCITS ETF USD Dist|Bonds / Fixed Income|Distr|IE00B3F81K65|EUN3.DE|EUR|0,2|74,51799774169922|74,41999816894531|-0,005286110945900702|-0,026136087968204547|-0,027911451692074207|-0,024731143177322834|-0,012783039257149631|Wacht op Yahoo...|643,0|1168,0|1422,0|1199,0|1158,95
1217|1308|1067|Global X Robotics & AI UCITS ETF USD Acc|Technology|Acc|IE00BLCHJB90|XB0T.DE|EUR|0,5|20,889999389648438|20,84000015258789|-0,0016726331511697223|-0,06091262748775228|0,05868634796777772|0,015556621272324822|-0,007645528350359587|Wacht op Yahoo...|577,0|1482,0|1008,0|1145,0|1160,35
1218|1369|970|iShares MSCI Mexico Capped UCITS ETF USD (Acc)|Other|Acc|IE00B5WHFQ43|CEBG.DE|EUR|0,65|185,39999389648438|186,39999389648438|-0,03537982913490367|-0,03387180931077183|0,15715885959266584|0,07953876770933288|-0,020808384544076186|Wacht op Yahoo...|1368,0|1284,0|717,0|1318,0|1161,65
1219|1337|1020|iShares STOXX Europe 600 Health Care UCITS (DE) ETF|Healthcare / Biotech|Unknown|DE000A0Q4R36|EXV4.DE|EUR|0,46|111,33999633789062|110,5199966430664|-0,022819080637221156|-0,036882630672057104|0,11076770357964416|-0,0065496605154240495|-0,014610453865580686|Wacht op Yahoo...|1120,0|1325,0|885,0|1218,0|1162,85
1220|1178|1251|Invesco STOXX Europe 600 Optimised Media UCITS Acc ETF|Region: Europe|Acc|IE00B5MTZ488|SC06.DE|EUR|0,2|163,5800018310547|165,67999267578125|-0,03765145344951604|-0,011601197395439966|-0,04495561071415022|-0,027004481429875327|0,024081390224867993|Wacht op Yahoo...|1395,0|1009,0|1511,0|862,0|1163,0
1221|1128|1296|Amundi Prime Global Government Bond UCITS Acc ETF|Bonds / Fixed Income|Acc|LU2089238971|PRAG.DE|EUR|0,05|16,97450065612793|16,969999313354492|-0,00887504902988212|-0,028946462209388568|-0,01322514897211402|-0,006758308685121395|-0,013289556244636236|Wacht op Yahoo...|699,0|1219,0|1322,0|1201,0|1163,15
1222|1347|1007|StSt SPDR MSCI Europe Health Care UCITS ETF|Healthcare / Biotech|Unknown|IE00BKWQ0H23|SPYH.DE|EUR|0,18|224,3000030517578|223,4499969482422|-0,02350889842502324|-0,03733904269631838|0,11982026777003285|0,00044605755966498073|-0,014701488495853288|Wacht op Yahoo...|1153,0|1331,0|857,0|1220,0|1163,6
1223|1458|882|WisdomTree Strategic Metals and Rare Earths Miners UCITS USD Acc ETF|Commodity / Energy|Acc|IE000KHX9DX6|RARE.DE|EUR|0,5|45,814998626708984|46,275001525878906|-0,10289800468997867|-0,036994263962292884|0,23009799813653897|0,021174566203084444|-0,08561566376642149|Wacht op Yahoo...|1593,0|1327,0|326,0|1573,0|1165,85
1224|1279|1117|Amundi MSCI Water UCITS ETF Dist|Commodity / Energy|Distr|FR0010527275|LYM8.DE|EUR|0,6|68,73999786376953|68,58000183105469|-0,01743855398325611|-0,03631016263562681|0,028973322081868202|0,03368417840254945|-0,00868521279213641|Wacht op Yahoo...|908,0|1319,0|1090,0|1154,0|1167,1
1225|1125|1312|Fidelity Global Government Bond Climate Aware UCITS - EUR Hedged Inc ETF|ESG / Sustainable|Distr|IE000G4ONBO6|FFGC.DE|EUR|0,25|4,61299991607666|4,6128997802734375|-0,019866171521966125|-0,019399230412589397|-0,01371749790212029|-0,015581013710709968|-0,015211744708107822|Wacht op Yahoo...|1014,0|1096,0|1326,0|1228,0|1167,6
1226|1510|816|iShares S&P U.S. Banks UCITS USD (Acc) ETF|Financials|Acc|IE00BD3V0B10|IUS2.DE|EUR|0,35|7,098999977111816|7,126999855041504|-0,03846673762065678|-0,06542920019859422|0,15562426039981192|0,08514218523498696|0,021519684361679836|Wacht op Yahoo...|1400,0|1494,0|733,0|886,0|1168,05
1227|1142|1300|iShares   Corp Bond BBB-BB UCITS ETF EUR (Dist)|Bonds / Fixed Income|Distr|IE00BSKRK281|IS06.DE|EUR|0,25|4,705999851226807|4,707499980926514|-0,018171962022149324|-0,024331417394037214|-0,009060753132933086|-0,010957716355069591|-0,0156803645678798|Wacht op Yahoo...|938,0|1141,0|1296,0|1238,0|1168,7
1228|979|1472|iShares Japan Govt Bond UCITS EUR Hedged (Acc) ETF|Bonds / Fixed Income|Acc|IE000TY854T9|CEB2.DE|EUR|0,09|4,664700031280518|4,656899929046631|-0,006876728813867361|-0,015782258418270967|-0,0583021650824076|-0,03931539946602802|-0,02247057468140301|Wacht op Yahoo...|670,0|1052,0|1527,0|1330,0|1169,05
1229|1442|915|Xtrackers MSCI Global SDGs UCITS ETF|Global / Broad|Unknown|IE000PSF3A70|XDGI.DE|EUR|0,35|30,90999984741211|31,03499984741211|-0,034665852419824894|-0,04199595747307072|0,1019608088463988|0,07662838150800533|0,014229059474921035|Wacht op Yahoo...|1356,0|1385,0|902,0|933,0|1169,5
1230|1113|1329|iShares EUR Covered Bond UCITS EUR (Dist) ETF|Bonds / Fixed Income|Distr|IE00B3B8Q275|IUS6.DE|EUR|0,2|137,2449951171875|137,2050018310547|-0,015635702971876886|-0,024974010473860386|-0,014049957572686345|-0,01481120429893168|-0,01736001981473312|Wacht op Yahoo...|844,0|1149,0|1331,0|1257,0|1170,35
1231|1406|949|UBS Factor MSCI USA Prime Value Screened UCITS hEUR acc ETF|Factor / Smart Beta|Acc|IE00BWT3KL42|UBUW.DE|EUR|0,28|33,59000015258789|33,7599983215332|-0,04560305600662806|-0,034215027845755475|0,09520704496348964|0,04788643995627284|0,006147271267100685|Wacht op Yahoo...|1468,0|1292,0|919,0|1020,0|1170,75
1232|1124|1324|VanEck iBoxx EUR Sov Cp AAA-AA 1-5 UC ETF|Other|Unknown|NL0010273801|VIGB.DE|EUR|0,15|18,61199951171875|18,624000549316406|-0,013123431781152717|-0,027052455055239233|-0,014935793471473113|-0,017380240659091162|-0,01514763710070588|Wacht op Yahoo...|781,0|1182,0|1342,0|1227,0|1170,85
1233|1478|852|Global X U.S. Infra Developments UCITS ETF USD Acc|Global / Broad|Acc|IE00BLCHJ534|94VE.DE|EUR|0,47|43,64500045776367|43,599998474121094|-0,022945998504522502|-0,08854543202234721|0,1688537835942887|0,12734083135077134|-0,0028518370787055103|Wacht op Yahoo...|1130,0|1549,0|666,0|1087,0|1173,0
1234|974|1493|Amundi Stoxx Europe Defense UCITS ETF A|Region: Europe|Acc|LU3038520774|EDFS.DE|EUR|0,35|5,809999942779541|5,835000038146973|-0,0555916791915223|0,005016399370617819|-0,07040000915527345|-0,002917487206533842|-0,02531089034786249|Wacht op Yahoo...|1512,0|732,0|1537,0|1354,0|1174,65
1235|1165|1293|iShares Global AAA-AA Govt Bd UCITS ETF USD D|Global / Broad|Distr|IE00B87G8S03|IS0Z.DE|EUR|0,2|67,31600189208984|67,4020004272461|-0,014464730470284959|-0,028601037957940667|-0,004828866409145149|-0,004223385039384686|-0,01566324695392396|Wacht op Yahoo...|817,0|1210,0|1284,0|1237,0|1174,95
1236|1330|1059|Xtrackers CAC 40 UCITS 1D ETF|Other|Distr|LU0322250985|DX2G.DE|EUR|0,2|82,36000061035156|82,19000244140625|-0,0359358502148831|-0,02932798765319089|0,05501389831177672|0,01162767051781688|-0,005927180446858804|Wacht op Yahoo...|1372,0|1225,0|1017,0|1127,0|1175,45
1237|1382|987|Xtrackers Stoxx European Market Leaders UCITS 1C ETF|Region: Europe|Acc|IE00BNKF6C99|XZEC.DE|EUR|0,25|64,37000274658203|64,12000274658203|-0,04382051339297599|-0,03275732840283019|0,10241485561641817|0,02223283307510271|-0,00606670507620688|Wacht op Yahoo...|1452,0|1268,0|900,0|1129,0|1175,8
1238|1089|1376|iShares eb.rexx Government Germany 2.5-5.5yr UCITS (DE) ETF|Region: Europe|Unknown|DE0006289481|EXHC.DE|EUR|0,16|91,38400268554688|91,43599700927734|-0,014132495686273505|-0,023290482893677966|-0,021554917702152787|-0,021433813506419264|-0,01869897212375249|Wacht op Yahoo...|806,0|1133,0|1381,0|1283,0|1175,95
1239|1144|1316|Amundi Global Government Inflation-Linked Bond 1-10Y UCITS EUR Hedged Dist ETF|Bonds / Fixed Income|Distr|LU1910940268|B8TQ.DE|EUR|0,2|10,56350040435791|10,581000328063965|-0,018398917216570276|-0,023796293546257452|-0,011662095552787077|-0,006863155338939664|-0,017267207222892544|Wacht op Yahoo...|950,0|1139,0|1309,0|1254,0|1176,15
1240|1112|1344|Xtrackers II Eurozone Government Bond 3-5 UCITS 1C ETF|Bonds / Fixed Income|Acc|LU0290356954|DBXQ.DE|EUR|0,15|202,77999877929688|202,80999755859375|-0,014865903677780401|-0,025096159714918853|-0,015583312919391634|-0,018869721476148404|-0,017705098738074687|Wacht op Yahoo...|831,0|1153,0|1350,0|1264,0|1176,15
1241|1181|1282|iShares Broad USD High Yield Corp Bond UCITS EUR Hedged (Acc) ETF|Bonds / Fixed Income|Acc|IE000VSFIC94|CBU1.DE|EUR|0,22|6,118000030517578|6,1346001625061035|-0,024086779646165346|-0,019205503296037985|-0,0033557883717943993|-0,012142362513572036|-0,014636935461162404|Wacht op Yahoo...|1176,0|1094,0|1275,0|1219,0|1176,55
1242|1179|1289|Invesco US HY Flln Angls UCITS ETF EUR Hdg Acc|Region: US|Acc|IE00BYVTMZ20|FAEU.DE|EUR|0,5|27,371999740600586|27,375999450683594|-0,025352510414216045|-0,018044852355135976|-0,010197425141357908|-0,014119010201196325|-0,013885304451924929|Wacht op Yahoo...|1207,0|1080,0|1303,0|1209,0|1180,6
1243|1119|1352|Amundi Euro Government Bond 3-5Y UCITS ETF Acc|Bonds / Fixed Income|Acc|LU1650488494|LYQ3.DE|EUR|0,15|149,2550048828125|149,22000122070312|-0,014980954331683671|-0,025273437499999996|-0,015987525778381362|-0,01876928351905327|-0,018184969648849303|Wacht op Yahoo...|833,0|1157,0|1354,0|1273,0|1180,85
1244|1351|1041|iShares MSCI France UCITS EUR (Acc) ETF|Region: Europe|Acc|IE00BP3QZJ36|IS3U.DE|EUR|0,25|63,72999954223633|63,61000061035156|-0,03963232435089792|-0,030132393392533263|0,06039935374837491|0,01772597619426608|-0,005661320004225701|Wacht op Yahoo...|1414,0|1235,0|1002,0|1122,0|1181,0
1245|1155|1315|BNPP Easy EUR Corp Bond SRI PAB 3-5Y UCITS ETF D|ESG / Sustainable|Distr|LU2008761053|ASR5.DE|EUR|0,15|8,969200134277344|8,982600212097168|-0,01812845642735228|-0,025320010786379687|-0,011241700718169878|-0,014610963146744593|-0,017340325170263404|Wacht op Yahoo...|935,0|1158,0|1307,0|1256,0|1181,4
1246|1434|942|Invesco STOXX Europe 600 Optimised Travel & Leisure UCITS Acc ETF|Region: Europe|Acc|IE00B5MJYC95|SC0R.DE|EUR|0,2|279,45001220703125|278,75|-0,02273124575107177|-0,05383441194482885|0,05155225665863128|0,006483048262619251|0,024635099297556584|Wacht op Yahoo...|1116,0|1463,0|1031,0|859,0|1182,15
1247|1153|1321|PIMCO Advantage Euro Low Duration Corporate Bond UCITS - EUR Income ETF|Bonds / Fixed Income|Distr|IE00BP9F2J32|LDCE.DE|EUR|0,27|98,06999969482422|98,29399871826172|-0,017839560931591558|-0,025771569896867352|-0,012494781773258357|-0,0177494992935473|-0,017038193476096586|Wacht op Yahoo...|921,0|1163,0|1316,0|1252,0|1182,75
1248|1123|1353|Xtrackers II Eurozone Government Bond 3-5 UCITS 1D ETF|Bonds / Fixed Income|Distr|LU0614173895|X03C.DE|EUR|0,15|178,9550018310547|179,07000732421875|-0,015269872677732388|-0,025584159554347452|-0,016398096602026402|-0,018425207869139815|-0,01809316121475324|Wacht op Yahoo...|836,0|1161,0|1356,0|1271,0|1183,0
1249|1161|1318|BNPP Easy EUR Corp Bond SRI PAB 3-5Y UCITS ETF C|ESG / Sustainable|Acc|LU2446383338|ASRX.DE|EUR|0,15|11,470999717712402|11,496500015258789|-0,01747327363509199|-0,02627228754730726|-0,011631934301486124|-0,014730530995705649|-0,01739814172004761|Wacht op Yahoo...|910,0|1171,0|1308,0|1258,0|1183,5
1250|1182|1292|iShares USD High Yield Corp Bond UCITS EUR Hedged (Dist) ETF|Bonds / Fixed Income|Distr|IE00BF3N7102|IBC2.DE|EUR|0,55|3,7548000812530518|3,757200002670288|-0,023789046134117253|-0,020075214309136502|-0,005636742608685075|-0,012660063407835764|-0,015601077623387805|Wacht op Yahoo...|1166,0|1101,0|1286,0|1234,0|1183,6
1251|1202|1270|iShares   Corp Bond Interest Rate Hedged ESG SRI UCITS ETF|ESG / Sustainable|Unknown|IE00BJK55C48|AYE2.DE|EUR|0,25|5,768400192260742|5,787799835205078|-0,02194034676405532|-0,02567393195494294|-0,0007621564028861272|-0,01834518961461984|-0,013916320763752377|Wacht op Yahoo...|1084,0|1162,0|1256,0|1212,0|1183,8
1252|1159|1322|iShares   Corp Bond ESG SRI UCITS ETF EUR Dis|ESG / Sustainable|Distr|IE00BYZTVT56|OM3F.DE|EUR|0,14|4,594200134277344|4,589900016784668|-0,01595735010633259|-0,027373694679038163|-0,012494971375918706|-0,013749234444730751|-0,017046366435338745|Wacht op Yahoo...|854,0|1191,0|1317,0|1253,0|1184,35
1253|1214|1262|Invesco USD AT1 CoCo Bond UCITS - EUR Hdg Dist ETF|Bonds / Fixed Income|Distr|IE00BFZPF439|XAT1.DE|EUR|0,39|15,649499893188477|15,67650032043457|-0,023235877694202656|-0,025003633281788118|0,002933130599701128|-0,010552377860603812|-0,01556755447333269|Wacht op Yahoo...|1141,0|1150,0|1227,0|1233,0|1184,5
1254|1171|1319|iShares EUR Corp Bond Financials UCITS EUR (Dist) ETF|Financials|Distr|IE00B87RLX93|IS3B.DE|EUR|0,2|98,85399627685547|98,90399932861328|-0,017990409995541246|-0,026452674950302568|-0,011791847540205014|-0,014040328114701017|-0,01731231419213608|Wacht op Yahoo...|927,0|1176,0|1311,0|1255,0|1188,2
1255|1110|1379|UBS BBG US Liquid Corp 1-5 UCITS ETF hEUR acc|Region: US|Acc|LU1048315243|UEF8.DE|EUR|0,19|14,979999542236328|15,024999618530273|-0,018412957422793363|-0,020434854298141847|-0,017479452514068572|-0,022416559174610384|-0,019749654003333394|Wacht op Yahoo...|953,0|1104,0|1369,0|1307,0|1188,2
1256|1221|1268|Amundi EUR High Yield Corporate Bond ESG UCITS ETF Dist|ESG / Sustainable|Distr|LU1812090543|LYQY.DE|EUR|0,25|105,57499694824219|106,16999816894531|-0,023267642472542205|-0,025206623417581286|-0,00012666478752865196|-0,012163771244517507|-0,014585930594633645|Wacht op Yahoo...|1143,0|1154,0|1249,0|1217,0|1188,7
1257|1032|1463|Xtrackers Europe Defence Technologies UCITS ETF 1C|Region: Europe|Acc|LU3061478973|XDEF.DE|EUR|0,15|29,889999389648438|30,065000534057617|-0,05784085011053608|0,003188431384837598|-0,03518399511600534|0,002011380023326792|-0,02754135712594119|Wacht op Yahoo...|1526,0|793,0|1475,0|1375,0|1189,85
1258|1141|1356|iShares Core UK Gilts UCITS EUR Hedged (Dist) ETF|Region: Europe|Distr|IE000BI0GCN3|CBUS.DE|EUR|0,09|4,326700210571289|4,333799839019775|-0,012642316100340278|-0,028210106938412638|-0,012105473571073277|-0,033062631660160546|-0,022430007043703792|Wacht op Yahoo...|771,0|1203,0|1313,0|1328,0|1190,7
1259|1132|1365|Amundi Euro Government Bond 3-5Y UCITS Dist ETF|Bonds / Fixed Income|Distr|LU1650488817|EGV5.DE|EUR|0,16|128,69000244140625|128,75999450683594|-0,015717562832438414|-0,025813803970888838|-0,01703052081078804|-0,019392678455510848|-0,018801835323805638|Wacht op Yahoo...|850,0|1164,0|1363,0|1285,0|1190,85
1260|1224|1273|Janus Henderson Fallen Angels Bond ESG Active Core UCITS ETF|ESG / Sustainable|Unknown|IE000LH4DDC2|THFE.DE|EUR|0,25|11,223999977111816|11,24899959564209|-0,02467851820496092|-0,023915090720978305|-0,0005342444674149016|-0,010883443221940903|-0,014785462837788477|Wacht op Yahoo...|1188,0|1140,0|1252,0|1223,0|1191,8
1261|1564|803|Invesco Defence Innovation UCITS ETF Acc|Other|Acc|IE000BRM9046|IVDF.DE|EUR|0,35|8,447999954223633|8,59000015258789|-0,04108972169706393|-0,09772508491449783|0,20962195089478652|0,15932479022470103|-0,0164341039543191|Wacht op Yahoo...|1430,0|1565,0|413,0|1244,0|1192,55
1262|1241|1249|Invesco Gl Crp Bd ESG Cl Transition UCITS ETF Dist|ESG / Sustainable|Distr|IE000FVQW7E7|GLBD.DE|EUR|0,15|4,34689998626709|4,351399898529053|-0,014166481653887675|-0,03506525879912803|0,001158302896811625|-0,004177140285999581|-0,012594882146386599|Wacht op Yahoo...|807,0|1306,0|1239,0|1197,0|1192,6
1263|1326|1111|iShares STOXX Europe 600 Telecommunications UCITS (DE) ETF|Region: Europe|Unknown|DE000A0H08R2|EXV2.DE|EUR|0,46|26,6200008392334|27,065000534057617|-0,04244598669823263|-0,027212923704447722|0,1331262349443052|0,094046272988495|-0,04452872566721677|Wacht op Yahoo...|1444,0|1187,0|817,0|1486,0|1192,85
1264|1483|900|Xtrackers MSCI Gl SDG 9 Ind Innvtn&InfrUCITS ETF1C|Other|Unknown|IE0005E47AH7|SDG9.DE|EUR|0,35|29,09000015258789|28,96500015258789|-0,024152946201058567|-0,08015809794188489|0,21107408818493623|0,04866620016613332|-0,04686856764632019|Wacht op Yahoo...|1181,0|1539,0|405,0|1498,0|1193,6
1265|1138|1370|iShares   Govt Bond 3-5yr UCITS ETF EUR (Dist)|Bonds / Fixed Income|Distr|IE00B1FZS681|IBCN.DE|EUR|0,15|156,0|156,03500366210938|-0,015959116878686785|-0,026247631366023816|-0,016959432861211265|-0,01995281907873825|-0,018931701541160195|Wacht op Yahoo...|855,0|1170,0|1362,0|1289,0|1194,55
1266|1151|1356|iShares Pfandbriefe UCITS (DE) ETF|Other|Unknown|DE0002635265|EXHE.DE|EUR|0,1|93,74800109863281|93,83799743652344|-0,01653037355594844|-0,026328903568927697|-0,01588126636228382|-0,01588465550623397|-0,018301696059472183|Wacht op Yahoo...|874,0|1174,0|1353,0|1278,0|1194,55
1267|1581|780|L&G Hydrogen Economy UCITS ETF USD Acc|Other|Acc|IE00BMYDM794|HTMW.DE|EUR|0,49|6,498000144958496|6,59499979019165|-0,04088560096085325|-0,16820272489370203|0,2967471447104144|0,2237288540453526|-0,03637682652504226|Wacht op Yahoo...|1429,0|1597,0|200,0|1459,0|1194,95
1268|1170|1334|Xtrackers II ESG EUR Corporate Bond UCITS 1D ETF|ESG / Sustainable|Distr|LU0484968812|XB4F.DE|EUR|0,16|138,1750030517578|138,10000610351562|-0,016443019173276396|-0,027735838643933586|-0,014050329675642015|-0,014412286654502005|-0,017813836596088595|Wacht op Yahoo...|872,0|1196,0|1332,0|1266,0|1195,4
1269|1392|1025|Amundi STOXX Europe 600 Healthcare UCITS ETF Acc|Healthcare / Biotech|Acc|LU1834986900|LHTC.DE|EUR|0,3|149,9199981689453|149,52000427246094|-0,01601471798130505|-0,06754571895014827|0,10903984533063871|-0,005307875831200071|-0,015360698386711946|Wacht op Yahoo...|857,0|1499,0|887,0|1229,0|1195,7
1270|1212|1286|BNPP Easy EUR HY SRI Fossil Free UCITS ETF Dis|ESG / Sustainable|Distr|LU2244386137|ASRG.DE|EUR|0,25|8,894599914550781|8,946000099182129|-0,023622957275919787|-0,02435119684734932|-0,0027284544642581787|-0,011868075238886666|-0,015782533618889483|Wacht op Yahoo...|1156,0|1142,0|1272,0|1239,0|1196,0
1271|1408|1010|First Trust Nasdaq Cln Edge Grn En UCITS ETF A USD|Technology|Unknown|IE00BDBRT036|QCLN.DE|EUR|0,6|16,152000427246094|16,506000518798828|-0,004928531417963011|-0,2225270409709511|0,18485918892349806|0,06642021159908751|-0,0704210957885465|Wacht op Yahoo...|635,0|1605,0|593,0|1554,0|1196,3
1272|1147|1371|Amundi Euro Government Low Duration Tilted Green Bond UCITS Acc ETF|ESG / Sustainable|Acc|LU2924150282|LWGB.DE|EUR|0,14|20,099000930786133|20,114999771118164|-0,016008991225879066|-0,026399834950215695|-0,01658669141360869|-0,01965661213701464|-0,019118814687499097|Wacht op Yahoo...|856,0|1175,0|1359,0|1296,0|1197,35
1273|1152|1361|Vanguard U.K. Gilt UCITS EUR hedged - Acc ETF|Bonds / Fixed Income|Acc|IE00BMX0B524|VGUE.DE|EUR|0,08|19,74449920654297|19,73200035095215|-0,011811519716031671|-0,029134124490208357|-0,0124787576839136|-0,03478198032883495|-0,02292839756545073|Wacht op Yahoo...|751,0|1223,0|1315,0|1334,0|1197,4
1274|1047|1464|BNP Paribas Easy Bloomberg Europe Defense UCITS Distribution ETF|Region: Europe|Distr|LU3047998979|EDEF.DE|EUR|0,35|11,0600004196167|11,121999740600586|-0,05695764711756235|0,0019931430143400597|-0,05502392578419424|0,003447659747149112|-0,02120771835087132|Wacht op Yahoo...|1519,0|815,0|1521,0|1321,0|1198,3
1275|1249|1256|JPM Global IG Corp Bond Active UCITS ETF USD A|Bonds / Fixed Income|Acc|IE000S2QZKI8|JIGG.DE|EUR|0,25|8,976799964904785|8,994199752807617|-0,014231702739792573|-0,035623757436172965|0,0012715799748173051|-0,0054509259759181194|-0,013915345575613136|Wacht op Yahoo...|809,0|1314,0|1237,0|1211,0|1198,4
1276|1144|1374|StSt SPDR BBG 3-5 Year Euro Govt Bd UCITS ETF Dis|Region: Europe|Distr|IE00BS7K8821|SYB4.DE|EUR|0,15|28,111000061035156|28,135000228881836|-0,016100209941204757|-0,026285082155168782|-0,017154610762614042|-0,019697884971311752|-0,0192928790016762|Wacht op Yahoo...|862,0|1172,0|1364,0|1299,0|1198,9
1277|947|1556|State Street SPDR S&P Europe Defense Vision UCITS ETF|Region: Europe|Unknown|IE0008GRJRO8|DFSV.DE|EUR|0,2|9,902000427246094|10,053999900817871|-0,06778378186194367|0,006300840822842657|-0,09338944428693463|-0,0192154611619052|-0,05262282609221536|Wacht op Yahoo...|1551,0|686,0|1559,0|1512,0|1199,2
1278|1381|1039|Invesco STOXX Europe 600 Optimised Health Care UCITS Acc ETF|Healthcare / Biotech|Acc|IE00B5MJYY16|SC0T.DE|EUR|0,2|412,04998779296875|409,0|-0,027610648276179983|-0,03827756785344161|0,08878312723519377|-0,014705940302598308|-0,013861729142486845|Wacht op Yahoo...|1258,0|1340,0|932,0|1208,0|1199,3
1279|1117|1389|UBS Sustainable Dev Bank Bonds UCITS ETF hEUR dis|Financials|Distr|LU1852211645|CHSK.DE|EUR|0,18|9,432000160217285|9,4350004196167|-0,018685730098735975|-0,02090931716076072|-0,023039476729524|-0,02682617523245079|-0,022612703527290723|Wacht op Yahoo...|962,0|1107,0|1387,0|1331,0|1200,05
1280|1291|1213|Xtrackers ESG USD Emerging Markets Bond Quality Weighted UCITS 1D ETF|ESG / Sustainable|Distr|IE00BD4DX952|XQUA.DE|EUR|0,45|8,744400024414062|8,756199836730957|-0,01560287555930262|-0,039783182847316856|0,010645921965764638|0,0028132722403864108|-0,010655057890640918|Wacht op Yahoo...|842,0|1357,0|1184,0|1183,0|1201,7
1281|944|1565|Xtrackers LPX Private Equity Swap UCITS 1C ETF|Other|Acc|LU0322250712|DX2D.DE|EUR|0,7|108,4000015258789|109,36000061035156|-0,1020543370630067|0,006873470542431148|-0,16345114991424436|-0,15007056023408138|-0,0466776061337939|Wacht op Yahoo...|1592,0|666,0|1593,0|1495,0|1202,45
1282|1555|828|L&G Clean Energy UCITS ETF USD Acc|Commodity / Energy|Acc|IE00BK5BCH80|RENW.DE|EUR|0,49|13,526000022888184|13,640000343322754|-0,031366351563943295|-0,14479008371663815|0,2679039878478937|0,12961416809278448|-0,04719639263406006|Wacht op Yahoo...|1321,0|1593,0|269,0|1501,0|1202,8
1283|1456|947|StSt SPDR Dow Jones Gl Real Estate UCITS ETF Acc|Real Estate|Acc|IE00BH4GR342|SPY2.DE|EUR|0,4|19,461999893188477|19,36199951171875|-0,03414390761124886|-0,045980379553035244|0,1014148165906732|0,09967227616270069|0,004618648226931921|Wacht op Yahoo...|1349,0|1418,0|905,0|1036,0|1203,0
1284|967|1542|iShares Europe Defence UCITS EUR (Acc) ETF|Region: Europe|Acc|IE000IAXNM41|DFNC.DE|EUR|0,35|5,232999801635742|5,271999835968018|-0,06553573379407152|0,005572599052978022|-0,0876918155591232|0,007702669571948428|-0,044836417486722735|Wacht op Yahoo...|1543,0|715,0|1554,0|1487,0|1203,35
1285|1496|907|Xtrackers MSCI USA Industrials UCITS 1D ETF|Region: US|Distr|IE00BCHWNV48|XUIN.DE|EUR|0,12|95,4800033569336|95,69000244140625|-0,02491824813764698|-0,08879145679578293|0,1458266190760107|0,11700496856035825|0,0017596462781557243|Wacht op Yahoo...|1197,0|1550,0|773,0|1053,0|1203,4
1286|1354|1103|StSt SPDR MSCI Europe Consumer Staples UCITS ETF|Region: Europe|Unknown|IE00BKWQ0D84|SPYC.DE|EUR|0,18|229,39999389648438|229,75|-0,02279022834298461|-0,039162329229384785|0,05933960130979665|0,008573299513764843|-0,014563567393678922|Wacht op Yahoo...|1119,0|1354,0|1005,0|1216,0|1203,9
1287|1439|982|Guinness Sustainable Energy UCITS ETF Acc|Commodity / Energy|Acc|IE00BNC1F287|ECLM.DE|EUR|0,65|6,797999858856201|6,789000034332275|-0,019472122771295286|-0,07169194300822457|0,11333113631092351|0,06384976539835185|-0,007668041102020573|Wacht op Yahoo...|994,0|1517,0|877,0|1146,0|1204,35
1288|1269|1246|JPMorgan Global High Yield Corporate Bond Multi-Factor UCITS ETF EUR Hedged (dist)|Bonds / Fixed Income|Distr|IE000YK1TO74|JYEH.DE|EUR|0,35|88,5|89,30000305175781|-0,030561955170851585|-0,02501576592118493|0,00722369703974568|-0,006600357079729058|-0,01562762404297724|Wacht op Yahoo...|1305,0|1152,0|1206,0|1236,0|1205,25
1289|1246|1279|iShares Fallen Angels High Yield Corp Bond UCITS EUR Hedged (Dist) ETF|Bonds / Fixed Income|Distr|IE00BF3N7219|IBC7.DE|EUR|0,55|4,380899906158447|4,406099796295166|-0,027334411577535023|-0,02462366837973573|-0,0007225320359153242|-0,011289539242034241|-0,015483323468793664|Wacht op Yahoo...|1251,0|1145,0|1255,0|1231,0|1205,6
1290|1060|1469|BNPPE Bloomberg Europe Defense UCITS ETF Cap|Region: Europe|Unknown|LU3047998896|BJL8.DE|EUR|0,35|11,039999961853027|11,128000259399414|-0,057055023129941485|0,0009066390864853613|-0,05447068337595162|0,0018148369563149025|-0,022464288586176995|Wacht op Yahoo...|1520,0|831,0|1520,0|1329,0|1206,2
1291|1193|1331|iShares Core   Corp Bond UCITS ETF EUR D|Bonds / Fixed Income|Distr|IE00B3F81R35|EUN5.DE|EUR|0,09|115,28500366210938|115,4749984741211|-0,017429456550166367|-0,02876040141937708|-0,013011178761887399|-0,014521018351507209|-0,018227153316224376|Wacht op Yahoo...|907,0|1215,0|1321,0|1274,0|1207,1
1292|1222|1307|iShares $ High Yield Corp Bond ESG SRI UCITS EUR Hedged (Acc) ETF|ESG / Sustainable|Acc|IE00BMDFDY08|UEEF.DE|EUR|0,27|5,647200107574463|5,666399955749512|-0,025403855810584464|-0,023077182600682034|-0,0063694347675139484|-0,015892910071938604|-0,017640255057816523|Wacht op Yahoo...|1211,0|1130,0|1289,0|1261,0|1208,1
1293|1206|1323|JPM EUR IG Corporate Bond Active UCITS ETF EUR D|Bonds / Fixed Income|Distr|IE000WAKWCV7|JEBE.DE|EUR|0,04|97,1760025024414|97,1500015258789|-0,019375132759517077|-0,027911129604237805|-0,011671722739727386|-0,014004987935797075|-0,017702022158632147|Wacht op Yahoo...|991,0|1199,0|1310,0|1263,0|1208,35
1294|1063|1476|iShares Asia Property Yield UCITS USD (Acc) ETF|Real Estate|Acc|IE00BGDPWV87|AYEP.DE|EUR|0,59|4,548999786376953|4,546500205993652|-0,026639621917673995|-0,00633470551608295|-0,025597121470347872|-0,04782843723974828|-0,045256444716077926|Wacht op Yahoo...|1238,0|938,0|1404,0|1488,0|1209,5
1295|1266|1269|UBS Core BBG US Liquid Corp UCITS ETF USD dis|Region: US|Distr|LU1048316647|UEF9.DE|EUR|0,06|12,156999588012695|12,168999671936035|-0,009572716297874262|-0,04120854221787451|-0,0010329355265953355|-0,0038212980691422205|-0,013724601952766702|Wacht op Yahoo...|709,0|1373,0|1259,0|1206,0|1211,5
1296|1195|1338|Xtrackers II ESG EUR Corporate Bond UCITS 1C ETF|ESG / Sustainable|Acc|LU0484968903|XB4D.DE|EUR|0,16|7,009200096130371|7,002999782562256|-0,018456756991730994|-0,028227585553092904|-0,014232687459888593|-0,014869947771082748|-0,017876262206517612|Wacht op Yahoo...|956,0|1204,0|1334,0|1267,0|1211,9
1297|1445|996|Invesco S&P 500 High Div Low Vlty UCITS ETF Dist|Region: US|Distr|IE00BWTN6Y99|HDLV.DE|EUR|0,3|32,11000061035156|32,0|-0,05665117737552616|-0,037301814951194|0,07265507184766018|0,0802062485807562|-0,00019847008995754756|Wacht op Yahoo...|1517,0|1330,0|960,0|1064,0|1212,35
1298|1154|1386|iShares Global Inflation Linked Govt Bond UCITS EUR Hedged (Acc) ETF|Bonds / Fixed Income|Acc|IE00BKPT2S34|IS3V.DE|EUR|0,2|4,451099872589111|4,44789981842041|-0,01672269162494988|-0,026911870192549814|-0,017330507850085164|-0,017373850211149233|-0,023341444366459796|Wacht op Yahoo...|876,0|1180,0|1368,0|1338,0|1213,0
1299|1143|1394|iShares USD Development Bank Bonds UCITS EUR Hedged (Acc) ETF|Financials|Acc|IE00BMCZLH06|UEEG.DE|EUR|0,18|4,595300197601318|4,605400085449219|-0,019982923759140347|-0,02154788261551055|-0,023606094243222575|-0,028251762439118533|-0,02375898420546496|Wacht op Yahoo...|1019,0|1112,0|1390,0|1343,0|1213,75
1300|1146|1392|UBS Sustainable Dev Bank Bonds UCITS ETF hEUR acc|Financials|Acc|LU1852211991|MDBE.DE|EUR|0,18|9,909600257873535|9,924599647521973|-0,019336891955914814|-0,022673644069677756|-0,023155357681226563|-0,028613408110349736|-0,023655795537316227|Wacht op Yahoo...|989,0|1125,0|1389,0|1341,0|1213,8
1301|1207|1339|Xtrackers II EUR Corporate Bond UCITS 1C ETF|Bonds / Fixed Income|Acc|LU0478205379|D5BG.DE|EUR|0,09|159,7449951171875|160,02499389648438|-0,018041539775841775|-0,02911239820286926|-0,013280268683615981|-0,01452813632113148|-0,018600059962145976|Wacht op Yahoo...|931,0|1222,0|1323,0|1282,0|1215,6
1302|1210|1336|Goldman Sachs EUR InvGr Crp Bd Act UCITS ETF EUR D|Other|Distr|IE0009EDBBS3|GIGE.DE|EUR|0,18|48,54399871826172|48,61899948120117|-0,01891675086164124|-0,028446686531101162|-0,013594096657177368|-0,014953366810396385|-0,018271832387254605|Wacht op Yahoo...|975,0|1208,0|1325,0|1276,0|1215,9
1303|1261|1283|iShares $ Treasury Bd 7-10y UCITS ETF USD Dist|Bonds / Fixed Income|Distr|IE00B1FZS798|IUSM.DE|EUR|0,07|144,35000610351562|144,0500030517578|-0,012147092533682624|-0,038788059463095936|-0,0013041996622635832|-0,009027579475277436|-0,015845287830945076|Wacht op Yahoo...|755,0|1348,0|1262,0|1240,0|1215,95
1304|1258|1287|BNPP Easy EUR HY SRI Fossil Free UCITS ETF Cap|ESG / Sustainable|Unknown|LU2244386053|ASRF.DE|EUR|0,25|11,040499687194824|11,086000442504883|-0,024087337113299467|-0,027054431755493602|-0,0023043825755962866|-0,01375678080373588|-0,016712707284970985|Wacht op Yahoo...|1177,0|1183,0|1268,0|1247,0|1216,15
1305|1174|1381|BNPP Easy JPM Tilted EMU GovBd IG 3-5Y UCITS ETF C|Other|Acc|LU2244387457|ASRE.DE|EUR|0,15|9,590399742126465|9,610199928283691|-0,017115197126485904|-0,027480876756830308|-0,018523517732091266|-0,021048179212809326|-0,02028149708628535|Wacht op Yahoo...|892,0|1192,0|1372,0|1313,0|1216,2
1306|1209|1340|Goldman Sachs EUR InvGr Crp Bd Act UCITS ETF EUR A|Other|Acc|IE000O6GI299|GIGA.DE|EUR|0,18|50,27799987792969|50,358001708984375|-0,018965856040396356|-0,028444446803291057|-0,013731428344372132|-0,015045283368268603|-0,01836844771573809|Wacht op Yahoo...|977,0|1207,0|1327,0|1279,0|1216,9
1307|1470|960|State Street SPDR Dow Jones Global Real Estate UCITS ETF|Real Estate|Unknown|IE00B8GF1M35|SPYJ.DE|EUR|0,4|31,844999313354492|31,7450008392334|-0,036033659475465885|-0,04819593949709988|0,09891566666320029|0,0952466575395845|0,0023230414511192787|Wacht op Yahoo...|1375,0|1432,0|913,0|1049,0|1217,1
1308|1205|1342|Amundi EUR Corporate Bond ESG UCITS ETF 2 DR EUR C|ESG / Sustainable|Acc|LU1681039647|TCC4.DE|EUR|0,14|223,13999938964844|223,58999633789062|-0,018085811266673524|-0,029066259340713052|-0,013963780908065826|-0,015833795287522157|-0,01874494922732517|Wacht op Yahoo...|932,0|1221,0|1330,0|1284,0|1217,5
1309|1191|1368|BNP Paribas Easy ESG Enhcd EUR Corp Bd UCITS ETF D|ESG / Sustainable|Distr|LU2697596828|BJLP.DE|EUR|0,18|10,080499649047852|10,079000473022461|-0,01725567156152863|-0,02871323757108335|-0,01800514809721354|-0,015098841674234253|-0,018291326728087753|Wacht op Yahoo...|899,0|1212,0|1370,0|1277,0|1217,55
1310|1200|1347|Vanguard EUR Corporate Bond UCITS ETF EUR Acc|Bonds / Fixed Income|Acc|IE00BGYWT403|VECA.DE|EUR|0,07|52,284000396728516|52,380001068115234|-0,01795644725016865|-0,029044703395383786|-0,014439186641814428|-0,01584909578476168|-0,018839901383936875|Wacht op Yahoo...|925,0|1220,0|1336,0|1286,0|1217,95
1311|1213|1345|Invesco EUR Corp Bd ESG Mlt Factor UCITS ETF Dist|ESG / Sustainable|Distr|IE0006LBEDV2|ECMF.DE|EUR|0,19|4,889699935913086|4,884799957275391|-0,018717530635998347|-0,02877004460228272|-0,014498659193813324|-0,015489668993616479|-0,018524879133028582|Wacht op Yahoo...|963,0|1216,0|1337,0|1281,0|1221,3
1312|1204|1354|State Street SPDR Bloomberg Euro Corporate Bond UCITS ETF|Bonds / Fixed Income|Unknown|IE00B3T9LM79|SYBC.DE|EUR|0,12|51,23400115966797|51,1879997253418|-0,01888165526591845|-0,028314679447401958|-0,014594626916920928|-0,01602334755496493|-0,019095930033771524|Wacht op Yahoo...|974,0|1205,0|1338,0|1295,0|1221,6
1313|1215|1346|Amundi Core EUR Corporate Bond UCITS Acc ETF|Bonds / Fixed Income|Acc|LU2089238625|PRAC.DE|EUR|0,07|19,78849983215332|19,83650016784668|-0,01808663960622281|-0,02964251592691791|-0,013780248918258131|-0,014664161144602894|-0,019055638162771227|Wacht op Yahoo...|933,0|1228,0|1328,0|1294,0|1221,95
1314|1217|1351|Fidelity EUR Corp Bd Rs Enh PAB UCITS ETF Acc EUR|Other|Acc|IE0000VKUF67|FEIA.DE|EUR|0,2|5,247000217437744|5,2555999755859375|-0,0181511316852232|-0,029734822716804277|-0,015128723030341518|-0,015054760369453968|-0,018418408897765248|Wacht op Yahoo...|936,0|1229,0|1345,0|1280,0|1224,25
1315|1356|1145|iShares Global Water UCITS ETF USD (Dist)|Commodity / Energy|Distr|IE00B1TXK627|IQQQ.DE|EUR|0,65|64,68000030517578|64,58999633789062|-0,018214890684135954|-0,0471419722704991|0,02701118359987431|0,019225953341855506|-0,01209917333668653|Wacht op Yahoo...|939,0|1424,0|1101,0|1194,0|1224,5
1316|1218|1350|Amundi EUR Corp Bd Cl Paris Aligned UCITS ETF A|Other|Acc|LU1829219127|LYEB.DE|EUR|0,14|152,19500732421875|152,48500061035156|-0,018286728229380045|-0,029554259087677615|-0,014600127345933855|-0,01603359093976675|-0,018866604411223564|Wacht op Yahoo...|944,0|1227,0|1339,0|1287,0|1224,55
1317|1309|1235|iShares US Mortgage Backed Sec UCITS ETF USD D|Region: US|Distr|IE00BZ6V7883|QDVP.DE|EUR|0,29|3,5104000568389893|3,506999969482422|-0,017382766631222513|-0,039903730096845|0,010031728461662226|-0,002924721914739692|-0,015606155991134574|Wacht op Yahoo...|905,0|1360,0|1192,0|1235,0|1224,75
1318|1368|1129|UBS Factor MSCI USA Low Volatility UCITS USD dis ETF|Factor / Smart Beta|Distr|IE00BX7RQY03|UBUR.DE|EUR|0,18|29,225000381469727|29,104999542236328|-0,04085982802563126|-0,032426370224708956|0,028915886758471565|0,0391475585454486|-0,01006877166843445|Wacht op Yahoo...|1428,0|1261,0|1091,0|1174,0|1226,15
1319|1219|1358|iShares iBonds Dec 2031 Term Corp UCITS EUR (Acc) ETF|Other|Acc|IE000D9WMGF0|IG31.DE|EUR|0,12|5,14300012588501|5,127799987792969|-0,019334890179431352|-0,028632924819479433|-0,015165982194438987|-0,016371475897909105|-0,018904800030251412|Wacht op Yahoo...|988,0|1211,0|1346,0|1288,0|1226,7
1320|1225|1348|iShares Corp Bond ESG SRI UCITS EUR (Acc) ETF|ESG / Sustainable|Acc|IE000L2TO2T2|SUA0.DE|EUR|0,14|5,283599853515625|5,295599937438965|-0,018720756152305618|-0,02953493223786785|-0,014290525688021027|-0,016382510810859285|-0,019013368369888872|Wacht op Yahoo...|964,0|1226,0|1335,0|1291,0|1226,95
1321|1385|1124|Amundi STOXX Europe 600 Telecom UCITS ETF A|Region: Europe|Acc|LU1834988609|LTCM.DE|EUR|0,3|50,29999923706055|50,45000076293945|-0,03805702129708455|-0,034178236010213525|0,13059108427513944|0,09217237875922235|-0,04672787942793155|Wacht op Yahoo...|1398,0|1291,0|825,0|1496,0|1231,55
1322|1229|1362|Xtrackers II Target Maturity Sept 2031 EUR Corporate Bond UCITS ETF|Bonds / Fixed Income|Unknown|LU2673523481|XB31.DE|EUR|0,12|29,114999771118164|29,135000228881836|-0,018573470919266644|-0,02987483028770077|-0,014968948376009594|-0,0168625043957219|-0,01929354877125511|Wacht op Yahoo...|960,0|1231,0|1343,0|1300,0|1232,15
1323|1422|1084|Invesco STOXX Europe 600 Optimised Telecommunications UCITS Acc ETF|Region: Europe|Acc|IE00B5MJYB88|SC0Q.DE|EUR|0,2|135,0800018310547|137,39999389648438|-0,03967013853105572|-0,03789168302494417|0,14942142349886045|0,101974219393699|-0,04380393283732553|Wacht op Yahoo...|1415,0|1334,0|761,0|1484,0|1232,9
1324|1228|1364|iShares iBonds Dec 2031 Term Corp UCITS EUR (Dist) ETF|Other|Distr|IE000I2WYEU9|31IG.DE|EUR|0,12|4,849800109863281|4,84689998626709|-0,018405770064292892|-0,030047748183169576|-0,015604443402158719|-0,016799852676118054|-0,01928320977974929|Wacht op Yahoo...|951,0|1234,0|1351,0|1298,0|1233,6
1325|998|1585|Franklin FTSE China UCITS ETF|Region: Emerging Markets / Asia|Unknown|IE00BHZRR147|FLXC.DE|EUR|0,19|25,0|24,975000381469727|-0,03400305986488039|0,0018032489052903777|-0,1546914841899989|-0,12080181221936037|-0,06194361364188483|Wacht op Yahoo...|1345,0|820,0|1589,0|1534,0|1233,8
1326|1481|969|Xtrackers Developed Green Real Estate ESG UCITS 1C ETF|Real Estate|Acc|IE00BN2BCY94|XDRE.DE|EUR|0,18|28,635000228881836|28,604999542236328|-0,03909392744983253|-0,052291905203605604|0,08754273877154439|0,08568721246945343|0,003966264010667242|Wacht op Yahoo...|1406,0|1453,0|935,0|1044,0|1234,65
1327|1397|1121|Amundi STOXX Europe 600 Consumer Staples UCITS Dist ETF|Region: Europe|Distr|LU2082997359|DFOP.DE|EUR|0,3|128,36000061035156|128,5800018310547|-0,024916429614894042|-0,041374111565797955|0,05718874942787244|0,004381827427398122|-0,01766759110944871|Wacht op Yahoo...|1196,0|1377,0|1011,0|1262,0|1235,35
1328|1220|1380|Janus Henderson EUR IG Bond Paris-aligned Climate Active Core UCITS ETF|ESG / Sustainable|Unknown|IE00BN4GXL63|TABC.DE|EUR|0,19|9,694999694824219|9,713199615478516|-0,01810858816836547|-0,029956808698718973|-0,017212792004016264|-0,017750446754022264|-0,01995330910760762|Wacht op Yahoo...|934,0|1232,0|1366,0|1312,0|1236,8
1329|1234|1366|Vanguard ESG EUR Corp Bond UCITS ETF EUR Acc|ESG / Sustainable|Acc|IE000QADMYA3|V3RE.DE|EUR|0,09|5,683199882507324|5,692399978637695|-0,019157098843104903|-0,029839522882811997|-0,015418769863911996|-0,016373048442571037|-0,01949977918056156|Wacht op Yahoo...|982,0|1230,0|1348,0|1304,0|1237,1
1330|1034|1549|WisdomTree Europe Defence UCITS - EUR Acc ETF|Region: Europe|Acc|IE0002Y8CX98|EUDF.DE|EUR|0,4|30,565000534057617|30,854999542236328|-0,06614723612766615|0,003282467781679399|-0,08802025687943071|-0,007146315232903433|-0,048287001583678824|Wacht op Yahoo...|1545,0|789,0|1557,0|1503,0|1237,2
1331|1283|1297|Invesco US Treasury Bond 7-10 Year UCITS Acc ETF|Bonds / Fixed Income|Acc|IE00BF2FN752|TRXA.DE|EUR|0,06|37,18000030517578|37,176998138427734|-0,014054595390194713|-0,04059035723081694|-0,002468315505927965|-0,011065016458719823|-0,017897344925535852|Wacht op Yahoo...|802,0|1365,0|1270,0|1268,0|1237,4
1332|1288|1298|Invesco US Treasury Bond 7-10 Year UCITS ETF Dist|Bonds / Fixed Income|Distr|IE00BF2FN646|TRDX.DE|EUR|0,06|29,343000411987305|29,341999053955078|-0,014048172376988521|-0,04097017205852704|-0,00275987976476455|-0,013995028117535502|-0,017802517904161985|Wacht op Yahoo...|800,0|1370,0|1273,0|1265,0|1239,25
1333|1286|1303|StSt SPDR BBG 7-10 Y U.S. Treas Bd UCITS ETF Dist|Other|Distr|IE00BYSZ5T81|SPP7.DE|EUR|0,05|21,291000366210938|21,288000106811523|-0,013803340868253966|-0,04074074583318443|-0,0031398201874925924|-0,010558483296982502|-0,018004067228735487|Wacht op Yahoo...|797,0|1369,0|1274,0|1269,0|1239,45
1334|1235|1372|Franklin Euro IG Corporate UCITS ETF|Bonds / Fixed Income|Unknown|IE000H0TSO96|EIGC.DE|EUR|0,15|25,614999771118164|25,655000686645508|-0,019071002261164538|-0,029992041097090638|-0,015488839131732934|-0,01637685254643695|-0,0203013370024534|Wacht op Yahoo...|979,0|1233,0|1349,0|1314,0|1240,1
1335|1194|1401|iShares Core Gl Aggregate Bd UCITS ETF EUR Hgd Acc|Other|Acc|IE00BDBRDM35|EUNA.DE|EUR|0,1|4,801000118255615|4,810800075531006|-0,01880237180920863|-0,027724325377163295|-0,02460330900047203|-0,024821256290377125|-0,023534797995042434|Wacht op Yahoo...|970,0|1195,0|1396,0|1339,0|1240,3
1336|1223|1384|UBS Core BBG EUR Gov 1-10 UCITS ETF EUR acc|Other|Acc|LU0969639474|CHSF.DE|EUR|0,09|16,77549934387207|16,79400062561035|-0,01802912554370073|-0,030289903328805545|-0,018057849246661983|-0,02026573998501302|-0,021530389188555543|Wacht op Yahoo...|929,0|1237,0|1371,0|1324,0|1241,7
1337|1405|1128|Amundi STOXX Europe 600 Consum Staples UCITS ETF A|Region: Europe|Acc|LU1834985845|LFOD.DE|EUR|0,3|91,56999969482422|91,77999877929688|-0,025436349648106704|-0,041854138461576484|0,05629250335661662|0,0038368610988535057|-0,018163496714825755|Wacht op Yahoo...|1212,0|1383,0|1012,0|1272,0|1242,4
1338|1282|1317|Invesco Euro Corporate Hybrid Bond UCITS Acc ETF|Bonds / Fixed Income|Acc|IE00BKWD3B81|EHBA.DE|EUR|0,39|44,755001068115234|44,790000915527344|-0,023115164075532935|-0,030584589736814216|-0,0076936746244825605|-0,015529739552356037|-0,01824540956296672|Wacht op Yahoo...|1135,0|1239,0|1293,0|1275,0|1244,1
1339|1247|1366|iShares   Corp Bond Large Cap UCITS ETF EUR Dist|Bonds / Fixed Income|Distr|IE0032523478|IBCS.DE|EUR|0,09|119,77999877929688|120,08499908447266|-0,019664648690880027|-0,03052315537900563|-0,015044968150109028|-0,01570934951117764|-0,019784898919123828|Wacht op Yahoo...|1008,0|1238,0|1344,0|1309,0|1244,2
1340|1271|1335|Amundi USD High Yield Corp Bd ESG UCITS ETF EURH D|ESG / Sustainable|Distr|LU1435356495|LYXE.DE|EUR|0,3|73,18199920654297|73,5780029296875|-0,02884977334353067|-0,02598029399782531|-0,010760434051682255|-0,016793852285646005|-0,019381764150241065|Wacht op Yahoo...|1279,0|1166,0|1304,0|1302,0|1244,65
1341|1216|1391|StSt SPDR BBG Gl Aggrt Bd EUR Hdg UCITS ETF Dist|Other|Distr|IE00BF1QPL78|SPFE.DE|EUR|0,1|24,795000076293945|24,788000106811523|-0,01957298621248693|-0,028155100504749675|-0,023063339319328025|-0,024958961141980596|-0,02270347531099426|Wacht op Yahoo...|1004,0|1202,0|1388,0|1333,0|1245,0
1342|1399|1144|iShares MSCI Europe Consumer Staples Sector UCITS EUR (Acc) ETF|Region: Europe|Acc|IE00BMW42074|ESIS.DE|EUR|0,18|5,775000095367432|5,797999858856201|-0,023173220529194016|-0,04324050518513034|0,053063435164669714|0,017262647313870616|-0,018939962399011523|Wacht op Yahoo...|1138,0|1401,0|1024,0|1290,0|1245,1
1343|1208|1400|State Street SPDR Bloomberg Global Aggregate Bond UCITS ETF|Bonds / Fixed Income|Unknown|IE000AQ7A2X6|SPFF.DE|EUR|0,1|31,36199951171875|31,413999557495117|-0,01950855212048075|-0,02777605321324217|-0,024419070615035232|-0,024145900951288435|-0,023598412460253293|Wacht op Yahoo...|999,0|1197,0|1395,0|1340,0|1245,4
1344|1298|1301|Amundi Euro Gov Inflation-Linked Bond UCITS ETF A|Bonds / Fixed Income|Acc|LU1650491282|LYQ7.DE|EUR|0,09|166,55499267578125|166,85000610351562|-0,02282269636116685|-0,03258502499998894|0,00027024305104683677|0,0047051654834258105|-0,019352601792601676|Wacht op Yahoo...|1122,0|1263,0|1247,0|1301,0|1245,45
1345|1187|1425|iShares Broad Global Govt Bond UCITS EUR Hedged (Acc) ETF|Bonds / Fixed Income|Acc|IE000XFP47S2|CEMB.DE|EUR|0,13|4,9156999588012695|4,925000190734863|-0,017842188531023373|-0,027787680056433506|-0,030127841169682923|-0,028018401044602737|-0,023719452682652964|Wacht op Yahoo...|922,0|1198,0|1439,0|1342,0|1245,65
1346|1255|1363|iShares J.P. Morgan USD EM Corp Bond UCITS EUR Hedged (Acc) ETF|Bonds / Fixed Income|Acc|IE00BKT1CS59|SNAZ.DE|EUR|0,53|4,992700099945068|5,024799823760986|-0,023833746002971834|-0,02718126158656653|-0,01388506802816869|-0,018383101916414235|-0,021359942897700046|Wacht op Yahoo...|1167,0|1185,0|1329,0|1323,0|1245,9
1347|1471|1023|VanEck Global Real Estate UCITS ETF|Real Estate|Unknown|NL0009690239|TRET.DE|EUR|0,25|39,20500183105469|39,03499984741211|-0,03468558768911245|-0,049880954956284196|0,07270768992150001|0,07457537340906506|-0,006666306287595347|Wacht op Yahoo...|1357,0|1441,0|959,0|1133,0|1246,3
1348|1244|1375|iShares   Corp Bond ex-Financials UCITS ETF EUR D|Financials|Distr|IE00B4L5ZG21|EUNR.DE|EUR|0,2|105,01499938964844|105,11000061035156|-0,01928466946297125|-0,030907135951408038|-0,016511599060734405|-0,017494833193929193|-0,01985147222066519|Wacht op Yahoo...|984,0|1243,0|1358,0|1311,0|1246,5
1349|1515|957|iShares US Property Yield UCITS ETF USD (Dist)|Real Estate|Distr|IE00B1FZSF77|IQQ7.DE|EUR|0,4|27,190000534057617|27,065000534057617|-0,04159324181421731|-0,06475067514226651|0,10165513444538066|0,12853775601390027|0,002005652074151376|Wacht op Yahoo...|1433,0|1493,0|904,0|1051,0|1248,35
1350|1201|1411|HSBC Global Government Bond UCITS C H EUR ETF|Bonds / Fixed Income|Unknown|IE000QL3QEM2|H41S.DE|EUR|0,1|10,125499725341797|10,152000427246094|-0,018323731868329807|-0,02872906090296723|-0,026955641772584138|-0,025925995243280098|-0,023839344270928375|Wacht op Yahoo...|946,0|1213,0|1413,0|1344,0|1249,15
1351|1250|1377|BNP Paribas Easy ESG Enhcd EUR Corp Bd UCITS ETF C|ESG / Sustainable|Acc|LU2697596745|BJLN.DE|EUR|0,18|10,635000228881836|10,659000396728516|-0,01949939244094545|-0,030935303000270142|-0,016416163802835948|-0,017370389553446386|-0,02058315722346349|Wacht op Yahoo...|997,0|1244,0|1357,0|1317,0|1249,8
1352|1425|1114|Invesco STOXX Europe 600 Optimised Retail UCITS Acc ETF|Region: Europe|Acc|IE00B5MTZM66|SC05.DE|EUR|0,2|247,10000610351562|245,0500030517578|-0,057409834611369726|-0,03476560115814209|0,025524005947983097|-0,024091591304298055|-0,006723980940886998|Wacht op Yahoo...|1521,0|1299,0|1104,0|1134,0|1250,55
1353|1126|1500|iShares Asia Property Yield UCITS ETF USD Dist|Real Estate|Distr|IE00B1FZS244|IQQ4.DE|EUR|0,59|18,3439998626709|18,402000427246094|-0,029931252739733405|-0,010005313576135544|-0,029772227659152217|-0,052018283578007085|-0,048809821229062966|Wacht op Yahoo...|1300,0|990,0|1435,0|1505,0|1250,75
1354|1203|1414|iShares Global Aggregate Bond ESG ?SRI UCITS EUR Hedged (Acc) ETF|ESG / Sustainable|Acc|IE000APK27S2|AEGE.DE|EUR|0,1|4,480000019073486|4,471499919891357|-0,018748883130924376|-0,02832602605674206|-0,026975342147395276|-0,02769341677879733|-0,02448392366162533|Wacht op Yahoo...|967,0|1206,0|1414,0|1352,0|1251,35
1355|1255|1378|iShares EUR Corp Bond ex-Financials UCITS EUR (Acc) ETF|Financials|Acc|IE0000BH4WF5|IEXA.DE|EUR|0,2|5,302800178527832|5,309800148010254|-0,019633895902453347|-0,030956423538269107|-0,016907651830731174|-0,01723561532874396|-0,020309859078882053|Wacht op Yahoo...|1007,0|1245,0|1361,0|1315,0|1252,3
1356|1377|1207|Amundi STOXX Europe 600 Telecommunications UCITS Dist ETF|Region: Europe|Distr|LU2082999058|INDB.DE|EUR|0,3|67,63999938964844|67,80000305175781|-0,03893148580133632|-0,03330001129634497|0,09044012124378686|0,09947982585088622|-0,045932490350850785|Wacht op Yahoo...|1404,0|1279,0|929,0|1492,0|1252,85
1357|1314|1305|Amundi Core USD Corporate Bond UCITS Dist ETF|Bonds / Fixed Income|Distr|LU2037749152|PR1P.DE|EUR|0,07|14,912500381469727|14,921500205993652|-0,013332005735927521|-0,04538614301421273|-0,006412013978318809|-0,006628011050983762|-0,016950289897831983|Wacht op Yahoo...|784,0|1413,0|1290,0|1251,0|1255,5
1358|1230|1404|iShares eb.rexx Government Germany UCITS (DE) ETF|Region: Europe|Unknown|DE0006289465|EXHA.DE|EUR|0,16|120,0250015258789|120,12000274658203|-0,017758485816643632|-0,031747965102860376|-0,025811789089492665|-0,0229104243499062|-0,02268236576528393|Wacht op Yahoo...|919,0|1250,0|1405,0|1332,0|1255,5
1359|1443|1109|State Street SPDR S&P U.S. Dividend Aristocrats UCITS ETF|Factor / Smart Beta|Unknown|IE00B979GK47|SPPD.DE|EUR|0,4|8,762999534606934|8,788999557495117|-0,05904838931661671|-0,03661053001738235|0,062223387484505066|0,05710115206177768|-0,016234063847823887|Wacht op Yahoo...|1529,0|1323,0|998,0|1242,0|1256,45
1360|1409|1157|Amundi MDAX UCITS Dist ETF|Other|Distr|FR0011857234|MD4X.DE|EUR|0,2|145,3800048828125|145,77999877929688|-0,06327314599564438|-0,03286323975990346|0,024064641579890633|0,001101801823195192|-0,013320610438637415|Wacht op Yahoo...|1539,0|1271,0|1111,0|1202,0|1257,4
1361|1315|1309|iShares   Inflation Linked Govt Bd UCITS ETF EUR A|Other|Acc|IE00B0M62X26|IBCI.DE|EUR|0,09|230,25999450683594|230,69000244140625|-0,023577358344063604|-0,03308979971029191|-0,0003039435751409636|0,002918237639410348|-0,019841362820445574|Wacht op Yahoo...|1155,0|1275,0|1251,0|1310,0|1258,0
1362|1311|1311|State Street SPDR Bloomberg 15+ Year Gilt UCITS ETF|Bonds / Fixed Income|Unknown|IE00B6YX5L24|SYBL.DE|EUR|0,15|37,5|37,323001861572266|-0,013573202232545212|-0,04395544760807002|0,007665531799215586|-0,042491672305476125|-0,027995953155124043|Wacht op Yahoo...|791,0|1407,0|1203,0|1381,0|1258,4
1363|1254|1387|PIMCO Advantage Covered Bond UCITS - EUR Income ETF|Bonds / Fixed Income|Distr|IE00BF8HV717|COVR.DE|EUR|0,43|101,2699966430664|101,26499938964844|-0,019129314261953523|-0,03197439458020168|-0,021317522815740064|-0,022975745640394507|-0,02184949817587789|Wacht op Yahoo...|981,0|1254,0|1380,0|1325,0|1258,75
1364|1418|1160|Invesco MDAX UCITS ETF|Other|Unknown|IE00BHJYDV33|DEAM.DE|EUR|0,19|51,040000915527344|51,13999938964844|-0,06228181831051871|-0,03351638727013673|0,02417983050450445|-0,0033196284316446834|-0,013825076302780848|Wacht op Yahoo...|1537,0|1281,0|1110,0|1207,0|1261,85
1365|1318|1308|Amundi Core USD Corporate Bond UCITS Acc ETF|Bonds / Fixed Income|Acc|LU2089239276|PRAP.DE|EUR|0,05|18,25200080871582|18,27199935913086|-0,01417801508818961|-0,04579670842764294|-0,006964002061763064|-0,0071260738498686305|-0,01742528900446305|Wacht op Yahoo...|808,0|1416,0|1291,0|1259,0|1262,15
1366|1441|1126|First Trust Germany AlphaDEX UCITS ETF|Region: Europe|Unknown|IE00BWTNM966|FTGG.DE|EUR|0,65|34,72999954223633|34,834999084472656|-0,04560331781714433|-0,03834205374208255|0,079142087669958|-0,00797065751986048|-0,02436658403804348|Wacht op Yahoo...|1469,0|1342,0|944,0|1351,0|1263,35
1367|1602|879|L&G Battery Value-Chain UCITS ETF USD Acc|Factor / Smart Beta|Acc|IE00BF0M2Z96|BATE.DE|EUR|0,49|25,75|25,96500015258789|-0,07374098177411692|-0,1659919028340081|0,23798081463963494|0,005074127888689439|-0,1067649970021195|Wacht op Yahoo...|1562,0|1596,0|310,0|1588,0|1267,8
1368|1536|981|UBS MSCI China A SF UCITS USD acc ETF|Region: Emerging Markets / Asia|Acc|IE00BKFB6K94|CNUA.DE|EUR|0,24|148,66000366210938|150,22000122070312|-0,03190931215412851|-0,09120918206343265|0,11155972451121166|0,05898275032978462|-0,006222282416089686|Wacht op Yahoo...|1329,0|1555,0|883,0|1130,0|1268,1
1369|1275|1382|UBS BBG MSCI Euro Area Liquid Corp Sustainable UCITS EUR dis ETF|Region: Europe|Distr|LU1484799769|UIMC.DE|EUR|0,13|12,479999542236328|12,494000434875488|-0,020446677814387137|-0,03264024587038605|-0,017196434571552177|-0,018615164583828725|-0,021952351777044576|Wacht op Yahoo...|1039,0|1265,0|1365,0|1326,0|1268,3
1370|1324|1313|Amundi Euro Government Inflation-Linked Bond UCITS Dist ETF|Bonds / Fixed Income|Distr|LU1650491795|E15H.DE|EUR|0,09|140,55999755859375|140,8350067138672|-0,023854978819216943|-0,03398513561922756|-0,0008208859059704032|0,00228174595618702|-0,02039498071377699|Wacht op Yahoo...|1170,0|1289,0|1257,0|1316,0|1268,55
1371|1454|1113|Xtrackers MSCI Pakistan Swap UCITS 1C ETF|Other|Acc|LU0659579147|XBAK.DE|EUR|0,85|1,5091999769210815|1,4947999715805054|-0,022158916157886455|-0,06816502639812927|0,01904120955013755|-0,04396304950130481|-0,0027435946063578687|Wacht op Yahoo...|1093,0|1505,0|1142,0|1086,0|1268,65
1372|1604|874|Global X Lithium and Battery Tech UCITS ETF USDAcc|Technology|Acc|IE00BLCHJN13|LI7U.DE|EUR|0,6|10,75|10,723999977111816|-0,09770015114385688|-0,14|0,22969577438914168|0,05619959958423615|-0,07476859533443914|Wacht op Yahoo...|1590,0|1592,0|327,0|1563,0|1269,65
1373|1531|991|State Street SPDR S&P 400 U.S. Mid Cap UCITS ETF|Other|Unknown|IE000G8WOLX8|US4E.DE|EUR|0,35|34,47999954223633|34,63999938964844|-0,04935780530541589|-0,06289241731554629|0,10015795092481694|0,07685017400016925|-0,005615525101101748|Wacht op Yahoo...|1491,0|1487,0|910,0|1121,0|1270,15
1374|1451|1134|L&G Clean Water UCITS ETF USD Acc|Commodity / Energy|Acc|IE00BK5BC891|XMLC.DE|EUR|0,49|18,027999877929688|17,969999313354492|-0,027196186126024813|-0,05065823616552012|0,0319405029483113|0,0380009123821059|-0,010836474781157457|Wacht op Yahoo...|1248,0|1443,0|1086,0|1186,0|1273,1
1375|1488|1053|HSBC FTSE EPRA Nareit Developed UCITS ETF USD Acc|Other|Acc|IE000G6GSP88|H4Z7.DE|EUR|0,24|25,165000915527344|25,05500030517578|-0,04041942614007987|-0,05287914171751251|0,07199150187838299|0,07726884666158473|-0,010777634381388346|Wacht op Yahoo...|1423,0|1455,0|964,0|1184,0|1273,25
1376|1488|1053|HSBC MSCI Indonesia UCITS ETF USD|Other|Unknown|IE00B46G8275|H4Z7.DE|EUR|0,5|25,165000915527344|25,05500030517578|-0,04041942614007987|-0,05287914171751251|0,07199150187838299|0,07726884666158473|-0,010777634381388346|Wacht op Yahoo...|1423,0|1455,0|964,0|1184,0|1273,25
1377|1316|1343|Invesco Euro Corporate Hybrid Bond UCITS Dist ETF|Bonds / Fixed Income|Distr|IE00BKWD3966|EHBD.DE|EUR|0,39|37,86199951171875|37,9900016784668|-0,025960590117793947|-0,03202823096902352|-0,009884203300772998|-0,01740667844555499|-0,0212937918221755|Wacht op Yahoo...|1225,0|1255,0|1301,0|1322,0|1275,4
1378|1278|1393|iShares Euro Govt Bond 3-7yr UCITS ETF EUR (Acc)|Bonds / Fixed Income|Acc|IE00B3VTML14|SXRP.DE|EUR|0,15|130,41000366210938|130,55999755859375|-0,019878915931527574|-0,03321221549269915|-0,021937247567960783|-0,025008419113989766|-0,024354090198399625|Wacht op Yahoo...|1015,0|1277,0|1382,0|1350,0|1278,55
1379|1541|994|Xtrackers MSCI China A Screened Swap UCITS ETF|Region: Emerging Markets / Asia|Unknown|LU2469465822|XCNA.DE|EUR|0,29|18,54800033569336|18,733999252319336|-0,03234552147200198|-0,09785988241789101|0,1022106792940678|0,052667392296238624|-0,007126158447717357|Wacht op Yahoo...|1332,0|1567,0|901,0|1137,0|1279,25
1380|1332|1327|iShares $ Corp Bond UCITS ETF USD Dist|Bonds / Fixed Income|Distr|IE0032895942|IBCD.DE|EUR|0,2|83,45800018310547|83,62999725341797|-0,01499726263241119|-0,04759480622149437|-0,00986755640646686|-0,009989963246839872|-0,019040787695233874|Wacht op Yahoo...|834,0|1428,0|1300,0|1292,0|1279,7
1381|1533|1012|Xtrackers CSI300 Swap UCITS 1C ETF|Other|Acc|LU0779800910|XCHA.DE|EUR|0,5|17,687999725341797|17,93600082397461|-0,030369522907735202|-0,09681372262568988|0,09781530917232062|0,050231606632708425|-0,009026789183871675|Wacht op Yahoo...|1303,0|1562,0|914,0|1161,0|1280,95
1382|1238|1456|UBS J.P. Morgan Global Gov ESG Liquid Bond UCITS hEUR dis ETF|ESG / Sustainable|Distr|LU1974694470|CHSP.DE|EUR|0,18|8,40839958190918|8,428199768066406|-0,01844415392961507|-0,031087502118193777|-0,03497465300291536|-0,03192762201279342|-0,027433429570349555|Wacht op Yahoo...|954,0|1246,0|1472,0|1371,0|1283,7
1383|1239|1461|iShares USD Treasury Bond 3-7yr UCITS EUR Hedged (Dist) ETF|Bonds / Fixed Income|Distr|IE00BGPP6473|CBUE.DE|EUR|0,1|3,9574999809265137|3,9630000591278076|-0,02245330154732983|-0,027638475316400513|-0,03147156478741686|-0,03675251945649938|-0,029617141051050178|Wacht op Yahoo...|1100,0|1193,0|1452,0|1402,0|1285,6
1384|1292|1402|Goldman Sachs Global Green Bond UCITS - Class EUR-Hedged (dist) ETF|ESG / Sustainable|Distr|IE000L0X6L81|GSXG.DE|EUR|0,22|46,840999603271484|46,874000549316406|-0,019611542489266776|-0,034636181334277594|-0,022642784159682128|-0,025156794308905828|-0,02551276756661769|Wacht op Yahoo...|1005,0|1296,0|1385,0|1356,0|1286,6
1385|1584|945|Xtrackers MSCI Global SDG 7 Affordable and Clean Energy UCITS ETF|Commodity / Energy|Unknown|IE000JZYIUN0|XDG7.DE|EUR|0,35|23,915000915527344|24,149999618530273|-0,04607095306568065|-0,1355503298716778|0,19946841433299145|0,07944031479731439|-0,05892672786392572|Wacht op Yahoo...|1471,0|1588,0|500,0|1529,0|1286,65
1386|1304|1388|BNP PARIBAS EASY II EUR Credit PAB Opportunities UCITS EUR Acc ETF|Other|Acc|IE000JBB8CR7|AIPE.DE|EUR|0,2|11,253499984741211|11,282500267028809|-0,021477305030172977|-0,034117246362208475|-0,01900365291792827|-0,020028697845635213|-0,02325196129547702|Wacht op Yahoo...|1068,0|1290,0|1374,0|1336,0|1286,9
1387|1305|1385|UBS Core BBG Euro Area Liquid Corp UCITS ETF EURd|Region: Europe|Unknown|LU1805389258|UIQL.DE|EUR|0,06|10,017999649047852|10,040499687194824|-0,022157173162217436|-0,03388749625681586|-0,017269161065700867|-0,019359022136652637|-0,023157286434743685|Wacht op Yahoo...|1092,0|1286,0|1367,0|1335,0|1286,95
1388|1139|1551|iShares MSCI EM Consumer Growth UCITS ETF USD Acc|Factor / Smart Beta|Acc|IE00BKM4H197|CEMG.DE|EUR|0,6|29,420000076293945|29,565000534057617|-0,052343372395120547|-0,005745186732588725|-0,12583565165980992|-0,0911337334857012|-0,04427379980983659|Wacht op Yahoo...|1501,0|929,0|1573,0|1485,0|1287,0
1389|1294|1403|Xtrackers II Global Inflation-Linked Bond UCITS 1D EUR Hedged ETF|Bonds / Fixed Income|Distr|LU0962078753|XGII.DE|EUR|0,2|185,05499267578125|185,72500610351562|-0,022528071431634156|-0,032416821371558324|-0,021317109433531045|-0,020745531721380828|-0,02657889517558132|Wacht op Yahoo...|1106,0|1260,0|1379,0|1364,0|1287,45
1390|1268|1431|Xtrackers II Germany Government Bond UCITS 1C ETF|Bonds / Fixed Income|Acc|LU0643975161|X03G.DE|EUR|0,15|170,5399932861328|170,56500244140625|-0,017145526980263504|-0,03502519431364237|-0,030885140666997435|-0,02319722284614567|-0,024036588927450087|Wacht op Yahoo...|894,0|1304,0|1449,0|1348,0|1287,55
1391|1293|1417|UBS SBI Foreign AAA-BBB 1-5 ESG UCITS CHF dis ETF|ESG / Sustainable|Distr|LU0879397742|UEFY.DE|EUR|0,2|12,097000122070312|12,100500106811523|-0,01722316133931856|-0,038234952252655496|-0,01883475418935554|-0,0240744165892417|-0,030116995572815775|Wacht op Yahoo...|896,0|1337,0|1373,0|1408,0|1294,05
1392|1498|1101|Xtrackers MDAX ESG Screened UCITS ETF|ESG / Sustainable|Unknown|IE00B9MRJJ36|XDGM.DE|EUR|0,4|22,71500015258789|22,719999313354492|-0,054723283249360044|-0,049084500851290125|0,05503038708832686|-0,0012410265011740806|-0,012184877727609456|Wacht op Yahoo...|1510,0|1437,0|1016,0|1196,0|1294,5
1393|1494|1108|iShares STOXX Europe 600 Food & Beverage UCITS (DE) ETF|Region: Europe|Unknown|DE000A0H08H3|EXH3.DE|EUR|0,46|61,720001220703125|62,349998474121094|-0,03952693481308278|-0,05468508351207002|0,0660230809295228|0,017689506956563683|-0,016757649410034547|Wacht op Yahoo...|1413,0|1466,0|990,0|1248,0|1295,45
1394|1486|1115|Invesco STOXX Europe 600 Optimised Food & Beverage UCITS Acc ETF|Region: Europe|Acc|IE00B5MTYL84|SC03.DE|EUR|0,2|390,0|394,3999938964844|-0,04165133726156056|-0,051094890510948954|0,05263157894736836|0,017745270293193283|-0,015508269630348903|Wacht op Yahoo...|1434,0|1446,0|1026,0|1232,0|1296,4
1395|1552|1015|US Global Investors Travel UCITS ETF Acc|Region: US|Acc|IE00BMFNW783|7RIP.DE|EUR|0,69|8,810999870300293|8,78600025177002|-0,039463692591885646|-0,0933320130927564|0,07516780944667101|-0,02002005357165393|-0,005468191700844782|Wacht op Yahoo...|1410,0|1559,0|954,0|1119,0|1297,4
1396|1262|1466|Xtrackers II ESG Global Government Bond UCITS 4D - EUR Hedged ETF|ESG / Sustainable|Distr|LU2385068593|XZEG.DE|EUR|0,25|5,390200138092041|5,398200035095215|-0,01932169123292482|-0,03258385569977418|-0,034828278778211375|-0,03336644072970807|-0,028347557889991548|Wacht op Yahoo...|987,0|1262,0|1471,0|1385,0|1297,6
1397|1276|1437|Vanguard Global Aggregate Bond UCITS EUR Hedged Distributing ETF|Bonds / Fixed Income|Distr|IE00BG47KB92|VAGE.DE|EUR|0,08|19,6564998626709|19,71299934387207|-0,02018376378915343|-0,0327714854898834|-0,030463307880840063|-0,03225640756449488|-0,0275182317536794|Wacht op Yahoo...|1031,0|1269,0|1444,0|1374,0|1298,05
1398|1295|1422|JPM Global Aggregate Bond Active UCITS - EUR Hedged (dist) ETF|Bonds / Fixed Income|Distr|IE000AGCIYE6|JGAD.DE|EUR|0,3|8,06760025024414|8,095999717712402|-0,02334022231542998|-0,03156087646485217|-0,027158288666368935|-0,030009367966142286|-0,026971967468355285|Wacht op Yahoo...|1144,0|1249,0|1416,0|1368,0|1298,8
1399|1511|1100|Amundi FTSE EPRA NAREIT Global UCITS Dist ETF|Global / Broad|Distr|LU1737652823|10AJ.DE|EUR|0,24|53,810001373291016|53,66999816894531|-0,04320768550236698|-0,05778321137791054|0,0666067351229167|0,07255338523410249|-0,015413302723215283|Wacht op Yahoo...|1449,0|1477,0|988,0|1230,0|1301,15
1400|1300|1422|Vanguard ESG Global Corporate Bond UCITS EUR Hedged - Dist ETF|ESG / Sustainable|Distr|IE00BNDS1Q47|V3GE.DE|EUR|0,15|3,846100091934204|3,844899892807007|-0,02151504216895128|-0,033935621191584886|-0,028142674230002385|-0,028325431962265224|-0,025869089573502313|Wacht op Yahoo...|1069,0|1287,0|1424,0|1358,0|1302,75
1401|1163|1567|Leverage Shares 1x Tesla|Other|Unknown|XS2337093798|TSLA.L|EUR||686,0|700,0|0,10466988727858295|-0,07046070460704612|-0,15308641975308646|-0,1520395550061805|-0,049920711313006794|Wacht op Yahoo...|5,0|1512,0|1586,0|1509,0|1303,85
1402|1158|1569|Future of European Defence Screened UCITS ETF Acc|Other|Acc|IE000I7E6HL0|8RMY.DE|EUR|0,39|9,593000411987305|9,715999603271484|-0,07510599191050249|-0,0053913989951664965|-0,20771386115390178|0,011919923545093303|-0,046812748745376775|Wacht op Yahoo...|1566,0|923,0|1602,0|1497,0|1304,0
1403|1273|1462|Amundi Global Aggregate Bond ESG UCITS DR - Hedged EUR (C) ETF|ESG / Sustainable|Acc|LU2439733507|AHYD.DE|EUR|0,16|50,06999969482422|50,2760009765625|-0,019504213378018664|-0,03324838060237634|-0,03369619680232738|-0,032575948818962974|-0,028235518024577244|Wacht op Yahoo...|998,0|1278,0|1468,0|1383,0|1304,5
1404|1321|1395|iShares Spain Govt Bond UCITS EUR (Dist) ETF|Bonds / Fixed Income|Distr|IE00B428Z604|IS0P.DE|EUR|0,2|145,3249969482422|145,4499969482422|-0,020852993254858454|-0,03720024779609876|-0,02050225384820281|-0,023927562533487046|-0,0260646763306559|Wacht op Yahoo...|1049,0|1328,0|1377,0|1360,0|1304,8
1405|1497|1125|abrdn Future Real Estate UCITS ETF USD Acc|Real Estate|Acc|IE000GGQK173|R8T.DE|EUR|0,4|9,812000274658203|9,814000129699707|-0,04217104079247691|-0,053626519504516135|0,05211237935907698|0,0637467800309448|-0,016226421618705023|Wacht op Yahoo...|1439,0|1461,0|1029,0|1241,0|1305,7
1406|1507|1110|Amundi FTSE EPRA NAREIT Global II UCITS ETF Dist|Global / Broad|Distr|LU1832418773|LMWE.DE|EUR|0,45|40,69499969482422|40,6150016784668|-0,04359575970616336|-0,056894594304529034|0,0607957755708366|0,06740982806096318|-0,016635289506836015|Wacht op Yahoo...|1450,0|1472,0|1001,0|1246,0|1305,75
1407|1184|1553|iShares Listed Private Equity UCITS ETF USD D|Other|Distr|IE00B1TXHL60|IQQL.DE|EUR|0,75|26,399999618530273|26,545000076293945|-0,09090913270548462|-0,006772020530189771|-0,14113808796600147|-0,12545739689113222|-0,0426586620631072|Wacht op Yahoo...|1583,0|946,0|1579,0|1480,0|1306,6
1408|1548|1046|JPM China A Research Enhanced Index Equity (ESG) UCITS ETF USD (dist)|ESG / Sustainable|Distr|IE000DS9ZCL4|JRDC.DE|EUR|0,4|20,415000915527344|20,670000076293945|-0,033609424117048814|-0,10165896152959719|0,09047607452494266|0,04202895079789637|-0,014705251228700589|Wacht op Yahoo...|1342,0|1573,0|928,0|1221,0|1306,7
1409|1328|1390|Xtrackers iBoxx EUR Corp Bd Yld Plus UCITS ETF 1D|Other|Distr|IE00BYPHT736|XDEP.DE|EUR|0,25|14,583499908447266|14,618000030517578|-0,022651897790452624|-0,03615936821290944|-0,019073213616182194|-0,021245225245522192|-0,02420350714357744|Wacht op Yahoo...|1111,0|1317,0|1375,0|1349,0|1307,0
1410|1164|1574|Northern Trust Listed Private Eq UCITS ETF USD Acc|Other|Acc|IE0008ZGI5C1|FLPE.DE|EUR|0,4|25,114999771118164|25,360000610351562|-0,10765680004846812|-0,004952456463293453|-0,18576753670911894|-0,16199531709942228|-0,05060899526806839|Wacht op Yahoo...|1598,0|917,0|1598,0|1510,0|1308,0
1411|1508|1112|WisdomTree New Economy Real Estate UCITS ETF USD|Real Estate|Unknown|IE000X9TLGN8|WTER.DE|EUR|0,45|23,84000015258789|24,149999618530273|-0,02911831169626089|-0,07763773915673133|0,07797032211314514|0,10247520560559709|-0,02197103921423993|Wacht op Yahoo...|1287,0|1534,0|947,0|1327,0|1308,8
1412|1274|1474|Vanguard Global Government Bond UCITS EUR Hedged Accumulating ETF|Bonds / Fixed Income|Acc|IE000B1A2798|VGGF.DE|EUR|0,1|4,894700050354004|4,896399974822998|-0,020472315916006845|-0,03259147562613385|-0,035831072319080226|-0,033889941384531275|-0,028742540418039475|Wacht op Yahoo...|1041,0|1264,0|1479,0|1393,0|1310,1
1413|1562|1037|Invesco S&P China A 300 Swap UCITS ETF Acc|Region: Emerging Markets / Asia|Acc|IE000K9Z3SF5|C3AE.DE|EUR|0,35|5,947999954223633|6,0329999923706055|-0,03738468203627299|-0,10837956066221399|0,10557617615250559|0,055171166519450754|-0,016548217745778304|Wacht op Yahoo...|1394,0|1577,0|895,0|1245,0|1312,65
1414|1299|1443|iShares Germany Govt Bond UCITS EUR (Dist) ETF|Bonds / Fixed Income|Distr|IE00B5V94313|IS0L.DE|EUR|0,2|113,82499694824219|114,02999877929688|-0,01875002630825695|-0,03672833693275812|-0,033191411157283746|-0,02464085643338032|-0,025803714335369432|Wacht op Yahoo...|968,0|1324,0|1466,0|1357,0|1312,7
1415|1325|1410|Amundi Euro Aggregate Bond ESG UCITS DR - EUR (D) ETF|ESG / Sustainable|Distr|LU2439113387|9E0E.DE|EUR|0,15|43,481998443603516|43,51900100708008|-0,021006471973248453|-0,03751908636405055|-0,024765560931912622|-0,02397308219409744|-0,02650004883430035|Wacht op Yahoo...|1057,0|1332,0|1397,0|1363,0|1313,2
1416|1277|1485|Xtrackers II Global Government Bond UCITS 1C EUR Hedged ETF|Bonds / Fixed Income|Acc|LU0378818131|DBZB.DE|EUR|0,25|202,64999389648438|202,94000244140625|-0,020067742234195163|-0,03292774542966326|-0,03733789756047101|-0,036743087778869254|-0,02950820016179867|Wacht op Yahoo...|1025,0|1272,0|1489,0|1399,0|1314,6
1417|1482|1184|Amundi S&P World Utilities Screened UCITS Acc ETF|Global / Broad|Acc|IE000PMX0MW6|WELD.DE|EUR|0,18|12,998000144958496|12,998000144958496|-0,03403687365778818|-0,057706216174341685|0,09245254692686111|0,031423575703478646|-0,037947690104360055|Wacht op Yahoo...|1346,0|1476,0|923,0|1464,0|1315,85
1418|1303|1448|Xtrackers II ESG Global Aggregate Bond UCITS 5C EUR Hedged ETF|ESG / Sustainable|Unknown|LU0942970798|XBAE.DE|EUR|0,1|20,224000930786133|20,25200080871582|-0,021955632881776155|-0,03377759463569463|-0,03155669720239085|-0,032575926022064716|-0,02821179786610628|Wacht op Yahoo...|1086,0|1283,0|1454,0|1382,0|1316,0
1419|1334|1406|VanEck iBoxx EUR Corporates UCITS ETF|Other|Unknown|NL0009690247|TCBT.DE|EUR|0,15|16,214500427246094|16,269500732421875|-0,02370266959656886|-0,035102532446843915|-0,024135716714409172|-0,022655898990725842|-0,025324522861847498|Wacht op Yahoo...|1163,0|1308,0|1391,0|1355,0|1316,4
1420|1509|1137|iShares Dvlp Mrkts Prop Yld UCITS ETF USD Dist|Other|Distr|IE00B1FZS350|IQQ6.DE|EUR|0,59|21,229999542236328|21,200000762939453|-0,04239966309529908|-0,05810692306136567|0,05434982149065015|0,06406135297875748|-0,0180641546909055|Wacht op Yahoo...|1441,0|1478,0|1022,0|1270,0|1316,85
1421|1476|1221|Amundi CAC 40 ESG UCITS ETF DR - EUR C|ESG / Sustainable|Acc|LU1681046931|GC40.DE|EUR|0,25|141,60000610351562|141,1999969482422|-0,04427644031080302|-0,04595062760792212|0,018851708566122838|-0,018574942462265986|-0,01623622690070703|Wacht op Yahoo...|1455,0|1417,0|1143,0|1243,0|1319,4
1422|1313|1441|Xtrackers MSCI Philippines UCITS 1C ETF|Other|Acc|LU0592215403|XPQP.DE|EUR|0,65|1,2582000494003296|1,2640000581741333|-0,007415596140463054|-0,05241752087419427|-0,01564698830542166|-0,03939531093755677|-0,04695821179993953|Wacht op Yahoo...|673,0|1454,0|1352,0|1499,0|1320,35
1423|1329|1416|iShares   Aggregate Bond ESG SRI UCITS ETF EUR D|ESG / Sustainable|Distr|IE00B3DKXQ41|EUN4.DE|EUR|0,16|103,05999755859375|103,16999816894531|-0,021226085276771833|-0,03832995804206951|-0,025501072373874334|-0,02554599276359537|-0,027423959797252873|Wacht op Yahoo...|1062,0|1341,0|1403,0|1370,0|1320,45
1424|1306|1458|Vanguard Global Aggregate Bond UCITS EUR Hedged Accumulating ETF|Bonds / Fixed Income|Acc|IE00BG47KH54|VAGF.DE|EUR|0,08|22,98900032043457|23,07200050354004|-0,022659597534993914|-0,0334258351426574|-0,031593579758048995|-0,03196053969583135|-0,028822281166194008|Wacht op Yahoo...|1112,0|1280,0|1455,0|1394,0|1321,35
1425|1348|1396|BNPPE ESG Enh EUR Crp Bd December 2032 UCITS ETF D|ESG / Sustainable|Distr|LU2823895763|BJLY.DE|EUR|0,12|9,979999542236328|9,96619987487793|-0,0241518224858438|-0,036493557312071045|-0,022320505993254636|-0,020773955147450618|-0,024537037495554137|Wacht op Yahoo...|1180,0|1321,0|1383,0|1353,0|1321,75
1426|1336|1417|iShares Aggregate Bond ESG SRI UCITS ETF|ESG / Sustainable|Unknown|IE000CR3ZDF9|CBU2.DE|EUR|0,16|5,297800064086914|5,30620002746582|-0,02193260685347531|-0,03826746576374096|-0,02535134020318297|-0,025494789604065704|-0,027492624218884876|Wacht op Yahoo...|1082,0|1339,0|1401,0|1373,0|1322,75
1427|1523|1133|WisdomTree New Economy Real Est UCITS ETF USD Acc|Other|Acc|IE000MO2MB07|WTRE.DE|EUR|0,45|25,84000015258789|26,190000534057617|-0,03130268447440332|-0,08189732697410412|0,0746516976751288|0,09260044690832503|-0,024017144243312694|Wacht op Yahoo...|1320,0|1542,0|956,0|1346,0|1323,0
1428|1344|1413|State Street SPDR Bloomberg Euro Aggregate Bond UCITS ETF|Bonds / Fixed Income|Unknown|IE00B41RYL63|SYBA.DE|EUR|0,17|52,150001525878906|52,178001403808594|-0,022786035632099577|-0,037968236114066745|-0,024260012518994345|-0,024402480140237937|-0,027455495759903914|Wacht op Yahoo...|1118,0|1335,0|1394,0|1372,0|1324,6
1429|1296|1491|Xtrackers II Global Government Bond UCITS 1D EUR Hedged ETF|Bonds / Fixed Income|Distr|LU0690964092|XGVD.DE|EUR|0,25|164,15499877929688|164,42999267578125|-0,020993017494530086|-0,03388504304072104|-0,037721493625098135|-0,03598122441328089|-0,03018496254387537|Wacht op Yahoo...|1056,0|1285,0|1490,0|1409,0|1326,7
1430|1430|1320|UBS BBG USD EM Sovereign UCITS ETF hEUR acc|Bonds / Fixed Income|Acc|LU1324516308|FRCK.DE|EUR|0,28|12,674500465393066|12,755999565124512|-0,03531603612936496|-0,03991966640217248|0,004079879572459477|-0,0195327283584098|-0,027414898483451466|Wacht op Yahoo...|1367,0|1361,0|1220,0|1369,0|1328,25
1431|1226|1561|VanEck Defense UCITS ETF|Other|Unknown|IE000YYE6WK5|DFEN.DE|EUR|0,55|51,5099983215332|52,040000915527344|-0,05693886252597635|-0,012650946340362013|-0,061064568930869534|-0,02535478129188673|-0,07717571377702681|Wacht op Yahoo...|1518,0|1019,0|1529,0|1569,0|1331,35
1432|1349|1419|Amundi Euro Aggregate Bond ESG UCITS ETF DR C|ESG / Sustainable|Acc|LU2182388236|PR10.DE|EUR|0,16|44,275001525878906|44,37300109863281|-0,02271321095720069|-0,03848240547861004|-0,025488018963579107|-0,024930075367299076|-0,027664690083435195|Wacht op Yahoo...|1115,0|1346,0|1402,0|1376,0|1331,35
1433|1521|1155|iShares Global Infrastructure UCITS ETF USD (Dist)|Global / Broad|Distr|IE00B1FZS467|IQQI.DE|EUR|0,65|31,854999542236328|31,825000762939453|-0,044541109884676966|-0,06436328254813817|0,07545364961945511|0,06031894653225578|-0,029554456316276845|Wacht op Yahoo...|1456,0|1490,0|952,0|1400,0|1332,4
1434|1346|1424|BNPP Easy EUR Agg Bd SRI Fossil Free UCITS ETF C|ESG / Sustainable|Acc|LU2533812991|BJLF.DE|EUR|0,15|10,359999656677246|10,380999565124512|-0,022318759137147315|-0,038871937530131295|-0,02608697133382709|-0,02549147959109066|-0,027905524902678502|Wacht op Yahoo...|1098,0|1350,0|1407,0|1380,0|1332,45
1435|1518|1161|iShares Global Infrastructure UCITS USD (Acc) ETF|Global / Broad|Acc|IE000CK5G8J7|CBUX.DE|EUR|0,65|5,76200008392334|5,745999813079834|-0,04460289293325925|-0,06415461698328673|0,07560205699561617|0,06486792156535137|-0,02999244637640297|Wacht op Yahoo...|1457,0|1488,0|951,0|1406,0|1332,7
1436|1339|1436|Vanguard ESG Global Corporate Bond UCITS EUR Hedged - Acc ETF|ESG / Sustainable|Acc|IE00BNDS1P30|V3GF.DE|EUR|0,15|4,660999774932861|4,668399810791016|-0,023547169509751997|-0,03562861121620997|-0,02992845854807613|-0,030493436595813606|-0,027854182928085613|Wacht op Yahoo...|1154,0|1315,0|1437,0|1379,0|1334,15
1437|1516|1177|iShares STOXX Europe 600 Retail UCITS (DE) ETF|Region: Europe|Unknown|DE000A0H08P6|EXH8.DE|EUR|0,46|44,0|44,0|-0,07514452350202272|-0,05095391410453354|0,05195967611457153|-0,033588887752197705|-0,021050673531847752|Wacht op Yahoo...|1567,0|1445,0|1030,0|1320,0|1334,55
1438|1365|1408|BNPPE ESG Enh EUR Crp Bd December 2032 UCITS ETF C|ESG / Sustainable|Acc|LU2823895847|BJLX.DE|EUR|0,12|10,343500137329102|10,362000465393066|-0,02410603267614475|-0,038440070031274365|-0,024198135368846074|-0,022722931290754644|-0,026271175575240946|Wacht op Yahoo...|1178,0|1345,0|1392,0|1361,0|1334,9
1439|1343|1434|iShares Global Corp Bond UCITS EUR Hedged (Dist) ETF|Bonds / Fixed Income|Distr|IE00BJSFQW37|36B7.DE|EUR|0,25|3,97160005569458|3,9758999347686768|-0,025260456621068683|-0,03494355107631719|-0,02959310025995432|-0,03047767289004999|-0,027846985934638302|Wacht op Yahoo...|1205,0|1302,0|1432,0|1378,0|1335,15
1440|1340|1441|iShares Global Corp Bond EUR Hedged UCITS (Dist) ETF|Bonds / Fixed Income|Distr|IE00B9M6SJ31|IBCQ.DE|EUR|0,25|81,71199798583984|81,98799896240234|-0,02368153335387435|-0,03559624862275057|-0,03013536796095384|-0,030475489218065754|-0,028437226294101392|Wacht op Yahoo...|1160,0|1313,0|1440,0|1389,0|1337,0
1441|1338|1445|HSBC Global Corporate Bond UCITS C H EUR ETF|Bonds / Fixed Income|Unknown|IE000MY0C911|H41R.DE|EUR|0,13|11,020999908447266|11,050999641418457|-0,025251007424683003|-0,03438909444764093|-0,03043896622606801|-0,030865269096003622|-0,028610858704487097|Wacht op Yahoo...|1204,0|1294,0|1443,0|1391,0|1337,15
1442|1461|1285|L&G Digital Payments UCITS USD Acc ETF|Technology|Acc|IE00BF92J153|DPGA.DE|EUR|0,49|6,307000160217285|6,363999843597412|-0,06659757455935078|-0,038860049597751245|-0,1105626725475013|-0,002845794401682755|0,02338104371539429|Wacht op Yahoo...|1548,0|1349,0|1566,0|870,0|1337,3
1443|1352|1429|iShares EUR Green Bond UCITS EUR (Acc) ETF|ESG / Sustainable|Acc|IE000IZO7033|CBUP.DE|EUR|0,2|239,5500030517578|239,6300048828125|-0,022484267370150857|-0,039456258719166026|-0,025981944076668984|-0,026298679409572534|-0,02850705167853329|Wacht op Yahoo...|1103,0|1356,0|1406,0|1390,0|1337,35
1444|1505|1212|Xtrackers S&P Global Infrastructure Swap UCITS 1C ETF|Global / Broad|Acc|LU0322253229|DX2E.DE|EUR|0,6|66,18000030517578|66,26000213623047|-0,037661719707990704|-0,064329179072657|0,0719144558795426|0,03893248842281305|-0,03584758529549681|Wacht op Yahoo...|1397,0|1489,0|966,0|1455,0|1337,65
1445|1342|1449|iShares Global Corp Bond UCITS EUR Hedged (Acc) ETF|Bonds / Fixed Income|Acc|IE000PLCL3C9|CEMD.DE|EUR|0,25|4,951399803161621|4,956699848175049|-0,024470080479655598|-0,03507820504647852|-0,030543943914075555|-0,03099926866552316|-0,028905757508766228|Wacht op Yahoo...|1184,0|1307,0|1445,0|1395,0|1340,65
1446|1359|1428|Amundi Euro Lwst Rtd IG Gov Bond UCITS ETF Acc|Bonds / Fixed Income|Acc|LU1681046774|KX1G.DE|EUR|0,14|225,66000366210938|225,8800048828125|-0,021846525153026097|-0,04133563767691206|-0,025310990420747026|-0,027579048366008996|-0,02907189427424095|Wacht op Yahoo...|1079,0|1374,0|1400,0|1396,0|1340,65
1447|1358|1430|iShares EUR Green Bond UCITS EUR (Dist) ETF|ESG / Sustainable|Distr|IE00BMDBMN04|GRON.DE|EUR|0,2|3,810699939727783|3,8190999031066895|-0,022822265386778007|-0,039811523943324545|-0,026408829696343616|-0,026834273027593447|-0,028642966045253404|Wacht op Yahoo...|1121,0|1358,0|1411,0|1392,0|1342,5
1448|1587|1085|Invesco Global Clean Energy UCITS ETF Acc|Commodity / Energy|Acc|IE00BLRB0242|G1CE.DE|EUR|0,6|20,225000381469727|20,434999465942383|-0,0468896778549176|-0,13862858706242476|0,160755316197992|0,05360498446379225|-0,07352244565676358|Wacht op Yahoo...|1477,0|1590,0|701,0|1560,0|1344,8
1449|1317|1497|Vanguard USD Treasury Bond UCITS EUR hedged - Acc ETF|Bonds / Fixed Income|Acc|IE00BMX0B631|VDTE.DE|EUR|0,08|24,577999114990234|24,634000778198242|-0,02479863595393539|-0,0328192003621951|-0,03668577354447489|-0,03819369597189237|-0,03218601519453279|Wacht op Yahoo...|1192,0|1270,0|1484,0|1437,0|1345,2
1450|1543|1168|iShares Global Clean Energy Trnstn UCITS ETF USD A|Commodity / Energy|Acc|IE000U58J0M1|Q8Y0.DE|EUR|0,65|21,7450008392334|22,155000686645508|-0,027286902952086023|-0,18619006743890965|0,13219835194982865|0,01612155265668269|-0,09141046168049605|Wacht op Yahoo...|1249,0|1600,0|819,0|1576,0|1347,3
1451|1331|1486|Xtrackers II Germany Government Bond UCITS 1D ETF|Bonds / Fixed Income|Distr|LU0468896575|D5BB.DE|EUR|0,15|158,75|159,44000244140625|-0,01988023211974599|-0,03986495147708857|-0,0369929429305873|-0,029128551086456733|-0,02971617144383576|Wacht op Yahoo...|1016,0|1359,0|1487,0|1403,0|1348,35
1452|1322|1498|Xtrackers II US Treasuries UCITS 2D EUR Hedged ETF|Region: US|Distr|LU1399300455|XUTE.DE|EUR|0,1|85,91600036621094|86,1240005493164|-0,025696841313662344|-0,032659020263752336|-0,03675151430547574|-0,03826188608306047|-0,03225999197559626|Wacht op Yahoo...|1221,0|1266,0|1485,0|1438,0|1348,4
1453|1545|1169|iShares Global Clean Energy Trnstn UCITS ETF USD D|Commodity / Energy|Distr|IE00B1XNHC34|IQQH.DE|EUR|0,65|8,487000465393066|8,656000137329102|-0,02750083242969048|-0,18769137609326147|0,13209770988249003|0,017632452943762145|-0,09110204434124936|Wacht op Yahoo...|1255,0|1601,0|820,0|1575,0|1348,65
1454|1547|1162|Xtrackers Harvest CSI300 UCITS 1D ETF|Other|Distr|LU0875160326|RQFI.DE|EUR|0,65|11,13599967956543|11,227999687194824|-0,032157126676814585|-0,10568049267852209|0,06135994360230468|0,020121754761407207|-0,02402447565867194|Wacht op Yahoo...|1331,0|1575,0|999,0|1347,0|1348,8
1455|1380|1421|Amundi Global Aggregate Green Bond UCITS ETF Acc|ESG / Sustainable|Acc|LU1563454310|KLMT.DE|EUR|0,25|47,54499816894531|47,65800094604492|-0,022974335159848813|-0,041875801214786956|-0,024938032000866195|-0,023957209485464648|-0,028347681561655347|Wacht op Yahoo...|1132,0|1384,0|1398,0|1386,0|1350,1
1456|1589|1095|Invesco Global Clean Energy UCITS ETF Dist|Commodity / Energy|Distr|IE00BLRB0028|G1CD.DE|EUR|0,6|19,079999923706055|19,26799964904785|-0,050044879552625154|-0,13956275637114746|0,15936498686829959|0,0472004749317223|-0,07530071571454588|Wacht op Yahoo...|1496,0|1591,0|709,0|1565,0|1351,05
1457|1367|1435|iShares   Govt Bond 5-7yr UCITS ETF EUR (Dist)|Bonds / Fixed Income|Distr|IE00B4WXJG34|EUN9.DE|EUR|0,15|137,4250030517578|137,3800048828125|-0,023415279564825253|-0,04043082717124957|-0,02716191192604933|-0,029303312745212806|-0,029453622876864705|Wacht op Yahoo...|1147,0|1363,0|1417,0|1398,0|1351,1
1458|1253|1591|iShares STOXX Europe 600 Automobiles & Parts UCITS (DE) EUR (Dist) ETF|Region: Europe|Distr|DE000A0Q4R28|EXV5.DE|EUR|0,46|38,779998779296875|39,0|-0,06655432691089302|-0,014947569845020547|-0,1522440763291416|-0,17474085900322012|-0,07227785604658965|Wacht op Yahoo...|1547,0|1041,0|1584,0|1558,0|1356,05
1459|1372|1439|JPM EUR Aggregate Bond Active UCITS ETF EUR dist|Bonds / Fixed Income|Distr|IE0008QIFH42|JGGE.DE|EUR|0,3|9,471199989318848|9,495200157165527|-0,02326543160823269|-0,04097857088780288|-0,02742515169439408|-0,031094182744409116|-0,030209533168055525|Wacht op Yahoo...|1142,0|1371,0|1420,0|1410,0|1356,7
1460|1373|1444|Amundi Core Euro Government Bond UCITS ETF Acc|Bonds / Fixed Income|Acc|LU1437018598|A4HC.DE|EUR|0,09|47,92900085449219|47,94200134277344|-0,022475523959747834|-0,042186251447092094|-0,028971419023451794|-0,028104994642869974|-0,030078888461003594|Wacht op Yahoo...|1102,0|1387,0|1428,0|1407,0|1358,5
1461|1301|1539|Global X E-commerce UCITS ETF USD Acc|Global / Broad|Acc|IE00BMH5XY61|E61Z.DE|EUR|0,5|11,482000350952148|11,543999671936035|-0,07043392721022246|-0,020641387464356176|-0,1814941224075124|-0,12391268138713118|-0,03085526966708807|Wacht op Yahoo...|1554,0|1106,0|1597,0|1421,0|1358,95
1462|1350|1491|UBS J.P. Morgan USD EM IG Screened Diversified Bond UCITS hEUR acc ETF|Bonds / Fixed Income|Acc|LU1974696418|EMIE.DE|EUR|0,44|10,909500122070312|10,932999610900879|-0,027023367381811103|-0,034685677763993006|-0,03502719095823459|-0,03775078375838958|-0,03148418812620579|Wacht op Yahoo...|1245,0|1298,0|1474,0|1429,0|1360,25
1463|1391|1433|iShares iBonds Dec 2033 Term Corp UCITS EUR (Dist) ETF|Other|Distr|IE000E0NL9T3|33GI.DE|EUR|0,12|4,7399001121521|4,735400199890137|-0,024659592614004522|-0,041336938983943305|-0,02752065333045839|-0,024981039673282135|-0,028420304011367192|Wacht op Yahoo...|1186,0|1375,0|1421,0|1388,0|1360,75
1464|1260|1594|iShares MSCI Brazil UCITS (DE) (Acc) ETF|Region: Emerging Markets / Asia|Acc|DE000A0Q4R85|EXHG.DE|EUR|0,31|4,54|4,5675|-0,0674|-0,0157|-0,1541|-0,1763|-0,0737|Wacht op Yahoo...|1549,0|1050,0|1588,0|1561,0|1361,55
1465|1384|1438|VanEck iBoxx EUR Sovereign Diversifi 1-10|Bonds / Fixed Income|Unknown|NL0009690254|TGBT.DE|EUR|0,15|11,765000343322754|11,779500007629395|-0,02485939246033886|-0,040670554842723305|-0,02799055386075333|-0,028489637876541574|-0,029603955205765198|Wacht op Yahoo...|1194,0|1367,0|1423,0|1401,0|1361,85
1466|1364|1479|Amundi Euro Hghst Rtd Mcr Wght Gov Bd UCITS ETF A|Region: Europe|Acc|LU1287023342|LYXA.DE|EUR|0,17|122,0199966430664|122,17500305175781|-0,021726983411618273|-0,04162741960777172|-0,03381110334552184|-0,028464545108403683|-0,030259130478677787|Wacht op Yahoo...|1074,0|1381,0|1469,0|1411,0|1362,95
1467|1387|1446|Amundi Prime Euro Government Bond UCITS Dist ETF|Bonds / Fixed Income|Distr|LU1931975152|PR1R.DE|EUR|0,05|16,38949966430664|16,40250015258789|-0,023126239591862108|-0,04230583490286832|-0,028965423407954938|-0,02836734440035782|-0,03046312706437071|Wacht op Yahoo...|1137,0|1389,0|1427,0|1413,0|1365,5
1468|1383|1455|iShares EUR Govt Bond Climate UCITS EUR (Acc) ETF|ESG / Sustainable|Acc|IE00BLDGH553|SECA.DE|EUR|0,09|4,237400054931641|4,240300178527832|-0,022942694993446477|-0,04233049417260071|-0,029610486726156515|-0,029477058333674644|-0,03077406314230602|Wacht op Yahoo...|1129,0|1391,0|1433,0|1417,0|1367,4
1469|1371|1477|BNP Paribas Easy ESG Enhcd EUR Govt Bd UCITS ETF D|ESG / Sustainable|Distr|LU2697597719|BJLQ.DE|EUR|0,12|9,595800399780273|9,595399856567383|-0,022671715812369042|-0,04157008396467898|-0,035681392615883434|-0,027118568355092187|-0,029125608422470473|Wacht op Yahoo...|1113,0|1380,0|1478,0|1397,0|1367,85
1470|1370|1478|Xtrackers USD Corporate Green Bond UCITS 1C - EUR Hedged ETF|ESG / Sustainable|Acc|IE00028H9QJ8|XGUE.DE|EUR|0,25|23,972000122070312|24,160999298095703|-0,02982716915463135|-0,03525432492538094|-0,032099167033819875|-0,0331921738935782|-0,030867739301905006|Wacht op Yahoo...|1299,0|1310,0|1459,0|1422,0|1368,0
1471|1431|1397|iShares MSCI Japan ESG Screened UCITS ETF USD Acc|ESG / Sustainable|Acc|IE00BFNM3L97|SLMG.DE|EUR|0,15|4,779900074005127|4,797999858856201|-0,03315261528371227|-0,04154720081555019|-0,012560182133328768|-0,029914943894480128|-0,032178789939716235|Wacht op Yahoo...|1337,0|1378,0|1318,0|1435,0|1368,25
1472|1431|1397|iShares JP Morgan Advanced $ EM Bond UCITS EUR Hedged (Acc) ETF|Bonds / Fixed Income|Acc|IE00BKP5L730|SLMG.DE|EUR|0,5|4,779900074005127|4,797999858856201|-0,03315261528371227|-0,04154720081555019|-0,012560182133328768|-0,029914943894480128|-0,032178789939716235|Wacht op Yahoo...|1337,0|1378,0|1318,0|1435,0|1368,25
1473|1554|1218|Xtrackers Harvest CSI A500 UCITS 1D ETF|Other|Distr|LU1310477036|AH50.DE|EUR|0,65|28,84000015258789|29,084999084472656|-0,03318805811767389|-0,12700194455478475|0,06435712980448804|0,03965251373285694|-0,03188040551816296|Wacht op Yahoo...|1339,0|1586,0|992,0|1431,0|1369,45
1474|1398|1447|iShares Italy Govt Bond UCITS EUR (Dist) ETF|Bonds / Fixed Income|Distr|IE00B7LW6Y90|IS0M.DE|EUR|0,2|144,2449951171875|144,65499877929688|-0,02349119119067422|-0,04251575863785251|-0,027196739910625434|-0,032357618769636054|-0,03125341697582107|Wacht op Yahoo...|1151,0|1394,0|1418,0|1426,0|1369,95
1475|1390|1460|Amundi Prime Euro Government Bond UCITS Acc ETF|Bonds / Fixed Income|Acc|LU2089238898|PRAR.DE|EUR|0,05|17,44099998474121|17,461000442504883|-0,023405525789685022|-0,04222949689147193|-0,02976189655137651|-0,028924624129517684|-0,03111422741704084|Wacht op Yahoo...|1146,0|1388,0|1434,0|1424,0|1370,4
1476|1396|1452|iShares Core   Govt Bond UCITS ETF EUR D|Bonds / Fixed Income|Distr|IE00B4WXJJ64|EUNH.DE|EUR|0,07|104,31999969482422|104,44999694824219|-0,023358167762535742|-0,042656356181942856|-0,029365919714416933|-0,028396876244842773|-0,03073127835709033|Wacht op Yahoo...|1145,0|1396,0|1430,0|1416,0|1370,85
1477|1551|1224|Xtrackers MSCI China A UCITS ETF|Region: Emerging Markets / Asia|Unknown|LU0292109856|DBX9.DE|EUR|0,35|34,150001525878906|34,560001373291016|-0,03517442903752477|-0,10730621951694996|0,04963890229110479|0,014256114732323022|-0,028287045132777022|Wacht op Yahoo...|1362,0|1576,0|1038,0|1384,0|1371,0
1478|1514|1278|First Trust Indxx Gl Aerospc &Dfnc UCITS ETF A USD|Other|Unknown|IE000NVDQXE1|FTGA.DE|EUR|0,65|28,540000915527344|28,795000076293945|-0,04930045035537556|-0,05652889535446792|0,04370091907770668|0,021291867139054732|-0,0419185509336788|Wacht op Yahoo...|1490,0|1471,0|1056,0|1478,0|1371,5
1479|1400|1449|Amundi Euro Government Bond 5-7Y UCITS ETF Acc|Bonds / Fixed Income|Acc|LU1287023003|LYXC.DE|EUR|0,15|155,1999969482422|155,5|-0,024758090087453777|-0,04170914640758716|-0,028208289228024097|-0,030060606985323424|-0,030829265007224937|Wacht op Yahoo...|1191,0|1382,0|1425,0|1420,0|1371,7
1480|1436|1405|Xtrackers MSCI Global Clean Water & Sanitation UCITS ETF|Commodity / Energy|Unknown|IE0007WJ6B10|XDG6.DE|EUR|0,35|31,790000915527344|31,7549991607666|-0,03123564693211256|-0,042325615068944944|-0,021243800382808598|-0,01196576008274608|-0,026941953950950115|Wacht op Yahoo...|1319,0|1390,0|1378,0|1367,0|1371,75
1481|1401|1465|Vanguard EUR Eurozone Gvt Bd UCITS ETF EUR Acc|Other|Acc|IE00BH04GL39|VGEA.DE|EUR|0,07|23,18600082397461|23,229000091552734|-0,02345951252272427|-0,04308703004479553|-0,0299961953569311|-0,02906190792218244|-0,03125136277248142|Wacht op Yahoo...|1148,0|1399,0|1438,0|1425,0|1376,3
1482|1388|1481|Xtrackers II ESG Eurozone Government Bond UCITS ETF|ESG / Sustainable|Unknown|LU2468423459|XZEB.DE|EUR|0,15|26,138999938964844|26,202999114990234|-0,022914206460073805|-0,04249239373198521|-0,03271290214771705|-0,02861497812669722|-0,031043209023631668|Wacht op Yahoo...|1127,0|1393,0|1463,0|1423,0|1376,6
1483|1437|1412|JPM USD Emerging Markets Sovereign Bond UCITS - EUR Hedged (acc) ETF|Bonds / Fixed Income|Acc|IE00BDDRDY39|JMBE.DE|EUR|0,39|93,60600280761719|94,19599914550781|-0,036896025245012454|-0,04064686432208664|-0,01622699625329782|-0,029305587586885173|-0,03077884873363712|Wacht op Yahoo...|1386,0|1366,0|1355,0|1418,0|1376,65
1484|1402|1470|Xtrackers II Eurozone Government Bond UCITS 1D ETF|Bonds / Fixed Income|Distr|LU0643975591|X03F.DE|EUR|0,09|162,4250030517578|162,73500061035156|-0,023712160733375787|-0,04284761665150938|-0,030173034277040656|-0,028955585969438924|-0,03145622202113707|Wacht op Yahoo...|1164,0|1397,0|1441,0|1428,0|1379,25
1485|1376|1496|UBS BBG MSCI Gl Liq Crp Sust UCITS ETF hEUR dis|Other|Distr|LU2099992187|CHST.DE|EUR|0,16|8,72599983215332|8,749199867248535|-0,025550523611395648|-0,03848508559492114|-0,036585815273368016|-0,036504148828146565|-0,032268662113435376|Wacht op Yahoo...|1215,0|1347,0|1482,0|1439,0|1379,35
1486|1360|1515|Fidelity EUR HY Crp Bd Rs Enh PAB UCITS ETFInc EUR|Other|Unknown|IE000HDEYKM3|FYEI.DE|EUR|0,3|4,837500095367432|4,870999813079834|-0,02763815314591289|-0,03516295898475863|-0,04487184254926968|-0,04093747311639906|-0,03495678721901252|Wacht op Yahoo...|1259,0|1309,0|1510,0|1453,0|1380,55
1487|1412|1453|Goldman Sachs Emerging Markets Green and Social Bond Active UCITS ETF EUR Hedged (Dist)|ESG / Sustainable|Distr|IE000GZD8ME7|GAEM.DE|EUR|0,55|47,9370002746582|48,64699935913086|-0,03454040396823166|-0,0383568405288488|-0,029114143705109785|-0,02888890812262479|-0,030823099777933405|Wacht op Yahoo...|1353,0|1343,0|1429,0|1419,0|1381,2
1488|1420|1440|Xtrackers II Target Maturity Sept 2033 EUR Corporate Bond UCITS ETF|Bonds / Fixed Income|Unknown|LU2673523564|XB33.DE|EUR|0,12|27,650999069213867|27,722000122070312|-0,026373259132993154|-0,04289042583891167|-0,02825243406323108|-0,02585039014467816|-0,029810821704154944|Wacht op Yahoo...|1235,0|1398,0|1426,0|1405,0|1381,95
1489|1403|1473|Amundi Global Aggregate Green Bond UCITS EUR Hedged Acc ETF|ESG / Sustainable|Acc|LU1563454823|KLMH.DE|EUR|0,3|45,6609992980957|45,72700119018555|-0,02635563208575531|-0,04101733061875101|-0,030922380650243997|-0,03219586683456288|-0,03139467618143832|Wacht op Yahoo...|1234,0|1372,0|1451,0|1427,0|1382,05
1490|1404|1475|BNP Paribas Easy ESG Enhcd EUR Govt Bd UCITS ETF C|ESG / Sustainable|Acc|LU2697597552|BJLM.DE|EUR|0,12|9,996600151062012|10,02299976348877|-0,02400782492430198|-0,042562957027934|-0,030914652737934145|-0,029550480628356635|-0,031543696210861505|Wacht op Yahoo...|1174,0|1395,0|1450,0|1430,0|1382,6
1491|1558|1238|iShares MSCI China A UCITS ETF USD (Acc)|Region: Emerging Markets / Asia|Acc|IE00BQT3WG13|36BZ.DE|EUR|0,4|5,015999794006348|5,077000141143799|-0,035570161895422614|-0,10905866926355168|0,044782268372209444|0,00884949132256141|-0,030301196705255662|Wacht op Yahoo...|1370,0|1578,0|1055,0|1412,0|1382,85
1492|1379|1505|iShares US Aggregate Bond UCITS EUR Hedged (Dist) ETF|Bonds / Fixed Income|Distr|IE00093SKUY4|CEBX.DE|EUR|0,3|4,697800159454346|4,708499908447266|-0,029099325139347654|-0,036941293796708075|-0,036988927035497055|-0,04031036975127167|-0,0348454671489391|Wacht op Yahoo...|1286,0|1326,0|1486,0|1450,0|1384,8
1493|1302|1597|Invesco STOXX Europe 600 Optimised Automobiles & Parts UCITS Acc ETF|Region: Europe|Acc|IE00B5NLX835|SC0P.DE|EUR|0,2|381,5|382,3500061035156|-0,0721147861769138|-0,020539152759948665|-0,15090137911201118|-0,20029344982277986|-0,08935210259908777|Wacht op Yahoo...|1559,0|1105,0|1583,0|1574,0|1386,4
1494|1415|1468|State Street SPDR Bloomberg Euro Government Bond UCITS ETF|Bonds / Fixed Income|Unknown|IE00B3S5XW04|SYBB.DE|EUR|0,07|53,31999969482422|53,540000915527344|-0,025050264514281717|-0,043578025594510184|-0,029894278566392818|-0,030066410613318495|-0,03199933225180329|Wacht op Yahoo...|1201,0|1405,0|1436,0|1432,0|1387,55
1495|1406|1484|Xtrackers II Eurozone Government Bond ESG Tilted UCITS ETF|ESG / Sustainable|Unknown|LU2504537445|XEZB.DE|EUR|0,12|38,803001403808594|38,90399932861328|-0,023922125444751363|-0,043394382457395575|-0,03219059157834303|-0,02977571756672237|-0,032032217886990955|Wacht op Yahoo...|1172,0|1403,0|1460,0|1433,0|1388,6
1496|1427|1451|iShares iBonds Dec 2033 Term Corp UCITS EUR (Acc) ETF|Other|Acc|IE000ZBGZQM8|IG33.DE|EUR|0,12|5,03380012512207|5,0391998291015625|-0,026946571140697317|-0,04340385368016497|-0,02942307061104832|-0,027096959227564277|-0,03050129793042433|Wacht op Yahoo...|1244,0|1404,0|1431,0|1414,0|1388,75
1497|1583|1220|First Trust RBA Amer Indust Rnssnc UCITS ETF A USD|Other|Unknown|IE000U6ABUJ7|IRFT.DE|EUR|0,7|22,209999084472656|22,235000610351562|-0,04039755259444733|-0,2087638287873611|0,11451222629838353|0,061156175854442996|-0,0967386789045046|Wacht op Yahoo...|1422,0|1603,0|874,0|1579,0|1388,8
1498|1345|1543|YieldMax Future of Dfnc Option Inc UCITS ETF USD D|Other|Distr|IE000TAA0GK0|NA7Y.DE|EUR|0,99|38,22999954223633|38,310001373291016|-0,010482691779260422|-0,06241574220487345|-0,07534167581320539|-0,0866085303941283|-0,04987711526191607|Wacht op Yahoo...|720,0|1486,0|1540,0|1508,0|1389,0
1499|1389|1507|iShares USD TIPS UCITS EUR Hedged (Acc) ETF|Other|Acc|IE00BDZVH966|IBC5.DE|EUR|0,12|5,197999954223633|5,211999893188477|-0,031488754523933626|-0,03637238134916221|-0,03836901114110913|-0,03257029332096084|-0,034949576829461426|Wacht op Yahoo...|1324,0|1320,0|1492,0|1452,0|1390,0
1500|1414|1482|iShares EUR Govt Bond Climate UCITS EUR (Dist) ETF|ESG / Sustainable|Distr|IE00BLDGH447|SECD.DE|EUR|0,09|3,8685998916625977|3,870800018310547|-0,024681747415519206|-0,04445594750364967|-0,030769012054934652|-0,030650834005758854|-0,03264261528881529|Wacht op Yahoo...|1190,0|1409,0|1447,0|1444,0|1392,65
1501|1512|1330|VanEck Sustainable Future of Food UCITS ETF|Other|Unknown|IE0005B8WVT6|VE6I.DE|EUR|0,45|18,926000595092773|18,808000564575195|-0,04201254818333644|-0,06214071809312016|-0,014681361168495277|0,023801824764950075|-0,016846203946804472|Wacht op Yahoo...|1437,0|1485,0|1340,0|1249,0|1394,35
1502|1413|1490|Invesco EUR Gv and Rltd Grn Bd Wghtd UCITS ETF Dis|Other|Distr|IE0008SEV3B2|EGVD.DE|EUR|0,15|4,712299823760986|4,720200061798096|-0,025303675070485476|-0,043190761876960915|-0,03248075003233253|-0,03140397094214564|-0,032555709593237836|Wacht op Yahoo...|1206,0|1400,0|1462,0|1443,0|1395,0
1503|1307|1603|Global X Europe Focused Def Tech UCITS ETF EUR Acc|Technology|Acc|IE000WRQ9RR1|ED3F.DE|EUR|0,4|15,199999809265137|15,430000305175781|-0,07384845225498182|-0,02150126039225031|-0,1646515430279255|-0,08400627123913873|-0,11685774238423252|Wacht op Yahoo...|1563,0|1111,0|1594,0|1592,0|1395,75
1504|1423|1487|Invesco EUR Gv and Rltd Grn Bd Wghtd UCITS ETF Acc|Other|Acc|IE0007BT2BH8|EGVA.DE|EUR|0,15|5,214799880981445|5,2210001945495605|-0,02589015269940198|-0,04385774025873879|-0,031965880872324326|-0,03157036057843865|-0,032522070992662466|Wacht op Yahoo...|1224,0|1406,0|1457,0|1442,0|1398,65
1505|1578|1256|Rize USA Environmental Impact UCITS USD Acc ETF|Region: US|Acc|IE000PY7F8J9|RIZJ.DE|EUR|0,45|5,276000022888184|5,309000015258789|-0,03950482549131673|-0,14958091132619677|0,0672600340050915|0,02825959457039451|-0,057449401136152156|Wacht op Yahoo...|1412,0|1594,0|985,0|1526,0|1400,85
1506|1473|1408|iShares J.P. Morgan $ EM Bond EUR Hgd UCITS ETF D|Bonds / Fixed Income|Distr|IE00B9M6RS56|IS3C.DE|EUR|0,5|64,41799926757812|64,89399719238281|-0,039094599391345075|-0,047225839765639654|-0,01260573089827266|-0,03172697150947523|-0,034874790918967724|Wacht op Yahoo...|1407,0|1426,0|1320,0|1451,0|1401,65
1507|1450|1454|iShares iBond Dec 2035 Term   Corp UCITS ETF EUR A|Other|Acc|IE000O1FWAW6|IG35.DE|EUR|0,12|4,850500106811523|4,842899799346924|-0,02797535173919763|-0,04866037898014686|-0,026316786973546558|-0,02962827573943816|-0,032814976467361645|Wacht op Yahoo...|1261,0|1435,0|1409,0|1445,0|1404,4
1508|1588|1244|WisdomTree Renewable Energy UCITS - USD Acc ETF|Commodity / Energy|Acc|IE000P3D0W60|WRNW.DE|EUR|0,45|23,219999313354492|23,594999313354492|-0,045033978887616066|-0,16997322621181754|0,09528294706226026|-0,0316930877143361|-0,11224281782375278|Wacht op Yahoo...|1461,0|1598,0|918,0|1591,0|1406,05
1509|1411|1514|iShares $ Corp Bond ESG SRI? UCITS EUR Hedged (Acc) ETF|ESG / Sustainable|Acc|IE000FZ1S3M3|CEMJ.DE|EUR|0,17|4,85699987411499|4,874499797821045|-0,029686771255338362|-0,04049781349147774|-0,04284251856924792|-0,04246514766403009|-0,03662561042466106|Wacht op Yahoo...|1297,0|1364,0|1502,0|1460,0|1407,65
1510|1419|1511|Vanguard USD Corporate Bond UCITS EUR hedged - Acc ETF|Bonds / Fixed Income|Acc|IE00BGYWFL94|VDCE.DE|EUR|0,1|53,641998291015625|53,92599868774414|-0,03071809461169006|-0,04070247516674208|-0,038467053447132415|-0,03908718418507895|-0,03585295774941322|Wacht op Yahoo...|1308,0|1368,0|1493,0|1456,0|1407,85
1511|1538|1328|Global X European Infra Dev UCITS ETF EUR Acc|Global / Broad|Acc|IE000PS0J481|B41J.DE|EUR|0,47|18,746000289916992|18,989999771118164|-0,04765290208365536|-0,06829028290282901|0,022918262108374776|-0,012848840660454885|-0,058581279048892654|Wacht op Yahoo...|1480,0|1506,0|1112,0|1528,0|1408,0
1512|1417|1512|iShares eb.rexx Government Germany 5.5-10.5yr UCITS (DE) ETF|Region: Europe|Unknown|DE0006289499|EXHD.DE|EUR|0,16|111,23999786376953|111,37000274658203|-0,0246810962594729|-0,04482214225383452|-0,04316071950523093|-0,03615446464557526|-0,0347529091322899|Wacht op Yahoo...|1189,0|1411,0|1504,0|1449,0|1408,55
1513|1444|1483|iShares iBonds Dec 2034 Term Corp UCITS EUR (Dist) ETF|Other|Distr|IE000SBJO6L2|34GI.DE|EUR|0,12|4,711699962615967|4,712900161743164|-0,02823647333414825|-0,04689704185708421|-0,031768122542711885|-0,026631050241264886|-0,032097696718057955|Wacht op Yahoo...|1269,0|1421,0|1456,0|1434,0|1409,55
1514|1565|1302|Xtrackers MSCI World Utilities UCITS 1C ETF|Global / Broad|Acc|IE00BM67HQ30|XDWU.DE|EUR|0,25|38,71500015258789|38,665000915527344|-0,04771857545097036|-0,0865871962788497|0,04058589563817261|0,0022003386518882895|-0,059615377597377006|Wacht op Yahoo...|1481,0|1546,0|1065,0|1530,0|1412,8
1515|1477|1427|iShares J.P. Morgan USD EM Bond UCITS EUR Hedged (Acc) ETF|Bonds / Fixed Income|Acc|IE00BJ5JPH63|3SUD.DE|EUR|0,5|5,064599990844727|5,114799976348877|-0,03977708062737029|-0,048293740867102475|-0,015244046883392204|-0,033842065750948946|-0,03635979051582383|Wacht op Yahoo...|1418,0|1434,0|1347,0|1458,0|1414,65
1516|1599|1254|Global X Renw Energy Producers UCITS ETF USD Acc|Commodity / Energy|Acc|IE00BLCHJH52|R4RU.DE|EUR|0,5|10,142000198364258|10,26200008392334|-0,06594212712765202|-0,11885317144346186|0,07939551907044162|-0,023681107745831653|-0,09598213002074185|Wacht op Yahoo...|1544,0|1583,0|942,0|1577,0|1415,7
1517|1445|1495|Xtrackers II iBoxx Eurozone Government Bond Yield Plus UCITS 1D ETF|Bonds / Fixed Income|Distr|LU0962071741|XYPD.DE|EUR|0,15|137,11500549316406|137,31500244140625|-0,02741516776496833|-0,047930295458359695|-0,03365081229102329|-0,03547294994628314|-0,036351002589811277|Wacht op Yahoo...|1253,0|1429,0|1467,0|1457,0|1417,7
1518|1453|1489|Xtrackers II Target Maturity Sept 2034 EUR Corporate Bond UCITS ETF|Bonds / Fixed Income|Unknown|LU2809864619|XB34.DE|EUR||33,20899963378906|33,2869987487793|-0,028806240958027418|-0,04902654979394483|-0,03197121246508006|-0,030707141291196116|-0,0334690633487601|Wacht op Yahoo...|1277,0|1436,0|1458,0|1446,0|1419,65
1519|1455|1488|BNPP Easy EUR Corp Bond SRI PAB 7-10Y UCITS ETF D|ESG / Sustainable|Distr|LU2742532745|BJLT.DE|EUR|0,15|9,838399887084961|9,833600044250488|-0,029169127941331086|-0,0482805078464682|-0,032447033553552274|-0,02802402543869975|-0,03240876012362681|Wacht op Yahoo...|1289,0|1433,0|1461,0|1441,0|1420,0
1520|1601|1254|Invesco ChiNext 50 UCITS Acc ETF|Other|Acc|IE000AWRDWI7|CNFY.DE|EUR|0,49|9,119999885559082|9,392999649047852|-0,053450994404648955|-0,27191442847720537|0,07636024376605599|0,03530478712244123|-0,07596117417145742|Wacht op Yahoo...|1505,0|1609,0|950,0|1567,0|1420,25
1521|1537|1373|StSt SPDR S&P US Con Dis Sel Sector UCITS ETF Acc|Region: US|Acc|IE00BWBXM278|ZPDD.DE|EUR|0,15|60,599998474121094|61,09000015258789|-0,04776871377566083|-0,0674054271550778|-0,014153289886205678|-0,014153289886205678|-0,023265173835116615|Wacht op Yahoo...|1482,0|1498,0|1333,0|1337,0|1422,15
1522|1487|1426|iShares MSCI Wld Cons Dscrt Sec Adv UCITS ETF USDD|Other|Unknown|IE00BJ5JP212|36BB.DE|EUR|0,18|7,364999771118164|7,4079999923706055|-0,04462321112615897|-0,049309466322168705|-0,04349814765720117|-0,02732276983131532|-0,017563926101015648|Wacht op Yahoo...|1459,0|1438,0|1505,0|1260,0|1422,3
1523|1448|1503|Xtrackers II iBoxx Eurozone Government Bond Yield Plus UCITS 1C ETF|Bonds / Fixed Income|Acc|LU0524480265|XY4P.DE|EUR|0,15|173,53500366210938|173,92999267578125|-0,028277866908777205|-0,048053948790835466|-0,034468325892696106|-0,03695997886404401|-0,037261805602621045|Wacht op Yahoo...|1270,0|1430,0|1470,0|1462,0|1422,4
1524|1447|1504|UBS SBI Foreign AAA-BBB 5-10 ESG UCITS CHF dis ETF|ESG / Sustainable|Distr|LU0879399441|UEFZ.DE|EUR|0,2|14,317999839782715|14,327500343322754|-0,026483128054254124|-0,04940506736660355|-0,033086844239540336|-0,03065331084578926|-0,04054525144255472|Wacht op Yahoo...|1236,0|1440,0|1465,0|1475,0|1422,65
1525|1393|1559|UBS CMCI Commodity Carry SF UCITS USD acc ETF|Commodity / Energy|Acc|IE00BKFB6L02|UEQC.DE|EUR|0,34|119,36000061035156|118,26000213623047|-0,01306434429600889|-0,07616096416652818|-0,15227274131183755|-0,15634715709057545|-0,04579175242361855|Wacht op Yahoo...|780,0|1529,0|1585,0|1491,0|1423,05
1526|1435|1522|iShares USD Corp Bond ESG UCITS EUR Hedged (Dist) ETF|ESG / Sustainable|Distr|IE00BH4G7D40|36BA.DE|EUR|0,17|3,7116000652313232|3,723900079727173|-0,030812624704225855|-0,04241482594520729|-0,044839694021386434|-0,04328349706054302|-0,03817691507899079|Wacht op Yahoo...|1309,0|1392,0|1509,0|1465,0|1423,4
1527|1556|1355|Invesco STOXX Europe 600 Optimised Construction & Materials UCITS Acc ETF|Region: Europe|Acc|IE00B5MTY309|SC01.DE|EUR|0,2|696,4000244140625|698,2999877929688|-0,06208750920664985|-0,07084719891385927|0,017087793191821188|-0,0567519491692795|-0,05724613379943444|Wacht op Yahoo...|1536,0|1513,0|1155,0|1525,0|1429,35
1528|1463|1502|BNPP Easy EUR Corp Bond SRI PAB 7-10Y UCITS ETF C|ESG / Sustainable|Acc|LU2742532828|BJLU.DE|EUR|0,15|10,291999816894531|10,32699966430664|-0,03024593439371226|-0,05085999109604955|-0,03556204673884322|-0,03120441073591229|-0,03548655787721422|Wacht op Yahoo...|1302,0|1444,0|1476,0|1454,0|1432,7
1529|1466|1508|iShares EUR Govt Bond 7-10yr UCITS EUR (Acc) ETF|Bonds / Fixed Income|Acc|IE00B3VTN290|SXRQ.DE|EUR|0,15|146,86500549316406|146,93499755859375|-0,029408828446904067|-0,052055686851380734|-0,03647693913252392|-0,03676130178175663|-0,03835336892909247|Wacht op Yahoo...|1292,0|1451,0|1481,0|1466,0|1437,65
1530|1568|1360|iShares STOXX Europe 600 Construction & Materials UCITS (DE) ETF|Region: Europe|Unknown|DE000A0H08F7|EXV8.DE|EUR|0,46|82,48999786376953|82,80999755859375|-0,06176069629507497|-0,0769103297214423|0,01758407979902299|-0,06188028287980574|-0,06268891841534796|Wacht op Yahoo...|1534,0|1531,0|1153,0|1536,0|1437,95
1531|1467|1510|Amundi Euro Government Bond 7-10Y UCITS ETF Acc|Bonds / Fixed Income|Acc|LU1287023185|LYXD.DE|EUR|0,15|162,6999969482422|162,69000244140625|-0,029525780664797163|-0,05194772170011086|-0,036594077190243324|-0,03682217196380855|-0,038361103823715714|Wacht op Yahoo...|1296,0|1450,0|1483,0|1467,0|1438,55
1532|1474|1494|State Street SPDR Bloomberg 10+ Year U.S. Corporate Bond UCITS ETF|Bonds / Fixed Income|Unknown|IE00BZ0G8860|SYBN.DE|EUR|0,12|21,28499984741211|21,347999572753906|-0,02599189021185333|-0,06790166095952055|-0,032950568081866916|-0,024066218327979838|-0,03417063372801776|Wacht op Yahoo...|1226,0|1501,0|1464,0|1447,0|1439,7
1533|1495|1457|UBS Factor MSCI USA Low Volatility UCITS hEUR acc ETF|Factor / Smart Beta|Acc|IE00BWT3KJ20|UBUV.DE|EUR|0,21|29,219999313354492|29,190000534057617|-0,06286083940467235|-0,04696674955069058|-0,02421106658401595|-0,009659374869296022|-0,03979260130170126|Wacht op Yahoo...|1538,0|1422,0|1393,0|1471,0|1441,95
1534|1469|1518|iShares US Mortgage Backed Securities UCITS EUR Hedged (Dist) ETF|Region: US|Distr|IE000EEJLWG1|CEBW.DE|EUR|0,31|4,735199928283691|4,737500190734863|-0,04029186995547074|-0,0445520439005781|-0,037280437065274286|-0,04702317638148734|-0,043502754739043636|Wacht op Yahoo...|1421,0|1410,0|1488,0|1482,0|1445,55
1535|1458|1531|iShares USD Treasury Bond 7-10yr UCITS EUR Hedged (Dist) ETF|Bonds / Fixed Income|Distr|IE00BGPP6697|IBB1.DE|EUR|0,1|3,6972999572753906|3,7060999870300293|-0,03497508997869714|-0,04548861404363258|-0,05168823783010301|-0,05511235301250117|-0,04548883054220143|Wacht op Yahoo...|1361,0|1414,0|1516,0|1489,0|1446,55
1536|1472|1513|iShares   Govt Bond 7-10yr UCITS ETF EUR (Dist)|Bonds / Fixed Income|Distr|IE00B1FZS806|IBCM.DE|EUR|0,15|176,08999633789062|176,46499633789062|-0,03095506762436151|-0,05338139827169319|-0,038280413577705175|-0,03817629254316701|-0,039578548714609973|Wacht op Yahoo...|1312,0|1458,0|1491,0|1469,0|1446,55
1537|1462|1528|Franklin FTSE India UCITS ETF|Region: Emerging Markets / Asia|Unknown|IE00BHZRQZ17|FLXI.DE|EUR|0,19|34,60499954223633|35,154998779296875|-0,03432397303365042|-0,047087956743442794|-0,06498240714314207|-0,10685248428904903|-0,037506789360888027|Wacht op Yahoo...|1351,0|1423,0|1533,0|1463,0|1447,7
1538|1460|1532|iShares $ Treasury Bond 7-10yr UCITS EUR Hedged (Acc) ETF|Bonds / Fixed Income|Acc|IE000K1VI152|CEMF.DE|EUR|0,1|4,855500221252441|4,867199897766113|-0,035228892343745266|-0,04573323903174753|-0,05180827138522648|-0,05501918874760037|-0,04557481259122986|Wacht op Yahoo...|1364,0|1415,0|1517,0|1490,0|1447,85
1539|1464|1527|UBS Core BBG US Liquid Corp UCITS ETF hEUR acc|Region: US|Acc|LU1048317025|UEF0.DE|EUR|0,09|16,844499588012695|16,9424991607666|-0,0332587353919358|-0,04811819612408119|-0,05112106688602469|-0,049863257463280686|-0,043512007150093956|Wacht op Yahoo...|1341,0|1431,0|1513,0|1483,0|1448,4
1540|1468|1533|Invesco US Treasury Bond 7-10 Year UCITS - EUR Hdg Dist ETF|Bonds / Fixed Income|Distr|IE00BF2FN869|TRDE.DE|EUR|0,1|28,50200080871582|28,590999603271484|-0,03646954533983093|-0,04672972614699544|-0,0520447834686254|-0,05495473656976413|-0,04647500898727153|Wacht op Yahoo...|1380,0|1420,0|1518,0|1494,0|1453,3
1541|1546|1419|Xtrackers MSCI USA Cons Discretionary UCITS ETF 1D|Region: US|Distr|IE00BGQYRR35|XUCD.DE|EUR|0,12|79,97000122070312|80,47000122070312|-0,04865567995097442|-0,07152797628132257|-0,026323509276088175|-0,02122515823179305|-0,026814716617132417|Wacht op Yahoo...|1486,0|1516,0|1410,0|1366,0|1455,0
1542|1513|1467|Xtrackers MSCI World Consumer Discretionary UCITS 1C ETF|Global / Broad|Acc|IE00BM67HP23|XDWC.DE|EUR|0,25|56,720001220703125|57,08000183105469|-0,04991623960055713|-0,054824149189311666|-0,03913260386859296|-0,03831804576252651|-0,025881444684218602|Wacht op Yahoo...|1494,0|1468,0|1494,0|1359,0|1456,6
1543|1480|1517|UBS Core US Treasury 10+ d ETF|Bonds / Fixed Income|Unknown|LU1459799943|CHSS.DE|EUR|0,05|7,833399772644043|7,850399971008301|-0,02871665465458717|-0,06725910445273131|-0,04183829436585984|-0,03228746095945201|-0,039439018348861654|Wacht op Yahoo...|1274,0|1496,0|1499,0|1468,0|1457,85
1544|1429|1596|Franklin MSCI China Paris Aligned Climate UCITS ETF|ESG / Sustainable|Unknown|IE000EBPC0Z7|FVCH.DE|EUR|0,22|19,898000717163086|20,0049991607666|-0,03711590439794976|-0,03897605455284259|-0,20503395240498523|-0,13824163769297548|-0,0677960440738381|Wacht op Yahoo...|1388,0|1351,0|1601,0|1548,0|1458,45
1545|1483|1516|Amundi US Treasury Bond Long Dated UCITS ETF Dist|Bonds / Fixed Income|Distr|LU1407890620|DJAD.DE|EUR|0,06|83,21800231933594|83,39399719238281|-0,029029460308428456|-0,06787783739420261|-0,04148119936493311|-0,0321237605229161|-0,03968129161877132|Wacht op Yahoo...|1285,0|1500,0|1497,0|1470,0|1461,0
1546|1485|1520|Invesco US Treasury Bond 10+ Year UCITS Acc ETF|Bonds / Fixed Income|Acc|IE000GE4QIR1|TRXL.DE|EUR|0,06|3,9479000568389893|3,954200029373169|-0,029523054983733865|-0,06732974467262998|-0,04153918498237297|-0,03573349436768003|-0,040004465491089714|Wacht op Yahoo...|1295,0|1497,0|1498,0|1472,0|1461,95
1547|1526|1471|Global X Clean Water UCITS ETF USD Acc|Commodity / Energy|Acc|IE000BWKUES1|AKWA.DE|EUR|0,5|26,575000762939453|26,5049991607666|-0,031170234514178885|-0,08771021185844452|-0,025128373447944052|-0,015740712483723995|-0,04349873465304688|Wacht op Yahoo...|1318,0|1547,0|1399,0|1481,0|1462,45
1548|1475|1535|Amundi Core USD Corporate Bond UCITS EUR Hedged Acc ETF|Bonds / Fixed Income|Acc|LU2977997381|CBDE.DE|EUR|0,09|9,770000457763672|9,822999954223633|-0,03529984077334303|-0,05177849358242492|-0,056494361210402966|-0,052789704293000006|-0,04631372044953519|Wacht op Yahoo...|1366,0|1449,0|1522,0|1493,0|1463,6
1549|1449|1582|VanEck New China UCITS ETF|Region: Emerging Markets / Asia|Unknown|IE0000H445G8|CNIE.DE|EUR|0,6|13,446000099182129|13,529999732971191|-0,031965459551199116|-0,04407791029657737|-0,1376346785144431|-0,09185463184537979|-0,0632850302877177|Wacht op Yahoo...|1330,0|1408,0|1578,0|1538,0|1464,8
1550|1490|1519|StSt SPDR BBG 10+ Y U.S. Treas Bd UCITS ETF Dist|Other|Distr|IE00BYSZ5V04|SPPX.DE|EUR|0,05|16,75149917602539|16,80299949645996|-0,029405039648293774|-0,06840065196817724|-0,04115728273545749|-0,03239915621195266|-0,040433418990681425|Wacht op Yahoo...|1291,0|1507,0|1496,0|1473,0|1465,05
1551|1479|1537|Xtrackers USD Corporate Bond UCITS 2D EUR Hedged ETF|Bonds / Fixed Income|Distr|IE00BZ036J45|XDGE.DE|EUR|0,21|9,57759952545166|9,631999969482422|-0,03721427541533795|-0,05212534266971147|-0,05708177257537639|-0,05334262630082609|-0,04696614652960174|Wacht op Yahoo...|1389,0|1452,0|1524,0|1500,0|1470,15
1552|1499|1526|iShares $ Treasury Bond 20+yr UCITS ETF USD D|Bonds / Fixed Income|Distr|IE00BSKRJZ44|IS04.DE|EUR|0,07|2,5815999507904053|2,5843000411987305|-0,02976549532607109|-0,07180099674102136|-0,049073383541158644|-0,03464933650064439|-0,042322833798222326|Wacht op Yahoo...|1298,0|1518,0|1512,0|1479,0|1475,7
1553|1609|1349|VanEck Rare Earth and Strategic Metals UCITS ETF|Commodity / Energy|Unknown|IE0002PG6CA6|VVMX.DE|EUR|0,59|11,21399974822998|11,470000267028809|-0,15633464469532643|-0,26455930996710364|0,03335786065510882|-0,11042362400932215|-0,22857003076604143|Wacht op Yahoo...|1608,0|1607,0|1082,0|1608,0|1476,1
1554|1527|1500|Amundi S&P World Consumer Discretionary Screened UCITS Acc ETF|Global / Broad|Acc|IE000NM0ALX6|WELJ.DE|EUR|0,18|12,72599983215332|12,826000213623047|-0,048736762939438294|-0,0619195159614262|-0,04416405977304505|-0,041861148404279236|-0,030585402440303944|Wacht op Yahoo...|1487,0|1484,0|1507,0|1415,0|1476,4
1555|1550|1459|iShares S&P 500 Cnsmr Dscrtnr Sctr UCITS ETF USD A|Region: US|Acc|IE00B4MCHD36|QDVK.DE|EUR|0,15|13,821999549865723|13,923999786376953|-0,05029547587883476|-0,07371668586861346|-0,030851250278255304|-0,023318320196276887|-0,029795459006664693|Wacht op Yahoo...|1497,0|1524,0|1448,0|1404,0|1476,95
1556|1491|1540|Fidelity ESG USD EM Bond UCITS ETF Inc EURH|ESG / Sustainable|Distr|IE0007L3IJF6|FESE.DE|EUR|0,5|4,599999904632568|4,627799987792969|-0,036588739425035044|-0,05708723603151067|-0,057250059441655954|-0,06181915044875019|-0,05396653552072217|Wacht op Yahoo...|1382,0|1474,0|1525,0|1519,0|1481,95
1557|1517|1524|iShares STOXX Europe 600 Personal & Household Goods UCITS (DE) ETF|Region: Europe|Unknown|DE000A0H08N1|EXH7.DE|EUR|0,46|90,41000366210938|89,54000091552734|-0,053595678662325064|-0,05567508813535549|-0,03600146362360079|-0,11178186367191556|-0,0484972708188558|Wacht op Yahoo...|1507,0|1469,0|1480,0|1504,0|1484,45
1558|1502|1538|iShares   Govt Bond 10-15yr UCITS ETF EUR (Dist)|Bonds / Fixed Income|Distr|IE00B4WXJH41|EUN8.DE|EUR|0,15|136,5500030517578|136,4199981689453|-0,034641173575120865|-0,06797582782653633|-0,051552474379082835|-0,050308108017472986|-0,05266669799905688|Wacht op Yahoo...|1355,0|1502,0|1515,0|1513,0|1485,4
1559|1524|1521|Invesco STOXX Europe 600 Optimised Personal & Household Goods UCITS Acc ETF|Region: Europe|Acc|IE00B5MTZ595|SC04.DE|EUR|0,2|675,9000244140625|668,4000244140625|-0,053493841867913505|-0,05732214168192118|-0,034980010202735334|-0,10819368961413445|-0,04974327937385836|Wacht op Yahoo...|1506,0|1475,0|1473,0|1507,0|1485,55
1560|1492|1544|Xtrackers MSCI India Swap UCITS 1C ETF|Region: Emerging Markets / Asia|Acc|LU0514695187|XCS5.DE|EUR|0,19|15,720000267028809|15,977999687194824|-0,044609224802023006|-0,051526437102777156|-0,08519551599918529|-0,13216296848052211|-0,048280381510800385|Wacht op Yahoo...|1458,0|1448,0|1550,0|1502,0|1485,8
1561|1522|1530|Amundi STOXX Europe 600 Consumer Discretionary UCITS Dist ETF|Region: Europe|Distr|LU2082999132|6TVL.DE|EUR|0,3|35,720001220703125|35,51499938964844|-0,06172835547567879|-0,0537748021005795|-0,05725638365113572|-0,11320748998973407|-0,04110789942377402|Wacht op Yahoo...|1533,0|1462,0|1526,0|1476,0|1491,45
1562|1500|1546|iShares MSCI India UCITS USD (Acc) ETF|Region: Emerging Markets / Asia|Acc|IE00BZCQB185|QDV5.DE|EUR|0,65|7,311999797821045|7,440000057220459|-0,04518153498227584|-0,05321769378879937|-0,08554277529370424|-0,1313851739560592|-0,0490645016168052|Wacht op Yahoo...|1464,0|1457,0|1552,0|1506,0|1491,6
1563|1530|1529|Amundi STOXX Europe 600 Cons Dscretnry UCITS ETF A|Region: Europe|Acc|LU1834988781|LTVL.DE|EUR|0,3|25,350000381469727|25,190000534057617|-0,06371192365139011|-0,05480981842211485|-0,056919599221194384|-0,1133263292698824|-0,04145651886605051|Wacht op Yahoo...|1540,0|1467,0|1523,0|1477,0|1493,95
1564|1501|1550|iShares eb.rexx Government Germany 10.5+yr UCITS (DE) ETF|Region: Europe|Unknown|DE000A0D8Q31|EXX6.DE|EUR|0,16|106,54000091552734|106,84500122070312|-0,030661474245258447|-0,07188671821518244|-0,08178688061726513|-0,05316263460116799|-0,05318007650178802|Wacht op Yahoo...|1307,0|1520,0|1547,0|1516,0|1494,0
1565|1528|1536|Amundi Euro Government Bond 10-15Y UCITS ETF Acc|Bonds / Fixed Income|Acc|LU1650489385|LYQ6.DE|EUR|0,15|189,34500122070312|190,31500244140625|-0,03968654978399566|-0,06960342817785792|-0,051520329662602116|-0,04954443841389777|-0,05254320148910918|Wacht op Yahoo...|1416,0|1511,0|1514,0|1511,0|1497,5
1566|1504|1568|Invesco Preferred Shares UCITS EUR Hgd Dist ETF|Other|Distr|IE00BDT8V027|PDSE.DE|EUR|0,55|11,543999671936035|11,62399959564209|-0,0402242391258153|-0,05948909164509908|-0,1006922837354407|-0,07772898182469268|-0,06414087230202115|Wacht op Yahoo...|1420,0|1480,0|1563,0|1540,0|1503,75
1567|1572|1499|iShares STOXX Europe 600 Real Estate UCITS (DE) ETF|Real Estate|Unknown|DE000A0Q4R44|EXI5.DE|EUR|0,47|12,984000205993652|13,034000396728516|-0,07402653570500928|-0,0748879649576566|-0,026909055198334975|-0,0330568757152353|-0,06147471130773263|Wacht op Yahoo...|1564,0|1525,0|1412,0|1532,0|1504,0
1568|1519|1558|Amundi MSCI India Swap UCITS ETF EUR Acc|Region: Emerging Markets / Asia|Acc|FR0010361683|LYMD.DE|EUR|0,85|24,200000762939453|24,649999618530273|-0,04686879304117464|-0,0600116537552986|-0,09278345060578252|-0,13602282880432803|-0,05333125574774711|Wacht op Yahoo...|1476,0|1481,0|1558,0|1517,0|1506,7
1569|1608|1415|Invesco Solar Energy UCITS ETF USD Acc|Commodity / Energy|Acc|IE00BM8QRZ79|S0LR.DE|EUR|0,69|19,802000045776367|20,139999389648438|-0,10821886449836216|-0,2690291644799162|0,006506061847578515|-0,136226795865517|-0,20124721673502166|Wacht op Yahoo...|1599,0|1608,0|1212,0|1605,0|1507,05
1570|1573|1506|Xtrackers FTSE Developed Europe Real Estate UCITS 1C ETF|Real Estate|Acc|LU0489337690|D5BK.DE|EUR|0,33|22,844999313354492|22,854999542236328|-0,0722842918434724|-0,07510127094280317|-0,027044303290533867|-0,04334170367612711|-0,06625714599421284|Wacht op Yahoo...|1560,0|1527,0|1415,0|1547,0|1507,95
1571|1503|1585|UBS MSCI India SF ETF ETF|Region: Emerging Markets / Asia|Unknown|IE000N70F6V6|CNUB.DE|EUR|0,15|7,428999900817871|7,577000141143799|-0,046463867757159605|-0,05338941719234902|-0,2499217411809701|-0,13303773028857968|-0,05282276911114003|Wacht op Yahoo...|1473,0|1459,0|1605,0|1514,0|1508,6
1572|1553|1534|UBS BBG Euro Inflation Linked 10+ UCITS EUR dis ETF|Region: Europe|Distr|LU1645381689|FRC4.DE|EUR|0,1|14,18850040435791|14,281000137329102|-0,0487731257704328|-0,07627338424748986|-0,039711928830721166|-0,028974728720683185|-0,05654429664317384|Wacht op Yahoo...|1488,0|1530,0|1495,0|1523,0|1513,55
1573|1579|1509|Amundi FTSE EPRA Europ Real Estate UCITS ETF EUR D|Real Estate|Distr|LU1812091194|LEEU.DE|EUR|0,3|28,450000762939453|28,364999771118164|-0,058570436486835464|-0,08959997558593746|-0,02719993384226438|-0,04450038195017192|-0,06587775326807066|Wacht op Yahoo...|1527,0|1552,0|1419,0|1545,0|1513,6
1574|1542|1546|UBS Core BBG US Treasury 10+ UCITS ETF hEUR Adis|Bonds / Fixed Income|Unknown|LU1459800113|UST10.SW|EUR|0,07|9,418399810791016|9,486200332641602|-0,04391432633572012|-0,07331136258841675|-0,06447482456134535|-0,0603681952412477|-0,05977448074320779|Wacht op Yahoo...|1453,0|1523,0|1532,0|1531,0|1516,35
1575|1539|1557|iShares $ Treasury Bond 10-20yr UCITS EUR Hedged (Acc) ETF|Bonds / Fixed Income|Acc|IE00043L4HU0|CEMC.DE|EUR|0,1|4,734799861907959|4,758399963378906|-0,04885502091406946|-0,06806281494051036|-0,07825883139246148|-0,07215369200245159|-0,06275810068324283|Wacht op Yahoo...|1489,0|1503,0|1541,0|1537,0|1517,2
1576|1549|1553|State Street SPDR Bloomberg 10+ Year Euro Government Bond UCITS ETF|Bonds / Fixed Income|Unknown|IE00BYSZ6062|SYBV.DE|EUR|0,15|20,85700035095215|20,986000061035156|-0,04312522346613634|-0,0806123021217574|-0,06708488164045878|-0,057390353742983735|-0,06202646774430842|Wacht op Yahoo...|1448,0|1540,0|1535,0|1535,0|1523,95
1577|1557|1545|UBS BBG TIPS 10+ UCITS ETF USD dis|Other|Distr|LU1459802754|UIMB.DE|EUR|0,1|7,421199798583984|7,464399814605713|-0,04503813739968643|-0,0819588814083888|-0,0671161118373289|-0,04898054060422308|-0,05491723100651191|Wacht op Yahoo...|1462,0|1543,0|1536,0|1521,0|1524,7
1578|1544|1592|Xtrackers Nifty 50 Swap UCITS 1C ETF|Other|Acc|LU0292109690|DBX7.DE|EUR|0,85|197,02000427246094|201,6999969482422|-0,05210489060876433|-0,06934337688899594|-0,13492863107591246|-0,17443951681842762|-0,07694583296161628|Wacht op Yahoo...|1500,0|1509,0|1577,0|1568,0|1536,45
1579|1560|1566|Amundi Euro Government Bond 25+Y UCITS ETF A|Bonds / Fixed Income|Acc|LU1686832194|MTH.PA|EUR|0,07|67,79000091552734|68,0999984741211|-0,04183744289007285|-0,09226030210890235|-0,08284064957150272|-0,061080280043172674|-0,070768395477953|Wacht op Yahoo...|1436,0|1558,0|1548,0|1556,0|1536,8
1580|1566|1560|Amundi Euro Government Bond 15+Y UCITS ETF Acc|Bonds / Fixed Income|Acc|LU1287023268|LYXF.DE|EUR|0,15|161,8249969482422|163,19000244140625|-0,045589903343749794|-0,09043642719876788|-0,07931045708652751|-0,06459539336276188|-0,06983002096472157|Wacht op Yahoo...|1467,0|1553,0|1542,0|1552,0|1537,15
1581|1567|1562|Xtrackers II Eurozone Government Bond 15-30 UCITS 1C ETF|Bonds / Fixed Income|Acc|LU0290357507|DBXF.DE|EUR|0,15|252,11000061035156|253,69000244140625|-0,04648257779818443|-0,08929663389432341|-0,07982337944014428|-0,06574024492094666|-0,06971354805747076|Wacht op Yahoo...|1474,0|1551,0|1544,0|1551,0|1537,7
1582|1559|1580|StSt SPDR MSCI Europe Consumer Dis UCITS ETF|Region: Europe|Distr|IE00BKWQ0C77|SPYR.DE|EUR|0,18|148,1999969482422|147,24000549316406|-0,08030285770397927|-0,06815893357331904|-0,11617364371672378|-0,16223854120106085|-0,0661019784800696|Wacht op Yahoo...|1575,0|1504,0|1571,0|1546,0|1539,8
1583|1569|1564|iShares Govt Bond 15-30yr UCITS ETF EUR (Dist)|Bonds / Fixed Income|Distr|IE00B1FZS913|IBCL.DE|EUR|0,15|149,22500610351562|150,47500610351562|-0,046058856418914274|-0,09125510016245619|-0,08037452253736477|-0,06713864847037543|-0,07011019954478981|Wacht op Yahoo...|1470,0|1556,0|1546,0|1553,0|1540,0
1584|1561|1573|iShares MSCI Europe Consumer Discretionary Sector UCITS EUR (Acc) ETF|Region: Europe|Acc|IE00BMW42298|ESIC.DE|EUR|0,18|5,616000175476074|5,591000080108643|-0,07964602461454884|-0,06865671972264054|-0,11475405153749918|-0,15877769982072898|-0,06512649414877802|Wacht op Yahoo...|1574,0|1508,0|1570,0|1543,0|1540,4
1585|1563|1579|Ish Trsry Bond 20 Yr Ucits Hgd Dist|Bonds / Fixed Income|Distr|IE00BD8PGZ49|IUSV.DE|EUR|0,1|2,5690999031066895|2,581700086593628|-0,052447165040921506|-0,0789776258864412|-0,09766418687844791|-0,07982853889585939|-0,07128179406723067|Wacht op Yahoo...|1502,0|1537,0|1562,0|1557,0|1542,0
1586|1571|1578|iShares Govt Bond 20yr Target Duration UCITS EUR (Acc) ETF|Bonds / Fixed Income|Acc|IE000GHXL2Q3|CEB1.DE|EUR|0,15|4,192299842834473|4,218100070953369|-0,04494714011752332|-0,09514152227464834|-0,0960779759707131|-0,06434407112691654|-0,0732937838378025|Wacht op Yahoo...|1460,0|1561,0|1560,0|1559,0|1545,2
1587|1540|1605|HSBC Hang Seng Tech UCITS ETF HKD|Technology|Unknown|IE00BMWXKN31|H4ZX.DE|EUR|0,5|5,223999977111816|5,2820000648498535|-0,057720087134591536|-0,06463743215209206|-0,31036302196044474|-0,2367036700855325|-0,1220595992476774|Wacht op Yahoo...|1525,0|1492,0|1607,0|1593,0|1545,9
1588|1574|1580|Xtrackers II Eurozone Government Bond 25+ UCITS 1C ETF|Bonds / Fixed Income|Acc|LU0290357846|DBXG.DE|EUR|0,15|230,07000732421875|231,41000366210938|-0,04539225522577606|-0,09769389293557795|-0,08796474932935061|-0,06616060444055116|-0,07550408538124997|Wacht op Yahoo...|1465,0|1564,0|1555,0|1566,0|1547,3
1589|1576|1572|Amundi Euro Government Bond 25+Y UCITS Dist ETF|Bonds / Fixed Income|Distr|LU1686832277|DFOB.DE|EUR|0,07|116,0|117,07499694824219|-0,04667981830153045|-0,09780281739617114|-0,0864829585010064|-0,0663608399880602|-0,07496492458049364|Wacht op Yahoo...|1475,0|1566,0|1553,0|1564,0|1548,7
1590|1575|1584|iShares EUR Govt Bond 20yr Target Duration UCITS EUR (Dist) ETF|Bonds / Fixed Income|Distr|IE00BSKRJX20|IS05.DE|EUR|0,15|2,9019999504089355|2,922800064086914|-0,04696227333401404|-0,0976087562837038|-0,09712962484934695|-0,06744322333433372|-0,07427388452172345|Wacht op Yahoo...|1478,0|1563,0|1561,0|1562,0|1549,55
1591|1582|1563|BNP Paribas Easy FTSE EPRA Nareit Developed Europe ex UK Green UCITS ETF|ESG / Sustainable|Unknown|LU2008763935|EEPG.DE|EUR|0,4|6,252999782562256|6,276000022888184|-0,07962913664472426|-0,08206107337783486|-0,06111112224844906|-0,07101473300023453|-0,07947804346880494|Wacht op Yahoo...|1573,0|1544,0|1530,0|1570,0|1550,05
1592|1590|1548|StSt SPDR S&P US Utilities Sel Sctr UCITS ETF Acc|Region: US|Acc|IE00BWBXMB69|ZPDU.DE|EUR|0,15|44,060001373291016|43,775001525878906|-0,061154888412993325|-0,11526100304631925|-0,04279811988376403|-0,04008714796121471|-0,08468052317120978|Wacht op Yahoo...|1532,0|1580,0|1501,0|1571,0|1551,25
1593|1593|1555|iShares S&P 500 Utilities Sector UCITS ETF|Region: US|Unknown|IE00B4KBBD01|2B7A.DE|EUR|0,15|8,654000282287598|8,60200023651123|-0,06189702716209067|-0,11639773614808457|-0,0436511784080289|-0,04068281009691721|-0,08551644102937306|Wacht op Yahoo...|1535,0|1582,0|1506,0|1572,0|1553,95
1594|1577|1595|iShares MSCI China Tech UCITS ETF USD (Acc)|Technology|Acc|IE000NFR7C63|CBUK.DE|EUR|0,45|4,074999809265137|4,129499912261963|-0,04174021059774913|-0,12365597296979403|-0,1896997480794006|-0,12138857283091276|-0,06943237658571189|Wacht op Yahoo...|1435,0|1585,0|1599,0|1550,0|1559,0
1595|1570|1604|UBS Solactive China Technology UCITS USD acc ETF|Region: Emerging Markets / Asia|Acc|LU2265794276|UIC2.DE|EUR|0,47|5,951000213623047|5,988999843597412|-0,05764051311151153|-0,07893511139989162|-0,29264232282549674|-0,19797841611406253|-0,1122395316589907|Wacht op Yahoo...|1524,0|1536,0|1606,0|1590,0|1562,5
1596|1596|1571|iShares European Property Yield UCITS ETF EUR D|Real Estate|Distr|IE00B0M63284|IQQP.DE|EUR|0,4|27,045000076293945|27,139999389648438|-0,07698069684158426|-0,1012345833954511|-0,07489350852333054|-0,07758355428727404|-0,0990304875478436|Wacht op Yahoo...|1570,0|1571,0|1538,0|1582,0|1564,8
1597|1597|1576|iShares European Property Yield UCITS EUR (Acc) ETF|Real Estate|Acc|IE00BGDQ0L74|IPRE.DE|EUR|0,4|4,363500118255615|4,383999824523926|-0,07631241757046014|-0,10151343877588792|-0,07513773246443456|-0,0775816691325848|-0,09982343617540679|Wacht op Yahoo...|1568,0|1572,0|1539,0|1584,0|1565,55
1598|1592|1588|State Street SPDR FTSE EPRA Europe ex UK Real Estate UCITS ETF|Real Estate|Unknown|IE00BSJCQV56|ZPRP.DE|EUR|0,3|26,264999389648438|26,364999771118164|-0,07858269907270266|-0,09927985160879882|-0,08548050077997416|-0,09038963152732682|-0,10284417251468625|Wacht op Yahoo...|1571,0|1568,0|1551,0|1586,0|1567,8
1599|1594|1587|Xtrackers FTSE Developed Europe ex UK Real Estate UCITS 1C ETF|Real Estate|Acc|IE00BP8FKB21|XREA.DE|EUR|0,33|51,5099983215332|51,810001373291016|-0,07902739065841824|-0,10041914370503313|-0,08507994636657534|-0,08960769433448035|-0,10397292006681613|Wacht op Yahoo...|1572,0|1570,0|1549,0|1587,0|1568,45
1600|1595|1590|Sprott Uranium Miners UCITS ETF|Other|Unknown|IE0005YK6564|U3O8.DE|EUR|0,85|10,791999816894531|10,982000350952148|-0,13870709921112945|-0,09127657044080295|-0,07980899516242834|-0,08542375911415623|-0,15592609113373734|Wacht op Yahoo...|1607,0|1557,0|1543,0|1599,0|1569,4
1601|1586|1598|VanEck Uranium and Nuclear Technologies UCITS ETF|Other|Unknown|IE000M7V94E1|NUKL.DE|EUR|0,55|43,42499923706055|44,125|-0,09114691614691617|-0,08780590999622173|-0,13409774843871258|-0,09869242503106468|-0,13112683140893533|Wacht op Yahoo...|1584,0|1548,0|1576,0|1594,0|1569,6
1602|1580|1606|UBS Solactive China Technology UCITS hEUR acc ETF|Region: Emerging Markets / Asia|Acc|LU2265794946|UIC1.DE|EUR|0,5|5,296999931335449|5,353000164031982|-0,08213480932792983|-0,08133886219670272|-0,32932386807319747|-0,23064636815622697|-0,13761244948383955|Wacht op Yahoo...|1576,0|1541,0|1608,0|1595,0|1573,8
1603|1600|1593|BNPPE FTSEEPRA/NAREITEurozone Capped UCITS ETF QDD|Other|Unknown|LU0192223062|IM2A.DE|EUR|0,4|5,918000221252441|5,941999912261963|-0,08616430838698053|-0,10939396474904117|-0,1042902022879636|-0,08440122301688568|-0,10127812948422654|Wacht op Yahoo...|1580,0|1579,0|1565,0|1585,0|1576,85
1604|1591|1602|Invesco MSCI China TechAllShr StkCon UCITS ETF Acc|Region: Emerging Markets / Asia|Acc|IE00BM8QS095|ICNT.DE|EUR|0,49|24,625|24,915000915527344|-0,05993509116682405|-0,11595762323882663|-0,19696725045486518|-0,13550993602397265|-0,09728020126145698|Wacht op Yahoo...|1530,0|1581,0|1600,0|1580,0|1577,9
1605|1598|1601|Global X Uranium UCITS ETF USD Acc|Global / Broad|Acc|IE000NDWFGA5|URNU.DE|EUR|0,65|21,344999313354492|21,704999923706055|-0,12232731985201739|-0,09343812936125251|-0,14620002746582028|-0,09343812936125251|-0,15718527492679313|Wacht op Yahoo...|1604,0|1560,0|1580,0|1600,0|1579,6
1606|1605|1599|WisdomTree Uranium and Nuclear Energy UCITS - USD Acc ETF|Commodity / Energy|Acc|IE0003BJ2JS4|NCLR.PA|EUR|0,45|41,154998779296875|41,619998931884766|-0,1312929017562665|-0,13193421405287487|-0,1255710192257019|-0,09658657658661007|-0,16678394898712234|Wacht op Yahoo...|1606,0|1587,0|1572,0|1601,0|1588,9
1607|1607|1600|Global X Solar UCITS ETF USD Acc|Global / Broad|Acc|IE000XD7KCJ7|RA7Z.DE|EUR|0,5|7,765999794006348|7,810999870300293|-0,0906323385601907|-0,2451399967555793|-0,12946976731457227|-0,1974785824873584|-0,22599757362363093|Wacht op Yahoo...|1582,0|1606,0|1575,0|1606,0|1594,65
1608|1603|1608|Sprott Junior Uranium Miners UCITS ETF|Other|Unknown|IE00075IVKF9|U8NJ.DE|EUR|0,85|6,46999979019165|6,5960001945495605|-0,1821514379645448|-0,12152070722883856|-0,21556744950515427|-0,20632980236762033|-0,22845949634260998|Wacht op Yahoo...|1609,0|1584,0|1604,0|1607,0|1597,35
1609|1606|1607|Globel X China Electric Vehicle And Battery UCITS ETF|Region: Emerging Markets / Asia|Unknown|IE00094FRAA6|CAUT.DE|EUR|0,68|20,415000915527344|20,360000610351562|-0,08800532915843962|-0,18437873130304983|-0,21510954494885903|-0,20191552085940745|-0,17100230384486625|Wacht op Yahoo...|1581,0|1599,0|1603,0|1602,0|1597,9
